flow_duration,total_fwd_packets,total_bwd_packets,total_fwd_bytes,total_bwd_bytes,fwd_packet_length_mean,bwd_packet_length_mean,flow_bytes_per_sec,flow_packets_per_sec,flow_iat_mean,fwd_iat_mean,bwd_iat_mean,syn_flag_count,rst_flag_count,psh_flag_count,ack_flag_count,dest_port,packet_length_variance,label
46351.31522159295,12,14,4989.527208489452,13874.004358100336,431.5418859544492,927.1658158738205,406968.6367346516,560.9333818404315,1441.819049502362,1805.231245256123,1675.1787742933868,0,0,0,1,443,18192.86141379689,BENIGN
15532.090052938418,5,21,1325.3622004220506,18992.30331952933,292.4556926589935,862.751471841476,1308108.918420004,1673.9537249258497,578.6647692270501,648.8271957818321,881.9827782017586,0,0,0,1,53,11076.792042014375,BENIGN
11153.845317004678,10,5,1244.407221358628,427.1715288966869,119.50017333966777,83.46086347664736,149865.69230137134,1344.8276871055077,127.60089176305159,106.1070964385809,179.80910150356934,1,0,0,1,21,1276.379669925376,Brute Force
53438.540778354814,12,10,1448.559278068892,9870.249268504915,124.16932779379755,967.1987590159277,211809.83577976868,411.68788817136,1831.362930539832,1964.9442882121862,2075.412301095909,0,0,1,1,22,23637.32705232886,BENIGN
229.31490726911593,1,0,46.80429187829247,0.0,48.68985787435756,0.0,204104.88108112654,4360.815491277395,25.82109726967388,32.28310525841894,30.102808818410036,1,1,0,1,47845,49.09156184929122,Port Scan
14490.523069229093,12,16,4057.7755797168643,9385.132527338828,321.6221964232204,597.4180598766668,927703.4405750313,1932.2973964589687,665.1258013940142,789.9784547936007,935.7591300382959,0,0,1,1,443,24043.09590025395,BENIGN
678.0091768934171,1,0,54.41966048803134,0.0,55.257304406719925,0.0,80263.89957932102,1474.90629047518,13.484225566986783,16.228621624331897,11.217992323340306,1,1,0,0,31740,23.75026712001978,Port Scan
2021.4649199728894,16,11,4773.409767543187,7103.829927086829,321.86835292724425,619.2901568703231,5875560.627977312,13356.650285260508,56.12784182255534,49.35717145741432,85.81185249950803,1,0,0,1,80,14313.460568438086,BENIGN
181.16669286365487,152,2,9511.855401860035,64.76347655045396,63.952465528941346,30.249748978182993,52860814.132197045,850045.8752420878,12.137079331166174,12.84627307202899,13.957328624864719,1,0,0,0,53,72.55484433580443,DDoS
88263.18444282774,6,17,1669.0668011287582,10688.791602288144,287.2111141732467,606.9960914057233,140011.4722964893,260.58429848402074,3969.906885483221,5524.66342165069,4387.576416573174,0,0,1,1,80,2703.8031552863654,BENIGN
47548.50258020227,12,11,1903.4060481268464,8269.321533248345,171.45804426821613,828.0495856405391,213944.22598727222,483.7165999329806,2159.5731820708897,2385.3007562382018,2897.428451968246,0,0,0,1,80,2178.8830852256597,BENIGN
41669.362347570925,8,4,1472.7990836069155,764.7162005569724,173.1482830631884,201.89086699300623,53696.8928274066,287.98136865896936,14826.791417287246,19087.72667781537,19846.672273486358,1,0,0,1,9001,4098.429820274117,BENIGN
55498.562447316945,2,17,731.1290486056417,11661.879508444648,358.23290181253645,636.3370019211125,223303.23544532506,342.35120987207745,3916.498593416563,3668.7740398424967,4908.282043891868,0,0,0,0,443,24440.19707186467,BENIGN
90449.09065088745,12,16,3675.6300286901396,14246.414618810142,307.30383375415096,875.6327760956779,198145.10592124387,309.5664068981469,3093.6860360504006,2715.131785802796,4636.1162636580175,0,0,1,1,443,7468.956580460609,BENIGN
1868.4225850963119,150,2,7791.400895826128,83.45329325453638,49.03765685667479,38.572821931503476,4214707.235876587,81352.04595172715,18.126108827688732,14.993756380985333,23.93009110507214,1,0,0,0,443,93.34617964404957,DDoS
187.6150869457384,1,1,42.47555533944099,0.0,40.0,0.0,226397.3331298547,10660.123514365534,24.338529944454333,33.42256045531127,24.186852283942965,1,0,0,0,31548,27.326012667326815,Port Scan
35497.205217066024,13,12,2729.8297816872555,11355.959254062825,229.1255355554873,944.4573950183974,396814.02943176054,704.2807975198208,1221.8781032568472,1252.6012452668404,1940.082052913932,0,0,0,1,443,12613.909139022771,BENIGN
50409.83553274625,7,6,1488.4585601741649,1258.4579479541849,198.75940005045697,208.85143475906852,54491.67764778665,257.8861815876228,13603.859379360098,11086.475247995166,13616.223386625823,1,0,0,1,6667,2863.8957692850463,Botnet
95278.91490885887,22,20,3658.916165245368,24407.996278787607,180.9493399938346,1144.5252204388999,294576.3233227519,440.8110654930949,2568.844489969862,2649.063242771934,3341.4050402230587,1,0,0,1,80,3499.3269107745327,BENIGN
6974.532895548988,12,21,5257.449012677339,19478.77533775923,437.42887070677534,890.9496559479787,3546649.606631399,4731.499656566243,213.38014176667824,242.04528180080354,281.44361733972374,0,0,1,1,80,11364.920810135007,BENIGN
6382.422651845483,11,14,3324.1216419068082,11243.567359862129,281.7974318630173,858.5974502276465,2282470.120896283,3917.0079080819296,226.95944815032163,206.93451863273688,212.367613964433,0,0,0,1,443,24153.59457778789,BENIGN
1210.69324664234,142,2,8267.13977095147,76.37402546149728,58.78507932166334,35.80462222478581,6891517.582634858,118940.11996792788,3.685669382192801,5.106338123630274,4.71129358340449,1,0,0,0,80,15.171264004799383,DDoS
9682.195500150887,14,18,3406.4643020613694,13665.872957794982,269.244688844716,828.013617900335,1763271.2807327942,3305.0355159117903,307.8592901408274,335.36107256182163,465.0395084245282,0,0,1,1,443,10118.33917189972,BENIGN
18640.278036843843,15,8,4479.369177056738,9703.851278408474,309.73059686643836,1176.4976990233376,760891.0353928767,1233.8871745656827,682.582898340692,825.3935835146726,824.6734969733304,0,0,0,0,53,12401.162898235349,BENIGN
12066.006908493035,4,4,639.6463890934258,216.44703107910462,151.7077894884728,51.077753110004494,70950.84783765061,663.0196767390338,50.62988826821133,63.36306301931811,48.80871318267284,1,0,1,1,21,1265.8515709330168,BENIGN
50075.91493386433,10,16,4379.860466322357,17950.10598402702,481.8542136991665,1034.8117983452225,445922.2857902995,519.2116815906093,1305.927703402133,1477.7060313652262,1279.3692503675866,1,0,0,0,53,16853.11755695416,BENIGN
14312.346514289093,8,9,3611.460529665724,7220.875392153607,440.1782820121971,760.2453564925435,756852.5476241506,1187.7856634499187,543.6875914960107,599.2115783328768,535.3940700210314,0,0,1,0,443,18417.868526973256,BENIGN
9693.39461261468,11,11,3468.1031045020054,9623.948390186777,339.9396771574717,880.0959971550859,1350615.7561821733,2269.586752546924,363.9655477133241,405.0876633067518,336.1127409331079,0,0,0,1,443,1232.1098618480669,BENIGN
32514.790658421443,10,12,3017.931615938858,14382.06818433739,297.9153793554348,1280.0017152152418,535141.0680471223,676.6151512742994,905.4957245749528,950.3086415212778,1099.2544854344264,0,0,0,1,443,15825.03451978542,BENIGN
8844.919342443054,8,18,4107.632706331148,6859.19433897424,504.9395898085478,409.74851133709717,1239901.306129519,2939.540655304443,383.1166788812295,406.02244363487927,503.00100676519827,1,0,0,1,8080,7805.555128216746,BENIGN
724.6069096470217,1,0,43.614891473719496,0.0,41.80938629229309,0.0,60191.10623022578,1380.058603756802,15.115042824640042,17.167132325537608,17.96505942123068,1,0,0,0,3745,27.581487521636078,Port Scan
40578.90763709478,13,18,5987.304619584726,10766.054366840708,419.5852159553242,614.4492427197688,412858.79689650715,763.9436792443787,1295.8735082920603,1517.7515304132646,1411.4209235474711,0,0,1,1,443,20101.400344866328,BENIGN
18904.122192410552,20,13,9649.068774734427,13474.144357949996,474.2516123807333,994.6693096940163,1223183.647319404,1745.6510100875525,602.0966098177624,578.5463118964235,723.9784609194393,1,0,0,1,443,14830.152961628315,BENIGN
67204.0371040911,13,8,2587.668734530493,1593.4019117086934,202.5766199642045,185.222255252661,62214.575588118365,312.48122739223965,14893.106575374546,17358.292906560746,19103.931773785727,0,0,1,1,4444,6987.877157795989,Botnet
91348.40090814624,12,20,3142.920094218103,12953.886324844307,246.97494884183908,624.7437170741645,176213.3355267846,350.307172122006,3080.3658692526365,3603.8170364733373,3252.4397599062627,0,0,0,1,443,24193.04991940595,BENIGN
30921.733056211084,15,8,5496.576303577919,5312.183719054264,384.8407217928649,683.1476996706555,349552.20663031645,743.8134194545125,1266.7393939242213,1520.3762634720995,1866.6416646395721,0,0,1,1,443,3421.3875770929203,BENIGN
76.35944976720396,1,0,45.610009254192526,0.0,48.94968516552005,0.0,597306.6777359339,13095.95607418187,5.016213918694953,6.953525679188943,5.489576635178921,1,0,0,0,47167,39.78107701400468,Port Scan
1291.6572532966445,12,16,4814.215345585551,12352.935110883358,385.01137923153505,831.3973091091138,13290793.987843048,21677.577336043854,43.88636138268157,54.00540203239783,49.312673571989954,1,0,0,1,80,12219.685297928145,BENIGN
4145.910762190049,13,18,4695.72721516448,16728.039610393847,342.240507462703,993.6432822430735,5167445.238073906,7477.247287306412,185.58329146368663,232.65150112153077,210.89793062662645,0,0,0,0,443,3780.1848460524006,BENIGN
2399.044782672325,9,14,4295.7258200028855,13668.471398750344,513.8429109442677,1048.324751250941,7488062.477409319,9587.149087888232,85.09645984928638,90.41849080658731,70.21923320735816,0,0,0,1,8080,5064.2060881753305,BENIGN
25738.53401690863,16,31,5643.852703343829,18475.179860997774,324.94733794848514,574.1127898487226,937078.7220630703,1826.0558262224217,554.4419325390706,753.4510645321664,592.7335413901304,1,0,0,1,22,16448.53541051204,BENIGN
107872.06730402632,12,12,3140.7593613220247,9442.523946161227,283.33971942171166,853.2664036945481,116650.0617070642,222.485770411338,4090.847853663394,5714.823302069035,6045.879932189942,0,0,0,1,443,9313.32666315266,BENIGN
56054.7567501075,15,21,3454.597936934225,21129.590940186743,227.99697644818815,996.102690254824,438574.53501613525,642.2291717451965,1525.8575045538494,2014.6059346260135,1533.941042604114,0,0,0,0,80,17146.295668627456,BENIGN
132120.6827357283,14,13,7474.872917774859,12959.997629252148,588.043916047016,918.8434558765169,154668.2179042432,204.3586169926642,3347.578434906581,3390.423634806167,3268.797565973064,0,0,0,1,443,24739.304086702537,BENIGN
192.37613803325698,1,0,39.47714270775859,0.0,40.0,0.0,205208.1048686713,5198.149886069161,45.300630388841356,58.40346717639226,57.192139798083595,1,0,0,0,43997,29.785065639944502,Port Scan
1014.2011325999003,180,0,11403.270652213265,0.0,63.76791431559267,30.322644149183077,11243598.814547788,177479.58882531588,5.48038169627822,6.669042206909532,8.690201499266326,1,0,0,0,443,234.08710323424398,DDoS
661.5078653397827,1,0,47.520003601692665,0.0,46.450469499687635,0.0,71835.88599854981,1511.6978231035112,23.205451194941055,26.051629069229545,31.931191401489922,1,1,0,0,13915,3.877935807831512,Port Scan
746.8188307741127,1,0,40.48764469872497,0.0,43.00377707157013,0.0,54213.475919933124,1339.0128352326803,10.75313282074764,10.990025662401138,9.249533494166334,1,1,0,1,7662,14.954084769359099,Port Scan
5998.585061932807,12,13,5650.940489159909,5555.5610740535785,465.7770606094284,432.1948968966046,1868190.8229209366,4167.649494320039,211.58217698203887,198.14240036167388,192.0896858422049,0,0,0,1,443,7123.17723037122,BENIGN
537.2592397529617,132,4,8933.193584645023,192.90434622485685,64.05366272012007,50.320288725839816,16986395.49701588,253136.64230797495,32.472023245579095,32.00650211315143,40.72486892089112,1,0,0,0,80,54.96900909959082,DDoS
142886.81863879802,11,20,3700.1612729521967,21116.717664432133,359.3460108060844,1036.3692996351915,173682.07350265558,216.95493184969393,4801.653564108123,6118.5718471649825,7470.042712469804,0,0,1,0,443,5016.840219577742,BENIGN
10258.401191200692,15,22,5701.1196589543715,20154.805321416563,406.6866664846972,927.6763848413657,2520463.4229502813,3606.799861925594,384.6163931609399,378.1885365460795,524.7582470227343,0,0,0,1,443,20296.2974367313,BENIGN
86806.46341175436,12,17,4363.887607331058,11602.283261185281,336.70136497436243,621.86579732878,183928.3647898778,334.0765060597221,3410.114696746261,4303.0373876807935,3884.2753834262235,0,0,0,1,443,8691.6346175804,BENIGN
6165.274152963417,7,5,953.769168598463,333.06007363132863,133.92711565534321,62.16992505878808,208722.14443396014,1946.3854651511397,232.70619178695964,201.39057951361016,338.41146438382833,1,0,1,1,443,2521.359158738918,Brute Force
1057.2237808605041,170,5,10382.610425577252,268.84940447917,63.23755162902694,51.70632328128597,10074934.01386308,165527.86947108072,24.838178638631536,20.116730331645275,22.69650577706659,1,0,0,0,443,406.8567308404602,DDoS
19007.533343737072,19,18,8221.837654859262,14708.549385183953,440.2773546647126,746.0143327876872,1206384.1543962732,1946.5966115056901,416.7565131032371,491.27700386734364,477.02882961794126,0,0,0,0,80,14950.567562128901,BENIGN
57143.16970406602,18,17,6189.410070790223,14334.955414472497,357.8375783603648,808.5890183010815,359174.4313721944,612.4966497528676,1493.0186675912332,1424.3252260964125,1430.403728359851,0,0,0,1,443,15145.698949802487,BENIGN
30267.97462283701,11,19,4774.871173962837,10815.46584468443,404.60975203249575,535.8701591501865,515076.98195585405,991.1465954965211,762.2194669906347,761.2680793200407,762.8973906151494,1,0,0,1,443,7615.687246594986,BENIGN
438.67570062563874,1,0,40.15232958937316,0.0,43.27324761248734,0.0,91530.78124023728,2279.5883122174337,41.01040000060352,43.75061042791918,42.937455537245725,1,0,0,0,27884,28.996576002432757,Port Scan
37794.54054486808,13,18,7048.109726295458,14157.603473098732,497.35817353580956,854.214425668211,561078.740306941,820.224285123882,1170.8302223117303,1523.2887690590007,1358.2576741123928,0,0,0,1,22,22499.333959816602,BENIGN
685.8921615329468,158,0,10508.99554240929,0.0,64.53308573285058,58.17635296453162,15321644.030633071,230356.91156883189,47.876372081917694,42.33208437290869,50.23281300418405,1,0,0,0,80,324.53670360218604,DDoS
1513.9470219754587,133,1,8290.486791926784,33.99567167569081,64.44061527962096,36.95639285144268,5498529.567263429,88510.36268439,10.177771505498352,11.945735019112332,12.133219812192136,1,0,0,0,80,260.26192907171605,DDoS
45324.93785159285,14,11,2537.8997129780723,7169.371913821376,181.99626299685738,595.5408913455924,214170.65498432468,551.572736444942,1761.2892762322876,2086.771772214856,1640.1902647709796,0,0,0,1,443,4805.0756158661325,BENIGN
5756.485477896058,7,4,487.9048785871467,455.1157103879294,70.89288264258866,109.86170267321518,163818.80795080916,1910.8881699151611,120.54500413998751,140.3941781106589,192.63680341473355,1,0,0,1,22,451.0412148663646,Brute Force
34821.160718449166,21,15,6991.408623125988,15073.921300681108,313.7251945056632,960.5794115198923,633675.8875506498,1033.854106446436,710.4852409144664,747.8429144443289,803.3315530398049,0,1,0,1,443,16936.318560779557,BENIGN
24201.330898452874,19,15,8506.163972642038,16205.445378811552,438.82712116950336,1014.5525660667007,1021084.7269161274,1404.88141510323,966.4161601135925,811.9778372581228,1122.272616214426,0,0,1,1,80,7084.331706054424,BENIGN
461.00614831123846,130,1,8541.964076087952,27.14359098240024,62.1610159462233,29.46253690871084,18587838.141553592,284161.0691741971,8.714477894525462,7.575701338786726,12.417456913002558,1,0,0,0,443,433.28096138736294,DDoS
316.5441453914923,112,0,5765.650729534255,0.0,51.37883701714735,52.81645515142478,18214365.400451403,353821.10719969805,3.0711328925308212,3.8837603282023965,3.014914236362037,1,0,0,0,443,169.75386168564395,DDoS
8665.289112590375,17,18,8524.939784421113,11986.473295990258,493.5508448908158,721.9458765805518,2367077.752848312,4039.1035481027598,274.62496560581155,276.92855322365165,273.84034931852153,0,0,0,1,443,1190.1170263201668,BENIGN
29059.6270639469,7,19,1925.532269320102,12329.658775427073,250.38485241721463,614.6521051047371,490549.6898971911,894.7121015278666,1358.2611634909588,1279.2844767377503,1879.130368592567,0,0,0,1,80,3630.420535072873,BENIGN
5951.13798552151,7,2,907.3982490336948,106.78942778570185,125.14074124526002,55.52148974794423,170419.11635838525,1512.3157994145067,110.88075483051216,151.84217964478808,130.44285784500883,1,1,1,1,21,326.2905974637939,Brute Force
53410.259570683884,13,21,5272.931674657943,18676.468437935615,379.1417920845193,899.7730538698672,448404.4882968334,636.5818154282498,1226.6121588567391,1407.5419693534207,1075.6073155275799,0,0,1,1,53,6886.495205477955,BENIGN
40171.08300720384,11,20,4411.098679367195,19535.570520351157,376.29436355586245,915.2577375995386,596117.0923727404,771.6993837193984,1262.480012271146,1410.2973361169275,1309.2184897959255,0,0,1,1,443,19641.68529186773,BENIGN
65.4424341201102,1,0,44.29117165240687,0.0,47.27211640679613,0.0,676795.9084638687,15280.605213501736,33.161479615165064,28.534057849925098,45.055260508337945,1,0,0,0,41979,7.821040858582573,Port Scan
90817.42061190079,22,15,8433.125998979674,10926.34236994319,359.19989849637597,766.1894221874079,213169.10608652522,407.4108221826275,2613.975473256523,2485.1263040954573,2633.9218768390183,0,0,1,1,80,9473.043542201382,BENIGN
108716.11911252823,17,7,6053.327328645311,7449.970416371451,360.9277009750521,981.9756171380782,124206.95160245716,220.75843210663584,4473.914778987362,4047.93905977546,3893.3218464299184,1,0,0,1,443,16296.86249319378,BENIGN
45740.21545822416,14,22,7045.958375333641,13759.517760033374,467.82746805547663,571.240875330216,454861.7868748181,787.0535728647765,1248.620019076753,1277.2816436516298,1725.4667562505306,0,0,0,1,80,8740.26560967142,BENIGN
770.0948157263776,1,0,41.75082898007551,0.0,43.3281071458239,0.0,54215.17990702848,1298.5413998103188,39.31206491353369,48.31695394136844,37.574538895428745,1,1,0,0,63569,6.4893184160012165,Port Scan
6236.941235386517,9,17,3277.808201487715,6321.1704733009765,345.3308457042008,398.639504118946,1539052.28741406,4168.710112656485,215.99109815411674,182.92708800976303,319.16774577798816,0,0,1,1,53,5902.865068639275,BENIGN
342.5739291558869,1,1,42.89954150722492,0.0,40.2090893842953,0.0,125227.10532272774,5838.155883397385,34.760009379090754,48.036467926888605,52.130878902586836,1,0,0,0,36004,44.62111012532748,Port Scan
528.2074132948765,1,1,53.07549368050273,0.0,51.25533009120465,0.0,100482.29605379065,3786.3913865280842,33.64743157611984,35.53932042193172,35.57302939806723,1,0,0,0,38928,24.697651298233183,Port Scan
76441.69167889941,15,11,3299.206864509367,9059.57787596814,221.7034105546859,826.4790022668435,161675.97117541241,340.1285271029253,2902.448314221271,2889.48683524522,3733.6394857641862,1,0,0,1,8080,1986.3938129918781,BENIGN
359.1195047296275,1,0,43.174306992196435,0.0,42.44584262970929,0.0,120222.67357686778,2784.588380274349,47.12786205398155,38.85087595787926,52.718437697724134,1,1,0,0,23814,3.487073344301378,Port Scan
12334.11837424685,6,4,887.7394060806467,333.84565473120267,141.61271761773298,84.37891733908765,99041.13320028376,810.7592043935305,109.19973098043232,128.94711445972348,125.74297887030605,1,0,1,1,21,1369.4598192122232,Brute Force
84419.0808667181,10,14,3130.792776559756,11945.000067634131,341.99303335422303,791.6788734161016,178582.76457659778,284.2959169135175,2624.7420956203764,3181.56201268025,3599.214959878388,0,1,0,1,443,19300.532906830755,BENIGN
66717.76384277928,8,5,1676.9597779611433,1216.332304687516,222.40541316962958,224.21219080221974,43366.142928092064,194.85065522631362,15066.645337174717,15310.840557393083,13051.412081816412,0,0,1,1,9001,7547.748831625617,Botnet
538.8643156955901,1,0,39.098511463455836,0.0,43.26140499222595,0.0,72557.24738979187,1855.754725026012,45.432714364272734,50.867431640014786,62.88959160169522,1,0,0,0,18695,22.41167502925034,BENIGN
1774.0642194446568,156,0,12293.934858469504,0.0,84.74170277495445,34.83710559192957,6929813.8836924005,87933.68260864502,4.6694937597103685,4.768307867503431,7.319587427958155,1,0,0,0,443,13.479191818948937,DDoS
2464.219795982706,121,4,6526.871020691957,176.8801353313642,56.64946055893472,41.04027084294103,2720435.558123553,50725.994573934215,13.143704004814838,11.153506449743759,19.519926488425277,1,1,0,0,80,99.60493969727551,DDoS
536.8261658146023,1,0,37.918691596819755,0.0,40.0,0.0,70634.9541276185,1862.8004066876258,13.238280779180073,16.703938592600494,18.472695775795792,1,0,0,1,59426,8.586530982280543,Port Scan
5267.869953997526,12,11,6149.766437667918,8740.91155729054,515.65327455597,753.558264785383,2826698.100939006,4366.091076820611,232.82320716487052,188.46324482269878,235.37728159990593,0,0,1,1,80,12114.420722020464,BENIGN
382.8102085459369,1,0,50.85990596901446,0.0,47.30749593115787,0.0,132859.3251527965,2612.2605345306533,23.136236447756538,18.883759607699915,24.23885313445671,1,1,0,0,6440,11.082466438932398,Port Scan
137.81593952417208,1,0,47.956919782123876,0.0,43.78154131213341,0.0,347978.0346721978,7256.054731061105,14.735323398430907,16.19059575551515,16.175797750459882,1,0,0,1,11714,5.654821158283002,Port Scan
16348.083044464516,16,18,6268.636728591829,15819.033521763562,429.5741008799593,811.7383656477399,1351086.2521483402,2079.7545441581574,512.8447857847144,631.6960868461983,666.1927441940611,1,0,0,1,80,7671.318679486088,BENIGN
1056.517850750169,131,0,10250.654997367534,0.0,73.4719414411936,42.15201447259082,9702301.754853616,123992.22588334393,6.569170107124801,8.255224975975848,8.151007683452443,1,0,0,0,80,135.64496729379243,DDoS
651.6275781111021,1,0,49.82680185625467,0.0,46.327166326631875,0.0,76465.15207457844,1534.6189044035525,16.97855796972398,23.180548528263436,22.092470951439,1,0,0,0,61464,38.48170883761192,Port Scan
24441.941945090213,13,15,2571.3881864861523,12540.002071496498,195.78663492310892,914.2189126465115,618256.5318226754,1145.5718233396963,971.563507723713,1080.8224750258257,850.9974447493681,0,0,1,1,80,10401.357400296603,BENIGN
23936.884945156242,11,16,2657.228918569175,13169.866740939968,219.85401203069645,857.5212697694864,661201.1419101482,1127.9663190035758,780.6229244749485,977.3634642984945,1060.2214118705638,0,0,0,1,443,20392.67935435265,Port Scan
83926.87051987766,12,11,3681.4383043541447,8378.026104483564,303.95379294522235,841.6088552430995,143690.14755508472,274.04810709047666,2952.477154892362,3649.4498686068114,2921.225695576443,0,0,0,1,443,17807.123984806258,BENIGN
2422.440483333803,123,2,9183.124376221265,68.61841418969311,68.83208884160922,35.10456104062316,3819182.7019331167,51600.85494772318,3.6095895796530257,4.199567478297474,3.5283625387208284,1,0,0,0,80,111.25069155612864,DDoS
51601.450014767084,13,20,3836.5520445696266,14232.374678240465,325.32147766241263,714.8570935270031,350163.15854766103,639.5169126169168,1422.5492857195834,1508.467736532129,1207.113351082431,0,0,0,1,80,21199.90282405799,BENIGN
9323.335442261108,13,11,6407.091904017131,7279.164521967332,463.442527579791,713.0084499302164,1467957.096550122,2574.186046252508,364.1306523996542,447.73780759425637,564.0160378923554,1,0,1,0,22,11229.799721927215,BENIGN
43639.87514771353,12,16,3342.632477910264,8394.372334717973,277.77351049350386,523.617640452097,268951.38386396563,641.6150345349242,1766.258185501998,1601.7339195768707,1654.8415571533603,0,0,0,1,22,8122.892671660974,BENIGN
56171.59047567474,6,7,1195.662763144404,1265.6417679448625,207.68103522284792,165.03790016412066,43817.60441971358,231.43371747021627,14648.037023993815,13666.596803863418,11965.056161308163,0,0,1,1,8080,4502.110238094703,Botnet
76468.0145781849,18,20,8399.06185591019,17668.173443876145,514.2520838124414,822.1868063887812,340890.7036959071,496.93980168854534,1958.8423647083375,1883.091729874489,1958.5918383617004,0,0,1,0,80,8338.86218170904,BENIGN
104.30534360391732,2,0,97.34319452149144,0.0,44.3539678526388,0.0,933252.2300212776,19174.473050917473,37.34651942054673,39.20957016351314,37.45248244297878,1,0,0,0,13839,0.09746475752588357,Port Scan
58055.45879097541,12,19,1535.586984309191,17652.83015975708,122.8505234836876,942.1804859135166,330518.7409361936,533.9721818686045,1539.0702261314598,1582.28025732004,2284.605137586364,0,0,1,1,443,23031.802146331866,BENIGN
48334.94961234339,9,15,2148.414979829584,10250.762809400494,260.7495673775515,739.9290098403185,256526.13458117013,496.5351198767169,1949.7622471724496,2596.1863199277473,2011.4735601923906,0,0,0,1,8080,12433.552045453134,BENIGN
12904.285964741948,10,18,4347.167178614158,14945.166767512872,434.51944749701613,882.2088831935463,1495033.045519836,2169.821722527204,537.7636044800904,704.1658252835676,503.08587274831063,0,0,1,1,443,15763.203946973186,BENIGN
63152.124976515785,12,16,2877.3867390882588,14583.707665221293,225.0717442802997,901.4929195855401,276492.5869209114,443.3738375456453,2394.773202270614,3130.9494718961546,2461.4198304836873,0,0,0,1,8080,14549.041020654495,BENIGN
241.27174062477732,1,0,43.36131137894825,0.0,43.32465730776441,0.0,179719.80998132392,4144.704213640946,28.083581607800863,28.290937793491693,32.62351329580503,1,1,0,0,48785,41.00300761199057,Port Scan
33219.20387492879,15,16,6033.3391271705905,7479.797974077456,413.2259193396795,501.8879276216212,406786.90410900203,933.195151717538,900.0450263884838,801.102810926331,829.2118056293457,0,0,0,1,53,8064.536320954394,BENIGN
251278.233366828,18,10,4773.574886259329,4997.1186938693445,270.14581787490255,496.12748631219716,38883.96320370872,111.43026447151216,7913.220313865358,6748.700312946393,11065.731294122437,0,0,1,1,443,16247.64219930872,BENIGN
29034.808078171765,21,22,9473.763707094255,15860.90239066332,423.9032052907387,733.768381718642,872561.8584957707,1480.981030913967,829.3890730493906,892.0928561253728,1104.9947986539703,1,0,0,1,80,15718.806919973948,BENIGN
42786.57743713222,13,11,3851.8898484091847,11066.512844620469,295.4181622821837,952.5034931665193,348670.1574798726,560.9235755129987,1652.0318187266664,2087.18310202482,1667.7422451482762,0,0,1,1,80,5721.8496286119425,BENIGN
10135.244934569258,5,14,1028.2677597806753,9681.963975704513,221.72052456132562,758.3025886287835,1056731.4164213997,1874.6463576025544,467.8537880336761,559.2185501913355,746.5478752314882,0,0,0,1,80,20742.315434308435,BENIGN
2040.6893072668233,150,1,7440.824620112099,59.63694896391641,50.95556881800616,60.0,3675454.9271009234,73994.60538274705,10.958643815632174,10.56217510224324,13.86998036127473,1,0,0,0,80,203.9291190403243,DDoS
13667.866153190362,14,12,1831.0680901876092,10450.876780087952,140.35105117496363,809.7972731695684,898600.0252430554,1902.272067094472,568.7153419360005,715.0962557447278,562.8984558276496,0,0,1,0,80,7757.783073259156,BENIGN
192639.56532516284,13,21,3724.872513829169,16748.2138458137,294.29835904803434,841.5910049663797,106276.64324867874,176.49541485732826,5204.525229871201,4607.204158144713,4826.469878417647,0,0,1,1,443,802.0093233588277,BENIGN
1551.3762250227205,7,2,806.0297362016589,161.5156410325482,115.85912049756027,79.40141521896611,623669.0762874344,5801.300712770812,62.02424089909371,69.30338695059714,89.94439975584366,1,0,0,1,443,841.1217488929136,Brute Force
1145.5174745796407,159,2,10310.917656455787,64.35949423168802,69.40646310372249,33.06085427564966,9057284.049285052,140547.83412106443,35.38006824931196,42.69949292361915,50.26253834606728,1,0,0,0,80,114.63401410830173,DDoS
10821.738641967875,6,1,531.7620128285768,66.92462229201219,89.82872252128789,66.981578366929,55322.5923234569,646.8461521379976,72.0322200896604,93.98188149712688,76.3017764438472,1,0,0,1,21,1409.4509116005527,Brute Force
25025.07895273609,13,31,3063.754023039251,29844.104305283654,229.79748341548716,975.163908707595,1314995.1850491548,1758.236211086531,454.1526228461071,581.1573633521934,484.7120567465975,0,0,0,1,443,9637.95057792694,BENIGN
421.3923725861204,1,0,37.9137767126377,0.0,40.0,0.0,89972.62214301048,2373.0851934099232,24.931103424959943,23.506568361146936,29.354509913433315,1,0,0,0,19727,45.39215495584345,BENIGN
2655.656086303259,142,1,8334.26342478386,41.828544901184124,58.61790561057878,40.727293767751455,3154057.4899307755,53847.33389896869,8.348052908813466,8.694669158405988,11.95079331695916,1,0,0,0,443,228.3272164147436,DDoS
5375.945297244403,8,14,3276.301024172474,6327.520712705581,390.82577060162544,487.5116000879158,1786443.3519814222,4092.3035454391133,221.65931435358016,239.41955393130965,279.96020025351896,0,0,0,1,443,8749.557139376664,BENIGN
34726.167258320165,10,7,3916.045882194943,4439.120446079098,368.11084627700393,634.4129334587661,240601.45382937984,489.5443794168477,1510.257303594039,1875.6437667494495,2342.2141135292236,0,0,0,1,443,22455.88362131207,BENIGN
8273.465270624094,11,12,2263.0800687017386,11288.495101878214,200.20982274118063,870.1387559586705,1637956.373455317,2779.9717830041773,285.0460155083452,248.54302965976683,303.8620099340267,0,0,1,1,8080,7303.241178388256,BENIGN
12684.868310570833,18,17,5755.127851733384,9451.130166167282,350.1891027502196,599.4576231880459,1198771.4531674446,2759.193011947395,396.53021382913,376.64408471491504,522.6068648420941,0,0,1,1,443,13282.400726848344,BENIGN
25021.648808806614,13,21,5408.215813457918,18881.164418870652,435.0917134613719,893.298897578515,970734.5993833821,1358.8233237464897,788.4555691928772,905.0495551994546,785.5200956612632,0,0,0,1,8080,6045.855796287935,BENIGN
597.6667722374319,1,0,39.837434617976214,0.0,42.60896775979393,0.0,66654.92623730838,1673.1731567682589,32.84613201433186,39.474685546146226,27.138771292691633,1,1,0,0,14734,3.8808897330715073,Port Scan
178647.4290934245,13,17,5918.503142313443,13497.97090797715,454.87438634907625,851.9197716632264,108685.99760333891,167.92852912711865,5367.362854199245,7372.85635815223,6772.746535553018,1,0,1,1,443,1839.9836865026052,BENIGN
353.1393809486004,1,0,44.846080298834586,0.0,43.639785923537765,0.0,126992.57777019765,2831.743084879991,31.404914768806716,26.297830828550886,26.30368077106506,1,0,0,0,35515,4.392834671264439,Port Scan
68014.59869123352,8,12,2493.0044833110273,4668.545100205684,302.8889373796137,366.6884311902299,105294.30036083961,294.05451748372695,3090.309543980827,4238.2569829646,4441.753006940513,0,0,0,1,443,2667.826816122674,BENIGN
6473.418569898688,3,3,307.6602690024987,206.35051116992162,113.26635432280635,73.73053766878795,79403.29744202913,926.8673012896033,174.19357208710758,187.27127588719802,175.42424080389074,1,0,1,1,21,166.15207024307207,Brute Force
934.0617174778713,15,24,4154.047132265556,15496.260358483796,271.2708004201076,696.5737411558566,21037482.987535972,41753.12965968327,21.77167201362081,28.160930381887614,29.60551314565727,0,0,0,0,443,4964.638479325603,BENIGN
1436.969557350917,164,1,14018.951692550252,31.168119104781464,77.99230348550073,33.18010449321615,9777604.361749122,114824.97952439639,4.102960805459981,4.332337571811265,3.881955641574958,1,1,0,0,80,404.4938358569076,DDoS
24797.229199935366,17,13,7045.204636894832,8459.1575278745,380.87283275309056,624.8527601171589,625245.7498279584,1209.81258664489,620.5691109338786,839.8852411643732,616.8024558914965,0,0,1,1,80,23173.625312398584,BENIGN
23390.66343792032,7,14,2326.8955975478875,16118.72307785734,326.44164833777694,1054.2352581510359,788588.9480800993,897.7941158332158,1142.7260433837318,1088.2949706122404,1489.8391438618153,1,0,0,1,80,23029.034753613134,BENIGN
1768.8749497936442,143,2,8628.237316491943,106.87616031946654,63.162320571107585,49.85585872245305,4938231.206129321,81973.0077679689,1.43315382880048,1.1937394622182884,1.7363422459485809,1,0,0,0,80,151.0250710475281,DDoS
26365.158337260684,9,10,3688.2358756790777,7111.156532137658,427.0804615264781,756.7989211954675,409608.4791023024,720.6480521358433,1320.5695096789068,1650.7478726597642,1946.679213024588,0,0,0,1,22,4159.30505758437,BENIGN
13661.824663756952,20,27,11171.609450742793,13208.16295183673,508.66145597306166,486.07665036492466,1784518.0276142687,3440.243243985183,244.11332801561383,219.93466378037704,241.70071259248957,0,0,1,1,80,21409.6839549836,BENIGN
9950.973274954167,12,18,4775.10327191978,12646.617680988344,378.3003725841662,675.4519817316369,1750755.4760253704,3014.7804813733837,363.4202329887001,315.2176612786871,460.23501259457544,0,0,0,1,80,16873.37182380201,Port Scan
137592.9131722805,17,12,6082.8548186252165,13117.472838482096,359.77747429964654,1106.645695830874,139544.4519229455,210.76666909209933,5201.563119989642,6990.206885076673,5227.666225633194,0,0,0,1,80,10095.170462872009,BENIGN
46585.397464950416,4,21,735.4183300399562,20901.617919953133,191.43758603189218,1001.8315763700153,464459.625277904,536.6488505074861,1409.1477481265706,1583.3917443640103,1804.0700175255433,0,0,0,1,443,4442.1141036414265,BENIGN
67647.6115823649,16,14,4865.127439985274,10101.064272641654,323.3715941787299,680.3475206060966,221237.5479717376,443.4746371418192,2642.001265909563,2453.5025338806036,4069.0305180050746,0,0,0,1,80,1200.58655170672,BENIGN
482.33359942144364,16,10,6721.588426048918,8808.621418510003,436.03351285740007,862.0468970547558,32198067.60961152,53904.60053205261,23.44023906011403,23.448463341798092,35.899710030142494,0,0,0,1,22,10961.123924992507,BENIGN
31888.995263405694,11,13,2427.2895429957543,11150.156806350162,225.84356975492116,785.1116387095256,425772.1586144406,752.6107298696006,1229.4331511972846,1529.8101283758583,1323.6251942889332,0,0,0,1,53,3397.3198877841933,BENIGN
134557.41811082672,14,14,2263.162447750458,12126.439707747884,178.63745111214726,894.5382264432919,106940.2367965065,208.08960511517924,4155.223480735337,4679.318356447692,4951.0090788261605,0,0,1,1,443,17361.645158890777,BENIGN
4212.829136698388,8,22,3187.9194779071154,20603.64132668554,438.1041819101472,946.2816144592982,5647407.011440822,7121.105325318542,112.24831578400563,107.9698440545035,148.96469276032568,0,0,1,1,443,23183.935711731963,BENIGN
89453.7756886517,8,13,3153.144976085643,15862.192090930228,368.3969140985988,1159.2204967269015,212571.65413788336,234.7581176795884,3910.4965687614917,3785.872027703002,3810.6439990016247,1,0,1,1,443,17960.6678825277,BENIGN
2119.9651632420937,18,15,7143.067792943864,13012.01405212382,393.7051198601047,875.0742744681661,9507270.305444183,15566.29352792412,48.27921721263524,62.206551770081774,63.255827234934095,1,0,1,0,80,21916.55767196584,BENIGN
19806.092464035097,10,17,3148.5449965386133,4096.508325162223,295.48003213058655,260.11450504107944,365799.227427458,1363.216901517953,561.9995789722647,779.61203242106,540.2710058161406,0,0,0,0,443,7337.070918812523,BENIGN
21156.036555123206,18,16,6284.981717860934,6255.096024268112,350.208127490585,427.8405524223414,592742.2988448327,1607.1063174527585,660.0298020332979,591.0132329138485,804.0163695792161,0,0,0,1,443,7917.767537185202,BENIGN
106466.33780606437,7,13,1632.8166703291129,8284.624674126942,236.4745815043009,679.5592537803086,93150.9578409783,187.85280316893542,7166.584137261559,7165.486625808507,6170.069959840338,0,0,1,1,80,15944.105389282122,BENIGN
39459.03212798644,10,12,2923.6348745010114,9454.09337127472,314.18173949619234,795.1179637840928,313685.55127323535,557.5402845321296,1634.245636740023,2055.1324409338936,1692.995071812617,0,0,0,1,443,12068.735755145643,Port Scan
1782.3755681777343,176,3,13105.853015992492,85.45294458636714,71.19305670580631,30.814877639635277,7400968.794733531,100427.76797204759,1.8586789737830864,2.0216919584034687,2.553507275495992,1,0,0,1,443,430.1798388569587,DDoS
287.82134318389535,1,1,49.107644417819905,0.0,47.58528714783337,0.0,170618.4950517862,6948.755008492042,7.00031033001249,6.00827012783188,11.017626262696838,1,0,0,0,26424,39.26216473457818,Port Scan
94002.1971691553,15,13,5908.228370741948,8586.466294999338,417.8039368383788,632.9568281496728,154195.27524083652,297.8653780784984,3279.3263761745648,3326.6463610304613,5074.399535078042,1,0,0,1,80,12338.106586531536,BENIGN
7036.720192029761,4,3,492.07407717636573,309.9116793284762,121.12874649060095,102.47491747318327,113971.52858418645,994.7816324896146,260.7791633734215,218.06150213745389,375.7370694262448,1,1,1,1,22,1027.493389668664,Brute Force
15852.281898915595,17,17,7804.036036468085,12575.49671314036,445.27006142927326,768.5182973054252,1285589.8525878817,2144.801626466524,536.715434875574,721.1181917097595,766.538142678611,0,0,0,1,443,21942.40834798132,BENIGN
702.4624770647546,1,1,44.03317882192688,0.0,45.00818308679713,0.0,62684.02976614479,2847.127163798153,5.589362110134159,5.844821159300805,4.586481625331216,1,0,0,0,8468,3.6651309843859057,Port Scan
2571.382491293482,146,1,10064.894142435125,40.6319121302138,71.61765809528572,38.5344661336959,3929997.2247543605,57167.69111469473,2.46321873355617,2.533516027034545,3.4181036068026773,1,0,1,0,80,307.8149448067824,DDoS
11062.45367815862,6,19,1511.1029144890624,17574.44432442788,259.98123756688983,957.6863248854133,1725254.4321698614,2259.8964684805196,419.73497885067076,390.6128739760397,437.23807067371723,1,0,0,1,443,23984.791523245636,BENIGN
148468.97873741717,15,15,5100.836500343717,8186.334997736037,365.0698704143639,598.7264365898575,89494.59753191605,202.06241233098342,4262.596559454126,4210.3190014776765,3653.2767328949344,0,0,0,1,80,20708.67205273414,BENIGN
11426.479658618968,6,3,607.2108477960617,272.2457722673626,110.76134804734255,88.1220715262323,76966.54143168688,787.6441624093139,142.59262554066396,195.46368316945612,157.19860087604317,1,1,1,1,22,2862.9382874349053,Brute Force
95510.07390096279,6,18,1679.162054290273,14544.633819775994,254.66373707908627,883.4217983858406,169864.76097682846,251.2823937806425,3154.2272173217725,2641.195139599738,4263.373715323994,0,1,0,1,443,5809.134398526312,BENIGN
160.13924996568574,1,0,40.010745179924704,0.0,40.0,0.0,249849.7101022898,6244.565278120621,41.50298806540452,51.64184850223917,62.92714824371388,1,0,0,0,37891,45.32467544229168,Port Scan
63448.72251957022,12,4,1807.8248859065666,776.7266601176568,153.41447579869674,180.93416068455434,40734.493042425565,252.17213782460215,14218.328554251377,17000.575773945104,14733.462737105448,0,0,0,1,6667,1025.6336071993214,Botnet
18465.80744731681,13,21,4219.885452261097,11854.765421336924,359.9305955746818,624.6123764910774,870508.9620077113,1841.2409041414758,350.734317495176,339.4881190978801,460.8251405162048,0,0,1,0,443,7936.305767730339,BENIGN
3433.645186839482,11,14,5518.825464143413,12435.160520975816,532.2025458463344,918.1206453854173,5228841.364836847,7280.892066489662,114.6284018978404,122.83009807305072,112.31844022645288,0,0,0,1,8080,4146.520703736071,BENIGN
25697.18670824907,10,9,4093.0022656176898,7143.608715618809,414.6540734521738,839.8491942516041,437270.0836403009,739.380548373445,1007.6567454203135,1170.7423319258385,1441.921046768537,0,0,0,1,443,9091.586277513872,BENIGN
259.74376490551407,1,0,58.10225829572058,0.0,57.582336214823826,0.0,223690.67575830434,3849.948045389139,20.87436232990731,23.366233770708288,30.103735128944656,1,1,0,0,13242,8.279447389363664,Port Scan
1073.6594820843231,139,1,9842.63694213946,36.0050308196001,64.94053105845246,33.52090707866653,9200907.864923239,130395.16004479775,30.243872164567478,37.13581905505444,35.60172901664817,1,0,0,0,80,167.3370427423272,DDoS
324.24873739764763,1,0,45.399824798497605,0.0,46.40743891097256,0.0,140015.42508034752,3084.052101561876,19.413846821831026,16.003933077608533,26.487776141631027,1,1,0,1,10216,30.775219078379017,Port Scan
34779.96233749312,17,15,6961.095060532914,10173.038035942149,408.7848090929322,684.8068050388179,492643.8082425497,920.0700014992168,1210.1832696106653,1003.1991700159842,1463.6176767412617,0,0,0,1,443,6579.719435090961,BENIGN
65129.16201449572,6,4,1573.2224066322042,752.9109377328786,248.3298166276752,186.0604352370284,35715.695894373064,153.54105120797215,13477.0391059501,16362.361570422934,18344.762882108495,0,0,1,1,6667,4180.434432298867,BENIGN
13500.466733298968,9,2,1285.0382020211894,122.94918109936756,140.10439188989048,59.21807372747066,104291.75605075556,814.7866453289682,352.85706617102136,489.78825314047896,321.8836120657223,1,0,1,1,22,732.170377696563,Brute Force
678.7667239236672,1,0,43.525500897954984,0.0,43.83553828100467,0.0,64124.388193858744,1473.2602008233657,13.762595946589899,14.616663555349238,17.79810056084192,1,1,0,0,48786,14.287949841529478,Port Scan
35.87915252781721,2,0,112.90655355326294,0.0,52.27947712516211,0.0,3146856.75660054,55742.676710365275,9.509244183259975,12.030634386750046,11.20286551559313,1,1,0,0,14551,28.16342191310703,Port Scan
126374.3875987484,11,19,3417.805469268868,15770.186611099401,308.96148567886263,760.5032040699181,151834.50100104226,237.38987440440118,3572.354720014768,3189.27596070678,5451.470003648989,1,0,1,1,53,20428.676983974612,BENIGN
449.1628783936242,1,0,54.15126807373468,0.0,51.29699144517286,0.0,120560.42624760092,2226.3638606475606,42.39241510343554,50.06156994258041,48.32596933055066,1,1,0,0,33273,9.741889173508289,Port Scan
1178.4811103240486,14,10,4254.717846959089,8092.934436030601,321.1235452534674,798.140645006444,10477598.81326773,20365.197023311375,46.73372489641377,46.9299816141504,58.21669178652701,1,0,0,1,53,9232.007603325017,BENIGN
46329.38204210842,21,9,11440.55462551296,3488.19815541051,511.67849683207606,391.0206702486997,322230.7771632879,647.5372361481799,1860.388284733536,2431.615177572959,2099.2478755207517,0,0,1,1,8080,16432.01780625152,BENIGN
14097.150572727287,5,2,843.3169559593239,158.2460011235401,165.06852200727772,77.72361085568721,71047.19155234913,496.55424788768175,303.8240212710167,307.73154677838505,258.53883139000544,1,0,1,1,22,1157.1637038740494,Brute Force
1185.7115647442342,126,3,7825.176353180096,134.52906749480096,62.19265787388393,45.78887760283891,6713019.976651621,108795.43038599454,10.992226731601667,13.687372936562667,9.032294090964204,1,0,0,0,443,107.73040484696884,DDoS
20432.76673337578,10,18,2935.6880487762846,9366.328018299211,293.09716990356867,529.36732051371,602072.9462437821,1370.3479497107735,723.9763949413203,973.7823740780384,1107.1908757235349,0,0,1,1,80,6204.799021254469,BENIGN
133076.54391173064,7,13,1690.9669295703588,10655.13112368838,237.84784500506618,858.7728791668304,92774.41155556217,150.28944554846535,5579.9205566766805,6523.40825945279,6471.567361785346,0,0,0,1,8080,23391.288849198834,BENIGN
32279.21266523263,10,10,2270.381587335235,9254.497022540823,236.08145115547686,942.2943870968779,357037.16597428976,619.5937988766884,2130.222575809839,2526.921153851518,3086.1354743838956,0,0,0,1,80,4323.54722191198,BENIGN
960.4719949387022,139,3,12082.217753326215,122.14831623582735,93.69215933387474,37.07533838651621,12706633.961087985,147843.977490528,3.910427257780139,4.414241918413247,3.646187542314564,1,0,0,0,80,151.79719942239103,DDoS
10179.25925534222,11,17,3324.131801222159,13755.803366514703,307.48891623390557,779.778461790091,1677915.3314886903,2750.6913123668796,253.21568626370774,218.33174804190702,306.00096737023,0,0,1,0,80,16095.593066332352,BENIGN
7180.954897861718,16,16,5368.762819792749,11155.998421491804,327.5872097759002,660.0912839033064,2301192.734994778,4456.231859850377,254.30891085577048,238.95222195807648,374.8610632691309,0,0,1,1,80,17313.472871338534,BENIGN
34572.608698824435,17,18,5464.365540871126,14538.731117123667,303.80449511238623,735.5520068544839,578582.2190118663,1012.3621363056152,917.113075281283,1029.5852179133271,855.0920121754945,0,0,0,1,443,15540.549627999582,BENIGN
301.0206544733907,1,0,51.106236137062346,0.0,48.25760434818267,0.0,169776.50994237664,3322.0311800511245,41.1332133882382,52.274718470064634,41.138514674665295,1,0,0,0,2705,38.000106530534964,Port Scan
18423.635732950806,13,7,5630.317544198752,5081.997623498655,426.2516580539526,672.0067048951437,581444.1472341074,1085.5620622280246,834.7137814435665,759.7585128039838,842.2097475703615,0,0,0,1,22,17824.809321526933,BENIGN
2132.0913898462477,128,0,8673.131808139527,0.0,69.96130308704235,38.30253758942153,4067898.7070835535,60034.950007105705,61.78603225745275,73.09197069183433,81.86142518399753,1,0,0,1,80,402.6295652094656,BENIGN
34476.324724380174,15,20,4632.591408066586,15023.786317657848,317.74785465589014,708.7516852862339,570141.3327222867,1015.1894170798752,865.0636488981039,705.4085413622626,1241.815826145971,0,0,0,1,53,1723.6772582275853,BENIGN
20591.24115258977,14,12,3839.7781085257916,6147.051733580749,296.4952245501318,477.30655848421844,485003.78234123555,1262.6727940938115,812.6544301512178,1037.9841545089462,959.7305624453064,0,0,1,1,443,24156.535551208584,BENIGN
53762.344943376025,13,16,5929.006876688341,16214.082660620139,476.8327952580539,980.1411452932036,411869.86097109766,539.4109953824297,1610.092964169826,2164.3944549873745,2492.586399892934,0,0,0,1,443,15338.303172779244,BENIGN
172367.23076663006,10,14,3515.744394058716,9705.980592383106,359.86484686189164,758.1947543453809,76706.7204574567,139.2376027233034,5012.818615358539,4544.999614528724,4244.76037843901,0,0,0,1,443,1472.9777843032189,BENIGN
44717.487666983696,16,12,6746.2866170553525,9781.28993496661,390.9324474435117,822.3506960880396,369599.8459283924,626.1532447555918,1439.677630067056,1761.0617620389994,1532.194409397142,0,0,0,1,80,16760.78313178636,BENIGN
114263.09733432229,11,17,4934.287527387709,11636.760975939385,484.2476426769264,671.398390963995,145025.3746827979,245.04849468656383,3633.1381095957436,3815.272763363093,4167.955088993736,0,0,0,1,80,15763.340001374914,BENIGN
54614.71016673601,11,12,2784.3488047984497,7481.4182199965335,257.37530181909966,580.291453287105,187967.06955789207,421.1319611471367,1681.1472281574236,2093.6110275074248,2197.1027104511927,0,0,0,1,80,20095.841394332147,BENIGN
2082.535752872113,111,4,7841.2907500977835,122.25453041061104,64.48598408982932,28.75076057489192,3823965.6963994657,55221.14078540965,30.23991745245775,35.14471282938584,36.75201377628385,1,0,0,0,80,162.58478544158334,BENIGN
3955.3577636777086,17,14,8840.097929156016,11484.429955397947,557.4383013419701,885.381383528948,5138480.28393167,7837.470553150689,120.58808019588092,151.705061404503,99.89468173107132,0,0,0,0,443,9529.730641356235,BENIGN
39943.71925526299,22,18,4147.419869399504,11183.087841338298,204.4747156327655,578.3123546818811,383802.7103276781,1001.4090011092192,989.798489939367,1180.3253749419318,1198.725268100914,0,0,0,1,443,1782.7221936841704,BENIGN
48962.8990903861,8,12,1580.8784886322173,1625.8697338515472,207.92525652539635,142.9133429012476,65493.4303739668,408.4725449585769,16463.335693316632,20324.994514961854,22451.133559789017,0,0,1,1,4444,3346.1936893113243,Botnet
10923.285787225223,13,16,6197.264212169785,12132.615562413042,434.9807632936139,805.4288075660065,1678055.4982841897,2654.8788125561528,331.2343881057834,326.4929803694106,385.6030320134368,0,0,1,1,80,6736.667788296754,BENIGN
376.2513628948204,1,0,53.3167822224408,0.0,51.31506119820457,0.0,141705.22018107693,2657.7976815981556,6.256298042673571,5.501602319871363,8.16028839755326,1,0,0,0,29595,22.8930000014411,Port Scan
41287.11769677831,14,7,4558.641105859366,9663.251859458665,347.3423360537116,1282.9790972347537,344463.2068958348,508.6332292369893,1797.3245208137962,2248.1224293315677,2644.5504721227658,0,0,1,1,443,13645.631241823758,BENIGN
348.7588126269862,165,4,8412.089492819236,138.9930601349938,50.05036573659553,34.17946467518211,24518613.56145862,484575.5687921595,16.209864813741284,18.19759492654975,13.822532236220827,1,0,0,0,443,22.210736673759214,DDoS
78230.3682683153,16,15,6898.383085081683,12713.918170929242,393.62838382650597,816.2187164171124,250699.33441632873,396.265551169028,1754.969676208771,2169.4780000594237,1541.1591487789071,0,0,0,1,80,10917.329751494473,BENIGN
17348.27399176765,8,17,2948.0913737745836,11203.665746839291,385.0527664723296,672.9330259873592,815744.3862904959,1441.065549913689,647.4236503322729,562.9640926367156,850.2696349531906,0,0,1,1,53,23730.564466026375,BENIGN
7970.861436832033,5,4,622.7942199288822,221.11623808095075,114.42822988838475,56.39571463436283,105874.43586840718,1129.1125898152598,162.9631755652788,164.24734616182303,226.39081235922868,1,1,1,1,21,916.1124786319378,Brute Force
26.803572307941167,1,0,44.56599907949186,0.0,45.145780940305976,0.0,1662688.7851918219,37308.45980196928,8.890346494347767,9.663208517680914,12.821605591819324,1,0,0,0,2312,13.09292796622261,Port Scan
18536.871580926898,11,18,6194.7329998816995,9279.139754294452,512.8681235499943,544.9988180724172,834761.8251883263,1564.4495282493572,582.3709373975566,671.0011905642173,842.7751840525636,1,0,1,1,80,4605.626581167675,BENIGN
174647.87641439462,10,14,3637.6240903510748,11104.24835156037,401.65562497058477,805.6779065363269,84409.11360944787,137.419363422743,6050.164270778589,4975.346487848918,5707.038859115289,1,0,0,1,443,24154.418866361884,BENIGN
83371.92900548667,16,8,8445.990073948122,8340.287158219247,511.0773492265386,1061.279818134343,201342.07559312525,287.86667510620475,2818.520881777109,2975.3061402059216,3730.286319511397,0,0,0,1,443,9257.684843155885,BENIGN
69280.15936652404,12,14,5176.812542187028,11520.93346385841,421.0511880513029,854.2448539364174,241017.71934020318,375.2878203187725,2995.0515969825324,2710.898372267534,2902.0265907492876,0,0,0,1,443,5211.063710235153,BENIGN
37916.33999440144,10,12,4854.375781243864,7910.735065795222,489.9626176108607,714.8310298371155,336665.1646473243,580.2247791650889,1378.3389421678398,1819.1150959550994,1748.516439510425,0,0,0,1,80,15071.407100043434,BENIGN
1590.9299262296927,140,0,8221.815057052407,0.0,64.10375037887896,39.42788932250164,5167930.354127597,87998.84752421668,6.027750035485825,7.943910820197729,9.643496448648147,1,0,0,0,80,160.17661996278505,DDoS
33742.19715876892,17,20,2871.3548559736346,13593.23248325065,167.73844056732543,664.2753552930619,487952.43717392214,1096.549813454707,877.7764667835729,774.990317663163,743.16239022044,1,0,0,1,80,22123.491453906357,BENIGN
31683.750821184887,18,11,6950.261910105283,12194.516114977136,357.3782170752833,1105.5042017817077,604245.9471774893,915.2956720202951,1499.0084658097073,1566.7243890403806,1850.420200960654,0,0,1,1,443,4986.448512267386,BENIGN
12416.691473476518,11,20,4155.062463543843,14854.02607228759,371.00203440787,687.0819417899726,1530930.246308933,2496.639307356518,367.2437389128665,335.25914375259975,440.45360791978925,0,0,1,1,53,3069.0234820994733,BENIGN
1257.5151270398712,148,2,11651.185867427701,63.27380771542492,73.54962518262121,33.404423617751654,9315561.636795882,119282.85932678409,2.433695447050431,2.892817560584938,3.2861941567323942,1,0,0,0,443,467.05123334696304,DDoS
67997.41816263567,17,10,4503.353935213691,4348.486150804459,290.81918053619,466.70843917430506,130179.06157622619,397.07389970927454,2358.1131692767735,2242.207532459522,2713.423517667621,1,0,0,1,443,9385.590023795437,BENIGN
52728.68665177567,14,15,1646.1147969604237,11545.685839413334,111.93084122342736,749.641556809607,250182.61356466985,549.9852517002414,1481.3928966787487,1512.4543485174656,2009.1830260552947,1,0,0,1,53,23097.359497339552,BENIGN
121373.38820712257,17,22,6184.268193727637,26205.57289809182,385.7337291174091,1140.0059845400556,266861.14287710655,321.3224956153227,3408.6639499539983,3489.03875798108,3560.4836968401505,1,0,0,1,80,21001.934504168017,BENIGN
254147.5385033565,15,16,6902.988479076771,12249.230728681818,472.94274695322946,722.2514198933806,75358.66497288797,121.97639285650835,7480.12095422494,8192.40162486686,6099.097494994198,1,0,0,1,53,14532.653447054572,BENIGN
35377.45351211816,17,21,2002.7274667361373,21157.248538207776,120.61214265036332,985.0640973062816,654653.5633778931,1074.1304482806686,888.8829574911889,943.730595978209,988.2593950533951,0,0,0,1,53,10948.153714944407,BENIGN
28420.09889442182,10,9,4330.879428632927,6799.872183423936,440.5994842915937,824.4008266592133,391650.6995069451,668.540953027058,1478.6849628971959,1886.811692994341,2284.33872302875,0,0,1,1,443,24130.88677739898,BENIGN
51152.96657585462,11,19,2657.157615825205,15865.388655611083,239.1250591564106,905.7017690457035,362101.11575775855,586.4762497305619,1952.3268711455817,2528.1223667983495,2987.351688043149,0,0,0,1,443,7389.276346434545,BENIGN
814.9734226049886,1,0,45.20024539774439,0.0,42.532432222697,0.0,55462.23244098673,1227.0338789743482,31.064238734501156,43.167141401743486,40.23194937943123,1,1,0,0,25133,8.020098597584202,Port Scan
120207.35628506284,11,8,3258.3134525069645,8076.512160401257,300.7736319910548,938.1096626171447,94293.9430930377,158.06021018333445,6927.178380425415,6121.659942134336,10708.859854226326,0,0,1,1,443,12501.951572486658,BENIGN
124712.10700464876,13,21,5214.9590118189735,14844.88270455608,391.7524218126029,756.3288830778529,160849.19257780886,272.6279013049841,3934.306344551796,4202.204726186063,3694.2048132095188,0,0,0,1,8080,19437.807175215654,BENIGN
186806.16513240704,10,14,4128.569211001066,6358.368814930798,432.478389228834,469.85670775318636,56138.07241585837,128.47541719508533,5866.20264473023,8174.573086917042,8687.052025863555,0,0,1,1,443,8484.349704977467,BENIGN
10077.777542960037,5,4,556.5694490554838,395.42176801983,108.92414938141293,91.02313164449441,94464.40080832501,893.0540450644365,91.95017369652587,73.5760091978837,136.22004025184341,1,0,1,1,3389,2603.4327495296043,Brute Force
1603.7121512415383,175,2,12260.420780114184,59.58652860563276,72.86989610203814,28.07502169812885,7682181.181443374,110368.9336412228,33.97449111413805,35.33258565720142,47.60270391150385,1,0,0,0,80,324.6146888218905,DDoS
79107.4867161345,14,17,3887.4526752180736,12462.62816868541,253.9294050088174,718.4318542156432,206681.8391358245,391.87188579557466,2167.7212946846885,1960.9092876004154,2369.7120663368805,0,0,1,1,443,5988.685832831263,BENIGN
10410.608284575037,15,14,4736.77366750187,11969.570605485784,349.35980635038965,884.3259676693319,1604742.3758841015,2785.620129706358,263.77773583283704,362.2167189766994,221.16884902109453,0,0,0,1,80,21810.1533183207,BENIGN
2756.9674902410243,128,3,9195.254592954314,71.49561038469496,78.6696549250211,25.58861788303379,3361211.2714934023,47515.97560134722,10.45375197371438,12.21967684051078,9.89207850150653,1,0,0,0,443,368.47599677252396,DDoS
14875.864958935563,10,20,4079.0870850703454,11644.660353125195,405.5758778857174,645.5630435031383,1056997.188506385,2016.6894552225513,516.1393312877386,425.84953591011345,453.87856866949505,0,1,0,0,443,23135.640089373046,BENIGN
853.4044605072559,1,0,52.52796825797395,0.0,55.5810758318067,0.0,61551.08238683426,1171.7773298321044,43.3666038454896,39.42897927500293,62.680978989745284,1,1,0,0,51050,35.34538564731111,Port Scan
11735.783881008043,11,14,3979.67383024714,13859.753708194256,347.09225089740187,958.9195379960388,1520088.2803670957,2130.2369107578206,480.02058333062666,640.6101553611746,743.3294531471342,0,0,1,1,443,17864.68597355342,BENIGN
22539.97939681556,10,8,4923.293678626343,6280.473375203944,465.50133775604377,819.8559518958898,497061.9917874969,798.5810316465078,899.030107440502,912.3661591244974,833.6437421615483,0,0,0,0,80,8578.490765921277,BENIGN
47248.246476356326,10,20,4462.409085040839,18043.08993223469,450.7632066200653,843.6292328054384,476324.53467955877,634.9441987230662,1601.816238284772,1851.2158555250467,2472.280254651142,1,0,0,1,80,23371.55366515386,BENIGN
107411.0552760403,16,11,7044.914281523218,5880.989167818434,443.5176546729963,538.3306112456289,120340.53120624145,251.37077306066436,3683.457318343016,4825.595276315388,4585.45827358459,0,0,0,1,8080,15451.604003989076,BENIGN
19853.96326480804,14,10,3933.591015475774,7953.46601692438,305.93044173543075,792.9736947619301,598724.6412141019,1208.8266549047655,1217.79327964467,1258.703607799508,1925.9903664317244,0,0,1,0,22,14234.376020279002,BENIGN
2799.905224804946,145,1,7062.5687501433395,34.421741509167695,51.18331503699039,34.58491628605862,2534725.2574047092,52144.62214883399,2.2653286628486966,2.732238176320573,3.353059993654295,1,0,0,0,80,385.14232295332965,DDoS
60914.51410878946,8,11,1170.8358016546904,2650.2904186010182,156.46290082527452,229.78853650217496,62729.32282495793,311.912526562507,15254.936420000331,18473.502842961538,16737.396681526723,1,0,1,1,6667,1241.9121838957262,Botnet
121257.756146321,13,11,5342.284807731119,11840.561655676438,432.52126470866125,1078.9922661695805,141705.1330116411,197.9254833896097,3746.4765800535597,4575.828979806368,3837.292661244092,0,0,0,1,22,3158.3855142052516,BENIGN
797.80931739948,1,0,43.928925253309224,0.0,40.0,0.0,55061.93559696555,1253.432340524144,18.73303292344105,17.0767218357089,28.827001937260974,1,1,0,0,42354,14.540145918984837,Port Scan
3163.430765617704,142,2,6044.99772646764,66.68389029666075,45.43037150852792,35.39137840210932,1931978.9398238687,45520.19964055764,4.375253729275672,4.625435158705259,5.447457018275666,1,0,0,0,53,107.75768141531557,DDoS
26956.23371163631,9,12,4768.534234260956,11270.2633199299,510.1578754257833,856.3646866726913,594994.0086499295,779.0405820281504,1114.508417905051,1536.9510797666476,1572.7632597722024,1,0,1,1,443,6657.143692780949,BENIGN
15394.223361379709,19,21,7832.378694353834,16939.481405320184,434.6511587141021,832.7016100428068,1609165.9525884546,2598.377265354619,400.8456230807368,478.8768150016233,561.8456075453971,0,0,1,0,80,24341.736012150322,Port Scan
144041.22024925778,18,20,5246.512726625123,14109.061280865184,285.6254716564665,652.6032230725768,134375.24323937434,263.81337185454595,4306.499703954684,3469.1945733451767,4848.756190026991,0,0,0,0,80,11115.214772750289,Port Scan
310085.8302108806,16,22,6475.161593502265,15836.206127920605,379.1638708049767,701.0752479092915,71952.23240690985,122.5467154502264,6537.756667610592,7313.658074551239,5719.924251616069,0,0,1,1,443,16257.478302057536,BENIGN
5722.826287916908,9,16,4623.317133487275,11351.9509270993,468.40863691239815,690.6243783375068,2791499.73402417,4368.470881736292,211.97398029694426,171.30619326678357,233.20727691969043,0,0,1,1,80,16813.620229945627,BENIGN
2581.0660522572844,137,2,9991.328423812372,112.47375901858044,70.0064398846673,53.27620784216799,3914584.8956459756,53853.71671462528,9.732349364769867,9.281251747907774,9.739488372512195,1,0,1,1,80,37.49811114932696,DDoS
29128.909631787235,7,18,2166.9621485306866,16306.784078475208,331.4194082609018,925.519398391452,634206.582413446,858.2538898990741,1087.1161195652649,973.8308671759502,1709.4754503789422,0,0,1,1,443,10146.53908224625,BENIGN
12581.503140114235,7,12,2849.643346512558,8583.200029824915,390.2203064002263,688.7505022439999,908702.5015226969,1510.153420335075,533.2461154121277,715.3298652717411,638.0002125265487,0,0,0,1,8080,21332.36599711663,BENIGN
44922.749310403924,13,14,1823.1796040900983,2450.849122964865,143.99758515102798,192.2073473433211,95141.74427576979,601.0317804335033,14807.97294474076,18165.55653499065,21755.115186276482,1,0,1,1,1337,3992.871616246744,BENIGN
6611.622818466095,3,1,239.90394358120145,96.1779770960852,78.78090318707049,89.12201840599569,50831.986322422745,604.9951895059866,114.99875540738104,94.13624841059416,133.9284477829117,1,0,1,1,22,1332.7154023562423,Brute Force
46710.600142495896,11,14,2593.108457063109,13153.861464276104,240.00751634492406,934.1494893955241,337117.69648219727,535.2104216973173,1584.3985592476233,2214.7541046950887,2246.230320459669,0,1,0,1,80,17203.22901353965,BENIGN
28451.544161583763,8,16,3685.978808068214,11420.79293918167,456.5754931805672,699.8815077493504,530964.9156985848,843.5394530327676,1043.1863427092687,900.4150143341404,865.4622000872889,0,1,1,1,22,1319.6170809151308,BENIGN
58693.5673209038,10,16,4807.603067155173,17492.874830087407,439.0627176190184,1027.6134029067953,379947.5635092337,442.97869744134744,1804.172767432454,1468.2981004673265,2010.124831080781,0,0,0,1,443,19146.65599632384,BENIGN
2103.995437374033,166,4,11944.553696295572,159.10470378244128,68.61435135513253,37.65357592500362,5752701.828661957,80798.6543032501,18.677205564426107,18.096428889451236,22.023470366559486,1,0,0,0,80,490.50716023814044,DDoS
41953.07908221738,10,18,3146.5438837381816,4870.400046870685,347.90630512630327,272.34179243852975,191093.09986277032,667.4122761079612,1130.913290210724,936.4439702099199,985.6916214125433,1,0,0,1,443,15359.560038497342,BENIGN
2000.419908462764,144,1,9665.856755931152,23.204581585568786,66.4741253456239,23.768818709910626,4843513.752551256,72484.78151341046,5.244294673853815,6.201626544375424,7.774422200098927,1,0,0,0,443,13.001415559244462,DDoS
2031.5216034782982,115,1,8371.696583145806,39.70823200861104,74.68346281919246,37.47113324141749,4140445.664349673,57100.05731732755,4.340955595947318,4.735468994534673,4.548560491488162,1,0,0,0,80,220.31101706053843,DDoS
60293.39143107486,11,9,2302.4961435644336,1618.3598159660273,207.97677744307364,181.92901806668897,65029.61380125111,331.71131238924005,13109.547809915039,17992.08646006353,13394.748026155656,0,0,1,1,4444,3316.830694120944,Botnet
286.6734947286164,152,2,8746.479198891742,52.048032736603226,61.48920068287701,23.988869378735124,30691805.81189621,537196.5069382725,13.058780851029047,11.58710143580839,11.67681659563557,1,0,0,0,80,321.18064374232296,DDoS
41455.76505647886,17,14,8210.758214124891,11913.812581596745,493.9042984579228,774.8341781405811,485446.85566179163,747.7850175425772,1066.2995145236177,854.60063497813,1608.4530016580745,1,0,1,0,53,21936.30639665227,BENIGN
113482.80419068452,13,14,2416.2532034759975,6180.276602729774,187.5140458834966,409.6287072573091,75751.82749063084,237.92150883610572,3983.19828604381,3927.3466711924866,4780.126951788662,0,0,1,1,443,6587.677713899631,BENIGN
24435.874168835817,12,21,2388.32178540531,18191.549807590258,212.69301662902055,878.5059503970745,842199.1147442565,1350.47347895114,924.6431723449118,970.3990551779337,1038.1392496528756,0,1,1,1,443,10408.77061493072,BENIGN
1171.448976572408,136,0,7521.493812134617,0.0,57.494296433055574,23.636201500941503,6420675.558693196,116095.53870449241,2.422161581862448,2.920846441132677,3.7182130540286966,1,0,0,0,443,299.63021410316554,DDoS
202.22261431563518,105,3,8432.525383451963,113.2908974940689,81.86972892016038,35.636281282831945,42259449.12178548,534064.8985549674,5.087736874952554,4.585747118321484,5.383550748410356,1,0,0,0,80,41.47086653163143,DDoS
835.3687697654203,1,0,51.97336501876909,0.0,51.43085783076005,0.0,62216.07378662685,1197.0761132006523,17.055381152932995,21.78267253102866,26.434800229652083,1,0,0,0,15,42.79515718143459,Port Scan
75988.09192578617,14,11,1984.7561083799358,2360.4713015094558,136.07736014770418,200.02251935529404,57183.00459673552,328.99891767799977,15294.032815854673,18261.92266291528,14134.494602517441,0,0,0,1,1337,4093.506646057178,Botnet
708.663576237512,1,0,47.8956675429514,0.0,49.168024570596586,0.0,67585.90274561952,1411.106812218673,21.439516779025574,28.775389897711385,21.769616256168796,1,1,0,0,13946,13.861998491303263,Port Scan
315.11493517254087,1,0,48.503002307723555,0.0,46.793401331613055,0.0,153921.62317271883,3173.445268319164,41.6992428058013,37.64118056202072,39.15688566785078,1,0,0,0,46437,3.694486357642951,Port Scan
2621.336090203113,187,3,11802.322229917445,143.97118718854264,58.82536335402092,45.05870848119982,4557329.9287159825,72482.12112521516,10.114455102218914,11.378291952814314,9.20245190259618,1,0,0,0,80,203.4795770793275,DDoS
24472.450203668814,13,21,2784.4568966621196,17890.420799285854,217.87210762613253,840.4569368249947,844822.5463279715,1389.3173636901652,687.5874748578211,779.930871467629,583.2608948814526,0,0,0,1,443,24380.51398073766,BENIGN
3486.3171128510035,11,15,4547.384172938583,11947.85627354431,430.9683520961692,837.6889774038693,4731422.848965564,7457.726637706229,211.8832657029103,228.92940045442037,208.86306616094797,1,0,0,0,80,10123.914134951785,BENIGN
40626.33504101288,21,12,7961.743650700862,9832.519931401781,413.6304696348848,897.8483054245374,437998.2482825259,812.280998684376,1223.1960410632535,1427.1279206315962,994.0619145305282,0,0,1,1,443,9046.419995299368,BENIGN
12032.754410493331,16,14,6340.722228396383,12269.428144572012,422.14019092251294,820.0695433406821,1546624.3004792945,2493.1947396714154,575.6284165261173,762.514225519527,822.1823024056199,1,0,1,1,443,23040.793661464922,BENIGN
6491.417974308051,8,11,2494.552458299498,5880.661138731013,308.58010219441246,552.7240671012033,1290197.8628056627,2926.9413978885395,261.81276620188834,247.94625787869037,366.3179015542547,0,0,0,1,53,19281.569831083238,BENIGN
3729.7458947824534,17,14,9202.112053430465,8388.117472202182,542.0089420426459,649.8474569927819,4716200.519247074,8311.558179704934,100.71168486947418,100.45413922321585,143.34443431426547,0,0,0,1,443,15046.395612050695,BENIGN
1818.3762673228057,122,1,8433.88066599081,41.9813688561928,68.43942491373058,39.552116936987986,4661225.614941626,67642.76580726213,1.6666361013681514,1.3955328264386453,1.4947766703385217,1,0,0,0,443,265.1468073469605,DDoS
385.00963087009933,156,2,9735.964240690706,66.3698448013875,61.58233912848215,36.598575765751356,25459971.12679854,410379.34464893566,13.474117537871287,13.949983754424487,14.353474705057147,1,0,0,1,443,227.21266809296486,DDoS
21081.264935161154,17,13,5910.258436662651,7268.445176455915,360.68604982180193,581.2130804818978,625138.1809228149,1423.064512128179,765.0982616749405,947.9568686069006,1099.6264827482375,0,0,1,1,80,15568.101962343597,BENIGN
71.39343852873812,1,1,49.53478262556274,0.0,45.13069577161117,0.0,693828.223522578,28013.77887401987,38.22566538517996,41.249313821299424,36.35768194057737,1,0,0,0,35348,36.641143522442,Port Scan
1288.2090418697817,183,0,10570.259152964725,0.0,63.37130554920621,32.284224743028176,8205391.213232314,142057.68943709874,4.368478667111461,5.935020955637418,4.938521829264073,1,0,0,0,443,104.28329260477715,DDoS
19281.373148927134,9,18,4025.163642649832,16185.086839386558,428.83816955471025,818.9286006316723,1048174.8538309337,1400.3152053256306,601.6603586715988,700.8511930165986,759.8462663191359,0,0,0,1,80,22847.2366961792,BENIGN
1658.680253203574,121,5,8963.841462141321,207.29010929449262,75.29280626627096,41.92771953859443,5529173.904206489,75964.00798565225,39.60903617426345,34.253594427201456,57.079769294449235,1,1,0,0,443,47.32542658924505,DDoS
482.31371166549366,1,0,52.49243896530169,0.0,54.09079091763876,0.0,108834.63956278225,2073.339355306459,9.187962851380268,11.660904212786653,13.533526918126269,1,1,0,0,56118,43.04174644772266,Port Scan
47087.181910293744,15,14,5928.144338794785,9289.573796588855,417.57005504053285,619.2736100656101,323181.7560111171,615.8788617940269,1365.728728071876,1225.2888867044067,2139.239868271779,0,0,0,1,22,19414.06314108871,BENIGN
157804.4827493847,9,21,3046.0746127069456,16970.191059032117,310.73691383029075,783.9985849366252,126842.18675541463,190.10866787380266,5520.446903079699,6605.885202495546,8025.429120161173,0,0,0,1,8080,8557.36142534921,BENIGN
6933.919446812322,4,5,623.2620572862834,245.58718280594738,152.65610533217637,46.00551538923281,125304.20157846803,1297.9671986436908,131.7396046938391,181.79015867181946,194.51349655034323,1,0,1,1,22,1520.4548523353808,Brute Force
79.09629525877573,1,0,36.03058449979994,0.0,40.0,0.0,455528.0924589493,12642.81717276828,10.645692612885515,9.710241524809348,13.025205691424633,1,0,0,0,54659,12.780465007524795,Port Scan
30499.12023216148,10,15,2718.6520671129933,7702.336945011123,296.25562340819056,553.1216879096022,341681.6266436148,819.6957751468966,1010.9957164412017,1372.750518002702,882.2480562236503,0,0,0,1,80,24805.590157283485,BENIGN
2350.452650434454,128,0,7628.293244451528,0.0,58.000924413753275,31.078815659453255,3245457.100802063,54457.5956364578,25.16255271942065,34.91472363839487,32.95654233414145,1,0,0,0,443,379.92292371328824,DDoS
56623.006385192086,13,13,3635.3047858343893,12728.386374129082,304.23546991631355,993.9557730972554,288993.6830383995,459.17731430804884,1829.6579009358002,2234.240360761355,2129.5630805569313,1,0,1,0,443,12262.142195836208,BENIGN
1533.8942146847278,163,1,11101.898934591893,36.89706776241815,70.85279296674635,40.16337793287815,7261775.8745792955,106917.41218523866,4.068199003749941,4.1460524179728235,5.006465334064081,1,0,0,0,443,236.92499200951067,DDoS
241.89853070592144,1,0,43.3129981061489,0.0,45.605826566671176,0.0,179054.40756399205,4133.964754071658,40.775296130868426,52.91662930216099,38.70445430459844,1,1,0,0,53855,3.700537365497336,Port Scan
519.1130491884254,1,0,37.19158382736995,0.0,40.0,0.0,71644.47876144665,1926.3626710277981,22.21763601867402,25.40574013272471,29.43085864828348,1,1,0,0,18325,0.8302111542691171,Port Scan
40730.945362543665,11,22,3059.503379838376,7607.970456081295,307.11672483621106,382.7244425358532,261900.9635295507,810.1947967637138,1241.757788132986,1007.7072070026934,1167.682383129889,0,0,0,0,8080,18699.38135884831,BENIGN
24819.059287329186,19,13,7360.004831161096,7457.051751483514,354.47391619327607,621.1323073426204,597003.1503252473,1289.3317038948726,696.6572714628811,761.6558679211132,799.1042515146073,0,0,1,1,8080,2346.9481691132787,BENIGN
643.9020342179019,1,0,50.72529129599603,0.0,51.62926407507364,0.0,78777.96403859498,1553.0312793849498,12.326196292323349,15.554544875997594,12.003865860013239,1,0,0,0,53351,43.583077085169556,Port Scan
1003.778122483057,130,1,7956.147411895143,36.76314312123289,62.398695672291225,37.38884665977938,7962826.022990245,130506.92883796258,23.72660726851165,29.39413288221378,33.61517289207345,1,0,0,0,80,394.91999640380664,DDoS
29127.028640507935,10,10,4884.965871510068,6319.251820242934,464.652630478163,598.4737361169177,384667.3764783175,686.6474519884713,1490.4005519641205,1587.1258899329955,1356.1908278902986,0,0,0,0,80,23912.798791645444,BENIGN
12721.473636461034,12,17,3611.9885019321277,15896.320101201069,284.0548900293019,854.2366486619222,1533494.401719342,2279.610116620692,402.4065794384054,488.47433579863844,415.9574028279951,0,0,0,1,443,1547.3149793124778,BENIGN
84188.52753453802,9,13,1406.3744589851344,11651.589347498215,159.377290835686,925.8979302607182,155103.83883512358,261.318265614927,4526.73367353418,5778.926950389916,3973.2120894590335,0,0,1,0,22,11289.005458267435,BENIGN
47214.499982118316,19,22,7684.29261321224,15581.812815855375,421.9357823654642,698.8128224443359,492774.58064533677,868.377299675482,1162.0376948440958,1437.9413676446518,1615.4279096041178,0,0,0,1,80,15527.735363946995,BENIGN
45959.954701731316,9,8,5340.650985384952,4935.562783420464,549.6161141608931,668.8638244943962,223590.59828268958,369.8872226991035,2894.118364660466,3369.6461586131463,3713.305571773306,0,0,1,1,80,2374.7324715751656,BENIGN
1744.8171534535597,137,0,9252.375340947085,0.0,65.96988322521051,38.60311166458549,5302776.46722674,78518.25604123189,13.692859027699871,11.912528339692818,18.25776186929683,1,0,0,0,443,458.9430104565322,DDoS
5630.0116189890605,13,14,5702.483497787159,10809.929857509904,470.64946195219846,844.719371179438,2932927.047539926,4795.72722531045,204.80141003713726,255.06546140137894,172.99966768015273,1,0,1,1,22,12145.687303884357,BENIGN
356.11293413650225,111,0,7644.529818903133,0.0,66.94111423092947,29.18783120359386,21466588.50636662,311698.87235113006,34.68537445586693,28.820657187741862,30.732960499937306,1,0,0,0,80,326.4902975359029,DDoS
55406.91053485318,19,18,6753.4208369140315,12811.057435373345,334.66891782497567,675.0509771409502,353105.3813220741,667.786737120553,1652.3897208644282,1837.9479372739354,1749.2785576773776,0,0,1,1,443,20170.701857786185,BENIGN
1578.331750563476,111,0,6259.429534951668,0.0,57.07350090140568,36.88850063748501,3965851.6232199008,70327.42004991802,3.845102370968612,4.667890736094741,3.527996930901055,1,0,0,0,443,254.11337335270056,DDoS
1788.994729757985,143,0,7795.214210435716,0.0,54.7116432372626,40.540018138555,4357315.35748585,79933.1588972009,60.587703877670286,70.79433100591925,50.94965834063914,1,0,0,0,443,476.3843843953207,DDoS
7977.842357244088,13,20,3237.882923854362,12581.602334523199,231.39873727927,645.5166959638087,1982927.782975438,4136.456766413183,214.40466089346833,182.06583080290272,221.37529690503484,0,0,0,0,443,2339.4879631999966,BENIGN
47477.60560198455,13,18,3319.0536279720213,17139.995970659686,251.24670732679158,908.7484102589084,430919.99563214125,652.9394144237175,1486.7050613122717,1518.1600724395823,1406.0513038378374,1,0,0,1,8080,13468.401752129977,BENIGN
384.2737544260581,167,1,12234.91596679445,50.28991014765547,71.39653469508258,48.61210665220037,31969932.20442804,437188.3275008482,10.95995256294369,10.922298624483643,13.616965590673757,1,0,0,1,80,91.43233891578765,DDoS
25815.868948584033,12,20,6725.897895727714,9819.44387317878,530.8854215041456,521.1425672521979,640898.1158782179,1239.5476620884829,972.3783526378734,1196.3668893520594,999.1462270195084,0,0,1,0,443,2430.2177445441257,BENIGN
85169.4496935254,15,10,6190.24253985976,8512.259849677088,407.9037518252638,809.021813370684,172626.48100278302,293.5324824800471,2305.4058170173316,2653.7348348220307,3557.8608559730474,1,0,0,1,443,17395.2545628507,BENIGN
14141.946763209167,7,2,500.1532024793742,148.59633534130697,72.68135107451732,69.40521763324895,45874.13237252658,636.4046019048703,168.6274927852338,216.1011929269757,150.9300581539862,1,0,1,1,21,1778.758334533895,Brute Force
15638.580577093258,16,15,4564.296644468584,8632.180521302234,278.4836193447615,606.4947997594087,843841.1082589215,1982.2770901220736,408.5101342750028,468.1429942995985,614.7967390277317,0,0,0,1,443,10916.499162615684,BENIGN
89049.92978252683,13,10,5303.695642333339,9259.025128967654,403.03164449240876,876.0246420861711,163534.3318839815,258.28206778118096,3536.324088658003,4293.939891160374,3191.082183410149,0,0,0,1,22,19048.55970178105,BENIGN
17640.260577512407,17,20,6363.035978287285,13576.002411293963,373.51225312070795,721.108221598621,1130314.2774999195,2097.474685105681,607.3581144398822,796.0019813388614,608.0218055593533,0,0,0,1,443,966.4754347903447,BENIGN
38068.560939687144,15,7,3782.0247894328345,896.6745138544651,247.90196167903213,123.25984985943329,122901.92189559952,577.9046924010362,15022.734167503839,20984.360047326263,18471.036975464078,0,0,1,1,9001,3012.463982408459,Botnet
161043.52549513485,15,21,4781.748758608307,9063.592027480141,293.4373700353221,439.169189624078,85972.66325063603,223.54205106549017,4077.9292896365223,3786.4246513370995,6462.975000469147,0,0,0,1,80,19232.753799439604,BENIGN
2707.655265550241,141,2,8501.362738562599,76.32553005772826,55.610055455534265,37.86063598349013,3167939.5740495776,52813.22250265859,2.0551735422160498,2.4569020569138753,2.330099843245594,1,0,0,0,53,463.0429340381003,DDoS
13372.918690587969,8,24,1725.2822375155843,17946.736030675875,201.6875744383996,686.0252912038922,1471034.0145892669,2392.8957275812954,526.3920337030644,434.78129734763166,738.4563671960232,0,0,1,1,80,1245.0709814958639,BENIGN
1634.4735378214148,100,1,8010.990203521128,38.00821561531335,83.67969244040157,36.29329924976536,4924520.484966021,61793.597548616555,10.085518027525232,10.848498488051877,15.622999373237631,1,1,0,0,443,124.82589103638418,DDoS
83195.62994876172,13,15,6645.718065070467,10006.81297508816,479.5516070761148,733.8468862241896,200161.12685743877,336.5561390333189,2307.1109409825713,2207.9144781482923,2026.5209284258176,0,0,0,1,443,6625.541218353412,BENIGN
29765.073110574354,13,18,5832.825220106288,13412.335510648158,437.8913014439294,687.1337564676585,646568.5691165798,1041.4891266968507,946.7806209053284,1140.0316824402823,1372.2723814417602,0,0,1,1,80,1724.8066525425434,BENIGN
63005.267268830816,9,16,2962.734018527261,5408.646400486298,316.79543637227073,343.38706064530635,132867.9455210397,396.79222204280194,1811.7396822728176,2345.06057559361,2572.3810670420185,0,0,0,1,53,22358.926221993184,BENIGN
104.26062183146514,1,0,45.21521118689899,0.0,41.1443530534316,0.0,433674.8658567213,9591.348895045692,20.405382834992395,18.46604127429338,20.213062005334343,1,1,0,0,13943,35.28818703640782,Port Scan
1841.828470569096,144,3,8000.085347895804,138.80262498389914,61.01041087009642,42.504348855991736,4418917.4523754185,79811.99245691935,11.720609194014507,15.498998632107623,17.716767150624385,1,0,1,0,80,353.44164225365404,DDoS
12867.36198012207,13,18,2427.7277751464703,18678.379294459064,195.06656097006584,1047.4246543710406,1640282.3750673179,2409.1962321328824,364.11673883287835,319.5973924601311,467.3176623246402,0,0,0,1,443,8365.090832324106,BENIGN
1271.6504504941765,177,0,15345.661751765023,0.0,79.19484488824014,30.46496558302873,12067515.680745082,139189.19301386317,40.698814602031725,56.65276923336417,40.02644622674359,1,0,0,0,80,125.71500973841356,DDoS
1253.4544928118273,9,1,870.9801970474975,98.07991445427116,102.88130253124761,102.50650646742433,773111.5226432454,7977.952177240496,369.6185793053406,364.6627063445888,387.20209681655695,1,1,0,1,22,1942.8961619435695,Brute Force
636.0789719436813,2,0,98.73932697508535,0.0,46.214016961333655,0.0,155231.23909184625,3144.263665702631,17.614215211469244,23.437911162791444,26.855261693314883,1,0,0,0,52350,4.95700010933004,Port Scan
60416.52581234672,11,21,4832.053695752271,12973.811010080664,424.29061110943474,666.0608443606498,294718.4477495085,529.6564072451263,1879.3991581357852,2321.6489794236895,1908.4083293619112,1,0,1,1,53,13859.792588914996,BENIGN
1779.9031481241925,11,10,2895.363960500336,7209.583484231216,241.13064648762042,732.3659968888804,5677245.672260859,11798.394773407483,81.99896346827714,111.25747691159604,86.69081549732205,1,0,1,1,53,14158.389083627257,BENIGN
2047.2596709175734,136,3,9561.83374670701,151.92550637452712,68.93872445163835,54.88374035579119,4744761.688549197,67895.6372631034,1.0776376889890167,1.1954356212038086,1.711796339357351,1,1,0,0,443,368.80603991590317,DDoS
11105.191403873127,14,22,2817.8734202360406,6306.035543680208,200.51973734399175,292.59903012800504,821589.528005265,3241.727106787586,344.4237321313434,472.77216085592727,376.32694145754874,0,0,1,1,80,13599.459957565838,BENIGN
2642.5040150733785,20,10,8460.852748361915,5966.056850476656,384.85815673533347,633.3622826353878,5459560.143161394,11352.868275269942,95.24044602541714,110.37557399508829,104.04570985307117,1,0,0,1,443,18575.041110030215,BENIGN
422.0920810924347,1,0,48.525452200543995,0.0,45.948190540024505,0.0,114964.13786051892,2369.151293745803,48.570086312404825,41.002268731584785,59.1352921529088,1,0,0,0,44025,12.184778124102674,Port Scan
64234.164649537124,13,20,6756.922269700572,14500.913988280885,509.29858326760245,672.3256955591713,330942.8304075352,513.7452970712494,1557.8861396820514,1335.5803555146776,2386.5778776258153,0,0,0,1,80,9614.480839289872,BENIGN
47693.00142960456,19,16,6410.280129921749,11197.399665723515,350.9631922849121,761.1730642888651,369187.91579167877,733.860292933344,1039.38349048761,914.9685841900543,1335.4269809746288,1,0,1,1,53,8042.93344058537,BENIGN
1902.2714237873079,135,3,10943.752621554098,130.0460832328886,81.65309200081857,47.01697396738974,5821355.7572871065,72544.85257695262,17.588945321727547,17.98565391264718,16.943690368810017,1,0,0,0,80,271.01646668169633,DDoS
13892.948846156456,9,11,3229.3928405360903,8283.125057010253,348.2121107689224,776.2478182966422,828659.057557196,1439.579186641365,581.5737714618386,589.7172069709518,484.05813882207997,0,0,0,1,53,19190.675584483673,BENIGN
26007.958549502633,10,13,4023.1931080004183,9927.12198977977,437.6966102430274,815.4308369897672,536386.3938504688,884.3446884238381,903.1703858402348,895.6207945151751,783.296317102428,0,0,0,1,80,4480.601416852931,BENIGN
466.92162056132145,1,0,48.287248914556486,0.0,46.10236730192895,0.0,103416.1769088927,2141.6870754406814,46.944067982258424,44.7157511991775,57.330973727604466,1,1,0,0,51706,39.79209932470914,Port Scan
341.23270794273,1,0,43.645998036297314,0.0,45.01110371918238,0.0,127906.84193035371,2930.5514293425613,22.907909132399514,20.11344759743725,29.73477484489062,1,1,0,0,39160,12.90700904148916,Port Scan
640.2773781291911,1,0,41.173387607538125,0.0,40.512160568276954,0.0,64305.547898383535,1561.8231006722,40.54140169175018,53.5167644260254,42.09663893772269,1,1,0,1,21164,40.474063841344616,Port Scan
6886.42653506691,9,4,1081.006068689117,188.06779455714877,126.91555439843943,44.38061472454565,184286.27050385505,1887.7715363406094,336.4828394121269,328.1921581597053,298.00963963471423,1,1,0,1,21,1733.4949613175813,Brute Force
29728.128774130215,9,21,3922.2866920263255,16930.96674960019,448.83057272907035,835.594493339906,701465.3899028207,1009.145251890404,978.6915524375637,792.1531726168673,1563.3526046973534,0,0,0,1,80,22325.33714902793,BENIGN
69356.6913057612,10,4,1773.9157989618557,927.0324061596198,184.30484526078595,252.89306695406248,38942.86411694957,201.8550731937392,17017.63377906017,20897.615755995368,26240.035801610073,0,0,0,1,9001,7228.535257952058,Botnet
786.2678816721332,1,0,38.84226382702234,0.0,41.602744565664054,0.0,49400.80185447436,1271.8311701519956,31.023610667355932,29.639987131125395,45.7988613097713,1,0,0,0,21945,16.80821670491199,BENIGN
40.76244653341864,1,0,44.87392609976351,0.0,41.02410393048341,0.0,1100864.3964236572,24532.384217423285,49.67515502645854,40.49681496721054,63.02104232362932,1,0,0,0,53592,2.7207570478593013,Port Scan
114593.62537989694,15,12,4025.810644411088,9932.939381889886,284.6813846582976,894.1477686626058,121810.87717598074,235.61520032628783,3961.289562645856,3755.472648362846,3878.127187296929,0,0,0,1,443,4971.518526459109,BENIGN
16485.383847517736,8,20,4125.574696544838,19094.057824316926,469.026357357871,931.8351114311755,1408498.1420895474,1698.4742520396976,558.1286073980905,575.1208569943278,865.1483687207303,0,0,0,1,443,14026.414506396015,BENIGN
711.5522521285749,7,11,2657.2037628029166,8714.463565949754,413.00198195293063,799.9110112412908,15981492.989074051,25296.807010523615,35.013338118680586,29.837998891352623,31.821952450152068,0,0,0,1,443,6363.774723395725,BENIGN
3891.413334522706,8,3,680.9703150076515,177.28421117059446,88.54001342789024,63.29715870771618,220550.85193963686,2826.7364719171333,330.01118322136875,446.2828534990589,465.4804787665149,1,0,1,1,80,277.4456770731837,BENIGN
68953.099861284,14,16,5305.172495520134,11482.99023408317,357.1982680397856,785.8969503487579,243472.1972380762,435.0783367296369,2524.235888252574,2462.386038257891,3158.1911157558475,0,0,1,1,443,16961.551958787564,BENIGN
95184.45722452475,14,17,7093.439901686536,7878.207565622426,463.81668841565056,501.5841627720153,157290.88449801487,325.6834246254723,2834.314540042322,3872.362523182104,3054.893687025898,0,0,1,1,80,17324.366919520337,BENIGN
17612.757822866603,18,18,2886.2541197155397,15800.661278740932,167.900275374908,856.4741669784149,1060987.4720581973,2043.9729179300523,451.0042649896002,538.9475745153146,686.723202719836,0,0,1,1,443,14730.579904240712,BENIGN
37522.4134495416,15,12,4551.850769388833,8991.446565790011,291.51308939917266,823.8831632499749,360938.8653368803,719.5699188248736,921.6929604461612,999.7349657563361,981.120897876315,0,0,1,0,443,24448.96923534823,BENIGN
11485.353381927194,13,11,7039.1290233746495,7651.381963471284,539.0559905361063,766.3196738664128,1279064.7791440375,2089.6178987200565,377.6346854393483,501.0548960795893,413.08879800765436,0,0,1,1,443,16844.70783679012,BENIGN
45166.083385674116,10,10,4664.625211044571,9490.887251628761,464.4027583951444,971.4184898145277,313410.2273557599,442.8101464813672,2475.9888128083844,2720.434124782456,3909.8089662682573,0,0,0,1,80,11938.570649582818,BENIGN
311083.2211387274,9,14,5261.347057502313,5384.907955409831,618.4426782495735,387.3661424229222,34223.17338087628,73.93519944858474,7478.069768958448,9815.92528163845,8897.53314823088,0,0,0,1,8080,1280.1703790447318,BENIGN
156.03563902401046,1,0,37.095364740277795,0.0,40.0,0.0,237736.48746085263,6408.792287806261,17.362108134752248,14.990888697453578,20.014431772891697,1,1,0,0,39070,15.398915875050733,Port Scan
10521.280744310965,16,18,4703.863098591037,12404.182388548163,286.73807514474214,707.3953462727893,1626042.1048444896,3231.5457429823246,404.815386313491,412.68266554595004,429.6637251737036,0,0,1,1,443,12059.016402592386,BENIGN
6864.322804665377,12,24,2329.995548554597,17092.58052596749,199.10403573672758,714.8900250799159,2829496.3140896317,5244.508602586753,159.95423637866338,131.51749127671607,195.0036744259467,1,0,0,0,80,7926.323343319555,BENIGN
50816.30786737832,14,22,5767.3386781578565,11635.737608083746,376.2977484275201,497.0781302821468,342470.3016925312,708.4339951252206,1837.0764198631564,2043.657355607193,2082.013529930058,0,0,0,1,443,7314.221546790345,BENIGN
287.48665326912027,1,0,41.16787087526737,0.0,40.34766809452441,0.0,143199.24214613732,3478.422349798222,11.435694987882833,15.534338878993537,15.125478877326522,1,1,0,0,49751,28.941117896791763,Port Scan
3130.4822223536794,11,19,3079.8065515805188,17810.021400817415,282.19453874154965,982.387317615176,6673038.359148304,9583.188106222258,117.01272758310412,151.416740238687,168.50421702035123,0,0,1,1,443,4646.52786397831,BENIGN
2855.3705260066217,124,1,8599.784418285859,58.712469383008475,65.86212913803988,60.0,3032354.928653763,43777.15566561469,37.45687235000409,50.42421659006702,48.79517990886704,1,0,1,1,80,287.1410286760637,DDoS
54624.65073153404,13,20,4572.40697776964,6824.489056959371,336.0116485713767,358.0863016564698,208640.16304180675,604.1228558547023,2100.3403708627243,1761.8496372934112,2505.056047402941,0,0,1,0,443,4590.537721546797,BENIGN
123469.23904848508,4,17,1737.5712338394064,13504.992524691328,460.72585499312385,832.8717856883698,123452.31797002604,170.08284947600205,5041.441415134262,4715.534521024571,4463.731907698402,0,0,0,1,53,15271.595753684305,BENIGN
134100.1482766984,11,16,2406.407825903519,14149.623922547275,202.75199029065743,889.5578794080968,123460.20463966642,201.3420592517838,4046.994533485627,4130.9196795244725,4487.9753037113705,0,0,0,1,443,16981.018443373487,BENIGN
9086.398157277054,6,2,560.1702474600635,189.25121563006138,102.83391549861878,102.73118967211403,82477.2863920709,880.4368751542121,350.65995396884387,451.64230473539016,542.9724245825646,1,0,1,1,22,326.0193276306243,BENIGN
2318.784568897021,146,0,5600.436944554946,0.0,40.0,33.36883554733971,2415246.771811541,62964.02087471541,11.644770676614213,10.862068201419488,15.361769006085122,1,0,0,1,80,272.5675141626999,DDoS
2942.446601908274,178,0,12716.042894605956,0.0,67.41556685599564,32.48539556993573,4321588.329371613,60493.876043344724,9.786727474766176,8.33235250119011,12.844436191115262,1,0,0,0,443,418.43742106667094,DDoS
19361.562634469174,13,14,5604.100861624174,9948.085890561148,404.75376565061595,670.2513363114367,803250.5973716159,1394.5155414228911,565.5058452999231,634.8849002785529,465.81981021431943,0,0,0,1,443,4663.501169967046,BENIGN
33921.91488323756,21,19,6967.915138015929,12223.66627861794,338.9626663521567,601.9095995500277,565757.6078087899,1179.178714930563,780.5294903421501,648.510150305443,1105.7909227259595,0,1,0,1,80,798.7048512009244,Port Scan
385.65858985398955,137,1,8843.606007283177,12.315778036723085,67.6386109020091,12.836175622928767,22963113.018363614,357829.44716010825,1.808251262919827,1.4600670841345151,2.6835924809666727,1,0,0,1,443,412.0510191374578,DDoS
2416.0246519718635,17,13,4807.022409346528,6019.497755040322,286.6817541766723,476.2381127086799,4481129.84093547,12417.091843626344,67.01510389151724,59.260308523580136,64.62660987011463,0,0,1,1,80,21599.701574055463,BENIGN
11735.60638126209,8,2,1226.228217900633,79.17288706143357,143.44267617851614,40.0,111234.22706528087,852.1076521420074,168.25921540780448,210.7627998526481,179.6814860619747,1,0,1,1,22,503.60103583057514,Brute Force
2287.7659002649234,125,1,7127.207113756799,45.21292286780007,57.34810641780701,49.337915397503984,3135119.7409638953,55075.56519896078,8.268237092802124,10.24439217292946,10.196348588757116,1,0,0,0,443,97.27352749199129,DDoS
14579.99373851439,13,10,6894.65984226284,5600.05546805136,520.7203084781463,554.0617961598136,856976.7267669166,1577.5041068257383,529.1640211518596,585.8946785951455,672.7114011711345,1,0,0,1,443,1101.2139991824997,BENIGN
5992.675421490237,11,6,4281.988426946964,4239.321191509919,368.08545322894895,711.1981755526925,1421954.1388640457,2836.7963896453616,287.46791361749297,292.2155787940157,384.06371158245076,0,0,1,1,8080,13180.140430071584,BENIGN
682.5845118162979,145,0,8027.527183772321,0.0,57.639144742482365,39.873247668153866,11760488.327535842,212427.9081782381,3.4070314955790972,3.375796253806367,3.657114636672956,1,0,0,0,80,109.99031426183505,DDoS
43667.47618957672,11,12,3011.4662241088845,5154.552440983627,279.1296707337753,419.50127881096097,187004.59421196667,526.7077927780498,2272.2436092146013,2853.744169624533,3421.532505624529,0,0,0,1,443,17149.22292303393,BENIGN
78157.80156456697,11,16,3353.7193949117213,10783.50762844601,278.5518495057308,701.3581043009264,180880.56138169166,345.4549572724998,3353.6707735611767,4316.831136203669,3250.2113359468076,0,0,1,1,80,9109.706146635768,BENIGN
340.00305934510084,1,0,40.34412163786608,0.0,41.26275601879356,0.0,118658.11359337525,2941.1500059033488,37.755262550343026,40.890505157891575,42.71442140566172,1,1,0,1,13128,38.740484117928034,Port Scan
86322.03967740994,17,22,3984.4496656749957,17834.80547573491,249.81184407378248,789.1831545440816,252765.750472876,451.79655329907723,2857.089434252547,2555.5537762870604,3043.6818066299606,0,0,0,0,80,5839.997472553596,BENIGN
31388.4531361873,8,12,3884.7174312078405,9998.30608852476,528.4128700195112,801.4697502766585,442297.15492819424,637.1769871304134,1379.7300159309593,1904.8552373287107,1684.6118091063092,0,0,0,1,443,11478.201224762384,BENIGN
384.39925226928176,1,0,49.53282431106336,0.0,47.280749328833586,0.0,128857.75406338282,2601.461876152334,31.600685453852485,42.551189731330176,48.01386863595268,1,1,0,0,49753,1.255409681994546,Port Scan
37962.59261187777,14,11,4157.750168091217,10050.249775306742,277.48553507295156,867.7661343272708,374263.1618619363,658.5430098411659,1112.088713701856,1375.778351927782,1361.7039117483368,0,0,0,1,80,21736.30239707647,BENIGN
18222.33016724657,12,13,2524.1106460427395,8340.769583535559,227.96239907292832,662.5406325712702,596239.8952197232,1371.9430923788132,608.7400690960283,538.0438590974971,624.0807851341239,1,0,0,1,80,9980.591062131,BENIGN
23400.832008746187,12,16,4613.832281688513,10411.680197683292,393.6605991264018,695.8648240049965,642093.087705426,1196.538652537433,1246.3003946581318,1379.3121872943955,1171.974125213552,0,0,1,1,443,2115.2793533168024,BENIGN
30380.74482229184,9,18,1965.448508219567,14435.81984984238,229.9644760474514,813.5901522391549,539857.34892278,888.7208051656712,945.3732473478932,1134.8191797133006,976.4056097756174,0,0,0,1,53,1724.7083143566572,BENIGN
101104.09476764043,14,14,4277.054075306387,11894.883638190775,295.3347419306559,838.7762778273732,159953.34066996843,276.942294615764,2776.541174363274,3515.56112379063,3864.210877140811,0,0,0,1,443,23396.710621137063,BENIGN
122042.36656309494,7,18,2920.8182626503926,12907.025958937777,432.41913590387196,672.1033078047268,129691.39051728646,204.84689623807972,4183.334774690036,5073.26594702038,6571.086179331929,0,0,1,0,443,17672.809069470997,BENIGN
12770.886744879677,17,17,4123.7834122282875,10746.66561389917,247.52686729985388,643.0178997250015,1164402.231668805,2662.3053417674278,454.06231878325985,602.3875189888842,499.0631590684573,0,0,0,0,443,22223.887256857237,Port Scan
65214.30378796487,22,20,5646.492225941233,20933.62557634889,281.85970001495,1139.960959497414,407581.1019728377,644.0304896385475,1679.0584662116196,2017.752227128191,2608.492923634724,0,0,0,1,80,19268.692138297352,BENIGN
734.928704075418,129,2,8925.519598984227,58.863104298128306,74.07618726732996,32.6086542619599,12224835.760885432,178248.58285376872,42.17886038274542,52.445035416594585,58.338322960490615,1,1,0,1,443,139.72354303839396,DDoS
29408.44382338433,8,14,2100.3470535880415,9716.778175248155,261.4660284028854,676.6840972586144,401827.62813990616,748.0844662207711,1186.702095802234,1616.3154619179365,975.3882929411727,0,0,0,0,80,2454.1257229018465,BENIGN
651.7833590980848,1,0,54.29515079715147,0.0,49.7127226306734,0.0,83302.45017651758,1534.2521192682264,26.107908279884445,22.85645460202697,37.55629247283658,1,0,0,0,22237,48.98771269881214,Port Scan
57137.97179653863,14,8,1062.9573763413557,1435.127162671372,80.89569834234464,165.26808493364229,43720.21722976278,385.03291783508394,13598.774670028524,13770.716652746849,12258.608844636747,0,0,0,1,8080,4290.873440870619,Botnet
11194.08584798327,17,14,5653.6502994564225,11616.856994070924,349.3838827096346,875.7432963649649,1542824.2670337218,2769.3194800346264,280.7165272830561,345.716917324265,391.35723836216295,0,0,0,1,443,21749.40561353306,BENIGN
6962.055794531783,8,3,906.9251933756541,202.01977382744434,112.86893288057517,68.48723876395869,159284.1252542243,1579.993083169449,152.54953518909824,207.57480569567167,126.36676616704725,1,0,0,1,80,2323.8269190248766,Brute Force
10061.561321681316,11,15,2051.960685667364,15520.829871932669,191.95483003087995,948.2403771311049,1746527.2034602645,2584.091988186116,322.9864195067054,302.2144918986848,438.7680442397206,0,0,1,1,443,18632.94941029737,BENIGN
53954.61128699558,13,20,4274.707010534869,9507.673609084348,347.5565383438001,503.1616124627461,255443.97950173196,611.6252014951283,1486.730629336876,1608.5847285545744,1873.6905353828342,0,0,1,1,443,5886.693579139261,BENIGN
815.0367736277261,1,0,48.694204653362085,0.0,47.2702595713766,0.0,59744.79462641217,1226.938504319263,49.60863991191242,69.10350775847293,56.54446061331911,1,1,0,0,64027,35.920451714460114,Port Scan
3072.8465972672734,160,0,8946.172912929404,0.0,53.81333179508908,43.20612291719051,2911363.3335570227,52068.98389990906,27.27590812537794,35.22942219958282,43.1660312361952,1,0,0,0,80,314.9311536493069,DDoS
45652.208599498044,21,13,11170.606730060941,12880.116260898156,501.0624419336162,932.4275555492006,526824.9604735124,744.7613388933354,1482.7100572680156,1574.1188269608042,2305.390420780914,0,0,0,1,22,4885.881986658158,BENIGN
238.55783395341328,1,0,46.76703712083507,0.0,45.422850735615455,0.0,196040.66798312715,4191.8556327740835,14.75346811135918,14.454678690077946,11.960014615575414,1,0,0,1,24932,48.70428293855279,Port Scan
903.9504843415747,120,0,9476.162867618252,0.0,79.43499859715568,47.198880957440366,10483055.246682633,132750.63410957335,21.090291964992254,21.629543470669823,25.541350688681074,1,0,0,0,80,120.12466017221973,DDoS
22843.379919210052,6,16,2829.5605794989197,11856.795508412173,507.6785535863149,726.1834873421843,642915.1964311838,963.0798978875795,1068.5651653111872,1365.4560056912892,1211.958281373803,1,0,1,1,443,24577.50527342059,BENIGN
8725.168379108449,16,16,3909.255344152023,9782.144029313095,247.04374880938633,678.5653023783809,1569184.545051052,3667.550998399163,239.63886525289365,260.88098999382527,217.33570541537622,0,0,0,1,8080,8765.671577220712,BENIGN
3169.661920262054,142,1,8008.305625670643,48.93745825479984,58.21618410035504,48.07785054474314,2541988.163601784,45115.22162217773,7.484387353527302,7.814020407606456,11.316608738202923,1,0,0,0,80,295.7085325475746,DDoS
5373.003168241701,14,9,3643.7027404789364,4600.62818618819,244.584194053453,477.66772611310205,1534399.0443551252,4280.660047987033,241.727216150551,286.4366069466251,338.10607067759753,0,0,1,1,80,593.5894739723311,BENIGN
3194.0841697758597,12,13,5790.089646592601,7013.859267253507,502.8199416277846,519.9102239824277,4008644.804981644,7826.96969496403,111.24943205673165,91.25683957984177,162.3776648754185,0,0,1,1,80,9530.948254307554,BENIGN
561.7745333134405,1,0,40.94611933895486,0.0,40.0,0.0,72887.10489855739,1780.0735716904646,48.844421663506516,44.10837302031756,77.21199943394308,1,1,0,0,22233,41.38451083894153,Port Scan
1236.222342679994,6,3,638.2539263280285,305.2456914305858,114.79302107910114,102.45228437192208,763211.9119552644,7280.243763018383,311.1513253651289,412.8527275278706,492.11554864400574,1,1,0,1,3389,1526.4538265519577,Brute Force
12175.717464214405,17,18,4329.183642081301,10023.6295696109,240.18786589793848,529.1007742672784,1178806.3622432505,2874.573929862313,359.2329767138209,353.22814894701054,495.52358586887846,0,0,0,1,443,8840.88428525896,BENIGN
12107.200287598123,10,12,2880.594946536162,9591.291491721722,275.9411707725709,787.1409489089114,1030121.4270844534,1817.1005250929447,353.1886779829183,295.1808439001547,450.13514899553803,0,0,0,1,22,2618.443690019227,BENIGN
370.9932752447243,112,1,6169.77217292437,40.01994973665407,55.243609115822196,40.54248904952739,16738287.55673471,304587.7312074187,56.4656624932266,74.03500667289694,50.56353546058675,1,0,0,0,443,409.2043905345296,DDoS
1459.4336049303033,16,18,6160.60333503463,7969.62461913019,381.51955847552017,463.295012984357,9681994.375372509,23296.709000765884,55.82390731640968,62.151989045453526,84.94994867787143,0,0,0,1,22,21439.044755688028,BENIGN
127038.4203977588,22,13,4771.640506208637,11583.809425658877,198.55631791487818,811.9445040293762,128744.12229511676,275.50720396565526,2611.296784529897,3045.336546611088,2109.3948176871977,0,0,1,1,443,23628.783352624465,BENIGN
2590.6813509955964,172,2,8667.537964314051,90.04454066970042,55.97379165416102,41.52808825820112,3380416.7006560727,67163.79840891353,9.511681940776334,7.892995519776059,10.36235295322939,1,0,0,0,443,86.46534917396424,DDoS
11256.613846924814,4,1,758.833514395387,39.12842463199894,177.88397554485184,40.0,70888.27509574566,444.1833101848782,99.52889552358607,96.72529204133109,153.4659044520912,1,1,0,1,21,957.9836366305556,BENIGN
24316.651978698428,8,13,2009.477334578008,9629.909160569414,277.72938642972457,786.1289061992635,478659.0894726631,863.6057306900702,1089.0105298503386,994.2046139644856,1687.2944380838662,0,0,0,0,53,18594.37616251256,BENIGN
181.1460340003932,1,0,37.99234912853142,0.0,41.448888360211576,0.0,209733.2648665604,5520.4079157362585,38.283691387532286,50.188232230672526,37.328803942848936,1,1,0,0,53495,11.284954379586566,Port Scan
30405.134816228598,7,15,3377.6137262498296,14383.070809087249,475.5536011984254,932.1667925309753,584134.3787055796,723.5619948067983,1166.1625439330226,1321.43815008786,1351.9526125034595,0,0,0,1,443,15822.98988376014,BENIGN
603.9377604873682,1,0,44.29853925842773,0.0,40.53270652694535,0.0,73349.5107553459,1655.7997618711834,37.52366221319187,40.42322088175678,35.071928305752046,1,0,0,0,46469,49.70716692904096,Port Scan
45482.484878543444,13,20,2956.0310773973238,8127.821989425562,223.96217063547556,381.4187740179679,243694.97613028923,725.5540256457688,1820.3882595269579,1913.7967000141373,1824.8164078624438,0,0,0,1,22,3252.2217091146354,BENIGN
2507.5289596066036,11,17,2557.697020999932,14027.785501310422,227.21938763076324,873.0510984679676,6614273.569511391,11166.371535901548,65.55305768281879,71.65531481730932,88.54703274284431,0,0,0,1,80,15701.320868142471,BENIGN
1591.3845244993713,170,2,12189.403864972213,85.16112121255789,67.68284143408478,47.25531021617823,7713135.824320138,108081.98606437305,1.1251903648220765,1.2655132225414294,0.9775390417160114,1,0,0,0,443,492.72078888797006,DDoS
9030.385602435901,21,15,7255.230317279122,11721.170681062635,336.93057877349946,745.6706986017589,2101394.318446708,3986.5407287025682,206.24999772439986,228.90824210516473,273.2773001788237,0,0,0,1,80,3768.6410954316075,BENIGN
11524.71109343101,10,15,4019.472235930568,16634.806608585197,387.433617671253,1095.6947653818893,1792173.2420944185,2169.251775365527,363.5603547696474,420.91595993181426,556.7652751244001,0,0,0,0,443,17428.66833824571,BENIGN
770.2417324896571,1,0,45.59577852525724,0.0,49.592395739582756,0.0,59196.712670810135,1298.2937145819064,12.958200036549316,12.667805103497612,10.93341755372151,1,0,0,0,56108,24.912714034581402,Port Scan
606.1397861164999,1,0,45.737747649443506,0.0,48.05210469544332,0.0,75457.42532837586,1649.7844604574434,20.962187703915344,26.14898975848132,29.25755720535866,1,0,0,0,30742,46.7848372756912,Port Scan
1920.0486450926799,5,5,627.6358610758017,533.2604120571478,120.4349648618905,99.10196983613721,604618.1569930555,5208.201378417319,291.44346762224086,278.00629238385676,389.9335310778597,1,1,0,1,3389,1567.7903451007153,Brute Force
10326.867217734085,12,18,4932.179227461906,9504.433928509015,414.01878224903123,521.9612829466494,1397966.377565044,2905.043646584485,233.4911308907888,211.83620459304097,220.36970467129578,0,0,1,1,53,4053.243544328563,BENIGN
1357.8273554786592,139,4,7308.14253699939,163.03267525586875,49.29788840822422,40.87504477631272,5502301.291920527,105315.30346845153,61.1218663534127,76.23368393955872,95.80178982476869,1,0,0,1,443,26.40569129039202,DDoS
64314.75909115855,17,13,6151.21883082109,9731.09013764748,338.412094743873,797.4206434481488,246946.56705402996,466.45591811171295,1710.7363430289474,2089.592355523414,1765.8024159021948,1,0,0,1,443,20798.002371469178,BENIGN
499.6343219537074,151,1,9612.326457053343,30.597659652672235,70.69679198253772,32.9502224236087,19299963.379216094,304222.4949752016,32.502664006459185,42.91043446434006,31.261013216380206,1,0,0,0,443,422.78137128332827,BENIGN
600.3605484132834,6,4,352.9655633854681,176.53594333735847,58.44523641326768,47.65483896968347,881972.5215493706,16656.65744764441,119.91460275114729,120.61120021364998,165.73516511710068,1,1,1,1,443,2867.0107414612125,Brute Force
42635.957580908966,10,21,1681.108882766913,13337.68282485149,166.59648546236966,696.3990293667224,352256.46519414266,727.0858157969652,1245.9930069309053,1362.1496054844924,1707.250154851612,1,0,1,0,443,5707.733805051377,BENIGN
6662.215276151384,12,15,4067.1145543945795,6381.8439089927115,376.5752967314192,457.1163507387909,1568390.9976297591,4052.7060265751884,228.62286928140722,270.17377443228554,208.45453530758346,0,0,1,1,443,4368.145800448068,BENIGN
1580.7123855433185,129,2,7567.5726274246645,76.74267823383173,54.876804860594056,35.94121356852914,4835993.806065491,82874.02641877384,3.2964173267052037,3.0647563636517536,3.576831856890635,1,0,0,1,80,107.80167104894457,DDoS
55642.307743323516,11,7,2217.0219243169036,889.2870194199272,212.26183228876505,117.97714991316491,55826.38588726678,323.49485005247305,16091.115497825309,15802.550009910405,19270.952388405298,0,0,1,1,6667,6277.478004352208,Botnet
3014.8250904862984,20,12,6123.996203635076,8318.573845499266,290.3742084863055,650.6227137135584,4790516.735020512,10614.21443684427,77.69578011526623,74.49954119326044,70.58206098101927,0,0,1,1,8080,8251.999281953547,BENIGN
83423.71219575469,15,15,3244.8358660419785,13066.090314322315,214.43124783215976,849.5235009323255,195519.0646766056,359.6099863022717,2178.6293430316477,2327.3204208785037,2998.1746245742356,0,0,1,1,443,14849.255075274566,BENIGN
540.8951506828334,1,0,41.34673878236691,0.0,40.0,0.0,76441.31904338619,1848.7871424574364,46.23864574929736,60.389708817421145,66.7373724136009,1,0,0,0,33594,38.46965012215352,Port Scan
8592.829343771557,8,3,1213.985158408465,224.8838463703874,144.18324069674946,77.41096909435672,167449.96871394926,1280.1371422525995,333.7353343495453,302.7894976209583,361.18612828341537,1,0,1,1,80,2463.3134212450877,Brute Force
1459.2262380838158,165,0,11621.82166483772,0.0,73.59324253657775,47.077871968397545,7964372.73503177,113073.6247017254,26.546171361931307,35.687142557705585,32.03896870669377,1,1,0,1,80,104.63819978798767,DDoS
8367.235788870907,15,26,2416.667860572695,19405.242067570136,172.0895321908368,799.2692018709238,2608019.0015880414,4900.065091333184,219.94447115014813,277.2661985924036,201.90273154793186,0,0,1,1,80,5368.20194300394,BENIGN
20794.61001297249,13,7,1334.609393841646,5924.532413312066,94.81708905675794,803.5210975328212,349087.6627465086,961.7876934226331,1234.2890995120779,1115.6264926221243,1209.1951377956964,0,0,1,0,443,14429.544230393401,BENIGN
7327.103237088213,15,16,5335.26704438679,13580.14908161718,359.0332261171162,836.250139846018,2581568.1196162514,4230.867096710839,203.83266503960712,223.89432639493447,173.90698913236798,0,0,1,1,443,16812.710145759884,BENIGN
446.75867808549486,160,0,8130.2194690563665,0.0,54.78479677879334,47.07608778497703,18198235.127512198,358135.1809116538,25.9173704864007,31.248298391501894,33.68082258065718,1,0,0,0,80,401.02725850175426,DDoS
157.73734056487837,1,0,38.037781337703215,0.0,40.0,0.0,241146.33352816058,6339.652972586371,27.8026270278544,22.799740797384178,26.83631611347054,1,1,0,0,28562,9.034365993784526,Port Scan
4322.319426887897,13,21,5593.136888952784,9577.208674023723,469.51034247665774,503.0560883337582,3509769.654830733,7866.147001652827,120.35877593480664,129.0890903736506,168.39345274345777,0,0,0,1,80,10755.67958636847,BENIGN
2119.7960029186097,182,1,11893.234813105268,27.800312350722216,72.48135609838864,28.987012732452044,5623670.9141080985,86329.06173426083,13.046141988317178,14.07804064547472,19.742031327392507,1,0,0,0,80,229.93581340801555,DDoS
11383.504714748968,10,10,3904.8157745885815,8270.452574413037,408.15463140538145,788.9712830502217,1069553.591279038,1756.9281606293994,547.3998082667405,642.9872001099733,742.1668440613602,0,0,0,1,443,6721.629528400566,BENIGN
2431.7737267770895,120,0,5442.372115725656,0.0,49.856227498291915,33.8647273798556,2238025.707654393,49346.69647863989,1.4979400329821526,1.9071970820522508,1.8114323482201384,1,0,0,0,80,136.25326149790595,DDoS
7644.392555702243,12,13,2149.234974536901,10232.299492880655,194.19909258877485,744.8053698884256,1619688.4680106726,3270.3710357406426,399.4052831507774,389.1312315657327,470.60759883231395,0,0,0,1,8080,13869.542703785248,BENIGN
19890.109208678856,10,17,5316.4292549580305,14447.690809241707,506.50188815553247,880.068332606,993665.7389279621,1357.4586100421618,732.1587611369267,716.1704948009886,1164.0842174748318,0,0,0,1,8080,6118.937448541185,BENIGN
41028.224973500684,11,24,4271.857550862782,17529.928296466245,387.7751113228379,672.7807688590923,531385.0614159,853.0712703902205,1433.3391649043106,1501.5826989386917,1455.6404321875048,0,0,0,0,80,12440.897820234843,BENIGN
135.66505767273117,1,0,48.19558101162373,0.0,47.01692351664003,0.0,355254.1961680904,7371.094791499884,5.340104291132274,4.906761114825666,4.619008881626947,1,0,0,0,6628,43.471316294159415,Port Scan
86465.05068463676,12,25,4216.150636693077,21053.8098364569,321.346310720421,874.3690997706888,292256.354134538,427.91856023944035,2378.431395723452,2358.660976086786,3673.5940062694954,0,0,0,1,443,11658.354858015015,BENIGN
116686.47441158192,10,13,2533.1867194850747,12445.363071312293,269.87722508437275,1005.9086593911094,128365.7756079281,197.10939177811935,6184.922745975849,7610.526937105903,9108.398308338643,0,0,0,1,22,11578.265842141383,BENIGN
1859.2441200335159,171,2,12005.808745925791,125.63100701673659,73.6938836743539,58.817630193541916,6524931.084748483,93048.56642326312,2.2273820124585324,3.1034510595782194,3.007159864064475,1,0,0,0,443,88.29321096553166,DDoS
41671.88720787288,8,13,2444.95195121629,7908.762901919978,334.48931173727107,603.2567019561627,248458.02642651103,503.9368602445383,1723.5382006638724,2334.0232947391037,2007.748447844129,0,0,0,1,443,9549.930547070371,Port Scan
1837.9753513341675,143,3,10863.943592070083,132.721169833002,72.84114456204512,40.39602366578274,5983031.684250128,79435.23284684971,4.503097827350151,3.7581385863808485,4.418490602416676,1,0,0,0,443,110.79291854031068,DDoS
458.55022368686184,2,0,83.88936521660241,0.0,42.88528349544358,0.0,182944.77002346728,4361.572400771032,26.501173323200813,34.028871584988245,24.49954977069208,1,0,0,0,45906,45.78650940997438,Port Scan
410.4545749238064,143,4,7785.680430848395,182.1529185428639,53.92685252178464,45.1505051281456,19412217.17621334,358139.50917050435,1.0800285415227078,1.1062677725136372,1.00523226743508,1,0,0,0,443,321.06864390933254,DDoS
41261.21833251538,15,11,5247.986318015381,7915.93054849242,341.23562118826226,713.576753831124,319038.4917968877,630.1316599638802,1226.8387266421935,1350.908286646873,1525.4000533284222,0,0,0,1,53,10715.034102270985,BENIGN
2958.669173779683,173,4,12586.271639386978,164.20061163696792,75.82048345807112,42.84413652804084,4309529.556065672,59824.194461688836,12.89373451932305,15.693392514210716,13.528407185235814,1,0,0,0,443,281.0962371377432,DDoS
11444.976728681158,11,19,5099.385769550795,12666.557218500227,455.7061614219917,647.4883319409051,1552291.75289885,2621.2373088378486,284.56804903170786,346.44526779586874,400.0799506999909,0,0,1,1,443,21188.543055103462,BENIGN
3803.4804753479166,14,10,5009.895343442537,5300.663346904913,351.07100276790305,491.2210356391606,2710822.0371249076,6310.010043578479,128.7631726025418,164.65554904907458,133.38493389263448,0,0,1,1,80,1178.7751300313807,BENIGN
191.82717521294916,127,1,6423.789421080025,50.772098666496866,54.55412107882219,50.1650716906901,33752055.78958795,667267.2933743929,27.099163223354125,28.596924623931283,40.50827091463101,1,0,0,0,443,282.8600337902033,DDoS
370.03940010453545,157,2,9741.900302104588,55.70115225815073,58.71767003485583,30.68541197609281,26477184.46088426,429683.9740716334,1.023916936046815,0.8816792842993368,1.345977845890553,1,0,0,0,80,135.32351181581288,DDoS
1675.9035249906344,112,1,6515.098507660492,43.18227465448305,61.480982155458236,41.414768675115994,3913280.618197653,67426.3156052682,42.78034856249013,57.033596024542504,55.84652269267237,1,0,0,0,53,70.11068834244205,DDoS
2170.3252307267676,4,12,1780.1757779305447,4262.333620465074,431.5034134193216,336.5310019607637,2784149.2661319654,7372.166979159225,126.08157642934782,165.92472562433215,135.3008576346307,0,0,1,1,443,5789.744186227495,BENIGN
1240.5385878436493,176,0,9229.161452751945,0.0,56.44320563761231,24.939712442667,7439640.7682847,141873.8616635294,20.809142042339214,24.722401238455944,28.907955084306224,1,0,0,0,80,31.863825030236935,DDoS
386.7905661767684,1,0,47.74735671668865,0.0,47.732254458612736,0.0,123444.98778408024,2585.3784643314875,37.20504811773809,43.299868816756046,54.152047278821904,1,0,0,0,48190,28.553235935404654,Port Scan
652.4666240672989,1,0,38.207325034404796,0.0,40.0,0.0,58558.28271526098,1532.6454459329625,29.65983136925936,35.73761333584997,45.07038802059512,1,0,0,0,63761,39.11587624162047,Port Scan
16529.721120980197,9,13,2811.7602018502866,9161.813676351494,299.1513254142795,706.303166397843,724366.3574580475,1330.9359449553385,777.3620132042684,974.5607535321508,754.4473346533067,0,0,0,1,443,3310.8487803407093,BENIGN
25518.458967213566,7,12,3411.4386768902614,5155.238009916545,466.716454701156,453.2575161728966,335705.094802683,744.5590670036712,1101.5552596639632,952.2498416932262,973.1489123614821,0,0,0,0,53,5763.426086186963,BENIGN
210684.0470381807,10,20,3873.5014696797966,6860.554782670593,409.5097206740535,322.6076632842978,50948.595317257874,142.39331559149005,6847.213513829557,8433.536898226857,7351.115658504604,0,0,0,1,80,17066.262980843396,BENIGN
9144.751499401315,16,16,7764.868203923133,12777.004744482925,451.3712573983531,829.2436287789627,2246301.9306485127,3499.274966858855,270.1319289109777,265.0447464546784,410.5985610483691,0,0,1,1,53,563.0380440327461,BENIGN
28415.17156413995,22,17,6854.053175032162,12899.223465838779,333.4600872968083,695.2664534796554,695166.5449664097,1372.5062300597947,827.9402129596278,1016.440219019796,1200.6766286120362,0,0,1,1,443,3531.0657713263663,BENIGN
8798.413005966642,14,13,4097.7281149404325,10815.260953608085,305.3213791511248,779.1118769278058,1694963.5188113218,3068.735234603099,217.70783047038276,266.2347623923914,257.0621980231262,0,0,0,1,80,12472.46034769897,BENIGN
52.58858022025864,1,0,46.55468071450885,0.0,42.379667133529395,0.0,885262.1713596793,19015.535232395778,15.669145125671685,17.47337155853098,21.740034296905495,1,1,0,0,30953,0.8571709525865057,Port Scan
45501.86833165434,13,15,4215.517590780946,11104.015455176646,315.12896208110607,722.804962991058,336679.2091765655,615.359347355001,1250.6225722243842,1061.608669361776,1160.605057365472,0,0,1,1,443,11013.645434205775,BENIGN
1240.693798947447,119,2,6483.092057967381,64.76520023175743,57.93356929484006,33.278641040965105,5277577.161870292,97526.07783052625,16.423030260712558,20.333255019903284,18.197436163198446,1,0,0,1,53,469.6349181781085,DDoS
42375.60220500794,14,14,5794.946749200701,9114.43174641778,421.8516923109895,593.8729959369957,351838.74021397374,660.7575714095921,1283.5223508444003,1503.3179400462873,1859.869277335108,0,0,1,1,443,18931.94411864495,BENIGN
971.5578349446837,1,0,50.1803497134643,0.0,49.09694065796221,0.0,51649.3696088832,1029.2748038586253,29.656890890736598,40.291018039451,31.078297086817514,1,0,0,0,47338,21.283436220106168,Port Scan
68225.15351054682,9,6,1980.4652391102497,1500.6039602995786,221.33520653906587,237.48659008183998,51023.25198684522,219.86026015582615,14291.669256889045,12463.531764379939,16514.000913988704,0,0,1,1,4444,2296.156964702135,Botnet
8761.48701835845,13,11,5070.895942306823,9197.150097501873,372.3218732068437,772.9301014738438,1628495.9402338935,2739.2610352228353,327.65663733757697,349.698295833233,440.40319143388587,0,0,1,1,443,14260.005293468868,BENIGN
75496.36640563488,15,11,1600.946544968065,8395.407770030642,115.9715544941846,799.2084646634295,132408.4163374067,344.3874352880037,2363.166380169735,2614.512184061369,3403.8645386126423,0,0,0,0,53,13739.9357587697,BENIGN
308.6424075849269,1,1,39.83412687238237,0.0,44.16359771755629,0.0,129062.39030494052,6479.990924285654,42.967039931406944,59.0192946047387,49.1483255375147,1,1,0,0,12461,23.306095592027386,Port Scan
12262.836169056054,5,4,846.3428190607219,298.1433817910038,163.6474161994944,81.94661933315075,93329.64944436861,733.9248340209037,259.9616825717445,359.51054790881176,312.8109697600286,1,0,1,1,22,1021.2412878492668,Brute Force
536.4319281882211,1,0,37.4420599952333,0.0,40.0,0.0,69798.34351339315,1864.1694266362235,42.42379205321776,49.50972191784366,63.474189550572724,1,1,0,1,64127,46.868560849480936,Port Scan
58824.376554962175,7,0,979.4914695508679,0.0,136.5348782290195,246.5557681885267,16651.115182422483,118.99828625399192,14866.661078146719,15155.567851270673,18307.25543428578,1,0,0,1,1337,3354.5661466174265,Botnet
10630.804816224278,5,3,696.2802019074534,177.07206754691353,137.59841095089334,64.60906499378575,82152.97755457745,752.5300424847179,330.03575862106396,275.8073662459551,291.0762090617882,1,0,0,1,21,2984.3780398439567,BENIGN
23337.90568072672,13,15,2268.185488781828,14020.154482082633,192.02798496008455,882.0159640704866,697934.9472783223,1199.7648967757807,713.8720190007433,980.3839304481164,1137.41835643642,0,0,0,1,80,21075.68759588639,BENIGN
28274.017776854686,8,14,2170.8325537534447,13477.259895769277,268.51242235166103,905.0969533037467,553444.2459865878,778.0995320024647,1132.5767650550506,1573.5545215132452,1457.3233990132467,0,0,1,0,443,15752.325110526017,BENIGN
25926.163545457144,11,5,4267.038995541493,2246.265597964879,426.22159435201786,488.1629557686654,251225.16033220242,617.13720087998,2062.86190113029,2748.3256900218453,3165.9262569955754,0,0,0,1,443,3702.7030214051856,BENIGN
80833.08554362986,10,9,2352.6156121073154,8010.740950526975,214.93942566455468,859.5242301859269,128206.86595021344,235.0522669302869,2942.8064666979312,3805.123115038469,3390.0525586236913,0,0,0,1,53,7014.105307207808,BENIGN
12909.156200493024,8,19,2694.7887425255803,13240.631506769118,321.71979635710505,656.7746594278799,1234427.719503936,2091.5387172221854,404.9477548752774,494.93695353008894,626.7116149822275,0,0,1,0,80,6486.377694020095,BENIGN
58081.90483069055,14,15,6945.142571401777,13878.705224178075,519.2889214860545,844.7892353784665,358525.5658587923,499.29491955429745,1364.0864252755264,1673.0675164083375,1822.5440491095444,0,0,0,1,22,2975.615881192814,BENIGN
264.94142580753686,1,0,46.41541014468604,0.0,48.74242092349209,0.0,175191.2144475432,3774.4191832289625,16.98456733040032,14.429946951049752,13.61373567732168,1,0,0,0,30407,49.120847667732576,Port Scan
1191.799521513946,17,16,6294.089138393328,9614.830789295178,364.5244155598889,564.6598290409615,13348654.400766466,27689.220715645206,42.272528799156376,35.02927276605606,34.224064634870565,0,0,1,1,443,18066.162550956236,BENIGN
68574.5551786185,7,16,2876.51179136524,7561.360262887786,447.8207813832324,464.36618385709846,152212.02714425407,335.40137358661843,2603.6630179761455,2911.1109008282083,2487.6080129676798,0,0,0,1,80,22437.29232494169,BENIGN
65820.17664345089,4,7,855.1277887268012,1353.738247751674,229.06539326033632,207.66377659292957,33559.10222550668,167.12200666958407,15913.941291624227,13058.608603854329,21697.269320538027,0,0,1,1,9001,2852.2740933783743,Botnet
36608.9291195558,17,17,6053.781906341726,14285.38658793077,385.6081104976529,834.059098813651,555579.444234759,928.7351697440896,1444.0539206779315,1324.7058408457292,1682.2155021158408,0,0,0,1,443,15588.89048900562,BENIGN
464.71542340561933,1,0,47.49091543330807,0.0,44.224115757979035,0.0,102193.54263147921,2151.8545536354327,33.98705695053479,38.52605473705025,35.2121287603061,1,0,0,0,65254,35.236144814654345,Port Scan
71627.67047422563,8,10,3483.985608621576,11225.274659100118,435.38218858688884,1210.2067218426705,205357.23373852635,251.29953104473904,3758.691499909432,4246.112313560673,4742.23464946432,0,0,0,1,80,7536.665487812983,BENIGN
85091.2942773738,14,16,6216.008280224632,13490.304306624195,433.56826166722306,816.7296691094296,231590.23204667406,352.562506596837,2271.735892424055,2753.909778354108,2193.4633781205575,0,0,1,0,80,10554.869574694725,BENIGN
120639.7662679323,17,22,8764.928061380771,22730.57947677478,557.3744615479646,1014.9880223921273,261070.6942867104,323.2764883959058,3507.6027355293318,4575.896278231059,4842.617527369105,0,0,0,1,8080,18179.72944070742,BENIGN
7723.57984608623,3,3,304.44634545228786,202.8270365310661,110.15075121478966,69.215595196989,65678.53147014523,776.8418427162866,242.71945229656555,260.30473479506395,265.9338032722021,1,0,0,1,22,2897.6927576147136,Brute Force
361.8049121522342,1,1,49.65433190685724,0.0,49.964854831463235,0.0,137240.62399120917,5527.840924278202,20.72757684004656,28.59605736801191,31.670148535413993,1,1,0,0,63617,25.084109609905525,Port Scan
58349.616464953535,9,18,2673.394116173933,14733.478667415588,310.9802695621931,904.2406780561846,298320.26049467846,462.72797724757936,2087.4016481739686,2263.0851584091733,2115.918601071849,1,0,0,1,443,16927.868856719095,BENIGN
606.6812992690848,1,0,48.79841104827704,0.0,47.29981928960106,0.0,80435.00122233569,1648.3118916056524,25.63463753858708,34.04702364079635,22.124387097903757,1,0,0,0,4408,41.435421747894054,Port Scan
52387.383699423604,10,17,2545.3802479042133,9221.619567336875,280.19222508547637,534.336690938809,224615.14556166995,515.3912658611556,2005.1208416095008,2780.9315839704473,2781.8669540807205,0,0,1,1,443,3568.059917588615,BENIGN
207.7994443704575,1,0,46.963509988120954,0.0,47.6518416123097,0.0,226004.02099437796,4812.332405553671,36.872508659624295,35.05270094098239,42.0822894165553,1,1,0,0,53088,46.83921791774471,Port Scan
124545.43082295074,14,22,3362.028040528114,19948.832393357792,240.5120029725419,892.5514148143765,187167.52818514698,289.05114994685187,2975.9050095547523,2645.0778890576116,3016.2601898544112,0,0,0,1,80,21586.510596408098,BENIGN
56559.346761233086,16,9,3244.687145330526,1587.1083481135408,184.84534255394533,163.30554109761414,85428.7711957076,442.0135915914698,14389.003974318004,17247.883756707615,14033.104572508724,1,0,1,1,8080,3823.5153258257938,Botnet
5379.9093998186145,7,5,1011.9652134791567,394.42925859186585,135.9055500239973,78.58615447437413,261416.014202477,2230.5208337531826,342.4145906703505,427.23271278824495,536.4092490880817,1,0,1,1,22,1346.0313961927322,Brute Force
502.65989119665386,124,2,6714.636241663746,74.2828385198069,54.62427593385438,39.3502089886906,13505989.236621922,250666.50872031777,1.4911999449391735,1.7654273833639764,1.4151029968007829,1,0,1,0,80,401.38732516251565,DDoS
17985.46020234561,19,9,6514.312690033919,6279.79533217206,312.7507487381484,692.8638049241333,711358.3905146563,1556.813097078735,502.4460101751936,655.197365459733,594.0597978612917,0,0,1,0,443,808.476394112012,BENIGN
689.6583503126897,139,0,13939.497845866683,0.0,92.01002889787885,40.67416378628242,20212178.739728946,201549.07127127176,17.64464213459593,18.70585522433297,20.71347074836906,1,0,0,0,53,454.45581994118146,DDoS
520.1622703123161,1,0,43.507980556540744,0.0,40.0,0.0,83643.09185750375,1922.4769981866996,14.879986127600922,13.543008496423417,20.984777568063553,1,1,0,0,62233,11.63052061865652,Port Scan
73.41943100290406,1,0,36.98241978721458,0.0,41.05994657379298,0.0,503714.33395815565,13620.372513653036,44.60099690511903,59.787204352104965,42.76942651414808,1,0,0,0,18481,32.94655350438778,Port Scan
205107.38878917144,18,21,6874.5246396709845,17576.11236691245,373.35498774289806,793.7687047923799,119208.9526902226,190.1442957771153,4555.254701550551,4765.568730383551,3945.0251037446956,0,0,0,1,80,15507.489819248876,BENIGN
3024.68171016386,180,1,11427.899461299132,54.7011022056425,69.47389408815393,51.438029733877464,3796300.45862998,59841.00720144681,4.4475964002807515,4.957087083080664,3.7741521685843753,1,0,0,0,53,372.7019767195746,DDoS
940.4384960598479,180,2,10241.854725837158,75.79427829557939,55.03590773177498,40.430731124397326,10971104.487279665,193526.74392054856,11.145792107941267,10.57070531036876,8.936676718769329,1,0,0,0,80,276.5235596251762,DDoS
59111.57085829549,13,13,2093.179926438904,9674.358660994976,176.99791715271556,792.7992003722333,199073.3525868137,439.8462030780436,2118.3477488866324,1778.569126310951,2522.659087246995,0,0,0,1,80,14603.15170911306,Port Scan
489.4046079446951,1,0,48.33983780307258,0.0,50.94366188212308,0.0,98772.7475760408,2043.2991103201966,36.012505896623836,44.52485578317765,32.55097416257621,1,0,0,0,65127,6.29754770827255,Port Scan
21367.66363362359,6,22,1635.0962055026646,19834.67338798654,279.17866212968846,972.0334327827259,1004778.5271060212,1310.3912753446727,579.3637904437298,649.7607249138022,645.0996392870555,0,0,0,0,443,9112.080839030574,BENIGN
36670.159509674886,5,13,1890.4402495286813,12083.49876236513,348.33725778445023,970.5586578839518,381071.1270074239,490.86233168009437,2214.6893108784225,1817.362992279585,1783.1945201339083,1,0,1,1,8080,2394.555319981857,BENIGN
21322.930987370393,10,7,4517.799954899022,5027.473961071809,425.23516753977503,699.6538941018302,447652.994873196,797.2637537526679,987.8625205880726,1239.8831160397374,1047.2477117073836,0,0,1,1,80,18799.902296344295,BENIGN
37370.730406135415,17,17,4979.321419426539,9596.438180434116,307.45218693762155,608.43671425146,390031.43480084755,909.8029294717231,896.7974539111717,924.0975474282858,1287.7269659032863,0,0,0,1,443,2034.5602785613787,BENIGN
12824.556750918488,7,3,957.547256052004,221.3431312476068,136.68143735546428,74.59607965099106,91924.45479374398,779.7540448549074,84.92320555829947,103.47494453384596,94.93577783142212,1,1,1,1,22,212.56866512239475,Brute Force
37037.87362683917,13,10,5134.7809299632445,7092.494839204916,365.8239126879053,710.6437502254436,330128.9888388132,620.9859732156236,1992.470265582402,1811.8681035974798,2891.676361872026,0,0,1,1,443,24622.518797812576,Port Scan
6825.16381802604,4,3,753.6463094917375,279.99298591275175,205.07667076353528,94.99190776378903,151445.3459233505,1025.616408138395,124.05838967235887,128.10456832477792,151.94516370784146,1,0,0,1,22,1222.3613959540628,Brute Force
177.42022825648195,1,1,55.18800297992803,0.0,52.950489903181236,0.0,311058.1218515131,11272.671778489446,39.05423495468866,47.47100516645938,57.86966862104175,1,0,0,0,29701,18.114697333748627,Port Scan
46473.75612491194,9,12,4104.471226973637,6779.788211983954,492.1247525758152,618.0263358084944,234202.2755746906,451.8679304413506,1662.1820404926689,2202.8961581318354,1609.4273010969935,0,0,0,1,53,13134.84894607958,BENIGN
44798.2227970696,17,17,7005.612903121937,12798.65972807272,377.49805221866507,819.3637877158517,442077.194019628,758.9586790979587,1563.6029817781662,2103.9278522702025,1532.2214451003074,0,0,0,1,443,5191.128739774324,BENIGN
9849.516141425893,17,23,12166.734613743383,12166.086199300637,668.3433918275164,503.7418372988594,2470458.4939663247,4061.1131984204544,262.83269016017437,301.7449874565936,214.74029099910337,0,0,1,1,443,3943.5262610283517,BENIGN
61110.20606253709,5,6,996.8166182842452,734.5806835854229,199.31278166453734,127.89603728468225,28332.37544801999,180.00266581891668,13669.42657515822,13996.259880121357,14599.894761978458,0,0,1,1,8080,3475.8053012794503,Botnet
752.6640256094154,120,3,6672.035481247561,120.59477740806709,58.32043742264791,44.46838902971465,9024784.003932944,163419.52825553156,24.545348314153994,25.014310070460194,37.640819509129685,1,0,0,0,53,203.83116228801396,DDoS
804.3988598629015,1,1,44.615758096179256,0.0,42.748716262748886,0.0,55464.720703089246,2486.328735399839,27.91513503848446,22.64144199818912,44.25419375294405,1,1,0,0,11563,22.506660254201062,Port Scan
67302.65120827331,12,22,3960.9433456639576,12316.093731646817,313.91047638124036,589.967541791063,241848.3787056206,505.18069332490853,2273.3824722711242,2705.9790066137643,2068.9288850899156,0,0,1,1,8080,18894.649980009417,BENIGN
6822.305874799217,5,1,559.8824050524264,69.50892479687973,119.96463326443511,69.46600243521986,92254.9269117649,879.4680435193155,153.5920258303135,130.9761765502314,156.8654992112274,1,1,1,1,21,887.3355869480242,BENIGN
15171.019853500393,10,18,1824.4331674727289,11951.505300689885,184.16011660415538,609.6118362805486,908043.0057564065,1845.6241090172716,529.6874843562148,437.48929525724367,837.1463595321896,0,0,0,1,443,19265.122568389826,BENIGN
31968.293003053186,15,15,4735.100884805873,11835.166079501485,341.9067541521342,861.1159668602604,518334.4310165321,938.4298372495147,925.4870327646372,1088.0693246412186,768.9091628983998,0,0,1,1,443,11270.417581513613,BENIGN
1826.370155179229,147,0,10219.089925533934,0.0,63.99486935978036,33.61014459128367,5595300.545486134,80487.51759501584,33.23207606091828,43.471395455599314,33.942358244284016,1,0,0,0,443,353.54940653432055,DDoS
1071.0809169487939,105,2,7099.804413942767,104.44025879335473,73.38578326214908,49.85765168373213,6726144.177098191,99899.08167238446,1.5371341733686685,2.0593288008877058,1.8297683261616218,1,0,0,0,443,292.7600026555775,DDoS
128388.58388271197,12,15,3911.090482860887,14381.119641036712,297.6700587134492,927.6215144612379,142475.3632348516,210.29907164226972,5636.363857124489,5129.407719774659,8362.338832174426,0,0,1,1,8080,1138.1550193580065,BENIGN
20948.11206585138,19,18,10637.218266220052,12016.811555269907,521.4482819100292,676.3743456554199,1081435.3938090433,1766.2689546288827,606.330152079125,810.3349653601753,533.5414326106373,0,0,1,0,443,22815.030979350653,BENIGN
800.3139838262725,1,0,37.006088960400454,0.0,40.0,0.0,46239.46314604634,1249.5095927463817,48.6814777103186,59.71689790857813,43.61395274217352,1,1,0,0,21878,21.866972437816894,Port Scan
469.7623184899193,127,1,11142.439145575438,29.76905680760766,86.71888626415478,31.050052753866602,23782682.779446453,272478.21922257217,1.4930750452670218,1.7653588634898079,1.8565337210145332,1,0,0,0,443,285.15121312237176,DDoS
2627.0545382853593,138,1,8247.092695674935,53.3594396911958,65.38910753927723,50.85628025267916,3159604.04110366,52910.96852931089,16.295566183281046,22.067873827822183,21.848013560711806,1,1,0,0,443,309.524711300926,DDoS
997.6403071661637,129,0,8384.093298600688,0.0,59.77043847686094,47.208141004568915,8403923.977787178,129305.12036590576,18.675195239532798,20.407409328665796,24.065563187909735,1,0,0,0,80,276.2305811653518,DDoS
64699.739461643905,11,15,4134.416769918441,15367.16899329947,353.3493387140324,988.5854719120167,301416.7587920362,401.8563322872983,1746.0078334004245,2104.345698327311,2188.909699727466,1,0,0,1,443,22893.32836079955,BENIGN
13241.5206499067,9,1,1263.9706070840602,49.464582925311085,132.31104443741114,51.478704596491305,99190.6613096303,755.2002722640816,314.3173212067218,282.1097697560579,259.9767247523515,1,1,1,1,21,167.87834936372525,Brute Force
15566.472468670423,10,13,2988.9784263170136,11580.924928594088,327.35536441832306,936.2383348999598,935979.7721824872,1477.5344925634583,505.3575043143805,605.6606009743185,448.9065656936232,0,0,0,1,443,14204.41809404527,BENIGN
231.7778742569288,2,0,86.87836614148505,0.0,48.03182873036322,0.0,374834.597219488,8628.951345817306,29.81001553351242,40.356501887293845,33.812915069501486,1,1,0,0,23570,31.5861809797194,Port Scan
68048.67597979984,9,15,4369.8211399317015,13990.419751882035,476.8969485925403,900.0708622481468,269810.4059697495,352.6887136955371,2802.263192150842,3648.2369749083505,3302.6780886883935,0,0,1,1,443,2600.8189039735917,BENIGN
5445.822689682528,4,1,534.1300513979608,76.40916248686703,135.64040848072844,73.45384124447672,112111.4749184792,918.1349237596058,141.2790209101598,194.68606863560143,217.32284359319354,1,1,0,1,443,1234.4037714972128,Brute Force
67390.26937167387,15,17,4478.1677617774085,12742.63079346807,278.1784168781717,708.8296332099733,255538.35465872005,474.8460022249228,1845.8814086498267,2568.332283165595,2149.054415843733,0,0,0,1,80,22502.796576314,BENIGN
89317.6334416258,12,12,3904.7429109864033,12650.222398997706,309.68035352431065,986.3870381691016,185349.35009002147,268.7039398069742,4319.660998211074,4592.252598298006,3990.6644234244686,0,0,0,1,443,19398.5123848472,Port Scan
21840.098372742053,19,18,6023.272012794723,11325.912650447526,300.72268374514584,690.0918839995137,794373.0090930004,1694.131563353146,622.7988587612576,533.8298164611368,546.9020632605669,0,0,0,1,443,16557.040851248472,BENIGN
101372.10646274593,11,16,3086.436291696787,11483.577170004115,304.5620453244909,658.7469461506639,143728.03298760846,266.3454567743687,3125.8503051767107,2525.8942359192833,3207.131090964426,0,0,0,1,443,17681.707371230405,BENIGN
74082.74468967687,19,16,5569.542174446618,7481.144249986787,303.1190602023764,448.21712806508566,176163.64619185022,472.44469878391413,2439.2957360083788,2598.3703587809964,2039.5226031821906,0,0,0,1,80,6804.406195817868,BENIGN
22439.76197726611,9,14,5732.858849766089,11028.82027799235,585.5968140938626,836.8051516178384,746963.3209451964,1024.966308613321,873.6320553694455,924.7097866943526,707.1185361250193,0,0,0,1,80,14382.501769194507,BENIGN
3298.672121491515,138,2,8815.94673334851,67.4884382305461,64.11480667549432,31.753942685645818,2693033.6948924637,42441.32027789962,13.200050271989694,10.984736926119554,11.422017887980973,1,0,0,0,443,253.48859937507794,DDoS
297319.07989620033,10,14,3062.7500333707117,9480.36817929093,296.7260610274833,618.0533358537559,42187.39751596393,80.72135837491106,8799.436198720769,8556.982029651988,10841.529633019438,0,0,0,0,443,17024.34503306253,BENIGN
135.26784876555294,1,0,43.98814611537317,0.0,40.0,0.0,325192.91551397176,7392.7397317688265,37.80419368207447,33.70908127069213,38.53393533652093,1,1,0,0,48899,48.392232192899584,Port Scan
951.754689139779,148,1,9783.517385435423,40.179124207939864,64.77541880849375,39.53425584677918,10321668.620852586,156552.9455228323,11.942048317321715,10.226382315664978,11.502139507544804,1,0,0,0,80,277.1302803121567,DDoS
31476.95174996281,17,16,6519.416120540493,8707.138568415632,382.058007761143,562.326910460402,483736.63402696274,1048.3861417755927,731.8361014944371,711.5039860483848,734.522358565696,0,0,0,1,443,6118.697811896626,BENIGN
288.69981693268244,1,0,58.57234084064687,0.0,59.10975910989858,0.0,202883.19356400726,3463.8054524058634,43.673008518114656,59.702702181380474,38.07821822541764,1,1,0,0,10426,35.49105389834508,Port Scan
1885.6992640009546,158,3,9874.983669401809,109.92677208743709,64.93951615779608,38.57794507982659,5295070.445275515,85379.4680167614,8.86613426311847,11.61682484496307,7.136848981685316,1,1,0,0,80,402.72208415029587,DDoS
43.33900209927582,2,1,84.17657846835533,0.0,40.0,0.0,1942282.3413315716,69221.71380706823,12.847838964916196,16.35539301893091,18.18210837451807,1,0,0,0,35230,0.2530478614215681,Port Scan
241688.0594963582,13,11,2152.6932148912438,9886.092784187116,161.94021912753252,932.3372247320933,49811.25680832305,99.30155445003122,9325.725638261252,9135.298541800114,10837.352780961071,1,0,0,0,80,14158.425106433899,BENIGN
522.2414543601143,1,0,43.07640343467159,0.0,47.81523491405308,0.0,82483.6923132648,1914.8230988772577,35.87800702803487,50.0037160310045,51.16632347454558,1,0,0,0,26613,38.24573242590038,Port Scan
450.4774680726133,1,0,39.847232710727404,0.0,43.09339790961691,0.0,88455.55113159257,2219.8668543368926,40.402911314003106,47.30013061148758,56.04208622946575,1,0,0,0,38357,24.565827811210344,Port Scan
28948.591136100782,16,9,4724.892955488672,3074.402263987963,307.9242341253904,311.2901800845958,269418.81844296056,863.5998858273751,1100.9304928493548,1259.6034878337948,1195.1032906908802,0,0,1,0,80,9066.83150467792,BENIGN
12666.976145227945,10,23,2590.8143781489807,10085.932810195005,282.9090791678993,436.5284550678348,1000771.3792940016,2605.1995063109166,369.4851444515961,471.27275173292475,429.7764620559412,0,0,0,1,443,8882.692591407013,BENIGN
43753.36719179393,15,12,4445.283278800068,12451.002662677174,300.64856100904126,1063.400203268547,386171.1000986957,617.0953627784772,1785.0514009916212,1805.836323906206,2796.259820946221,0,0,1,1,443,8776.441402898097,BENIGN
241.63038217692824,1,0,52.627682645368225,0.0,53.42222620498469,0.0,217802.42273851484,4138.55240798226,47.40907290812188,40.76387544919235,37.9730612409555,1,1,0,0,4944,35.64149175615715,Port Scan
17328.35696495763,12,18,6245.184954480594,8349.699923952881,525.621208322392,503.9237685303883,842254.398841625,1731.2662741578831,516.834045111628,625.671370702953,644.5720755216072,0,0,1,1,80,793.3376813659218,BENIGN
44347.490558921374,15,21,5377.210542370524,6265.724465654546,380.82896026381934,285.40356019495664,262538.75611193664,811.7708476011591,1132.1417617352715,1231.5783423921544,1745.3911423368684,0,0,1,1,53,15042.55732297201,BENIGN
116570.71681628849,6,17,2629.0132213283814,11075.498478692438,413.91307908408095,669.7800411711297,117563.93092802772,197.30512626294666,5663.393376957553,5978.952000132748,5726.771537171788,0,0,0,0,443,22876.691171571823,Port Scan
251.6461849387149,122,1,6929.554300132074,19.646382005196717,56.818699222195214,19.819108519097504,27614965.36825963,488781.50101880153,19.224774083337625,18.036599474001477,16.718154131316677,1,0,0,0,80,161.7743153686915,DDoS
160839.6747844338,13,17,4698.618804216381,13089.692681935136,357.8779692194318,750.1288973084128,110596.53975297074,186.52114312098465,4755.46847935107,4362.765150851631,4257.682490661204,0,0,0,1,443,9002.40072736978,BENIGN
2344.7364305355204,117,2,7079.1877119784,71.38792396932848,61.4456765722119,32.46431198514759,3049628.7526502884,50751.97299374978,65.70758505589183,88.90596612538602,72.87790467381186,1,0,0,0,80,102.71366919723083,DDoS
9561.01358430701,15,11,3660.650282150733,6818.938124766047,261.81065424262226,615.6236031775989,1096075.04628144,2719.3769542044324,327.5949183241382,286.4952514918545,473.39337182403955,0,0,0,0,443,12652.177997289407,BENIGN
16209.2764072378,12,14,4406.670748544416,11205.866118063941,347.99238015082585,877.6778601003364,963185.3066332445,1604.019781437648,459.6403216820011,536.4073401611394,626.6086012154341,1,0,0,1,443,5562.674119724012,BENIGN
1362.1973111987181,158,2,8599.206440031434,50.70918403343908,51.67293881921155,25.3049831524838,6349972.61626735,117457.28660938394,72.07609494780154,86.44744505578865,96.58924984644615,1,0,0,1,80,442.2952845953647,DDoS
11765.514041673332,9,4,1282.1307131223473,196.9292674979779,136.90634145422334,45.94912593156898,125711.46278704947,1104.924098849751,391.85911424814657,476.5841863184776,481.77060256954246,1,0,1,1,22,2612.463312363365,Brute Force
412.44545906152115,146,2,6482.608426013233,87.38121865118148,46.26133813426412,45.049726398570655,15929353.80986804,358835.32415839744,7.835954232945268,8.650521457997142,10.330138745211134,1,0,0,0,80,343.7380341072642,DDoS
15605.636534682493,10,21,3325.674912756606,19111.202069665123,327.53649223939294,829.3308508582852,1437741.8654187708,1986.461746120035,413.8149629108746,547.874543835796,335.5264960526857,0,0,0,1,443,12979.79699802992,BENIGN
632.4043953271103,108,1,6265.545826855083,55.566038879850865,57.20589805876646,52.24493720688292,9995363.587669797,172358.06835849062,1.8631826811776298,1.5643212743718409,1.6750493910431747,1,0,0,0,443,373.0990286316585,DDoS
904.9411461365881,105,0,8237.40569886433,0.0,82.4222177327853,28.497439851236933,9102697.710267458,116029.64507500881,12.343991162696794,11.92244158570198,16.8379974431026,1,0,0,0,443,23.103557709044352,DDoS
28674.52103471532,13,12,6344.589948030399,14518.400940473419,468.89511750846185,1172.954088662557,727579.4027473263,871.8541443022991,1102.125458208644,1009.0727618501437,1113.4796523117286,1,0,1,1,443,12793.494009941227,BENIGN
13179.219122125704,6,4,636.7258991733761,432.64078312987607,97.67811235660777,102.08284848729265,81140.36745226919,758.7702964291468,399.59741136539844,428.5485937761838,626.4875436248228,1,0,1,1,22,1927.3350571356925,Brute Force
2299.6609361221967,140,2,8327.086344725085,65.39364374046731,64.6751992925631,34.38571757392089,3649442.3402335877,61748.233302361296,4.095164213411986,5.4499754897178345,4.5959045779777545,1,0,0,0,80,264.96157169684113,DDoS
2032.1625863536162,131,1,8740.059760235505,32.41415341685864,72.71796371284921,34.80226834615399,4316816.957738177,64955.43264422185,1.4859411805772804,1.9102998257547361,1.9677509681208778,1,0,1,0,80,261.4337933480815,DDoS
30563.601997496553,12,15,7333.966968918951,11274.76051638913,556.6548794484461,817.4486027495055,608852.5654414787,883.403729776731,1273.3962042296957,1116.0015552908774,1916.0637714374113,0,0,0,1,8080,21621.840812903407,BENIGN
60537.21053019514,10,8,1682.3646560653415,1004.800421229925,171.49390540475082,134.20839841891853,44388.65044756142,297.3377835277336,14362.310147475384,15418.7157560645,19790.444453912667,1,0,1,1,6667,1617.4958638285987,Botnet
366.58998616468926,1,0,40.60773595038395,0.0,42.127134240603766,0.0,110771.53627470082,2727.843197415528,25.20604493398105,25.003168663200317,34.98697226978529,1,0,0,0,43897,22.983140082080578,Port Scan
287.4518558538853,1,0,41.72763044494356,0.0,45.24238128386778,0.0,145163.89299693418,3478.8434293786927,26.61394265142676,33.612705775489054,32.156837705200715,1,0,0,0,55651,15.62282228293006,Port Scan
140343.18735485728,10,22,4269.69306251849,12346.81833129022,465.9344911644286,606.5583873852382,118399.13078070486,228.01249282651756,3791.9544077120645,3456.0277479494252,5779.050594496388,0,0,0,1,443,8855.487515912844,BENIGN
3208.683103715104,149,2,12364.402994344475,76.0470951438116,86.72567705445638,41.2417923524851,3877120.203950456,47059.80463610381,23.12217816672962,23.30316919578905,25.12614880477073,1,0,0,1,80,342.16843856277256,DDoS
315.42773297894666,1,0,53.64968620276087,0.0,50.344968655728,0.0,170085.50800554286,3170.298282132172,32.886655016697375,40.925100809565016,39.079381915395906,1,0,0,0,43203,30.69472637875816,Port Scan
62902.177243645645,9,12,3867.2712374699768,7959.939481133908,439.3627537495597,665.4738111816198,188025.45852733045,333.85171897402665,2447.1520751690246,2942.0433175793946,3058.1919732826864,0,0,0,1,443,5381.165480020391,BENIGN
2186.3530651701562,141,0,9420.564124891942,0.0,65.18423816426699,49.81051568728369,4308802.761533289,64490.956308114146,5.528062587653455,5.534705797043623,6.314719247739376,1,0,0,0,443,259.908752023704,DDoS
411.02440352994626,1,0,39.588123538545496,0.0,40.0,0.0,96315.74962108351,2432.9455657908215,19.718507561250718,19.16788567628977,27.778945143646215,1,1,0,1,54942,32.79917999622246,Port Scan
3734.2808775389353,156,0,8832.32127253411,0.0,57.67333873603886,18.114110812983665,2365200.037752656,41775.111491562806,4.058955108431185,3.3466079743178123,6.16093933895336,1,0,0,1,80,306.91494000658815,DDoS
99.69509232328197,1,1,40.1689759998447,0.0,43.28226334988599,0.0,402918.2887918743,20061.168041397526,12.718682134174372,14.970062520027088,18.149055793180185,1,0,0,0,21491,2.8653796366884867,Port Scan
28488.532153935248,12,9,3721.0767824215163,5757.819880034148,339.09330821003016,678.0589265052375,332726.7481257823,737.13871555503,1537.9081783039921,1517.025084030535,2062.1763680176678,0,0,0,1,443,12140.719222444666,BENIGN
64515.64884368942,11,13,4230.263117003492,7388.50732499839,356.8370900915038,534.2178472941489,180092.28226398546,372.0027687878947,2375.7432731213207,2603.8104699776677,2387.8480840253765,0,0,0,1,443,15037.710914037774,BENIGN
20306.684988391644,5,12,1796.4817758242434,8480.179877081848,356.5350361720597,715.5006762384387,506072.835560347,837.1627377741902,932.3268470479661,1160.9292361708503,823.0831640187431,1,0,0,1,8080,5941.387520685126,BENIGN
861.3313231301817,146,0,9561.216558553586,0.0,62.60888396676033,54.65271849548554,11100509.527282689,169505.03955831818,22.703419446125437,29.489692221374106,21.389684687268733,1,1,0,0,80,92.59949723683275,DDoS
758.8495276918204,128,1,6146.23211905965,47.752856168130634,49.284462713988646,50.78307042103089,8162336.206583562,169994.1757786647,1.4709781066838152,1.7192298155887669,1.3715086577890419,1,1,0,0,443,260.60535070801836,DDoS
107637.89213931466,10,14,4799.532053056019,11072.663597287627,436.53618842759704,729.5868330861522,147459.18314528512,222.96980666378192,4732.415193062417,5373.774224272063,6890.134052755128,0,0,0,0,443,17806.257325214905,BENIGN
1033.440148184741,146,1,9973.908895871808,43.44406294890891,70.2110946527425,42.64686091291528,9693210.561266081,142243.36093213386,1.661475598623965,2.068877799210318,1.945160280586682,1,1,0,0,443,213.6202862518679,DDoS
115341.2665708488,8,18,2107.418881498449,11052.234257910104,257.31081470293657,599.2601256873916,114093.19084705201,225.41802056620733,3773.529076830911,4987.812618272838,5239.038926957331,0,0,1,1,53,8703.43944238421,BENIGN
744.166152494053,1,0,55.06904228768378,0.0,52.842431121164886,0.0,74001.00381228219,1343.785922872905,31.28308196449601,32.39153304000318,25.597604088658983,1,0,0,0,20471,43.18412463776637,Port Scan
69856.5312543678,12,22,3149.889778015815,21305.90530718928,279.7885180400663,913.8358103928115,350086.02125053253,486.71182764852983,1828.8161470888451,1684.2588851273692,2500.886794350413,0,0,1,1,443,16367.402254963563,BENIGN
78479.62525874544,8,17,1795.1575260771401,12399.607809849982,205.53582080272915,751.5704952785255,180871.98160194219,318.5540185439928,3320.60964937017,3087.741603182264,4792.151829350253,0,0,1,1,80,16181.115010012354,BENIGN
58116.0373195432,12,15,6139.244067986498,16265.408394231237,501.5127059235492,1045.8756819885793,385515.8316976908,464.5877669109499,2175.903200549677,2258.60825370893,2382.106124608263,0,0,0,1,80,6555.994674489049,BENIGN
40415.58550511529,6,16,2046.8310296926975,13786.27917282267,340.53686797977565,835.5503629494549,391757.5362235297,544.3444583331724,1851.0136495595443,2368.1034025244676,2743.2482979646634,0,0,0,0,443,3560.496057680946,BENIGN
66580.38187052545,9,16,3287.1714396315797,8430.427132695491,381.12031016073405,575.7020958001095,175991.75978163545,375.485980969828,2691.9649091382275,3401.699113847182,3881.157546992604,0,0,1,1,443,16875.0355296887,BENIGN
12630.622122676163,14,19,7740.179300618578,16337.61772246912,530.2044908284986,848.9586913961128,1906303.3308438587,2612.69790826487,467.31693538604577,389.82730559688434,632.2531303754955,0,0,0,1,443,7002.169160021559,BENIGN
40539.466128379325,10,11,2255.61511203259,10460.020390319854,245.26833726367124,904.8427217021144,313660.65507831064,518.0137284861559,1790.8164587563028,2400.9206079524893,2857.849242242216,0,0,0,1,443,13747.878091203904,BENIGN
23239.841301196342,13,14,3638.697346676114,10885.334072651063,275.7926550367737,825.4702722457946,624962.5903675817,1161.7979507721548,1036.4436752129698,859.1479731741589,1429.8021717939528,0,0,0,1,443,11908.939844054454,BENIGN
62810.73579622921,16,5,1947.8461770587867,1030.3805858399953,113.0915487118751,195.43832860859743,47415.88719101707,334.33774869519544,15395.314862935367,20565.101294097305,18201.72095416535,0,0,0,1,4444,6937.995557573938,Botnet
104532.5302601378,12,20,3888.827299921949,16718.087048211593,339.9225376480883,823.7598529118674,197133.98591664754,306.1248007712562,3342.9124333106347,2859.5776823367855,3930.9127207355737,0,0,0,0,8080,1964.4442165002883,BENIGN
2554.0025857386854,140,1,7285.673752886295,25.674754862792934,54.47401321454988,23.543350800450536,2862702.077349092,55207.46172589291,9.372636533299472,12.043949766326495,11.946397382818345,1,0,0,0,443,319.40868585880827,DDoS
14449.179248555916,4,3,523.4249896544496,289.9790871928917,145.09069040268875,89.80773165529945,56294.13704786276,484.45658259098667,235.75991483741365,222.6712923439409,245.56446434310354,1,0,1,1,80,1341.0587060065852,Brute Force
623.7253504859573,2,0,88.42897550073451,0.0,46.26773402839069,0.0,141775.50332343823,3206.5395425113934,15.21489797551265,13.458624793521023,20.843220123800755,1,0,0,0,25774,20.491651918112503,Port Scan
41963.25135701166,6,14,1438.2342285132368,5477.825138042327,251.41602827351835,400.3354334653985,164812.28558091595,476.60749234718656,1847.2277334508226,1857.7923856880068,2701.0567518019343,0,0,0,1,80,1671.2668959261255,BENIGN
17720.433550525773,14,18,2366.543597156029,12590.583642671018,187.19683086396802,654.8197907006676,844061.0212600167,1805.824891854892,506.61301868766117,444.7279360320274,718.6585973881728,1,0,0,1,80,20910.571875673264,BENIGN
807.961457749168,10,22,1397.0546685059094,18200.893695725645,127.47927310423606,917.3594436189283,24256043.62221415,39605.84962696874,22.78511162873325,21.436953952337966,28.702938211904428,0,0,1,0,443,5373.711149891244,BENIGN
39923.78581939664,12,12,5218.078376004058,12076.658351975399,417.7828655246121,956.8731837332748,433193.80597360467,601.145395092762,1348.1605115239627,1496.4189379701638,1330.1053275357112,0,0,0,1,443,14201.195090969659,Port Scan
4614.551490713679,9,7,3957.232243135633,5810.402127347004,442.9790961431646,913.9903974792837,2116702.8670368115,3467.292548842155,175.043519459421,183.31094717032104,179.33426127508727,0,0,1,1,443,16310.652974394889,BENIGN
38691.88317232542,12,7,2010.4865291566452,882.5841588500106,175.18980547603448,119.37621770742982,74772.03099992663,491.05906567995254,12532.579688281283,14862.99252547902,13190.195633359603,0,0,1,1,8080,6851.161686337323,Botnet
25051.682976636996,15,14,6206.243882803895,10448.341485277562,445.50467490248275,696.7005137681751,664809.0423151768,1157.606857273628,833.0998311967909,784.0261354589383,1158.855302159855,0,0,0,1,8080,17671.71478266417,BENIGN
9753.449425183802,13,14,4958.73849404642,9710.926433265426,373.2242855048127,678.1942997286495,1504048.9049375881,2768.2513973246128,273.4439031332696,355.42649152826783,323.40555925981334,0,1,0,1,443,21800.6370048802,BENIGN
37211.76756377638,12,17,2228.1721688828675,14577.826583218537,183.56321303554267,914.9640328965718,451631.2944097051,779.3233672734727,886.3273323148746,1189.1111525502706,896.3217042811095,1,0,0,1,443,9033.877865896964,BENIGN
21831.145213726963,17,16,5210.478727801594,12855.322828099566,327.2033729946208,773.4365703478998,827524.2264680539,1511.6018732379782,618.4676646555886,713.6248964761194,697.5247290167824,0,0,1,1,53,18014.509327981974,BENIGN
1014.6533611112201,21,17,8837.801304915602,10503.985055957168,398.4482161099352,581.5737716760452,19062457.290527463,37451.21383955547,21.144903200497296,20.48840535040814,18.01636258559851,0,0,0,1,22,15000.730695026878,BENIGN
167648.8771915553,15,13,5318.736772009116,10477.39548585736,334.25627910498736,746.7727822868878,94221.52132768443,167.01573233924645,4916.351631151691,6213.527102311857,4699.237972757503,0,0,1,0,80,2238.8185080339854,BENIGN
234.9598288267,1,1,48.757139073232025,0.0,44.73234755112045,0.0,207512.66000110158,8512.093365011538,32.59208397149432,30.022241784193042,51.6950277660371,1,1,0,0,63835,33.30948826570173,Port Scan
7605.250399975365,5,2,562.626778165472,203.1987236445027,107.2227579822533,95.14294272905558,100696.9477050296,920.4167689235682,225.5920020037851,302.1548997274961,266.5715444741299,1,1,1,1,80,769.2208712516857,Brute Force
93962.62131399977,14,9,5476.263661389449,3737.903088099555,366.2510587859116,445.7357235901655,98062.04446657086,244.77818603144016,3876.6374570647404,4098.79699342929,4575.517582415329,0,0,1,0,80,5346.1091007599325,Port Scan
62098.951359907594,12,13,3592.807366665802,11913.45444283704,280.8058471378497,844.762807892476,249702.47435633856,402.58328768077286,2051.939240240723,2813.2597677950416,2098.528137672049,1,0,0,1,443,18020.63340012293,BENIGN
23043.59346579951,15,10,7581.618104937166,3737.7096375162423,500.8035229317278,376.5480708342086,491213.6537755345,1084.9002364628643,1089.0399131002873,1137.2446307415646,1323.3195620046615,0,0,1,1,22,598.9730774423346,BENIGN
18053.723293127925,11,19,3590.659595986464,12077.418306347763,354.1075180895417,674.2898470393786,867858.5379835868,1661.7070901612508,654.8666124852759,724.4989333072609,945.9798087149366,0,0,0,1,53,12445.284749204158,BENIGN
2137.953408624083,127,5,6396.226200494087,188.91375696128293,48.0499185209735,40.04741588397826,3080113.874742178,61741.28934126348,35.05608499430491,35.18532287268159,35.316512305941764,1,0,0,1,443,328.2183029736953,DDoS
8943.78675619228,9,1,902.0467064208011,104.1102779224646,100.39780264478678,101.7514402701399,112497.87274351633,1118.0946362653879,333.8053516598979,411.9715832896212,489.03134697570647,1,1,1,1,80,1910.2836861052149,Brute Force
6269.928047903743,8,2,835.7926832637927,153.1875107202497,108.95527186136567,83.43058954075083,157733.89844795637,1594.9146343622476,254.26400847081015,235.0700846255057,248.54906088816963,1,0,0,1,22,392.96627830565586,Brute Force
1083.0388511759663,116,2,5864.556072947776,85.65107111959244,55.64424719612215,43.450553184464866,5493992.332414132,108952.69349929165,38.61746370073985,40.009844279318905,41.79073065442779,1,0,0,0,443,463.63507030609827,DDoS
45880.2498482344,22,9,6097.068188713942,6891.3945124574275,291.4611988576441,821.4916280544603,283094.85550177755,675.6719961757785,1318.966368744622,1787.6012195524102,1431.2714375279115,0,0,0,0,8080,10515.88983332984,BENIGN
1052.5928428868226,136,0,8501.415700998536,0.0,59.51784715003667,35.37982210517943,8076642.13038225,129204.75463903858,30.41397526495348,32.1995301481215,35.7213426813067,1,1,0,1,80,339.7044318040373,DDoS
3199.893558466293,151,1,10154.03216551833,23.036663148805367,62.11380224583926,24.89453787067341,3180439.7998616546,47501.58004407293,2.4259408671001657,2.195181974614778,2.3509132477196455,1,0,0,0,443,202.9072326587661,DDoS
15800.853446149798,9,14,3918.0499895443236,12553.960004666937,429.4266403444796,900.0988803172353,1042475.968171517,1455.6175765053008,535.1702908918294,461.70006942218487,494.16954403171354,0,0,1,1,443,16813.684218760645,BENIGN
185.67837909407191,1,0,38.17881446581644,0.0,40.0,0.0,205617.9866072267,5385.656665461092,28.41635619221394,28.95197985647777,30.020582443311522,1,1,0,0,16170,48.85438760390137,Port Scan
2833.3783166142607,119,1,7620.7837951959245,41.224817189823,61.175412685528975,39.16156016412815,2704195.4007544774,42352.26877270443,10.720577731986332,8.844727886455367,10.39119675285195,1,0,0,0,80,204.4335087291767,DDoS
511.0076800311093,1,1,43.03436451630674,0.0,40.0,0.0,84214.71182915858,3913.8355021948855,22.32604564547072,20.006416612425927,24.596624030840825,1,1,0,0,18760,27.625668948647647,Port Scan
36614.14096495244,10,13,2226.3743781677454,14647.46439579259,210.21299844500246,1090.3363028907468,460855.7876617181,628.1725965390234,1781.4791440376414,2033.615653331343,2722.046620829781,0,0,0,0,80,17021.121127547452,BENIGN
14308.020732161274,11,12,4839.023198495603,9977.498223324312,488.0377662957428,858.4027764728244,1035539.55499349,1607.4899827549925,574.5285082927343,588.2494459396395,824.9366616009528,0,0,1,1,443,2926.7599648241503,BENIGN
1411.3326928435097,166,2,10021.986155634477,69.29099285318917,64.17713708017389,33.732270646721275,7150176.0000727195,119036.42624583349,8.226678299822813,8.643356577253773,7.5939684350018615,1,0,0,0,443,158.62030010067596,DDoS
90233.94962864838,17,12,7493.527465192727,9668.131518660715,442.695571243999,771.9678607491207,190190.71041975965,321.3867964258188,2298.1129509143666,3095.648451852349,3283.007993028568,0,0,0,1,80,3480.613710278586,BENIGN
1230.3973376549081,125,3,6954.334797864551,104.3054062011751,58.050838956742666,35.35092582295357,5736878.639155082,104031.43446649784,7.143305575637534,8.772597312763027,9.247775206504718,1,0,0,0,53,95.65759910645863,DDoS
6197.181836213255,3,4,361.0133093755804,417.1538613785178,110.27800969646167,109.2742030547975,125567.90995011239,1129.5456846361153,253.57434606648127,239.31274857016206,263.108009509542,1,0,1,1,22,2470.425680824539,Brute Force
13037.330492746176,11,9,2313.7893674148813,7048.783136209615,229.0342538991571,794.5702647120027,718135.7033814343,1534.0563784225442,790.4444480806258,693.607117232404,1243.2702789775967,0,0,1,1,443,5223.168339497732,BENIGN
368.99780191662137,1,0,50.15732760503227,0.0,47.97740681555885,0.0,135928.52679476343,2710.043243634171,31.076785334728765,27.457980882132308,32.474579953509235,1,0,0,0,54530,40.27168860539604,Port Scan
72.35855604854983,1,0,51.027428973960355,0.0,49.736781537394805,0.0,705202.4219461054,13820.065720065477,9.294042245339586,12.01495030636452,14.66676743711192,1,1,0,0,30155,41.41511563521177,Port Scan
22446.744970693304,13,9,2967.677705668041,8807.475807544046,221.13062016749993,955.7721985587541,524581.7836210037,980.0975610817256,783.9441004286372,815.653467305249,1157.3733869057273,0,0,0,1,443,8132.344732773299,BENIGN
71460.2487745561,4,18,1184.784691182372,14984.866381013317,276.32406132233865,816.3531827768373,226274.76603402203,307.86346783378747,2831.908443324829,2538.1881700702197,2499.818046212926,0,0,1,1,80,3492.0510789662912,BENIGN
33058.29947853768,10,11,2930.209862217643,9242.628273802748,300.67916156801994,815.6199341665172,368223.360790936,635.2413866186237,1935.6126117613917,2625.182482892674,1839.6779975481943,0,0,0,1,443,9480.670068176227,BENIGN
1037.044369093209,105,0,7373.348567354482,0.0,70.66968614206124,51.50445257308412,7109964.4210996805,101249.28414761263,5.204542408371158,6.304362035458202,7.920552488771653,1,0,0,1,80,393.62397884384836,DDoS
717.5580226030626,1,0,42.953558043142564,0.0,44.196355047064,0.0,59860.74531969039,1393.6155244593763,47.07071803857861,53.10981579406375,60.21266940444463,1,1,0,1,60860,6.153470527349864,Port Scan
815.4445458035666,1,0,38.0475267405743,0.0,41.00905315793678,0.0,46658.63170754423,1226.3249599818785,12.497581724592301,12.917339093651837,14.090370599756058,1,1,0,0,62581,35.45833924934165,Port Scan
696.8541843576794,1,0,43.712939446674895,0.0,40.0,0.0,62728.96170806092,1435.0204425072702,8.70876030069357,10.453570232390389,12.437771318490663,1,1,0,1,35693,46.21308167356475,Port Scan
40303.86819186533,7,21,3530.1778835372115,15707.248763241663,473.67918101036275,728.9308915199696,477309.68539296766,694.7223990190435,1386.7620455425636,1582.718879393043,1306.9937758161514,1,0,0,1,80,18686.099208018462,BENIGN
59149.91960811629,11,21,4127.344895733111,21175.234959947546,384.74786580484295,932.9683032468843,427770.316905194,540.9981993552718,1671.221413170805,2172.1354821778455,2032.1693167353885,0,0,1,1,443,23129.177599866252,BENIGN
951.9377449569392,175,1,9711.23063989428,39.694222057889675,55.37401434032592,43.68683064913687,10243237.978123507,184886.0400088047,8.007638691788475,7.262081133200949,12.226809159276765,1,1,0,0,80,93.37432632240863,DDoS
45463.91561684145,9,19,3809.5392216681344,17199.63511913362,429.62987612216796,848.6993456903471,462106.5751982703,615.8730417321954,1767.2374539500381,1617.3089225056783,2718.4870658356012,0,0,0,1,443,9641.92128877576,BENIGN
70498.16563198339,16,15,5159.984462000065,15592.526195925968,308.14163012952577,1039.5065563575624,294369.5126233341,439.7277535110221,1896.6520455648078,2109.5186057877413,2041.6865116633485,1,0,1,1,443,12346.225086200395,BENIGN
5837.81062320627,5,2,514.8961941466175,206.7689841956261,112.1877621060813,110.97802721460553,123619.14849952553,1199.079663902394,306.4423678959031,288.6797538297691,467.51768697191756,1,0,1,1,3389,1074.7098280737841,Brute Force
1909.5462055153944,18,21,8055.706391892904,17825.929349412934,420.0054053827489,803.265460680806,13553814.86268895,20423.700608738996,71.07444692607511,82.06323158725137,63.612132576538556,0,0,1,1,443,21188.46114324497,BENIGN
5426.140962045566,4,1,263.0650221237266,70.76308375221274,61.2082970432246,74.34799906740442,61522.19564714212,921.4651876856295,346.1163159701126,310.65690581450485,479.20359525797227,1,0,0,1,80,2035.5726007867013,Brute Force
134591.17902332608,8,16,3075.6201923770327,13390.604177054749,376.3179524321323,867.8858314298282,122342.52265951253,178.3177781349292,5087.456359120762,5892.534077515793,4475.707863877526,0,0,1,1,443,5546.288132523291,BENIGN
130.16521232549363,1,1,41.713724496018436,0.0,41.05883484980206,0.0,320467.53315093357,15365.08844620298,17.72656908278368,23.471461600742373,19.427854497254405,1,0,0,0,20165,39.719939183204374,Port Scan
49916.915700005586,18,19,6203.773127898534,7001.540466841604,368.14217200612836,382.18114547814605,264545.8640534287,741.2316943291402,1235.111689640473,1211.0545433077111,1496.0851806559292,0,1,0,1,443,9997.218390065376,BENIGN
180709.87377812882,7,22,3645.3227245059393,19274.829449730678,484.2712643385247,819.2863112731602,126833.97810557613,160.478226195905,6201.411210836732,5111.642763026674,6924.450088296954,0,0,0,0,80,9689.75208944634,BENIGN
467.1929858828179,1,0,48.80231971880497,0.0,45.17304019992422,0.0,104458.5881926011,2140.443093575942,26.934558220322074,30.621183397221177,42.162949311947514,1,0,0,0,57574,30.9187402856441,Port Scan
2339.5062690586196,182,1,10518.20020881553,26.922456578952204,55.69829818437708,25.985482845101977,4507413.724365728,78221.63266680893,32.395628633628824,26.09486691365092,50.19934998046959,1,0,0,0,443,231.4515522203633,DDoS
11775.650209893261,9,12,1885.9683201248006,7753.237429071346,216.60811897286607,682.6783643331861,818570.9984063393,1783.341015204149,571.0606715749462,550.0096526878102,805.0644900242075,0,0,0,1,80,18721.828279003574,BENIGN
10063.062801860555,9,4,1272.92095370761,359.19060798015914,153.0078103241674,94.39797456010523,162188.350984554,1291.853211687841,224.12980801861445,296.64371681903606,323.14586297705904,1,1,1,1,3389,2522.9454204721947,BENIGN
55317.9432627497,13,23,4002.0089166703942,22431.142710989614,300.530731040239,1044.132294690829,477840.46312256355,650.7834145063357,1680.8091420880612,2149.144217564398,2188.280849250829,1,0,1,1,53,18566.45220244232,BENIGN
477.96102384216834,1,0,37.09171996824327,0.0,40.749630815045116,0.0,77604.06836121358,2092.2208090553813,39.457725597866904,39.517293113721685,46.36926782127838,1,0,0,0,41668,22.28502479729591,Port Scan
154767.17355047286,12,12,6005.978371965251,7322.962944544013,499.7703468671258,595.8754694840688,86122.53497129618,155.07164374345243,5660.272586524501,7190.933534441375,6340.234406390885,0,0,0,1,80,8485.835394207523,BENIGN
10215.586424614521,6,1,712.9102503259769,81.08511450659655,108.58338201954561,75.22987176717707,77723.91440196097,685.22742689871,71.44855011197667,74.99238178791067,110.23683462264967,1,1,1,1,22,856.9368109792963,Brute Force
55185.35190389525,13,4,4035.077413803508,758.2756085229804,287.2157282697393,172.90676479118,86859.15477487697,308.05276062396655,14803.942713127912,17172.383064316604,19868.46515400449,0,0,1,1,8080,5227.602704401749,Botnet
20.694234881833456,1,0,36.713827465213186,0.0,40.0,0.0,1774108.9571493466,48322.63699093583,36.65667180726256,50.53070984928088,53.690528858855565,1,1,0,0,13474,4.872841130096534,Port Scan
16035.570523662313,8,14,2213.456453107833,8495.143539499584,279.0139896923409,589.8933626793898,667802.8684296363,1371.949938889701,751.010831799786,873.4363057183156,1153.3299313947985,0,0,0,1,22,15706.638410958689,BENIGN
63906.01902096303,11,10,2699.5999701967207,1876.0747564064775,253.32379791057934,174.35685879192965,71600.0589099791,328.6075446682321,16024.26180140375,18626.847761726443,22462.313423402313,0,0,0,1,8080,3278.853326568704,Botnet
131.8849003238677,1,0,49.85766790175236,0.0,50.05565326637806,0.0,378039.243153065,7582.369153286809,11.793878183279219,16.32122368571419,12.677876801176145,1,0,0,0,13535,12.609135390019865,Port Scan
1050.3194068100713,136,2,8423.958438855509,77.15724010457274,63.78067747733515,35.679736656628556,8093838.525538482,131388.60341457487,24.43681894280295,21.130318825735717,23.556105369364847,1,0,0,1,80,22.028936445485513,DDoS
27940.05438475104,7,15,3092.2907144770315,7157.684834380128,464.7289972169712,513.2253819988244,366855.96268743597,787.4000421419018,1145.125110721187,1345.9710478311479,1456.8834428522039,0,0,1,1,443,1950.125943094714,BENIGN
11191.790960121554,4,2,432.49245820701617,197.8612463162384,116.46664094966935,92.66214278562764,56322.86260253813,536.1072254993971,202.68713703293122,276.99631670445586,272.8008429364188,1,0,0,1,22,411.8541614208833,BENIGN
243.94704140759902,1,1,37.75241485130188,0.0,41.53902563081543,0.0,154756.60058620363,8198.50074204548,38.314204014535335,44.981169644883984,47.58131259602197,1,0,0,0,17078,20.041876848957372,Port Scan
126764.66064329109,12,9,4573.396007616443,5708.725762602455,360.7986710638931,621.0088905500288,81111.89441947259,165.66131202049178,5350.558240183156,6203.991755931833,7735.861056479512,0,0,0,1,22,4749.830501545786,BENIGN
138528.0551653918,19,16,8112.684858288932,15043.691090098839,400.02987690277763,1036.3575049951814,167160.1894702185,252.65640204226287,3378.516466621798,2905.8202638540697,3368.0040257368423,0,0,0,1,443,20770.376702893,BENIGN
50586.974116920515,23,19,3876.1496132742586,18195.000675309795,157.15732602129285,935.9414366719161,436301.05721626105,830.253256558227,1030.6577707594063,949.8736878239115,1189.6878168846513,0,0,0,1,443,24567.828292110735,BENIGN
22015.783518763594,12,9,3248.111331350382,5855.5703514117085,291.23848536949936,661.3281555275315,413507.049385874,953.861123411853,753.6659326241197,913.6657871138491,699.366871874923,0,0,0,0,53,8080.418187585876,BENIGN
6819.288614355245,13,14,3743.8622945858488,14425.401855220283,299.64074099756397,1122.728969941398,2664392.8974582655,3959.357277115747,228.15606380433402,262.1814438886952,328.2086826396603,0,0,0,1,443,9023.014558119767,BENIGN
15614.486328292302,16,22,5647.984713755795,14321.040088002417,333.0880854413649,621.2864190114626,1278878.1124087193,2433.637533829518,456.557141982238,436.79229880104737,505.861464030743,0,0,0,1,80,13679.286544029617,BENIGN
575.8628391557639,1,0,51.05848976717416,0.0,50.30547751486893,0.0,88664.32472362304,1736.5246235823042,13.652784145483388,12.419113557313173,17.61498660026962,1,0,0,0,38761,16.182173306328824,Port Scan
181.90308402111492,1,1,39.924042061293115,0.0,40.0,0.0,219479.74261205387,10994.865814192815,8.84774902907105,12.154507379426002,10.758869120632484,1,0,0,0,2056,1.5420549860897304,Port Scan
20022.49813264636,12,20,4428.51396577115,12814.473675660172,406.2745105306257,690.7848264221932,861180.6342644582,1598.202171777183,634.0271840079755,865.5386729452664,975.4032673513517,1,0,0,1,53,22806.11363994707,BENIGN
28055.28640317618,9,12,3866.343381658669,9263.126582946006,453.1462513801999,723.7756488228202,467985.59729257546,748.5220324688099,1001.2759729878967,1194.799136323671,1337.1345035739228,0,0,1,1,80,13065.695803220186,BENIGN
132405.8808079825,6,15,2781.8140393672898,5542.759164992127,436.0168903002055,399.69468512774625,62871.62740476663,158.60322722715463,6275.366601730761,7750.595746173545,7352.52781172607,0,0,1,1,443,6199.813791568061,BENIGN
58207.673675319544,9,11,2569.944478002394,10189.431985932257,281.44897572206526,874.9550224533295,219204.3704599161,343.597308347338,3369.5287478889763,4450.196879845145,3422.7693195995025,0,0,0,1,80,6961.035257220525,BENIGN
371.9774076760657,1,0,48.311197702572535,0.0,48.14106776132016,0.0,129876.69870704635,2688.335311134928,36.00150917965347,33.54675785081134,56.87758393872052,1,1,0,0,18751,1.8086174101377084,BENIGN
12031.133983961305,8,5,1169.8786164695903,309.1833904929303,140.20219889788888,60.47145518751616,122936.20941585864,1080.5298999520985,118.13944361320063,107.51248149408488,168.06484641421554,1,1,1,1,3389,2373.955743724779,Brute Force
24134.49202328315,13,19,5693.022021658798,13181.009260342304,453.3653479491662,632.5880180413641,782035.5723167014,1325.9031915454775,679.4368374957635,673.6872975279335,801.0883601353726,1,0,0,1,80,12129.853528504696,BENIGN
15154.505436271185,13,25,7247.493615189918,25248.892622565887,573.7225074435426,926.2456784392593,2144338.287673718,2507.5051218134654,410.0555372128319,336.11417979883635,370.3145589856361,0,0,1,1,443,15691.925759777068,BENIGN
15063.675498110635,7,16,2299.8123312739135,12004.18172858446,347.81965408886424,740.3658676248978,949568.6535236674,1526.8517967533742,643.6041577257369,888.0204486793816,815.8466818805178,0,0,0,1,53,4936.395110495287,BENIGN
708.9403904624835,1,0,39.58276189044417,0.0,43.27815974540098,0.0,55833.695502413124,1410.555828745547,27.916946736972196,26.11038045528481,35.91653944216022,1,0,0,0,14835,25.359189985114178,Port Scan
14680.93750613853,19,14,5285.679166591451,10834.004173242849,253.33907963249587,803.733369123906,1098000.9507631368,2247.8128516112633,447.10511547111093,376.7522763056094,475.1611304984936,0,0,1,1,443,16695.04149007733,BENIGN
18353.607465750785,11,16,4306.265836560361,14010.304879872632,427.98133099643417,904.4976208113571,997982.0452525802,1471.1004389945701,581.6546729899154,707.5885919536103,527.1277166929844,1,0,1,1,443,3306.3785442131752,BENIGN
5492.936186356069,6,5,2974.083554533517,4019.150139796937,513.5001733914644,834.5892510534358,1273132.1568419058,2002.5719627551753,394.3321625078237,376.2978902447367,359.99404347518583,0,0,1,1,443,14487.013616800426,BENIGN
8849.457821260847,9,4,793.134988964731,342.6923821558257,93.59785875383201,82.7630817427592,128349.93895238735,1469.0165502306213,314.31341271463214,375.43352185758334,291.25964682014944,1,0,0,1,3389,508.0725346443683,Brute Force
507.71499890087944,141,0,10516.098221228098,0.0,81.39957790161509,43.39583758811228,20712601.053728454,277714.86031581124,8.221023196684662,7.10351496106764,7.102553040500201,1,0,0,0,80,29.80618158324696,DDoS
67833.71494933515,9,12,1259.2601088317833,2102.7000952074454,151.16489723566426,167.32686280318333,49561.788065864734,309.5805679474411,14453.942940823266,14454.550082560365,11734.557756952585,1,0,1,1,8080,7789.012476550745,Botnet
103946.24777313045,18,11,8044.821523963543,7692.802115523438,407.3867240985833,667.878964290893,151401.55586794612,278.99034954387594,3077.068784496663,3085.597201096826,4543.181130298082,0,0,1,1,22,5596.538031413338,BENIGN
27980.858427696734,12,10,3352.613022105298,9220.587657286756,309.018330462387,881.6449832194528,449350.06950846536,786.2517891239318,1420.6533686128987,1223.6196845067316,1483.9941617063303,0,0,1,1,443,10779.443667594674,BENIGN
295.06210461314765,152,1,13213.60964682168,43.61435688969887,79.38020555297757,44.80705919620368,44930283.47741491,518534.9036962793,14.858885522765346,14.14983105072438,14.941567490329579,1,0,0,1,80,486.57960403695597,DDoS
62159.34796414852,8,8,1633.032777758987,1195.8593718546956,223.38907960051958,136.7741607257769,45510.32535356219,257.40295746390836,13500.261542190636,11376.509892562231,17723.158153933062,1,0,1,1,4444,1744.2036793666398,Botnet
186.40478370357684,2,0,91.4039846438564,0.0,43.497079344746695,0.0,490352.140260564,10729.338379965744,24.28681578485108,29.0628389872292,24.958286357230975,1,1,0,0,5275,37.05731669219575,Port Scan
145748.2975618992,11,13,3912.491408146847,7460.293202470773,363.56883049294095,575.8879019876355,78030.30842118486,164.66744656010283,5519.88763146727,4958.578944825311,7664.79763171017,0,0,1,1,443,5159.400793279738,BENIGN
62845.42798947936,13,15,4277.474174313575,10348.958351897056,335.7818441162019,665.5552489968277,232736.6205328281,445.537581583299,1591.0751943726577,1328.873230230548,1307.7353681703537,0,0,0,1,443,5333.443708216663,BENIGN
31122.435254698725,8,13,3146.2012288677815,6359.05070417969,372.24852132763465,476.87302068932115,305414.78696184006,674.754395925027,1282.4523998719478,1415.947149581574,1541.2686065431417,0,0,1,1,80,5583.671975431543,BENIGN
20080.543783475634,11,22,2547.3600042566813,17291.12508212896,250.11497285719557,724.7328390335706,987945.6104525822,1643.381790644327,614.0739887726169,699.6212049180428,790.4490202434779,0,0,0,1,53,6963.043980277384,BENIGN
1679.6711723046797,142,1,7809.247976447893,28.017081107264847,51.65669875712233,29.31977895583757,4665951.995116779,85135.71129746154,1.114641664769846,0.9339932611342874,1.3803473040005876,1,0,0,0,443,303.68059212742594,DDoS
22685.869850184823,8,23,1399.4354773697335,14581.378363950402,175.82993943555866,665.5604945361005,704439.1044670452,1366.4893700228754,782.9271062395815,649.578796091526,635.1746310009911,0,0,0,1,443,22329.934983375206,BENIGN
341.7949329135231,1,0,51.04933871444414,0.0,56.70921041524081,0.0,149356.62819600676,2925.7309096884946,30.009856815752986,33.73162931521661,47.01325908274914,1,1,0,0,36885,40.32815367949914,Port Scan
13151.46885236798,9,20,2635.7223113582477,18239.066856561567,268.96765651639174,998.7617360435355,1587259.1420966045,2205.076887269396,430.17662313160844,410.89534896506336,390.5916940014178,0,0,0,0,443,23956.25368560837,BENIGN
6386.346804873499,14,16,4739.900804548986,14208.966188794964,367.0440487667487,828.7404948595948,2967090.1960544703,4697.521277282754,236.94911212706978,323.6335951441159,258.8508285181363,0,0,0,1,53,1400.8481470442812,BENIGN
9426.758405116216,16,17,7909.682294298096,11766.038738433112,542.1497821301493,678.7291841569702,2087220.2497575984,3500.673145722055,269.20103097020126,351.211820234095,359.84367620624863,0,0,1,1,443,13053.058614491032,BENIGN
242252.1828117611,11,16,4464.0651443312145,13734.609822090148,370.8617909402607,866.7005722782202,75122.8523730678,111.45410409358415,8982.031185602906,7997.561656735572,7966.011866541892,0,0,0,0,443,22928.43715090698,BENIGN
6252.901697161315,7,3,836.344128293237,186.1131207197718,122.33121321749026,62.503002976699136,163517.24343870347,1599.2575102435703,355.4047678240664,341.90736508244674,520.0769011305541,1,0,0,1,80,1399.0223081356687,Brute Force
2598.4794717977184,140,4,8946.84287147942,160.1412589758889,64.98034088525708,38.28299282516222,3504735.838515123,55417.0242878139,1.1626875832358774,1.5768008468259733,0.961087857682965,1,0,0,0,443,229.5413906656427,DDoS
10254.556889158359,10,17,4524.170094418321,12153.08917194279,428.4405430785199,768.6851918280062,1626326.6610762244,2632.9757874321976,481.37563771439284,530.8396918937568,577.6911883452883,0,0,1,1,443,13976.909885184437,BENIGN
2065.718214723609,114,0,6892.2894164994,0.0,64.51797048515118,35.628125914001636,3336509.9689657246,55186.61702620127,4.321998630092234,3.737686748186172,5.933705123829848,1,0,0,0,443,172.73915932740337,DDoS
19179.669653521367,12,21,3218.74106268651,20023.994692401342,280.09150586433674,876.4188465926625,1211842.3400905924,1720.571865738117,670.6976236712641,892.1620168008405,680.6288899684765,0,0,0,0,53,16779.841690509056,BENIGN
1768.2721898783584,129,3,8810.172955359967,95.05868167414178,64.80462130822792,31.353111009243698,5036120.393685946,74649.1409838213,2.433964314431911,2.3864750187669377,3.7770980526458837,1,0,0,1,53,300.83960132044655,DDoS
190672.91016140467,15,16,5624.659257054166,16138.507644216957,345.14382412346066,1094.5279039663078,114138.74620599538,162.58208873907935,5337.040305061919,7184.272780633235,4651.001852749411,1,0,0,1,443,581.7122316184941,BENIGN
31970.964851128156,8,21,1426.907888040523,23399.041208299626,171.70070978699695,1064.8797714257387,776515.4793401274,907.0730312656384,1073.772409091565,1405.6349080023463,971.8169601785787,0,0,0,1,443,21346.151151419406,BENIGN
54670.756700175065,8,13,2239.5041273060706,6054.7927689021635,259.080485822015,484.4061861141517,151713.5923633864,384.1176026731811,2568.317584955603,2264.4390924429204,2964.022641450928,0,0,0,1,443,5732.4284890835615,BENIGN
69583.84180902492,12,23,4544.895241021867,18404.775046009654,350.1503316404585,849.6766429409317,329813.2108028416,502.9903364068144,1666.9465348827484,1799.0338313347245,1422.128745073148,0,0,0,1,443,20439.15512265298,BENIGN
17061.982438197436,8,14,2852.112783159505,11710.935140669835,342.10608729970033,902.8579350348906,853537.8568451918,1289.4164016220998,758.2686308730788,767.5190499290071,916.1464760395196,0,0,0,0,53,14944.038886712007,BENIGN
17.719402355840018,1,0,40.529541816160794,0.0,43.407666978721,0.0,2287297.3366848873,56435.31197712301,27.33926275679169,35.05772521942016,42.368385507577344,1,0,0,0,22437,2.236987817530267,Port Scan
1585.4928500933931,3,1,457.3114788647031,37.36727295082894,143.45946907211857,40.0,312003.1426104463,2522.8748270699425,214.62051602176894,274.8905958136099,193.42106949420204,1,1,1,1,22,2484.984121468582,Brute Force
501.96779181763145,1,0,44.624847699870756,0.0,47.15938460993224,0.0,88899.82271229723,1992.1596889294192,32.60880466777656,37.879356251953375,36.20699757963486,1,1,0,0,43893,30.938812941339844,Port Scan
12461.229026204252,9,20,2712.375329933816,21804.310780145424,297.0920257652458,1066.6466792080332,1967437.24543735,2327.218281520786,387.21923710611503,426.4967649459781,579.38815492086,0,0,0,0,443,22981.41948484111,BENIGN
1198.0394888871385,11,20,2724.7489470057744,11271.410582428212,231.28664603756107,553.8538663837973,11682552.753277814,25875.60784728053,36.24861535143912,29.013433848695072,43.424505429600266,0,0,0,1,8080,24875.814145282147,BENIGN
77402.96164914053,14,13,3520.012105707507,7108.616321696349,251.90481450779572,590.982705720779,137315.52644693764,348.82386183603876,2821.9051847509586,2645.39428308279,4471.232831198748,0,0,0,1,80,12211.37076783874,BENIGN
2053.386261774562,131,2,9070.691630061716,74.73432350992485,68.47342259946866,36.41877386448503,4453826.405592122,64771.057679649486,7.68200534967127,8.520071653811618,10.431031318628298,1,0,0,0,53,359.8398533773411,DDoS
7239.224935054519,7,17,2247.5905489409524,11984.114487578632,355.6486244208894,741.5717094846063,1965915.5730339806,3315.2720374504092,386.9776454385884,434.8695844295503,312.4726125297656,0,0,1,1,53,12340.826080543537,Port Scan
20211.097993999938,17,11,4313.379114622978,7424.2559409626065,250.17679045058526,657.6263489596233,580751.9739437279,1385.3774796556006,777.7841251747227,781.4547140197379,1078.9048694249477,0,0,0,1,443,14640.27300004905,BENIGN
539.0123162620665,1,0,45.44004743325018,0.0,45.126629702132334,0.0,84302.42883570277,1855.2451768352587,29.454307624620583,38.927522068222174,33.97247019152579,1,0,0,0,11912,45.408415230437775,Port Scan
7301.642784835184,15,28,5417.155444057934,22102.223687768455,352.88464693195294,772.8293338759775,3768929.8069992573,5889.085684841622,192.65881515112753,269.1545477483982,179.1546119201681,0,0,1,1,53,21392.810283910225,BENIGN
103274.45877469747,11,17,3573.1562170738857,16719.23968701576,331.2599589964485,928.8290618832687,196489.9757873274,271.1222148458267,3211.6874081759843,2849.3703313925407,4412.758771265025,1,0,1,1,443,11484.171258855142,BENIGN
2071.537071919214,152,1,10588.307883771684,29.81526957446067,64.827438675648,31.24120340406833,5125722.004824556,73858.20030642768,5.927479021041802,6.498053404251553,6.52326338865067,1,0,0,1,80,423.1455279278267,DDoS
180120.00213676636,9,16,4009.2129039590077,9189.81116891157,442.9199860157663,543.6353671982818,73279.05794076367,138.79635633702318,6510.157707470529,6620.679101918828,5932.400519279625,0,0,0,0,443,10229.78977653504,BENIGN
106142.57106362187,15,25,7232.662571171412,21726.857056335375,474.6106910835875,796.3107247956212,272836.04813141795,376.851621353924,2487.4677845872807,2496.795347172261,2570.26359010325,0,0,1,1,443,5639.616558188805,BENIGN
512.8523580741331,1,0,46.033742870451285,0.0,45.345419571572975,0.0,89760.22464499828,1949.8789159422163,5.356165693034442,6.388716009193067,7.438195493807195,1,1,0,0,32596,19.035367611418312,Port Scan
232099.39164379818,15,12,2634.922322486094,5840.227317298191,163.69261050560038,478.21447215633685,36515.17386478573,116.32947337249712,7586.916263353731,6972.759968078793,9510.449594706468,0,0,1,1,53,3585.7902697502977,BENIGN
235.01794606537607,1,0,41.41343871639903,0.0,40.0,0.0,176213.9419977692,4254.99421104559,7.455395616399736,8.703830699291306,10.498815762293741,1,1,0,0,32461,14.94578284761674,Port Scan
32495.205510568965,13,13,3528.26493684666,12550.895455057878,280.5704569792264,912.2902302697396,494816.39334993094,800.1180356143178,1260.3643929284112,1657.345064582194,1694.6918601854447,0,0,0,1,443,5662.6128090925,BENIGN
38943.91091941648,14,13,2438.6000152651404,13030.169262702224,168.06856439554863,1033.0857656474875,397206.36455788044,693.3047904682439,2091.3549855294104,2773.9523187671175,1744.179629059002,0,0,0,1,8080,24885.56065782481,BENIGN
7764.793151367364,19,21,7963.116642806118,16722.27761464299,434.5818055223318,828.6368463870897,3179143.8324538064,5151.457253301858,295.76943635446014,261.34516847321987,425.02799483762806,0,0,1,0,22,10189.905460932292,BENIGN
11399.212991304565,18,17,4630.450521889388,15390.005904783236,274.68406284456387,986.4571582077372,1756301.6360817566,3070.3874054023163,302.8802126471541,258.3902242405712,310.80606567172435,0,0,0,1,53,23958.15243352982,BENIGN
638.4680549924639,101,1,5685.183120319382,56.5054873978077,52.27877667112184,56.065850793396585,8992914.465838017,159757.4055622939,20.809587860657068,27.09457352663931,28.91554675220606,1,0,0,1,443,26.226294491632917,DDoS
941.9274668424074,145,3,14250.646807449755,97.42443983732178,101.32106487299804,35.859428609634385,15232671.041418556,157124.62499489007,4.5960549787225276,3.6854756391663113,7.27392971468616,1,0,0,0,80,90.43083930461447,DDoS
26908.65209490407,11,12,4804.464684756435,11964.88352394845,479.0632903910688,911.3452387914022,623195.4001100132,854.7436682774502,918.9354458976258,859.2672048824314,1396.8496755388999,0,0,0,0,443,15777.88862569206,BENIGN
15354.128953513085,6,4,551.6552817468655,369.61586918259445,91.15781504180332,84.02844794813068,60001.52491350995,651.2906092085386,358.4567964878817,418.53619880007716,287.1069375002281,1,0,1,1,22,2066.033038635627,Brute Force
61110.69750622165,15,13,6468.055762337519,11794.306240574886,441.14833024566434,931.6850427276065,298840.67353433697,458.1849192140105,2624.943266685282,3146.3247620821185,3381.8731553741613,0,0,0,1,80,18259.845745377006,BENIGN
40584.13523673596,11,16,4643.0432502449285,11152.285165798341,449.9148024742264,675.6677237788691,389199.5806712582,665.2845956308596,1621.5652424535645,1447.0435136520234,1933.8517085803844,0,0,0,1,53,24606.01156049573,BENIGN
76194.42324377931,15,13,4285.262520836676,8273.500714818565,259.7946602701739,681.541467447229,164825.2286847065,367.48096262131605,2721.9696555995347,3084.696628039261,3136.0607308845,0,0,0,1,443,10808.522005822053,Port Scan
14571.521280461278,19,12,5481.729298765295,4939.247572219058,306.0575588190533,401.1253257360378,715160.5292549431,2127.437444816926,517.4113310934296,641.5398565807033,531.907506193038,0,0,1,1,443,24471.732670442594,BENIGN
2425.068903534353,182,1,12220.380694846875,52.160921192423324,69.23394825795384,54.41957987489096,5060698.109712679,75461.77336787892,23.578061422112054,26.51384858061408,22.107455422761827,1,0,0,0,80,344.4980788803575,DDoS
4839.918786500302,6,16,1830.7937147218931,11055.441310064496,286.0398148915923,633.1375201343369,2662489.928700704,4545.530817864814,188.86276152446177,187.0945172247363,243.920947979345,0,0,1,1,8080,616.8080065889567,BENIGN
1574.2019853409297,204,0,10652.492661027321,0.0,48.74210376350542,40.62208386115711,6766916.037601287,129589.46939443678,46.33766725413421,58.01829679083204,45.28993081778453,1,0,0,0,80,205.47509402744996,DDoS
107627.59005938392,8,12,3099.821358314985,13073.378681102355,419.2036194683857,1124.8674310476008,150270.01933699078,185.82595772110966,5600.327994761926,6506.929923232667,8393.058347839149,0,1,1,1,80,17187.393423890793,BENIGN
54555.324898237006,19,21,4204.66811697847,9369.303319714221,237.52007986259514,440.5839409955212,248811.1190248148,733.2006559325363,1643.7256390790258,1422.0836513358265,2476.6981179570366,0,0,0,1,8080,17417.582373117843,BENIGN
44150.4588094413,8,17,3081.367079704663,10435.541547046818,388.6691539443934,674.5618940707942,306155.5642058464,566.2455311711033,1389.1466076722854,1124.1755066545945,1572.7060055404984,0,0,1,1,443,23683.79490774855,BENIGN
48697.45516041315,10,11,2807.6617033798193,6870.883549165133,278.59576445638686,675.7132218562643,198748.48122274733,431.2340332944379,1768.4474719121843,1988.122938562498,1816.713909878905,0,0,0,1,80,5009.105250784113,BENIGN
6597.156641848073,15,12,4009.160961175125,7812.991735941831,252.26352546982866,721.3286612715517,1792007.275092561,4092.672262581966,219.3824414547865,191.14250995506285,244.91685367103537,0,0,0,0,443,20605.24191548843,BENIGN
23798.21741736004,17,19,5409.325491765102,12953.065630937326,342.4479370634904,679.8409683964665,771586.8294113345,1512.718342246052,590.4668903084112,704.6954072505754,704.0574737262986,0,0,0,1,443,9572.353353011327,BENIGN
1161.7022335979893,120,2,10449.737445168714,99.22577582145733,81.21153596449054,46.326354588122534,9080608.537971249,105018.30544144282,23.7348940524687,25.123682947409165,24.78442594195676,1,0,0,0,80,307.9794379842231,DDoS
3019.7378541849057,10,11,3927.130490202616,7038.380812745088,433.6383050424911,702.9057842779081,3631279.2144361613,6954.246035263338,142.2640151600343,183.96294894166545,149.9630919077831,0,0,0,1,443,4963.887582690045,BENIGN
158334.20135088183,12,12,4611.6445894296985,8360.846746745094,353.11965064387795,649.1144213858613,81931.07506461392,151.57811638443164,5526.33574693081,6493.759433329796,7148.324756186132,0,0,1,1,22,10465.39019496006,BENIGN
1338.8975891893283,126,4,5802.391251340571,146.15754007413227,45.85945642704954,34.629753409920184,4442870.64182139,97094.8047480704,9.414604343343976,9.222132705015214,10.285502553074055,1,0,0,0,443,79.63573174441157,DDoS
5539.705060083315,15,18,3013.1791687650216,11922.364495899163,195.11058983042028,728.9293751137551,2696090.0449887053,5956.995840407375,154.1404175895139,159.4235515683889,169.0831498675473,0,0,1,1,80,13039.220977404288,BENIGN
57771.01377533833,15,9,7597.148049556107,9470.930536970267,480.8128592853521,1045.9971281917606,295443.63983123505,415.4332498531517,2847.022444344966,2991.2555761256804,4129.118784237568,1,0,0,1,22,20278.786402519825,BENIGN
16764.765300237723,11,14,6502.889875479894,10851.748595284536,544.4689268886298,748.3847756865539,1035185.2924847294,1491.2227849468015,664.5447345890803,747.637398708779,577.9428482239906,0,1,0,1,80,5159.78295059035,BENIGN
98869.50674608641,9,17,3573.1193370316237,15490.217800399589,387.9838247296991,859.7013275331352,192813.11058210375,262.9728907900025,3357.939333264588,3929.1533800144207,4814.942403006683,0,0,0,1,443,9790.577356994856,BENIGN
81448.00203025324,10,21,3519.8770928526005,17503.17617165315,330.6160826755571,871.5141885052487,258116.25503958832,380.6109324632087,3024.076179331194,2571.9870524283942,4298.386617894457,0,0,0,1,53,4793.626393696643,BENIGN
62944.7621372512,15,4,4116.190204312341,873.1730026189607,290.771853238806,204.17213565971448,79265.74090552576,301.85196281416484,15035.988337968,18968.60748304012,17236.108350276394,0,0,0,1,9001,2538.3849701738773,Botnet
3546.8743193123505,145,1,9514.339687582826,52.682150288579315,68.45331393744146,49.261447549692555,2697310.6393367243,41163.00349438537,13.62385256505129,11.57450728569639,15.635748143858732,1,0,0,0,443,121.58969562070722,DDoS
136648.52823848973,5,13,1726.8928480286233,9210.932119937765,339.607491335532,697.9056249606197,80043.48900763014,131.7247996157338,6663.812119546892,5336.580825019021,9449.10363611784,0,0,0,1,80,16145.164247391083,BENIGN
158888.31100858195,16,23,3643.6080022933,15331.349570843766,221.4830355828481,696.0370598784067,119423.24424426779,245.45543817816474,4137.282630900486,4763.741895428168,4497.138687634593,0,0,1,0,8080,9757.305748114728,BENIGN
3274.290687869112,9,18,2150.568797008907,12756.624182283733,264.5698725857498,647.0865327390283,4552800.713303237,8246.060772805555,116.3064678097977,141.72023229440737,183.9959902118613,0,0,0,0,80,10100.485282213489,BENIGN
129926.79407669138,13,15,4499.19130954683,12634.347014263361,381.43583751503303,789.8160889953518,131870.70800574703,215.50597164332822,4429.793075031327,4053.1341261624625,4115.853467118175,0,0,0,1,443,19756.44630757942,BENIGN
939.2043559960836,143,0,8468.180245569622,0.0,61.15297186290608,41.90551414456555,9016334.082680654,152256.5340408156,47.955270849511976,45.850823832438515,51.58936924198387,1,0,0,0,80,490.6311947001532,DDoS
701.6405457350132,111,0,8169.334456409221,0.0,77.1334055869502,45.7199587249269,11643190.385828292,158200.663679891,1.5764446763786046,1.6131495940099863,1.4839964203688443,1,0,0,0,80,287.06357717435054,DDoS
17473.78345420874,9,14,3447.2195371367684,5293.319758290905,367.77801338919255,373.48333244530926,500208.7451943572,1316.257584413421,519.2365999745942,488.2276121738167,716.3181757162187,0,0,0,1,53,24363.202909274652,BENIGN
16466.501365233577,14,13,6595.988205979573,7613.261606635002,496.75404454041745,534.0363778112265,862918.5700986347,1639.6925734938598,652.6286716134259,902.3860358278134,908.6790235571756,0,0,1,1,53,19850.38582683727,BENIGN
16181.924247271267,15,15,5801.244805483892,13429.924522451518,351.9720121591244,881.4825746334658,1188435.2586299083,1853.9204325504647,621.9169797091151,556.8138635569036,932.5509530494807,0,0,0,1,53,6259.361428360458,BENIGN
65727.33309695648,13,5,2054.410735656267,1000.3696137874942,164.43960472471707,188.5307817254508,46476.56013880188,273.85866962603865,13711.45856415556,14655.684302631747,19852.02087405375,0,0,1,1,8080,3348.1392652500895,Botnet
33420.46084372576,10,8,2596.538158959222,5593.550474639853,268.87631416695274,700.6544463302655,245062.1094633006,538.5922140382231,1419.8806225832031,1216.736432276811,1475.454344780606,0,0,0,1,443,11335.829142306671,BENIGN
58.089675848422914,1,0,42.560851000272265,0.0,47.212569404402515,0.0,732674.9612328531,17214.762957351726,27.555530461805777,24.89307841000613,32.46918468575401,1,1,0,0,44794,10.048429217387744,Port Scan
7259.17737391228,6,4,626.3134928511582,267.6939071642572,113.06261092325178,61.00594647649879,123155.46982337983,1377.566559530226,140.51994072042177,130.8134399411301,204.70513293160923,1,1,1,1,3389,2718.8871298174313,Brute Force
12842.846661699496,5,3,453.2021331565844,117.58651612376924,88.57113834215795,41.22105744459769,44444.091276319974,622.9148576427338,135.99829957482166,149.60310771623796,155.00659326807053,1,0,1,1,21,2231.6062997080207,Brute Force
1612.6162501432095,156,3,10640.351846757598,98.07294579963853,71.50166526466832,32.2748235868399,6659008.174823739,98597.54295907653,2.1262802622888874,2.509662789139744,2.4068493829046647,1,1,1,0,80,323.1123490012063,DDoS
853.9259467028457,141,0,10503.790792197824,0.0,75.44755239406582,51.28855339191931,12300587.460487362,165119.70451820223,33.99340319955312,35.83833148571493,46.1759589717287,1,0,0,0,443,251.4874010550935,DDoS
32733.149937701288,13,13,4895.001220305993,11679.254242010373,370.09448777311445,968.5515053803317,506344.6534739549,794.3018025910729,1101.7732991215369,1040.8052533524617,1166.5920407025123,0,0,1,1,80,4957.660396657815,BENIGN
2472.9573870503723,121,0,7201.111917650398,0.0,58.839499230822085,46.31763739298266,2911943.390273921,48929.27012556538,8.795304444264913,8.244587076145617,13.40788868915817,1,0,0,1,443,445.83284052431486,DDoS
9137.3717028548,10,23,3031.919761081067,14518.71232816549,284.24991835376784,633.908711346832,1920752.7788065346,3611.541816744718,277.91982670469565,371.44011296781406,382.6140052331393,0,0,0,0,8080,17606.163132255755,BENIGN
11747.807813100553,9,22,1635.360048251804,11556.722635746302,169.9969607168464,507.4771281528108,1122939.9470841675,2638.790189045346,627.6302729354463,627.7199978189293,886.0119131470012,1,0,1,1,8080,9979.070689354587,Port Scan
12920.123965113104,9,5,2459.7472037770053,3096.631472124786,267.0229029387549,637.6534231108295,430056.14272007876,1083.5809345020818,1040.230035185006,1083.2048352593595,996.824023517105,0,0,0,1,443,19088.38751988791,BENIGN
56672.419333575745,15,24,4293.308276043814,22692.60962379232,271.1394995601544,906.1411491808815,476173.7405455751,688.1654331791397,1384.242110184427,1648.4356071583882,1962.5277237645957,0,0,1,1,8080,13319.616909823539,BENIGN
10010.380894536062,5,4,660.1891178652386,305.82083579633695,135.4313514441499,84.220171365685,96500.81888380992,899.0666883527325,99.86964891216158,124.18734111847736,95.16136841543697,1,1,1,1,21,2895.8643865365557,Brute Force
446.4778696515844,1,0,50.84465440090855,0.0,46.45688519794302,0.0,113879.45037586281,2239.7526685485327,17.365931717305884,17.753046250894645,15.429451978191617,1,0,0,0,48397,13.957927885482679,Port Scan
79580.04788934242,14,16,4950.52697537354,10784.378086961964,333.52425561513,674.8870203185982,197724.2472160257,376.9789136306575,2592.417504123038,3075.620263815526,3938.007199587894,0,0,1,1,80,15161.109794502952,BENIGN
27950.236028200765,15,10,6306.615546767962,9553.274897840407,464.8489270048343,1013.2393478430685,567433.1489940307,894.446829528592,1319.1013095442847,1589.9253572508405,1971.52994392776,1,0,0,1,53,2267.8685821687677,Port Scan
28032.053921791005,10,12,5373.739031535371,10510.808753770672,503.96546108341647,796.3437609947105,566656.5792725601,784.8158419422158,1310.036252031659,1268.4700167470328,1657.2218666572353,1,0,0,1,80,11546.603651761607,BENIGN
975.1503438855564,1,0,40.60757382750632,0.0,44.46815856611784,0.0,41642.372463001484,1025.4828973504007,15.97751330598166,15.396870449920577,18.871386948394438,1,1,0,1,57199,48.758064930285755,Port Scan
704.2541050285389,139,2,6886.88948749897,83.57123407370219,53.115512591047874,45.028481887625844,9897650.112085897,200211.8255232409,7.566803215115977,7.572886827455894,6.477976524760668,1,0,0,0,443,226.936329506187,DDoS
8411.478444385728,16,22,4179.599417114196,10369.509759348193,275.3831228101539,451.0395569825624,1729673.2402819442,4517.636257555084,359.3104935673646,343.7858481016805,552.6666276355946,0,0,1,1,8080,19674.220560934238,BENIGN
26.083703649435495,1,0,42.02855968834859,0.0,40.87522529508183,0.0,1611295.7060550782,38338.11384456678,12.691780929031381,13.368517639334147,15.375186101995094,1,1,0,0,43219,44.9913781625248,Port Scan
528.4374530275869,1,0,38.969509153077325,0.0,40.0,0.0,73744.7902865487,1892.3715460943972,18.272195802396343,17.72269317322529,15.239220435327708,1,0,0,0,12598,5.705827361476984,Port Scan
187131.07722165907,19,14,8621.192828225849,9106.399048898926,491.9578908421003,667.0655536172508,94733.5532949785,176.34697822484662,5714.383871216758,7370.352962982714,7456.416648208177,0,0,0,1,443,1513.5951638409672,BENIGN
612.9016982091022,1,0,50.32399783002227,0.0,49.61695612357206,0.0,82107.78005195435,1631.583013918869,5.850325869765175,7.3478697712822,8.886733713755937,1,0,0,0,33040,38.80656184512704,Port Scan
251.9700440202185,2,0,95.1705219935717,0.0,47.79502403630245,0.0,377705.70054722484,7937.4514846674265,42.88434325822853,57.69990611569767,63.91318027394272,1,1,0,0,34941,48.12594415394524,Port Scan
116218.41992274698,16,11,5647.074801336017,10956.799284113094,322.0997065338486,979.2342481491693,142867.8353782996,232.32117609194404,5713.743080920096,7739.616598860616,4709.044485665549,0,0,0,1,53,2633.85974746713,BENIGN
61300.60101640095,12,12,4776.999916445312,10796.692506804899,439.3080465316402,959.2123936348586,254054.4817673725,391.5132902788149,1756.044091542225,1584.4214275904164,2429.5567155589274,0,0,0,1,443,20436.202574915293,BENIGN
1216.2035127556042,156,1,8991.53211409331,38.93984939860799,63.83053663296023,38.503532808638646,7425132.281546526,129090.23724514527,22.862717912731355,19.32321232905096,26.247858512493956,1,0,0,0,443,178.1387834662519,DDoS
632.4691180666825,174,3,10572.034341354201,129.71418169159676,56.228700024048166,46.059629923598635,16920586.6616202,279855.5612344357,39.682408345295805,43.957394687403664,34.896483786287995,1,0,0,1,80,379.9423424527855,DDoS
1269.425722839513,11,12,3812.5597488789235,9187.780199444042,374.10951429084355,812.250175116289,10241119.046526942,18118.429133886217,48.81258980747897,61.34744073946039,78.00047338776042,0,0,0,1,443,1980.6091549083042,BENIGN
5879.460357724689,8,21,2516.8727125323517,23929.810187449166,343.053446525149,1060.5583299996847,4498148.008640747,4932.425466888053,159.82271973699133,171.78550253842272,150.87046821161988,1,0,0,1,80,11471.204319493692,BENIGN
82018.59779582164,11,14,5124.887129136936,9683.265079685645,506.71775538175,737.6591324267505,180546.27373277245,304.80891739011906,3140.5448721843527,2984.1933858528555,3073.122104914836,0,0,1,1,443,16601.54677131438,BENIGN
50818.60011584417,17,16,8383.903590649918,12920.144940277823,455.38239871760214,797.2344618795604,419217.5400810694,649.368536810822,1724.924684154112,1773.350438901503,2333.4745931351945,1,0,0,1,443,11816.841711478173,BENIGN
9062.95035789291,3,4,414.15581356548506,370.9194279801604,127.07153680328786,92.36969264087475,86624.68738581632,772.3754101669232,188.79401060795735,179.93250106238182,196.4045038061263,1,0,0,1,22,2091.9481224552555,Brute Force
15533.4876319266,21,17,3120.910055192104,14722.5823058057,162.34382901966623,790.1445498083707,1148711.273592117,2446.32763101424,449.36757369906667,400.9939522375127,617.800605913398,1,0,0,1,443,1797.663132303156,BENIGN
68591.30410771123,17,18,4808.072153900596,16496.858888999075,272.8691664917618,854.1387329333822,310606.88114988775,510.26876446376235,2192.2439122013348,2662.031735751435,3066.9534334049276,1,0,0,1,80,3938.383471909937,BENIGN
17558.877752806013,18,14,6878.902277913891,10843.97461921215,388.4277556116093,770.0924202613382,1009339.9559259315,1822.4399332631729,593.5302714402975,515.3220373718025,836.9776841898888,0,0,1,1,80,24506.656085982784,BENIGN
129043.16575584732,11,9,3539.355583757315,7562.415549268741,310.1560404944118,891.6861935688574,86031.4536457581,154.98689824334028,5671.437173382869,5074.421453072839,7001.911550993951,1,0,1,1,443,18261.397061450414,BENIGN
1204.0523768718,172,0,13441.367458142664,0.0,72.45378976214639,46.12689046167537,11163440.823948322,142850.92850102272,64.12083729718564,75.88333307796934,93.74092802660421,1,1,0,0,443,155.6430229601083,DDoS
35868.7775404808,9,13,2773.167311489627,6897.864281197514,320.9896561558889,579.7701664679435,269622.55911210255,613.346802108637,1391.943381814389,1216.303453254232,1393.5392778078378,0,0,1,1,443,20632.746681409004,BENIGN
546.4659762992707,1,0,46.224715055256034,0.0,46.18550165916058,0.0,84588.45941021804,1829.940093932495,35.2681182359446,30.81314311606484,44.61522995304451,1,0,0,0,63751,15.50482252379251,Port Scan
468.7763874081943,145,1,8962.096021093595,48.96065579591655,62.69961583391684,48.07772717863438,19222505.48222045,311449.13421773573,32.30634133907964,44.35001360042158,28.827681472207654,1,0,0,0,443,235.9629466545449,DDoS
280.8579963380302,113,1,5958.481928331649,63.55883787748163,58.49123894435972,60.0,21441585.586764734,405899.0717244662,7.786548701333205,7.721004656219264,8.935310317978809,1,0,0,0,443,139.27583275913213,DDoS
8467.461208108927,9,2,1224.9568428286298,146.1270143669457,126.46406277227753,74.61063416485939,161923.8427549626,1299.0906872376065,86.27469306920304,96.04316167410177,107.08412755824963,1,1,1,1,443,1831.1558712192798,Brute Force
10.601197520140566,2,0,81.87758238977489,0.0,40.0,0.0,7723427.682035042,188657.93191762746,18.54292317388011,21.214133119634443,28.557357048196582,1,1,0,0,19111,14.52565766006626,Port Scan
79756.35522503324,8,18,1175.881821566463,8402.337319752454,133.94687125008065,503.17466301158606,120093.49116185024,325.9928306232246,2889.872393808345,2800.4277371068893,2472.0285710518115,0,0,1,1,443,11878.614814101138,BENIGN
31485.966259570225,16,10,5374.4751559155975,7268.853226590382,331.02795974625536,760.8302652863293,401554.4029449315,825.7647164344924,1090.9963621650531,1023.6918358344584,1660.6094421300336,0,0,1,1,443,10384.384216791836,BENIGN
693.9497332948471,135,2,10395.258655478101,89.55543335070382,70.42422905433347,41.303109205152424,15108895.624251205,197420.63931565935,5.1097370254526435,4.178187915809692,7.957259588015972,1,0,0,0,53,380.1224282436532,DDoS
1792.2717702829104,8,15,2513.4306001015893,14887.599886867647,340.09173765663473,905.3330034809339,9708924.04572242,12832.875226489477,74.05022523525088,91.96840285079787,64.83116165070173,0,0,1,0,8080,8948.0936461251,BENIGN
9154.761992553953,14,23,4095.2409556508055,17086.465438873038,318.03732995487695,703.5378190142194,2313736.4370315727,4041.6124449869953,289.5145433000065,244.45838817123138,392.0621764219466,0,0,0,1,443,7515.858303369393,BENIGN
3673.747616125863,5,18,1534.615809585391,9492.130338887018,324.93498928733453,568.8270436738444,3001498.0071223904,6260.6369308119665,170.49757022251,222.99053163861106,154.26619687312646,0,0,1,0,443,23411.057248793844,BENIGN
27720.575744642734,13,13,3200.669120512079,13408.277567875326,260.6120184892818,1087.5004133303023,599155.9064785024,937.9314571063608,924.948022059923,925.1431210073964,1248.832880875923,0,0,0,1,443,20962.45047158823,BENIGN
8816.96708405486,15,15,2471.708395960458,7273.48360800937,171.57832672168777,536.4987809389138,1105277.1220608985,3402.530565669665,279.40685286630827,331.8357562638288,259.5065945040019,0,0,0,1,80,3487.003623893642,BENIGN
658.2825998361169,1,0,40.28588526133927,0.0,41.31649856384817,0.0,61198.46593449175,1519.1044093356797,47.37292181273263,58.867107032897515,52.17276575957304,1,0,0,0,41243,9.552890056736363,Port Scan
241185.3235882889,13,12,4894.277379891517,6384.5671727057315,348.6028606334452,534.4081536276792,46764.22422721956,103.65473167295951,6079.8122156349455,5966.221737917907,7799.574058181545,0,0,1,1,80,20100.420295837295,BENIGN
35364.01599528033,7,16,2756.684793366284,7774.235116138764,426.41443125351486,499.39004130835394,297786.3122477521,650.3786222432874,2073.683297982568,1949.284930476255,3222.904538491632,0,0,1,1,443,3124.8891186752803,BENIGN
38243.53508173843,17,12,7773.149285498585,9149.495737908688,423.6642062365296,760.5412267969028,442496.8818190649,758.2981002676113,1236.596920370966,1316.987316473555,1032.70063835001,0,0,1,1,443,6175.886337335632,BENIGN
2558.14771199345,145,2,8377.57671043977,106.74992037552029,61.33771548292101,59.12643642346264,3316589.8087268127,57463.45268133462,19.416388808658844,25.7746574086176,22.726311340225323,1,0,0,0,80,447.0715374257939,DDoS
1364.3368195237874,8,13,2633.229638612846,10507.449928898382,345.04654363147904,782.4635618950997,9631550.933366949,15392.093579450497,64.07081737885106,74.31550382693862,86.85900222416214,0,0,0,1,80,4769.3440727379075,BENIGN
55388.434556148684,14,17,3343.7548547609713,9704.869497467267,261.1201294004267,577.4537324669886,235583.91669294267,559.6836279706462,1973.9307047254113,2156.4098613434653,1954.004710299384,0,0,0,1,80,16124.737944246961,BENIGN
2615.5692660472873,151,2,8762.118218950203,55.180009858882606,58.30877502014458,28.846128139158743,3371081.9068209976,58495.87009072689,5.230975701424621,5.456275104838554,6.077921344716407,1,0,0,0,443,184.99688094256976,DDoS
11319.03568155417,14,13,5120.945298745186,6899.891757587074,362.8728888910693,589.7295437306109,1062001.8696399876,2385.36221278991,364.9825168361685,502.62031828828935,331.59949094291073,0,0,0,1,443,21558.094400580198,BENIGN
5522.805336700463,4,2,420.81370306831155,103.25874099789266,108.14132690383057,48.21309568314394,94892.43457190278,1086.4043967163673,243.99985855778962,223.925409026198,204.97579342422412,1,1,0,1,22,797.7217323652994,Brute Force
57956.75865276513,9,6,1645.926739451241,1142.7044860630724,178.5817975958438,181.43409653777744,48115.72093294191,258.81364570211946,16136.693626420183,14006.03731804849,20547.80748453729,0,0,1,1,4444,5984.3520526256025,BENIGN
8435.418045101713,4,3,683.7106380267603,302.9239285532877,155.4456834213699,104.65235660274519,116963.32787596318,829.8343914401216,306.7917097953484,324.4870109387529,276.748143458849,1,0,0,1,22,2599.1083556396584,BENIGN
536.9454989734269,1,0,45.83111527164478,0.0,44.1288581000878,0.0,85355.24622008785,1862.3864096297964,21.70073945459049,20.132220440447913,30.63530096125064,1,0,0,0,50002,20.662713742822476,Port Scan
188108.7215542761,19,26,6112.050900215251,20440.45780682891,336.8832192946506,797.0028098399653,141155.11757057373,239.22335779107343,4167.29483072803,3672.225726825697,6468.335658976719,0,0,0,1,443,15856.28768831707,BENIGN
201828.9326581807,16,9,4517.179123632067,8109.487503893225,293.4844855433229,841.994511756472,62561.23173831537,123.86727547303747,6172.117476798618,6732.627611772184,5386.407197693411,0,0,0,1,22,15615.733626430532,BENIGN
10638.066886136947,13,19,2947.4359630506833,8079.2376446456965,237.111599279387,449.51803211751513,1036529.8249878319,3008.0653132291327,351.54054721616234,430.9400903898216,373.6603422643389,0,0,0,0,443,16821.630574124778,BENIGN
14265.341944481757,5,2,660.1334715988379,110.6816971071588,132.5980184554007,53.57846743190031,54034.11791360319,490.69976921988894,112.48519485119982,116.84906224281485,153.4758387850273,1,1,1,1,3389,967.2351505933448,BENIGN
45097.965467113914,16,18,4053.395161392587,4257.729356357875,244.8391381634811,225.10778752630813,184290.45371927152,753.9142763500781,1372.2626860954338,1425.7975214326493,1319.7547946922598,0,0,1,1,22,16336.275936291588,BENIGN
88339.34604551863,15,7,2615.7593576917425,900.6589496785834,175.92656051814276,124.71128467539405,39805.79962136487,249.03965203301433,17040.263773008453,22356.916014289593,18308.087078391323,0,0,1,1,1337,6564.834558610168,Botnet
3670.2170731260603,147,1,9509.031976394914,31.466302646999022,68.63368910787283,28.99115677801297,2599437.060248841,40324.59035834164,1.192771914824825,1.6564549104819632,1.2008434004921005,1,0,0,0,443,320.29461644240234,DDoS
12127.956900935655,4,5,454.5076345316063,464.3155686919823,122.5962268422237,100.98656691874865,75760.75762214349,742.0870698596945,156.3619829703183,190.65136058722018,249.96234778769804,1,0,1,1,443,1901.758140441214,Brute Force
70.9499047615095,1,0,48.596950412551,0.0,47.793661382696854,0.0,684947.3663975229,14094.451618524265,49.642188757537355,48.17591054544608,60.01100649682734,1,1,0,0,63353,25.157568085300124,Port Scan
1679.4932786368286,133,2,9419.95550384342,74.48023502316993,73.161546515708,34.23041686284081,5653154.948362049,80381.38747990323,4.592317469006508,4.278858654773384,7.112512908713141,1,0,0,0,80,201.527646558103,DDoS
667.630037534491,1,0,45.5984680773063,0.0,43.439019446335635,0.0,68299.00620663821,1497.8355433091763,26.827707994606005,31.57048027548595,40.205223689723184,1,0,0,0,51351,7.5318535463488265,Port Scan
11818.492672791597,6,12,2618.312754325108,5673.729406830717,458.43440303282165,453.38339364243,701615.8820528503,1523.0368625128822,858.1677830034554,808.4418062298498,1194.5656214687763,0,0,0,1,443,3466.9077380053527,BENIGN
29996.56430117216,11,14,4489.420236388365,11318.359735108133,393.68173757245165,752.7558456233795,526986.3512628607,833.4287803427904,1171.5800826311056,1315.493489047133,1737.5340614725835,0,0,1,1,53,5151.5154765642465,BENIGN
43647.735571701145,16,13,4359.009307045226,9265.06262428371,272.42671766460364,780.8346835637758,312136.9700599555,664.4101834873204,1305.0315965764182,1334.2419724971446,1828.6424600381029,1,0,1,0,8080,14646.100754230907,BENIGN
13418.200490853116,12,16,2759.0151608096035,14404.58898168287,255.10690168988924,820.5705879159123,1279128.6099945006,2086.717963342921,456.0436594041714,537.9370866985786,668.2395351081304,0,0,1,1,80,17853.96577194715,Port Scan
18391.113082099382,11,14,2669.877091157419,8534.684562412283,248.5333457833167,642.5544671755574,609237.8206556424,1359.3521984448696,512.3121044276496,589.1460935203366,505.9684417593841,0,0,0,1,443,14434.40245555108,BENIGN
10762.923782484904,3,13,833.7256679641426,5414.263866079035,256.4428469855544,396.9004266252326,580510.4319525958,1486.5849023327357,540.0368937168987,731.7978385972522,695.0299353690315,1,0,0,1,8080,5588.720650448244,BENIGN
502.46591655839035,1,1,36.928253578540904,0.0,40.0,0.0,73494.04678326985,3980.369481971788,19.386480815534174,24.94999508737989,20.467090475914027,1,1,0,0,53449,23.35335287112571,Port Scan
31.07697976655854,1,0,38.435191244676304,0.0,40.0,0.0,1236773.6998057908,32178.159123303372,15.093532259378646,13.320976526997073,14.600369136426707,1,1,0,0,64484,13.179842801960401,Port Scan
45714.7187011241,7,16,1988.2357371618136,10327.875989431759,275.2090519740757,715.8910387127908,269412.3922562981,503.1202346528809,1911.7564379966216,2472.6421674050507,2421.9169234939736,0,0,0,1,443,21789.791011596673,BENIGN
29.468307915005177,2,0,74.76204597393712,0.0,40.0,0.0,2537032.197083447,67869.52293862811,24.461691984263666,25.609665234190768,32.75481460413537,1,0,0,0,7044,16.12951691523638,Port Scan
48689.60391835585,15,15,3170.86028689199,6534.4006015473,229.33151142257412,452.133276409943,199329.22240881965,616.1479573813102,2143.1422498300185,2713.170219142421,2217.102491549492,0,0,0,0,443,23107.446595033492,BENIGN
903.5863101908325,165,2,8326.832382007697,97.5138183200571,55.4772303879614,45.79631469490879,9323233.547604963,184819.09045825462,2.3123864576959834,2.22338441589098,1.9513757837775976,1,0,0,1,80,462.1652648387358,DDoS
2168.3157330200115,163,0,11238.472577939792,0.0,68.5742773997274,24.934243915718934,5183042.490904654,75173.55407137825,6.239768270980024,7.5737152954318985,6.131842570036292,1,1,1,0,443,452.123558851683,DDoS
8665.691909646253,21,12,12160.473170970206,8641.851639233533,543.0518667546419,719.3116784633125,2400538.2405815213,3808.1206144965645,233.48424526618095,278.4511127517033,212.90594542259524,0,0,1,1,443,13432.199167986513,BENIGN
31073.656264982867,9,18,2475.7828274563,15741.775708610308,279.93281518268293,846.7563216619994,586270.1955867391,868.9032204564385,1097.955935798075,1514.3336591335126,1291.6375983889498,1,0,1,1,443,19240.170208024345,BENIGN
70572.9046647998,9,2,1386.8240192303545,322.0988260096835,157.72952185416682,174.5236384522411,24214.999415950224,155.8671851788829,13842.559265724722,11453.502130669938,13556.585569094446,1,0,1,1,4444,7407.623932194812,Botnet
2484.0923278071728,129,2,8523.998681636454,90.69628943928885,67.46276983136717,46.121850837577725,3467944.7597989836,52735.56000055762,11.42709641910813,14.789488353222724,13.861312341410303,1,0,0,0,53,238.47219567547438,DDoS
332.59652532400787,1,0,47.1882579532845,0.0,49.393845124311085,0.0,141878.38525166427,3006.645962479082,30.414385946297433,29.348618233875634,32.21451744235931,1,0,0,0,35316,14.889731922467709,Port Scan
90683.44008370802,13,13,5332.525470073735,10827.330611462987,427.2956371146026,877.345396183936,178200.7394803273,286.7116639598138,3720.489989365632,3000.926757710375,5830.405441128824,0,0,0,1,443,1217.9391827163272,BENIGN
75261.89146284043,14,18,5918.228334548683,18155.083659331838,406.52184478220727,1116.2900062126946,319860.5765278488,425.1819795918839,2174.603215948057,2761.583674031027,3375.3144113772337,0,0,0,1,443,18567.769351572962,BENIGN
44272.701281560614,9,16,3865.857086418988,19913.15326555603,424.297616122109,1195.9099944744557,537103.2185442651,564.682056353593,1394.9261958249806,1655.9346248080856,1218.222070413237,0,0,0,0,22,4572.6302823574815,BENIGN
352.1373314786839,1,0,37.011888509468356,0.0,40.0,0.0,105106.40366941276,2839.801153149062,42.47164629191188,34.65577869062644,43.216908177859914,1,0,0,0,21490,18.635718104147497,Port Scan
120655.37882593491,16,16,5027.060383912641,9118.037935976718,304.52460344903096,547.2556423539262,117235.53858544485,265.21818017052703,4607.326900945967,6031.259759004051,4327.084905287437,0,0,0,0,443,10328.144787105937,BENIGN
47511.85409734066,11,18,2823.508629236626,17816.39449223678,273.97879240529767,904.5079618805013,434415.8634429858,610.3739908904795,1809.6445855446377,1986.292739101542,1527.5350215358676,0,0,0,1,22,7335.778169011933,BENIGN
31074.289649436203,9,16,2454.468280908744,13264.292088192004,289.36156769571693,883.1229332991036,505844.55980913923,804.5236200742431,1221.6716244426746,1642.5449261077536,1625.3725628030152,0,0,0,1,443,17426.902677831837,BENIGN
51789.94064111237,9,16,1968.2425463057668,6990.305867136485,201.7910491229219,447.3053403732914,172978.54182769023,482.71922482479675,2125.7371016186057,2142.758149147884,2993.2249091245167,0,0,0,1,443,2948.372110728078,Port Scan
294.17297527353503,2,0,106.35808173316505,0.0,49.63217100116567,0.0,361549.46467896516,6798.721052266312,41.2966482785746,38.972437491903904,57.04099339180427,1,1,0,0,55659,39.6187522259267,Port Scan
37469.60167352727,11,24,554.0080428943166,17997.622256079158,53.40442418558638,827.3999231928517,495111.48959131923,934.0905277017642,1095.32519261814,1202.8619436460604,1600.0787583900117,0,0,0,1,443,17330.97227155813,BENIGN
130360.67455195363,12,17,1314.4620278778864,14690.837941078076,100.9611104885829,802.1108799304476,122777.05699180966,222.45972644489814,2717.039693817983,3434.4174765945363,3200.4454976802567,0,0,1,1,443,20787.885573799667,BENIGN
318.6814681573752,1,0,47.92981618281065,0.0,43.84994210313088,0.0,150400.38713246217,3137.92956265084,26.90804847087653,24.590533814131614,21.71555692982448,1,0,0,0,55197,30.4550061248883,Port Scan
1767.8565578755754,156,2,7423.571924123605,82.2278668765382,48.90914901078305,38.73964307711329,4245706.337181466,89373.7669473975,8.827739482516533,9.369583835724828,10.902284861252589,1,0,0,0,80,430.75230047756367,DDoS
19006.34848151379,11,8,6305.1061646922935,8066.89704178233,558.1908068677919,978.9419581297254,756168.5623334389,999.6659809999819,780.5643267286703,998.879032773087,1064.7585645941201,0,0,1,0,8080,21617.019411875146,BENIGN
2826.629918296273,5,12,1447.705361404839,8223.07519887206,321.69717255696315,677.1984653435468,3421311.186752697,6014.22913199992,149.283055138385,186.7733164078429,163.236569745648,0,0,0,1,443,7190.032321288127,BENIGN
560.2462790250711,1,1,41.0640108189192,0.0,43.772835940806324,0.0,73296.3561853154,3569.858604827074,41.146278599920485,57.11132798546067,57.099018747276624,1,1,0,0,48808,12.999450763036101,Port Scan
265.1544891063476,2,0,105.93368559836276,0.0,57.2067958832248,0.0,399516.8475381727,7542.772542681124,12.768239078013297,11.308452019868845,17.59042243608776,1,1,0,0,15156,29.74597499084018,Port Scan
225.1023640644543,129,2,9679.431476416381,44.69529261210066,74.17330156391252,22.918851255591896,43198687.89225218,581957.4598625288,7.218674932145701,6.661799289916482,11.153632697830481,1,0,1,1,443,163.18024967912046,DDoS
15337.081839621023,16,24,6475.22188807313,10988.584593138354,428.63721867800723,431.61296166176027,1138665.5338890082,2608.0580659526818,293.2327195288577,369.13783808141653,264.2420653143252,0,0,0,1,80,18265.0433587531,BENIGN
41244.37703381528,5,4,1211.7883142922456,813.3539369966882,240.6423089544503,205.96884822124628,49101.050783930325,218.21156354528313,15156.924099250371,18221.456991320763,15659.958095484984,0,0,1,1,4444,4512.068328104331,Botnet
99779.43829196361,14,23,4908.550620362039,19042.39722968839,388.5199978184199,800.2538625857319,240038.91242570238,370.8178822548055,2466.0421210048517,3365.0937324329716,3355.00913656191,0,0,0,1,443,9391.278406575158,BENIGN
126927.2414491118,5,13,1542.1840196325156,8978.744358726628,310.99832493027094,763.3325419471993,82889.44326090344,141.81352871532022,5662.01778632925,6723.57755379961,5265.244752201499,1,0,1,1,443,11124.573796447345,BENIGN
369.6168495864997,1,1,39.44101121109122,0.0,41.89822479052075,0.0,106707.8279986828,5411.008730358082,15.69183641293117,21.25265197768162,22.574557937367334,1,0,0,0,50608,46.89632995857303,Port Scan
3972.275693365528,8,15,2474.101105548651,16109.604176464296,337.89709525225976,983.7464542684646,4678352.339202273,5790.131847699913,158.26521377505844,195.84437175529644,227.4658068485603,0,0,0,1,80,17734.133641874472,BENIGN
81648.79249599576,5,21,1721.7312934084775,22454.876078526337,347.9617556419773,1084.9687321075155,296104.89797654375,318.43704242503156,3105.8713139722922,2610.090120923078,3056.493959924153,1,0,1,1,443,15354.3568316867,BENIGN
4639.406028211272,8,2,766.0503343749015,186.57014187370171,95.64163505354816,85.05960233484943,205332.42196434506,2155.448335237757,168.48798538043138,207.1384011218487,236.60509774637,1,0,1,1,22,1201.4496868583167,Brute Force
20645.718598995398,12,11,4642.848185943992,14672.283520657798,368.2861301932729,1243.2228949741457,935551.4371653621,1114.032427096975,851.0461342431378,1103.4343996410776,822.1079082993027,0,0,0,1,443,2967.731344188432,BENIGN
20588.388288577717,12,10,2343.0793076181467,7033.1697553141075,215.26952108389733,691.211811924499,455414.42737089464,1068.5634879057257,934.8156643563558,988.6979692280247,1390.8977655745139,1,0,1,1,443,2436.7915499463397,BENIGN
29245.59984982981,9,23,3824.8561793829135,15187.027140320512,440.9250314164902,672.6033294149661,650076.7095674415,1094.1816944878365,937.319591314261,931.2122241969469,1487.4830433436541,0,0,0,1,80,20146.070668713262,BENIGN
405.2483436786087,1,0,41.857013058092924,0.0,43.97434405192283,0.0,103287.31433702927,2467.622670391646,11.50887743153936,13.003464662798692,10.818860345029387,1,0,0,0,13035,33.812768574124654,Port Scan
3617.0577683426413,4,2,446.8594441407571,116.86945542025605,121.94407711583004,63.86977524327973,155852.88808348705,1658.8067938846434,370.1453583847412,447.43707402260685,525.52366423873,1,0,1,1,22,1718.1399951053122,Brute Force
61630.210740529794,11,9,1346.3682312632009,3548.7566291762428,120.81426547757724,415.3543585367971,79427.3587842897,324.51617087928315,2166.495406184953,1875.0819264191753,3333.9689837867622,0,0,1,1,53,11938.031867945614,BENIGN
1738.0761837978318,135,0,9783.035652657658,0.0,79.41650674816815,51.13590774827492,5628657.560499427,77672.08437607982,3.177844268331511,3.973819534137677,3.14844798907164,1,0,0,1,443,394.0393129635209,DDoS
83.03876739155768,1,0,37.28860977138504,0.0,40.0,0.0,449050.6174731113,12042.567964486274,44.04460391965348,53.33805106370791,46.271979872517086,1,1,0,0,8216,45.49837022902173,Port Scan
18613.16188076114,15,23,7576.567691256592,16928.82573908838,460.91357023728557,710.1891571649963,1316562.6338679262,2041.5660833679958,446.71081671117076,474.8102018571517,523.9155879067876,0,0,0,1,8080,17266.96625002898,BENIGN
140.74560470396014,1,0,48.865008373490554,0.0,50.12674452505014,0.0,347186.7450232046,7105.0176103429185,27.57395700770088,24.966276723584492,33.88651268592474,1,1,0,0,38278,10.70409528498405,Port Scan
3443.463401182772,14,17,5470.701923855988,10021.300736929621,358.1420327585318,635.4093761734404,4498959.581061429,9002.564101407906,114.48747876010532,143.95096838488752,94.88991756240482,1,0,0,1,443,6147.6689271600535,BENIGN
74184.25967796959,11,14,3534.7330459470013,13143.353262894467,343.45917216506183,967.0831511607754,224819.7445285599,336.9987125102257,2948.1757161745277,2529.980150185331,4069.657327705439,0,0,0,1,8080,2358.8485889419735,BENIGN
286.18312615230536,1,0,43.59694024410477,0.0,42.945345288501386,0.0,152339.31095190663,3494.266113606588,33.37950945503691,28.573192958763926,38.03936847279887,1,1,0,0,59470,30.388223759498544,Port Scan
502.7088064379988,1,0,41.6271327263217,0.0,43.43631305401809,0.0,82805.65646198949,1989.223159000566,29.76396585552229,41.56845155715718,28.779792643327063,1,1,0,1,10142,8.43443521219403,Port Scan
544.8173724041574,1,0,39.21953483111084,0.0,40.9801721617975,0.0,71986.57168005453,1835.4774474008113,46.03582930197427,42.686107782914995,62.23551394240839,1,0,0,0,12987,7.3778345165599335,Port Scan
34594.55254376612,14,9,3100.3501704815326,5859.262918378914,220.99682140827895,664.7027671329612,258989.1306593862,664.8445581396762,1397.9004634691885,1124.1828336133983,1292.8947589795882,0,0,1,1,443,21325.943278594594,BENIGN
42331.35454318609,10,14,1949.4707559022424,10957.73438663503,207.31659055034947,774.1630941434277,304908.86204384157,566.9556351076695,1917.8596776014222,1719.1511770127656,1591.3642445620226,0,0,0,1,53,22113.292063429984,BENIGN
19123.871359669676,12,15,4582.407161662695,11247.1583714034,398.753999326079,693.3262782061025,827738.5491333653,1411.8480245030453,799.7491951207912,656.5527415180519,812.9047821005774,0,0,0,1,443,908.0354361720972,BENIGN
48971.3842609524,11,7,3717.9859782596354,4001.985048276878,355.0910850783973,521.2335692458877,157642.49148848493,367.56159278822753,1992.787383258586,2314.184336994126,2213.077629387687,0,0,1,1,443,1807.7699367056139,BENIGN
24752.18659136947,16,16,6092.488448886689,12747.673744915997,366.14546649066,819.8585363166789,761151.4289558494,1292.81507643279,624.7087348139878,590.131947421867,988.351483636916,0,0,0,1,443,12257.8128733531,BENIGN
2514.1006763735218,178,0,9837.832350187991,0.0,58.76122821852942,33.266553904259275,3913062.2105311337,70800.66509379292,6.637906545649623,8.68777214142543,10.541580719221765,1,0,1,1,443,49.22834021567021,DDoS
278.3682658683313,1,0,52.44650006230456,0.0,51.81163478644114,0.0,188406.8929290663,3592.3635076744044,18.913195829058218,25.044037685187053,18.688874122956197,1,0,0,0,33194,13.791643503900431,Port Scan
98628.49612755355,16,13,5343.104107088058,8237.6697640388,325.5818228387703,652.941058073971,137696.2480859813,294.0326694477333,2912.8718845761814,3687.8665381334627,2805.9498810185623,0,0,0,1,443,14584.474507522684,BENIGN
2420.9422554166545,160,3,11077.352200350657,105.62890895140113,67.85098628418636,35.373685932163696,4619268.007851521,67329.15650313477,11.22926030405162,13.272302472364682,13.383794382909528,1,1,0,0,443,25.604795784911012,DDoS
143.34857794728612,1,0,43.420351670651925,0.0,40.0,0.0,302900.47025523323,6976.002233993086,25.588336323679485,33.402770138670334,28.605672328203752,1,0,0,0,8679,8.104289540363546,Port Scan
24807.15362707564,10,13,3493.075783711747,9260.884565319371,385.5631240580675,753.301552311929,514124.2941758088,927.1519153610903,1099.3033563007516,1244.1752793469577,1335.7750732280354,0,0,1,1,443,5418.758124909784,BENIGN
428.0696371591139,1,0,59.79495574224555,0.0,54.4026031812262,0.0,139685.1132424973,2336.0685112742513,31.659525810144228,39.05046968677808,40.65562672799,1,1,0,0,11044,32.562952581776514,Port Scan
1310.0975979911223,146,2,9161.444206511243,92.38501670230832,67.73128170812144,48.09037023368605,7063465.529135533,112968.68281183041,33.1432048059646,33.24698609918328,42.536370507071545,1,0,0,1,443,427.6774634008462,DDoS
7009.730555606629,5,1,527.8667388735514,97.0562014523641,111.7720086588757,94.65799971629832,89150.77910178447,855.9530145136589,153.19438391213262,133.6351811054722,240.58319714911576,1,1,0,1,22,700.2346244452216,Brute Force
2301.8311254026007,130,2,8427.333787666674,101.59099855213677,71.62048583918286,46.826077460540986,3705278.2422199035,57345.6490979166,3.330922929108432,4.542978047548653,5.206857023084396,1,0,1,0,53,383.40581184472495,DDoS
329.4137876403974,133,0,8975.18917183711,0.0,71.06802131547897,41.98961500282916,27245942.667204995,403747.5205658017,6.548415671078047,7.517760776414293,6.479525515664321,1,0,0,0,80,214.42639037352197,DDoS
33708.823858788666,14,7,2687.7317053664783,5399.677731599526,185.3437816499948,723.7738310822328,239919.65637381416,622.9822816711778,1303.7340752224109,1589.7763134470795,1776.9899189348737,0,0,0,1,80,19114.50347803431,BENIGN
1904.4353374177042,146,0,11283.049344926601,0.0,77.15135737362255,26.441857404566747,5924616.668910227,76663.14373160442,4.7960386955128405,4.675590268634874,5.820622056472263,1,0,0,0,80,478.574835926366,DDoS
57.669436793295276,1,0,49.86453475245142,0.0,48.92856249060492,0.0,864661.3791492538,17340.207492996728,18.31819395689625,20.16159931622455,28.84867181994233,1,0,0,0,55378,40.7915682650957,Port Scan
152172.9136858733,5,23,1653.4114042511421,19777.426897249163,328.6340113936587,907.4014636662062,140832.1479980297,184.0012083740454,5568.311691770363,7469.541212948888,6857.526215676572,0,0,1,1,443,5017.486025070853,BENIGN
237752.2226887878,11,14,3575.092746062324,5566.004204126211,333.6322942149441,377.9276302696235,38447.99786437337,105.15148803771406,9344.802206996195,13044.492441091768,9220.354706558332,0,0,0,1,443,6841.55215338564,BENIGN
50963.24049072966,14,16,7216.4837423924455,11633.696781540852,475.902619127605,772.5736771509439,369877.9815102651,588.6595850485032,1790.0258259339719,1506.9621987560852,1694.1527062866458,0,0,1,1,80,23375.541662238164,BENIGN
1092.9387498623216,133,2,8064.442976819419,56.076358251599636,66.23374568436479,26.761652208069506,7429985.748143678,123520.18813223162,17.4679420161891,18.206147571016576,19.735037848107776,1,0,0,0,53,179.6733864804747,DDoS
2280.2008371230786,3,3,352.8722757299704,171.38742126200782,109.8156941686083,56.95212266194609,229918.21091226104,2631.3471613185525,272.30615912394285,282.68781232320947,399.89923656337356,1,0,0,1,22,773.1716079161977,Brute Force
169.0493958248455,1,0,49.20120739079296,0.0,46.59139862260185,0.0,291046.3367865037,5915.430783533319,17.90404054221292,18.729797254599752,25.31914334064438,1,1,0,0,39086,17.884438564611692,Port Scan
109026.95854872999,11,19,2956.3364986434653,7609.19582239764,297.1156080285427,407.6770281713204,96907.5214211245,275.1613032165012,2823.6797387803526,3149.643049600067,2315.9258086958257,0,0,1,1,22,5685.8032384630305,BENIGN
665.9439698857748,133,1,7868.833445931628,57.36338754042428,60.615671222869146,54.69115313065085,11902197.770229204,201218.12954171532,5.592330337510527,4.927760673775006,6.743697900953675,1,0,0,0,80,253.01811232748148,DDoS
20948.886065768984,15,19,4882.700212571201,15121.156449962937,321.14792639767523,784.5805583574862,954888.799324798,1622.9979910748987,802.7265056916316,969.2061843392355,931.5558585530501,0,0,1,1,80,2893.249311721233,BENIGN
27898.40148109892,19,16,7099.220279674282,13109.33247451808,342.04983319610193,898.7903826113516,724362.3892889918,1254.5521657831323,684.6596406129153,602.0827757478922,944.6157111493935,0,0,0,1,8080,1815.9118495924956,BENIGN
3240.988876464119,124,1,6451.880614034599,47.447110699498495,50.71991279115764,47.13047228452252,2005353.2956968332,38568.47547603235,12.130956595884284,13.846730246935921,17.46854504558687,1,0,0,0,80,27.082908620077806,DDoS
8846.056329295352,10,25,1981.3791514737284,23317.741847570418,212.88146020183837,913.6754196454314,2859932.1615510657,3956.565354901825,210.9589865213207,284.7389018965724,318.67558539102487,0,0,1,1,443,22180.52521822655,BENIGN
33711.6687481903,17,23,4622.809823870217,26422.285528761084,273.80422037502547,1055.423300996123,920900.5814729315,1186.5327788659904,756.4882441728957,877.1377995294755,989.7423945692809,1,0,1,1,80,8700.814240006108,BENIGN
19882.243570465573,9,14,2314.6586263144904,10856.610248112009,238.2361403584987,822.1749062502352,662463.9129756961,1156.8110972227378,579.663214607825,618.3269288921745,680.3076656576313,1,0,0,1,443,16086.1374268027,BENIGN
78150.81086373708,6,16,2494.8293806570473,9252.47793809082,425.3220416939254,638.6285749856039,150315.87246395112,281.50699598445584,3844.573550268978,3571.5826712269536,4042.5473509272065,0,0,1,1,53,2378.3152259199715,BENIGN
29402.04444678157,8,25,2379.46934204074,15163.303631456713,326.36141304816255,597.7505894835456,596651.4677321268,1122.3709310327322,798.5862339724033,698.3830599956581,701.424095199497,0,0,0,1,443,9206.851127051945,BENIGN
729.871703572558,2,0,88.39647319740664,0.0,44.721999746097616,0.0,121112.34449112874,2740.2076148595015,48.41186497180662,50.63178318335476,64.29419202154463,1,1,0,0,13126,20.21246224927947,Port Scan
184122.2290038704,14,17,7163.707447401851,15649.921213970745,480.9755149602854,855.1316233247233,123904.80380776314,168.36641706824196,5383.2744682005905,6343.6671589481475,6384.994601837814,0,0,0,1,53,23098.04247224698,BENIGN
202.4864744628138,1,0,38.37739059967411,0.0,41.57950830163395,0.0,189530.6375474577,4938.601467840994,38.929928758859056,40.64529552781544,32.73104498558422,1,0,0,0,50643,23.731133332695276,Port Scan
9179.14110564493,15,29,7353.119273354605,18255.151280935097,537.6107175395309,646.6185548194646,2789832.97669771,4793.476807208155,250.4876936224474,232.08927068951917,353.6702211026846,0,0,1,1,22,16003.864296394142,BENIGN
2520.44723889058,145,0,8617.700861121888,0.0,54.44754264224176,38.40427026003214,3419115.753803727,57529.47245339853,88.99186998342302,104.41022652581529,99.727650865527,1,0,0,0,80,424.9857348144192,DDoS
27611.387555556546,19,19,7215.819009266707,12607.078002883374,390.833737890665,703.9582188354137,717924.6958257591,1376.2437662193054,765.7941727123573,1062.6733162599946,723.1795369512936,0,0,0,1,53,7205.568667456127,BENIGN
1055.6744022659057,17,15,4436.740905112307,13169.523431937723,256.4954067818637,957.0975111397944,16677741.071735606,30312.376554091883,33.41646928751658,42.65599481645141,49.025776575866935,0,0,1,1,53,17661.591019739713,BENIGN
7814.095423420904,4,4,422.0841895173771,206.42990697586157,99.24170828132725,55.36987758528605,80433.37871321819,1023.7909273569774,322.21627026047355,283.2933727170617,262.4795156357129,1,0,1,1,22,2037.6872652836166,Brute Force
70345.42892512011,17,14,6026.249832859383,12032.983406902387,375.9851743998919,940.1705231174703,256722.1995189638,440.68250735947976,2562.110210727434,2428.883613540128,2054.5317575211557,0,0,0,1,80,6485.7091003600235,BENIGN
1760.6740995623852,17,16,2242.3094466602743,9679.011295295284,137.74492278190974,659.9523903010175,6770884.370320775,18742.8212911192,51.862791309384754,68.365548230259,61.85745981077019,0,0,0,1,8080,16275.581142552805,BENIGN
1216.309665328451,133,0,10296.438499147533,0.0,77.5976011129243,26.2952461067184,8465310.103712028,109347.15376456769,2.1203902424943033,1.6973716679294326,1.8667157712251516,1,0,0,1,80,27.350651870464795,DDoS
15859.399278640289,14,12,3186.4756444928794,7494.046495458297,207.275604807574,636.1454618136752,673450.6113567547,1639.4063572771793,745.6059037171036,973.9622008438037,954.5006621900293,0,0,1,1,443,21937.931172090903,BENIGN
12757.114199437181,14,12,6508.397994354584,6022.444488286734,492.33860926486307,518.2054025931743,982263.0954572904,2038.0784865237838,493.57734589756836,620.5396829739532,398.44610301349036,0,0,0,1,80,15419.120003322689,BENIGN
54671.68055617771,11,9,1896.2052020171143,1317.7525267743154,162.281831229247,147.63505368875872,58786.51792108234,365.82010643424553,15745.35360673929,14000.917828545396,15720.57604462709,0,0,1,1,1337,5065.4959814675985,Botnet
14521.727985946009,9,1,1177.9038406491102,59.28521627731212,130.3319848302317,55.27242898073905,85195.7190028461,688.6232829645278,282.35138011089015,259.5640905200264,269.3943379206457,1,0,1,1,80,1521.8860905926845,Brute Force
134221.45522693923,19,16,5931.84654828249,10984.877150303297,314.9993969395845,668.2007722557348,126035.91333429738,260.76307950038705,3891.53338812395,4206.360803697906,4904.506788881927,0,0,1,1,443,14967.102689417394,BENIGN
997.4833324752258,122,4,6319.803951215791,113.07681847311612,49.33678352188581,28.358843733253316,6449111.03800191,126317.90015712312,5.175894614896769,7.072544251027119,5.5198424230044845,1,0,0,0,443,202.38165783014378,DDoS
2696.802295360994,16,6,10019.5107765879,4946.888064560251,633.641201110137,888.7978124436006,5549683.366442237,8157.809728152534,168.08426148183483,232.59642865718916,155.89119550931875,0,0,0,1,80,13849.513390934095,BENIGN
2042.4105742363495,155,2,9861.555208921573,62.215003024697516,62.980026245726656,32.123951513821495,4858851.759351439,76869.95062621127,13.084732679301084,15.334435177861561,11.822259190570689,1,0,0,0,80,419.2775085997027,DDoS
44017.23953525398,15,19,5160.041528604659,14561.012772255182,374.93037841742637,729.6252053782226,448030.2379040601,772.4246308714784,1559.5399276588648,1362.2862789358358,1920.8553283319159,0,0,1,0,443,8560.574509825077,BENIGN
3085.2674211003273,152,1,8799.441792677493,52.49626668501551,62.8547075589929,52.80609716614451,2869099.125354119,49590.51489463244,14.828188344075004,12.408712839211377,21.813686048404364,1,0,0,0,443,294.15194860460235,DDoS
1515.6827732817976,162,3,12005.387579805816,88.96374976624428,68.22154984727831,32.55660291090922,7979474.031617476,108861.82973679744,13.772755889706904,13.138464147270364,17.538695376514642,1,0,0,0,443,365.22159714401573,DDoS
3016.732930173239,163,1,7109.733762311346,47.3094616019017,42.560928553220336,46.76105497543108,2372448.4034794047,54363.44674720083,18.113662086023073,24.812519882525002,27.707322015220004,1,0,0,0,443,359.07502979849926,DDoS
99360.51380064111,15,19,2838.3000328719895,15371.324300131642,172.7848627813729,759.8568778817304,183268.21829383628,342.18824661291774,3391.1778038003376,2955.827463164498,5187.230773852903,0,0,0,1,443,12215.867058931148,BENIGN
639.6861924437874,1,0,37.88835398459694,0.0,40.0,0.0,59229.59481093754,1563.2665075663258,27.160621496044673,22.226298666514516,32.41407395442883,1,0,0,0,50092,44.84181887023435,Port Scan
48631.66157065532,21,13,9254.05899960961,13989.298353447093,478.58135840737106,1092.0629156826196,477947.01234477054,699.1330113325972,1653.1593281580526,1662.3849627952834,1548.2879200553014,0,0,0,1,443,16963.60100022142,BENIGN
2278.6726823365766,128,2,9372.175975908633,90.54240260224186,67.44994191768015,41.808195517567306,4152732.6201179954,57050.75634939219,5.7128743166067855,7.229078195001293,7.592239073816658,1,0,0,0,443,466.7183157671431,DDoS
46230.803037937156,13,15,3837.888200995855,8143.701542773049,322.7745386655653,530.4896257914609,259168.9729883509,605.6567950382153,1369.2374282925718,1478.3735383725061,2022.758680070703,0,0,1,1,443,11235.503801861369,BENIGN
13714.91681438836,9,16,3812.2656701707883,6892.429400063592,408.91175435861203,397.8239963049036,780514.7646979567,1822.8327840656261,398.52837653382875,495.4434000632687,480.1904508670713,0,0,0,1,53,5321.014919470221,BENIGN
11239.75655477823,17,21,5148.898183050311,15665.362653576112,308.21475074745445,798.8049379223127,1851842.6742773084,3380.8561435296824,382.3844563136638,383.8733390028478,592.5994891937,0,0,1,1,443,19331.090586070328,BENIGN
16.988260006482367,1,0,48.61314642311877,0.0,47.91527994513629,0.0,2861573.0159868645,58864.18029971409,16.3317671180747,22.77257693427735,18.90180132513617,1,1,0,0,3706,10.203214717183856,Port Scan
297.2790062439691,129,0,8828.383837854673,0.0,66.86419770495128,40.31193584327128,29697300.019260187,433935.788570731,3.2001413063183684,3.926498998565416,2.8804111819693534,1,0,0,0,80,29.897949532059478,DDoS
1481.4486413097313,130,2,7880.771486650872,59.64684960280226,65.73490148320515,31.409009716237517,5359901.190522301,89101.9751338125,33.334597727881274,29.784903324798673,42.37103173060791,1,0,0,0,53,214.4909146959138,DDoS
3046.5534444999244,16,15,6288.969394738065,11066.781316616783,414.60030941292587,805.1647294879991,5696847.610760922,10175.432850510353,106.14036915771415,129.49576629955698,153.82909139518154,1,0,0,1,443,14582.881899495671,BENIGN
48337.10432512223,14,18,5860.037673421163,14920.341581532924,416.863967931957,807.1413511687452,429905.33969892585,662.0173145822608,1263.1989921994032,1175.187813750916,1522.8106764522433,1,0,0,1,443,22439.796823945693,BENIGN
374.68333750771336,1,1,50.0872229298977,0.0,53.3720135470402,0.0,133678.8106539875,5337.840783909499,39.280874385474895,33.66721807921561,37.10528684853231,1,0,0,0,52798,1.6231764048561137,Port Scan
1806.6001083597553,134,2,9898.020521489081,68.73673233295521,71.65755544443687,32.66864813417576,5516858.549771169,75279.52609472434,5.9373298404397765,7.022936401708475,5.096427537288123,1,0,0,0,443,342.0099252372414,DDoS
12240.524502728913,7,6,2516.925751338236,4474.561128237391,387.29381480270877,770.7810287905685,571175.4327207905,1062.045992972096,833.641997114023,678.6685138772177,1128.2347373167067,0,0,0,1,80,18809.13584977505,BENIGN
2442.6029864940047,162,1,14506.243613125906,36.798230344158725,84.03118427565046,37.48669224945682,5953911.431322881,66732.08904651442,8.05075329191401,9.136027181462618,10.29869020649577,1,0,0,0,80,160.83089432039804,DDoS
11124.765900208504,6,3,591.4779627733604,128.90491540451075,105.95643688155272,40.103103504477374,64754.87975566025,809.0057876931432,98.26888798298387,90.79766335591066,115.32620766144083,1,1,1,1,21,339.68094320173805,Brute Force
35815.358784672106,15,18,5722.215467099082,5750.421563203187,363.98702657020493,345.4829243921343,320327.295875428,921.3924171024362,961.2573867223251,1279.1766061714832,990.1599208340344,0,0,1,1,8080,14436.445493766627,BENIGN
24259.133933815974,14,16,653.4169504742893,13107.669659468876,48.18016664376421,777.8738244751728,567253.8289077552,1236.6476100031566,761.2353020937405,799.6392917610676,664.8185976915311,1,0,1,1,80,17281.297255943155,BENIGN
5692.301495761899,21,6,11136.013628612567,3902.162809884897,569.0529229558313,646.9719240076022,2641844.682628611,4743.248406659831,190.22266884278147,199.33177422381996,265.08084736953964,0,0,1,0,443,596.7788587848505,BENIGN
7378.518484077065,13,16,4684.692335729314,8131.74687760258,352.83750620663164,532.3551789498064,1736993.5768257447,3930.328298639132,209.68395605385052,266.7300722402031,321.4755878238875,1,0,1,1,80,23094.71119105085,BENIGN
33077.95672847745,13,22,1126.060105242755,10228.324286198676,82.53674538415765,427.7234112653355,343261.3593591839,1058.106469129873,873.9769810886445,959.6477155514751,710.6902639286349,0,0,0,0,443,1020.9959549454888,BENIGN
28730.689056178093,18,8,5526.055229622964,6499.876446795397,291.46250330270715,760.2881993159101,418574.4258657927,904.9556712392563,894.5601609050278,733.8164496573099,987.880904963069,0,0,1,1,443,1065.7176268637306,BENIGN
612.280874177433,1,0,43.462532544709696,0.0,40.0,0.0,70984.63201728996,1633.2373624171214,44.626693511397825,43.53523191094382,46.650694579621074,1,0,0,0,50594,22.05863895756817,Port Scan
25528.221468992055,21,25,5522.459226224863,15820.478356858965,276.2509998385837,676.2916945187136,836052.6646561769,1801.9273319088863,761.8158467343434,1016.8661373736153,783.6132749075254,1,0,1,0,443,6540.168297963034,BENIGN
441.2888430130147,1,1,50.85307469885427,0.0,47.48516789121459,0.0,115237.61704837503,4532.178938276523,29.257587797611325,23.669779611283413,43.66820320556024,1,0,0,1,45785,5.941992247840938,Port Scan
5665.192989965577,8,16,3259.2846011056763,17669.02584496455,392.25354248550343,1029.6616111112296,3694191.968947803,4236.395837266231,236.61174543511936,307.6147328652395,367.92110684915366,0,0,0,1,443,16264.623746581794,BENIGN
1031.2018182005354,173,0,11100.024666633155,0.0,63.06642545597856,33.343937311375704,10764163.203283414,167765.41405046,33.45407426632766,32.20516735264883,27.611215071849248,1,0,0,1,53,346.37404556430994,DDoS
10293.8126453228,12,16,5014.231369400202,13573.258063666883,453.67778447445016,810.682314364338,1805695.3311184156,2720.080592560849,275.7584469760157,340.5270359140254,343.8061536635208,1,0,1,1,443,597.9201110128806,BENIGN
5170.12246796432,16,24,6392.94962740357,11668.73810734209,375.28189049419814,536.611829850551,3493473.8677200535,7736.76063726776,143.2080374823778,158.0376877482384,135.92021880029418,0,0,0,1,443,2688.0336872071134,BENIGN
66463.8822967101,9,10,2295.545404230344,4344.7137509368695,258.2799937213466,471.5097263652641,99907.78338110863,285.86954814314964,2545.240209538399,3194.086995393836,3521.612095348044,0,0,0,1,443,18126.587471362698,BENIGN
39042.966071112955,14,12,5490.528556224452,11026.547484790774,401.078354317417,876.5512654413185,423048.70001246786,665.9330121754463,1572.8631890313063,1917.329632968789,1980.9754498835746,1,0,0,1,443,19881.246105732273,BENIGN
958.0128745068138,124,2,7547.678648419739,87.99363424219199,55.53677279338798,41.24058968468875,7970323.244969734,131522.24083091257,5.076506359829449,4.701957262225646,4.555863410678691,1,0,0,0,80,241.67925107992377,DDoS
108834.37989751027,14,18,6213.437300251078,14464.092824118958,432.1585841680038,751.6424353856825,189990.79283441632,294.0247376806347,2831.34371603596,2415.704013571166,2849.1351733163892,0,0,0,1,443,7035.912668395045,Port Scan
785.4422655260715,1,0,36.248885799968335,0.0,40.0,0.0,46150.9233599616,1273.1680530716317,18.229305867883422,20.45166357001252,24.214265518910032,1,1,0,0,35734,11.323532046151087,Port Scan
63018.5608042701,17,17,5007.711545812267,15252.095541158538,304.28068744717916,917.9658574560681,321489.52353729436,539.5235874332468,1698.8088624841712,1501.016760306849,2273.7413803642153,1,0,0,1,443,2647.741875647424,BENIGN
17133.814028613728,18,16,6147.686492728279,5700.3192820974455,326.69423571608655,335.4177403433792,691498.4459992023,1984.380123609343,449.6447717397989,482.3000159657267,468.22408397424834,0,0,1,0,443,8997.937324872652,BENIGN
163431.70532409087,12,12,2897.548076590151,9015.228084104201,237.89948412994408,744.0896538508417,72891.46336123027,146.8503308608764,5975.546725659258,7531.492349122647,8958.605846475379,0,0,1,1,80,4720.279715146345,Port Scan
144864.54514579277,7,14,2627.783623788353,12762.946041045487,404.4689232291387,852.1294382658084,106242.21164222407,144.96300650283644,4952.015102956715,4386.253429248829,7594.459215468106,0,0,0,1,443,23503.1389585203,BENIGN
102403.95796557338,21,13,9105.435174425467,10134.642390388335,446.90291538551213,754.9700104122071,187884.1203704452,332.0184168216454,2798.9350677894604,2248.4748310195787,4266.4104079072,0,0,0,1,8080,5441.192042262225,BENIGN
1117.3871839825322,161,3,7560.713672588304,142.13969075870858,49.83848352210282,47.68735127317976,6893629.597480178,146770.96923152448,3.7613983970400757,3.981153507558189,4.173815569787189,1,1,0,0,80,180.67237102723266,DDoS
63064.98835466899,14,19,6004.396755735618,14817.699336261148,436.8562840691069,850.33387529636,330168.87238440616,523.269739057311,1766.9541762837289,1426.9093023361415,1948.9367652826186,0,0,0,1,53,10804.742164010586,BENIGN
14368.017565473689,19,14,2668.535774356458,12832.231333429105,154.34600254117726,988.5720436860465,1078838.2626308773,2296.7677934427725,470.5250616360963,605.1626985940076,456.2618131778793,0,0,0,1,80,24495.25907184465,BENIGN
1228.3567964652939,140,0,9061.32167593239,0.0,64.2344914039485,29.08301702216273,7376783.115465433,113973.39958785793,2.801013450028899,3.255065928264939,3.6975157799012877,1,0,0,0,443,76.8635951637144,DDoS
64656.08185282941,7,15,2459.5212032674463,15000.740393636765,386.2865436304784,1091.307140824843,270048.2475360534,340.26188054631183,2570.1244538724486,3459.1642553946613,2901.16849132956,0,0,0,0,443,14794.21247948124,BENIGN
81.64819046933731,1,0,46.84975003375502,0.0,43.39881827246746,0.0,573800.2246522448,12247.668861388256,32.37445342163548,27.3740831639869,47.45063389509308,1,0,0,0,108,26.144958751323227,Port Scan
100642.85231268876,11,15,905.5666873202158,17078.272604787577,82.88213170589466,1166.5794276273477,178689.6821667329,258.3392600919161,3495.6001183406424,3709.725821091159,2991.26680369247,1,0,0,1,80,3475.1153116240857,BENIGN
7511.757701347478,11,15,1873.7784167462871,11115.890057365934,163.19288756751203,790.8867419885586,1729244.8705823007,3461.240502384156,242.5864460985356,312.6682556878571,243.20553883836908,0,0,0,1,443,14664.938920542369,BENIGN
170.07068318296945,1,0,39.373044447916584,0.0,40.0,0.0,231509.88583703956,5879.908172792817,36.946592591723814,37.306956575328385,50.24664637186513,1,0,0,0,63893,42.54994328391659,Port Scan
3491.2543985317884,130,2,7101.144208088231,76.85583694222903,50.987209069769385,37.147574301841786,2055994.5583023382,37808.760099381834,32.1970591840015,37.46467467874734,50.87781655881979,1,0,0,0,443,428.65642680890994,DDoS
60240.205748854554,13,11,6047.78593675857,6160.634255758026,440.41958140762483,619.0590205483884,202662.32561379878,398.4050137553913,2662.547949343441,2826.7395911529575,3643.9804767408996,1,0,1,1,80,14170.052362022374,BENIGN
32238.694340587976,23,13,6124.908430992484,11065.936176578654,268.5513333170991,836.6894885945796,533236.378184465,1116.670533231757,980.4778407403212,1168.2920306509575,934.2285381906673,0,0,0,1,80,18589.67124578883,BENIGN
58596.59463450443,16,5,2866.006252889681,1090.3522671899498,172.99410310911898,214.96059382054142,67518.57415533053,358.3826010877808,16180.564643373367,18746.57737727479,24679.55240708721,0,0,1,1,8080,2044.079694299224,Botnet
67844.45798057741,10,10,2448.2066512268857,7956.416959347375,271.71697786766543,782.8207722063004,153359.9636620711,294.7919490450587,4195.309851641829,4600.1295466568145,5239.39905670239,0,0,0,1,80,22551.667429807592,BENIGN
1871.8925391100672,136,1,7163.3333410015075,46.372383508865425,49.70979638263812,45.49811982603941,3851559.6242175326,73187.96198906396,1.1638387793109861,1.0715789885437548,1.1683491443214866,1,0,0,0,443,44.91383303702775,DDoS
152605.25580806576,16,9,6182.607824341103,2502.089967760202,401.09667766200806,276.65186091850114,56909.55888848415,163.82135639838597,6990.220073150929,7102.769310985427,8961.411161661834,0,0,0,1,53,24320.293480141958,Port Scan
985.1434112495825,127,1,8837.608110828747,31.191586215844616,69.09611015785264,34.24985603063142,9002546.833049582,129930.32135051418,16.807761700840494,22.72679859763329,23.02421722623659,1,0,0,0,80,321.9159797256681,DDoS
5128.379400761085,13,10,3835.8149534308154,6781.595099984405,324.73745307562007,742.8390645000705,2070324.6042676813,4484.84759075872,182.48839558798232,212.72378923959033,280.42485926275776,0,0,1,1,443,17968.302434071244,BENIGN
10987.207558140926,5,5,697.3175744979764,365.00428101988274,127.70875335171114,80.64040767204803,96687.15639496008,910.1493666232363,136.62009991645294,127.17528465891995,206.74615093032108,1,0,0,1,21,1548.3641409652234,Brute Force
647.5660288008372,1,0,39.62792955277855,0.0,41.932599293090284,0.0,61195.195223816096,1544.2440701403068,35.150785591656614,31.09603836022802,52.565083436812195,1,0,0,0,11817,38.118282816797574,Port Scan
61271.206700372895,16,19,6117.341011212716,11925.213069362495,354.5167830616107,676.7943175153741,294470.35650540574,571.230793138386,1594.2246309988827,1768.7807129855032,1325.2821676930291,1,0,1,1,443,24552.296148941397,BENIGN
429.36304239259954,1,0,45.04216885306013,0.0,42.4613366837019,0.0,104904.62477176744,2329.0313819921726,44.271473410228616,53.73783014188695,40.75063905885334,1,1,0,0,62228,29.856976193590818,Port Scan
138.64321080923008,1,0,40.35435530645708,0.0,40.81713108641548,0.0,291066.220054466,7212.758519968045,5.477298041954668,7.054816772222495,8.588121246129122,1,0,0,0,6158,9.655309582260397,Port Scan
1741.9337974255207,14,9,4670.724285855961,6769.104475581789,335.3818076578232,813.3195885633812,6567315.461899396,13203.716486810634,95.01748728850494,120.17325555673668,141.31327111264721,0,0,0,0,443,13556.818866658386,BENIGN
30673.61341878132,17,13,6891.000462371652,10741.082379787109,386.1382727801487,869.0228995774323,574829.010245096,978.03931967243,1036.3505163951743,1038.1720413364264,1376.2839527470062,0,0,0,1,443,8778.279178793546,BENIGN
7594.971067282604,8,3,1070.763495392227,224.20783938616975,133.73249384517152,70.94076913431584,170503.78774408196,1448.326781307368,92.05720246911875,92.2156090410368,115.02722624301174,1,1,1,1,22,2603.868483371726,BENIGN
65716.83275668415,11,20,4219.234602113316,16543.356232183,389.0874148137686,774.0670001906755,315940.2235827399,471.7208468456957,1889.6987577671007,2594.932652399996,2000.7765717856587,0,0,0,1,443,22187.290583411446,BENIGN
204150.10012748715,15,20,8329.29719531915,9716.572885524389,551.2203939736586,493.4258499180568,88395.10766624312,171.44248265439637,4511.208714424678,4350.880738361613,4977.445610334322,1,0,0,1,443,21715.956345129394,BENIGN
54732.64387098223,13,14,2095.733133737947,4919.778180377029,172.27727753624967,344.76152908208854,128177.82621011681,493.30706668666284,1927.1199872130346,1655.0484318736299,2472.6497819062265,0,0,0,1,443,15636.273821974602,BENIGN
85165.78053469099,13,12,1820.9126021293275,5162.4459667643105,138.48589937514922,465.03687967399026,81997.23556868095,293.5451286073358,3042.728010699795,3798.4538394341407,3977.180135906759,1,0,0,1,80,21549.077783465407,BENIGN
984.0354818766215,141,1,10176.052023254699,38.50087916974872,70.55437514460978,41.55879051348934,10380268.89329703,144303.7396671881,47.18050825208572,63.08800913378363,38.868921662182146,1,0,0,0,80,231.01654544073855,DDoS
248.7379280061998,187,4,10517.377326807366,196.50360167132266,53.85691647849876,47.72068310851191,43072968.462661006,767876.4615070659,11.191323799122744,13.066476962434786,13.981736388495372,1,0,0,0,443,416.5132387732873,DDoS
279.9503895854029,1,0,40.70602550223748,0.0,43.05951862437922,0.0,145404.42527164094,3572.061469465952,26.912006525968444,35.42434226521356,40.00549896586285,1,0,0,0,30007,13.203461774060282,Port Scan
861.6496254183552,172,2,9715.51275261054,67.12185902397506,57.44951666989352,33.03110816833489,11353378.824814983,201938.22972477716,1.3478216938988885,1.242881082457827,1.5126301221956613,1,0,0,0,80,275.2614601282334,DDoS
178143.26285248902,9,19,4217.02541858843,15452.49199979201,487.5308643403814,756.1015859516743,110414.04038202514,157.1768673799655,6006.826728358951,5144.379577669327,5246.13663373736,0,0,0,1,53,24168.052365071573,BENIGN
29223.788592088997,20,15,9662.293448963574,12560.158494789923,457.39449929787475,800.4560438748006,760423.3747355129,1197.6544344929544,1078.5824014604773,1233.7201827114673,1396.3073011408346,0,0,0,1,443,804.5119459063972,BENIGN
6709.653067947998,15,17,3296.727559194637,15517.111887484789,239.1939173549839,968.0639453681451,2803995.8632962867,4769.248078244753,186.47954648424425,172.93790613836035,245.4380002459983,0,0,1,0,443,21476.499881194646,BENIGN
103234.47954866523,13,13,4338.566792005444,16856.636362583788,325.48492884717643,1204.2942055576016,205311.28017744992,251.85383908235306,3248.077827577598,4427.1092321454435,3625.8622232885787,0,0,0,1,443,2003.655641185591,BENIGN
8939.92399904937,19,27,8226.415496842257,22589.93374696511,468.6814594152853,832.5817339525922,3447048.235206947,5145.4576129384795,201.37000234594197,270.4884735008059,236.5942372974955,0,0,1,1,443,8474.445287972549,BENIGN
1204.2450437352254,109,2,6162.222984926969,40.580320422670304,59.89106004074402,19.688621582944158,5150781.676551733,92173.93135844644,8.41322877393022,8.311566212016624,7.896209502623365,1,0,0,0,443,229.53921335477267,DDoS
1152.5431768812252,6,4,913.0567766067695,318.40650126606494,139.56803361200815,79.08713160478466,1068474.7457402563,8676.464535636695,100.49533637841887,137.40075350813882,87.04646090694108,1,0,0,1,22,1418.5756519731972,Brute Force
53822.90595045547,12,18,5869.779579110858,11291.27826892344,455.24800438158735,606.167660976687,318843.01943546534,557.3835055954672,1565.4221721063734,1368.2563246575476,1360.2049701988917,0,0,0,1,80,3177.8083631428553,BENIGN
49597.75266226958,12,11,2890.802991977848,9238.876018928795,228.45155678053266,914.5551930430204,244561.06093157793,463.73068869906183,1747.7440842221613,2342.1139028959988,1655.7735357721413,0,0,0,0,53,4775.160928824311,BENIGN
2603.0615644314066,8,22,2533.633124874558,19425.789851956746,326.5226633555143,849.6239521712578,8435998.317092419,11524.890694067382,116.33199276086378,146.47580857145243,149.2681010478072,1,0,1,1,443,6302.6099966906695,BENIGN
2954.330825831041,11,12,3307.336423587503,9638.892414215989,294.22848944234175,736.324928992763,4382118.862453994,7785.180927911212,117.98360276890547,103.6823501160731,117.35781854327686,0,0,1,1,80,12354.395271747404,BENIGN
331.0799477183085,1,0,38.54701980165721,0.0,40.755461304812144,0.0,116428.13183737126,3020.4185028168063,38.05708317648903,42.08938076639404,41.42811543203037,1,1,0,1,59202,29.85761041257905,Port Scan
33612.84114043133,6,19,1487.7573365749192,15426.55502947917,230.01432262386655,761.9141358975053,503209.83862648386,743.763369944014,1179.7344640613942,981.1014055635087,1292.3779757148086,1,0,1,1,8080,3226.878677822175,BENIGN
70144.89602990772,16,15,6413.062660165947,5478.814461623909,393.1948223139059,388.8899341319408,169533.03511519227,441.94234726333497,2054.9355429047,2412.5474756320596,3149.841076317799,0,0,0,1,443,6014.822078987419,BENIGN
6607.002933979766,10,16,2592.9991869078935,8263.090579311247,287.1596130769759,471.15539633681465,1643118.6537524227,3935.2184734597586,332.6412892933172,321.3849690435707,495.0439878690638,0,0,0,0,443,7039.767666094549,BENIGN
7045.288585805269,13,19,2016.9384325900442,16246.707440653856,153.69111039471758,778.5561956492047,2592320.477835527,4542.042474239178,174.1817224086064,162.10887597253085,223.44234223795965,0,0,1,1,443,20806.019940739956,BENIGN
28305.92627504062,12,19,2555.1966773868835,16745.52627441139,233.44296647200835,956.0304328433804,681861.5566315919,1095.1770204861637,786.2152599349453,1032.2198095452247,1250.1523761807832,0,0,0,1,443,15671.69098325781,BENIGN
686.3153721685571,1,0,42.6155056374626,0.0,40.8640918728444,0.0,62093.18247209003,1457.0561006673806,49.33802433919961,66.08757339342336,42.807824002647834,1,0,0,0,27594,38.93948546922131,Port Scan
11171.324680703132,12,10,3488.1847659961013,9164.829727293823,270.85493493459325,842.0019332922095,1132633.3138581316,1969.3277770363131,407.6513064881529,522.6452658165562,404.6438506618802,1,0,1,0,80,2544.352969378094,BENIGN
199.1351422245782,1,0,39.06240197406634,0.0,41.26990513173572,0.0,196160.26351598464,5021.715347822597,16.629911282121398,22.419354685019687,20.1941899099413,1,0,0,1,14867,5.6250502657920425,Port Scan
10068.42218623431,13,20,4149.234681082617,13641.93032232198,305.23997825992245,721.9808914306916,1767026.1213051763,3277.5741213075144,273.7923383877859,338.0745681281905,251.1367512622214,0,0,1,1,80,16799.17558422774,BENIGN
125654.70245897249,14,19,4023.588012200576,10619.046036520813,293.99161117783103,567.5214573454061,116530.72875249023,262.6244728944771,3207.4087792223845,2571.51138330933,4656.302561786717,0,0,0,1,443,23952.751797457917,BENIGN
25620.53378144821,14,20,5903.216061663074,8125.565247770564,384.5399465997445,425.36106011534025,547560.071507638,1327.0605636100895,712.1851550754241,917.2623798494046,1076.5857854832009,0,0,1,1,53,3925.8297943645694,BENIGN
42031.23223885631,14,9,4240.642275134482,7333.247766483589,322.5859602429989,900.700057304385,275364.0430013003,547.2121271461881,1436.6500456488188,1249.7252149720227,2134.3756173525735,0,0,0,1,8080,24385.669940165048,BENIGN
7970.646119242727,13,16,4800.051400191427,12406.074009529373,357.3618090234578,847.545850639507,2158686.4041274884,3638.349961364892,243.62839399137223,201.10277867671562,329.6735483497635,0,0,1,1,80,6818.650605839039,BENIGN
48667.12537462976,12,16,2719.2255953192266,12794.727239921365,220.96998232197404,748.2718587240283,318776.84814579244,575.3370429106224,2056.1796459687007,2304.060385938273,2262.575458433174,1,0,1,1,443,24524.663027500203,BENIGN
446.52485744005565,1,0,47.35900395366514,0.0,49.83285851301213,0.0,106061.29348582326,2239.5169794869626,29.913162645814886,36.157624652327705,47.686513584168495,1,0,0,0,13422,22.105538923336432,Port Scan
583.5928616860372,106,1,6963.006210267019,38.29832251882962,62.787776977044686,36.23041412372175,11996898.852666963,183346.99929479972,26.28795424926438,33.89174634568404,40.41525672881306,1,0,0,0,80,402.4585575821844,DDoS
62590.202211101336,14,13,3945.2354506627426,16350.242984029652,291.05555783302293,1173.23570715085,324259.67192502023,431.3774208451292,1707.4451653746296,1454.7649404956007,2694.656420772221,0,1,0,0,8080,24074.490768437827,BENIGN
158700.78282365407,6,15,1577.5603205493696,13555.000987690417,289.9224224473836,941.0217361598078,95352.78301087438,132.32448905645845,6541.505726258265,6832.821039947283,7704.79470914299,0,0,0,1,8080,21568.67935544955,BENIGN
743.8460141827346,1,1,42.37909975516405,0.0,41.02800191534095,0.0,56972.94728630908,2688.7285296505956,33.614077815708534,29.310835581442984,46.048947044545535,1,0,0,0,2431,2.922472719248137,BENIGN
9905.913737114863,9,11,2431.148009016546,10979.801265550723,246.4473248744444,1045.6185984841482,1353832.6327555182,2018.9959786410457,452.9060835504821,385.73313806333147,492.099043570238,1,0,0,1,53,20411.58741628742,BENIGN
20746.167453769613,12,11,5343.177854129177,6360.826062199767,416.68339654454235,605.8806286454003,564152.5810687655,1108.6385016053105,606.7288649962771,695.3559690591798,751.4356652260019,0,0,0,0,80,13499.633859859125,BENIGN
58666.81607043614,23,15,10210.944868754295,9439.36676585952,431.8146085625209,595.3207058969505,334947.64077568817,647.7256231934712,1687.482926232953,2015.7353068210793,1757.31147032903,0,0,0,0,53,7228.802609613503,BENIGN
2992.3322543855547,148,0,10201.518482009487,0.0,68.72689635657076,42.0903794878012,3409219.8374890247,49459.748255926985,3.832674139930908,5.1276701640281885,3.2957855744300595,1,0,0,0,443,311.72849643869813,DDoS
2565.6536582736044,133,2,6327.070671515146,87.9630219265536,48.67280398481549,45.60823452668819,2500350.611531213,52618.16986273969,22.126679408402886,23.498314722045077,18.240178858950276,1,0,0,0,443,483.3247104750152,DDoS
159.60148469973916,1,0,42.35725102342124,0.0,40.0,0.0,265393.84080986853,6265.60587378818,5.280437836542113,6.401975496602594,7.760029509198842,1,1,0,0,37860,0.28307655568624024,Port Scan
55608.07153149878,7,16,2977.8952560668104,9855.604324108124,461.90736219277153,679.1518595378661,230784.83440853536,413.609020535298,2566.097244764536,2954.955023669595,2365.910484883533,0,0,1,1,443,12623.131580562324,BENIGN
980.9242004985697,150,2,9389.159876651927,89.14902816093834,60.52132791145194,40.98157031893685,9662631.322578615,154955.9078293141,31.023335025948708,25.22665182692217,26.511316708728696,1,0,0,0,80,28.79781397011838,DDoS
287.4293536452653,1,1,42.85139765751903,0.0,44.18567469807214,0.0,149084.97379987378,6958.231560678825,6.154421096345689,6.385387173069438,8.808597379943897,1,0,0,1,57536,40.57598879611785,Port Scan
29796.961401406967,7,21,1543.06472071862,12875.719279322388,227.32364025545482,574.918547516421,483901.1537384538,939.6931325580696,999.2814459952734,1172.7325987281063,1019.1332187679982,0,0,1,1,443,24948.240013321338,BENIGN
631.0894946790675,1,0,49.360086621877564,0.0,46.21252101731876,0.0,78214.08379960278,1584.5613156792242,13.853057777810486,14.61020457900842,16.13985987084966,1,0,0,0,65026,49.17720321946993,Port Scan
1992.7608699305067,15,16,3768.507365144651,17743.1152371063,241.7196393090219,1031.5639018979034,10794884.086117731,15556.3070651227,53.39694245759067,71.55889025880744,52.52381982929101,0,0,0,1,80,3829.0867968091643,BENIGN
5464.178371679119,10,15,3967.567196826795,14419.072924403466,368.9410906004752,898.0489853074312,3364941.4185540443,4575.253276791842,195.47867254961378,254.11282759329941,238.38320279388554,0,0,1,1,8080,22767.624740801377,BENIGN
2349.8761631987304,4,2,512.7247136255015,178.51723269761982,118.97063790213696,90.7089144617222,294161.01033263793,2553.3260407359503,176.88402799592475,239.07044338321666,195.1491544966011,1,0,1,1,22,2994.061746133869,BENIGN
31089.66430751993,16,13,8819.841572983005,14871.586380229923,569.3608772597702,1188.1471558722715,762035.5021807834,932.7858838599783,777.3707292540096,801.428768587398,1240.2284206312345,0,0,0,1,443,19713.110466106813,BENIGN
55278.01783370386,12,20,3464.382829307924,9825.258819580258,316.9889690369058,476.4347545571004,240414.58376579636,578.8919583959666,2254.806750753305,1833.646339682007,2713.8417801322134,0,0,0,1,53,7646.574702872672,BENIGN
80948.53509900409,8,5,1123.6610072078818,947.0506375699312,151.08791011456773,201.89532123498063,25580.594414033927,160.59586481831144,13924.819421859247,18403.846175721537,12193.587607567755,0,0,1,1,4444,7429.926409102043,Botnet
80810.42843335946,9,13,2546.341684770875,14425.43388721653,291.4128156365551,1163.902593423516,210019.62124211763,272.2420908601216,3053.0836283064305,2807.147338462693,3527.351276086797,0,0,0,1,80,19851.37216082481,BENIGN
115984.10910509304,11,18,3762.0261188528675,18621.23967736357,313.2260296417745,1059.2677664419127,192985.6250905457,250.03425231057417,4385.888271274009,4157.7231578769615,3731.4258999420044,0,0,1,1,80,14623.56105738028,BENIGN
48.81217407275959,1,0,42.227254112556075,0.0,44.931255881221595,0.0,865096.7697036397,20486.692490061938,18.291183285632147,17.666437295914125,16.82434484302102,1,0,0,0,37538,39.84048007378535,Port Scan
28828.86133639953,13,18,3553.186177793412,8652.426604196466,302.38474204687117,514.8690011485246,423381.71596735885,1075.3112874721548,1584.6521996333747,1683.5263583568692,1550.7806423554764,1,0,0,1,443,11425.71859164032,BENIGN
52464.304826732005,8,27,2927.259409812186,23868.27097272605,379.63032475577324,961.6778879161748,510738.310000158,667.1202471011593,1375.6866776505547,1664.8445421141719,1262.1430499530486,0,0,1,1,443,17863.188857318757,BENIGN
840.2690994280496,1,1,40.017640717706726,0.0,40.0,0.0,47624.79156373327,2380.1898717462664,48.17331903075879,40.50987409088053,69.05488791577011,1,0,0,0,42115,17.600193075040917,Port Scan
40530.49046802625,7,15,3335.082553875516,11111.545704319737,439.5444756458685,722.4341960230795,356438.52545016527,542.8012280620042,1637.0418702833756,1699.7411309243448,2018.3677578494544,0,0,0,1,80,2804.068600001397,BENIGN
6713.937812167017,5,12,1727.6137892223496,8978.588979984499,342.6065483197938,714.4845528549882,1594623.4637152934,2532.0460921149065,465.98622650369236,415.3089996226329,692.0235649249861,1,0,0,1,8080,24852.186458412492,BENIGN
111848.52600472434,18,11,6404.957827956443,6342.215296841478,344.2663189351944,628.9977360491315,113968.18161250956,259.27923268988883,3307.469989914362,3910.9674396796872,4314.88748738856,1,0,0,1,443,4740.748347828453,BENIGN
10496.350269526549,9,12,3493.1627516614267,10424.781962337958,363.74815353449065,932.1118051734959,1325979.4458657268,2000.6954284831838,340.77950066237906,450.24618517828884,346.32415333546186,0,0,0,0,443,9394.033641515718,BENIGN
310.10294604544885,150,2,9563.408231945768,88.66568359292005,59.17677637656454,47.76660932719372,31125386.064936243,490159.8064073948,26.8289267863918,30.160983408131028,40.99814687053033,1,0,0,0,443,364.25134169169905,DDoS
706.9152744384394,1,0,54.72404455351058,0.0,52.058515571513794,0.0,77412.45172129343,1414.59667962951,30.76979928151081,34.426418363942375,43.70681380475588,1,0,0,0,2295,15.131175747895808,Port Scan
584.1362882986971,1,0,40.82810699852188,0.0,44.85840638526326,0.0,69894.83073793304,1711.9292535523007,40.75092732666479,44.70858606069182,63.01473350583365,1,1,0,0,61762,45.858109832909186,Port Scan
16039.372744370596,16,16,7424.189367589168,15991.189665252476,435.0595107559102,947.8108035070695,1459868.7496092909,1995.0904882630882,617.8700004470483,764.890477119406,495.90567426679223,0,0,1,1,53,14752.47940122627,BENIGN
2631.68794920953,119,2,6304.779427109555,94.77150504718689,58.41693602823706,47.31332954669331,2431728.6303184046,45978.09555511484,44.27908814275095,45.416113887767374,62.01816257042124,1,1,0,0,80,356.02593496226086,DDoS
51.93429123966991,1,0,43.644909690269984,0.0,43.89352170366398,0.0,840387.1247391147,19255.10055360401,26.127832947955152,21.376344010638984,37.069104948940925,1,1,0,0,51161,28.51752687390373,Port Scan
56815.9850425727,16,20,5456.937262722969,8417.768658514202,361.7211799816219,445.85309432711483,244204.26594453547,633.6244979828282,1451.565368060318,1823.4425883912807,2119.778634139198,0,0,0,1,8080,17054.714166883223,BENIGN
98377.70599161331,14,22,4451.720364631327,17760.50812462385,306.8055965098278,866.2809197139737,225785.18441107753,365.9365670009524,2776.914881340512,3122.5867554116494,4256.319164952665,0,0,1,1,8080,22527.810312421818,BENIGN
45234.160123053516,20,12,7081.2733880846,8319.704126424975,322.20009539168495,727.2764088880466,340472.27742514206,707.4299580880524,1384.56271753833,1918.8465638584548,1701.4162467980934,0,0,0,1,443,2732.5918511923396,BENIGN
697.570160740368,1,0,39.499942277221756,0.0,41.94258811917057,0.0,56625.04576643357,1433.547557336236,18.472877117576566,17.488888112144124,17.523453287929023,1,0,0,0,57927,22.267077580311433,Port Scan
101950.77761389567,13,9,2985.7768506293773,8399.72819133812,215.74484415202477,975.5517064608657,111676.49044410701,215.7904090081354,3710.928079210396,4086.562874453312,4181.3735144566745,0,0,0,1,80,5792.355242295493,BENIGN
978.7138673436842,137,1,7490.538176379483,30.42288167198338,58.462417233026336,33.03015130904598,7684535.091409318,141001.373950636,31.423641063270274,33.18110398920659,48.332175637862726,1,0,0,0,80,45.20675675297114,DDoS
2793.5042675001446,127,2,6293.439122328332,97.73867211858145,51.25637427784245,49.93655420070476,2287871.140489168,46178.558415248,22.089408599021898,30.44096348243426,18.55751150610453,1,1,0,0,443,25.324438190607616,DDoS
56693.93789237667,16,10,4198.682221968717,6457.2849931903065,253.73448704112198,647.5480921735364,187956.02512895607,458.60282362739315,2071.3580845076513,2031.5565665926088,2064.805656139413,0,0,1,1,443,2345.5570450213745,BENIGN
2160.9696123778817,17,15,7770.345402249024,10252.759614491228,434.7546988890187,691.9487479044324,8340286.190747511,14808.167508097407,62.84162320067032,64.45629442675862,80.16428422989094,0,0,0,1,22,19790.66441103069,BENIGN
80312.43166484816,12,9,4151.3612737956855,8126.625670187536,326.7211807723037,928.8255184382443,152877.78852495083,261.4788217051515,2997.9705490533383,2774.676908439783,3804.5083407952748,0,0,0,1,22,19927.808708874858,BENIGN
38800.08973000697,6,18,1087.699599491302,16111.470439075209,171.35050366410712,838.7587778771042,443276.55317933776,618.5552705420429,1156.1649840132723,1039.8400534648285,1809.5838843849901,0,0,0,1,53,5575.26480008035,BENIGN
1684.762716705007,170,2,8562.90100349445,82.69395073818337,46.947846971032064,45.448485352712105,5131639.52912096,102091.52796091717,12.42701159564784,11.361236538422295,14.820935793988225,1,0,0,1,80,34.96803171553834,DDoS
60103.68852851321,16,12,7129.132861540885,6971.414861857231,416.42352057132973,616.7783327028204,234603.7001823742,465.86159161790533,1886.1577477879432,2398.6191040292697,2458.0775445437457,0,0,1,0,53,20464.404654690392,BENIGN
58228.280232142075,16,18,2680.8930024476213,18661.332172940565,159.49065248277333,1062.9707633768041,366526.7991824916,583.9087100709521,1931.6117886283953,2379.9365079764184,2714.6464483537793,0,0,1,1,443,18546.77060449252,BENIGN
238.79568055523285,1,0,40.39409236453711,0.0,44.14469987131119,0.0,169157.55038204743,4187.680437413534,21.865366396174014,22.31997167229827,28.233366436715144,1,0,0,0,54811,26.626948834787644,Port Scan
43440.164704086594,6,13,1499.4229335967339,10816.649549544409,277.57946092345503,787.3083386340425,283518.08900905296,437.3832403589527,2086.186550560939,2589.2914474766703,2223.663724267055,0,0,0,1,443,3679.2691268038707,BENIGN
347.1799349730584,1,0,41.48285381271004,0.0,41.926159678283966,0.0,119485.17075426369,2880.3507900812338,17.183792146890955,20.65787791760477,21.058304510408107,1,0,0,1,47551,31.85010043174704,Port Scan
49718.72491765101,14,12,5268.964964661988,9305.933712246035,385.68201269780053,784.280221458375,293147.0728794511,522.9418100135056,1294.0868862919908,1208.2538611837115,1264.4520264384425,0,0,0,0,8080,20047.451075772176,BENIGN
5015.294554436893,5,4,502.88002144820706,198.645580588132,110.66108728242023,47.84096669718794,139877.2483693343,1794.5107515246432,184.75785609859733,147.84846934623167,222.60679232367232,1,1,0,1,22,2000.914973200166,Brute Force
100437.82681342098,9,22,3052.059656024353,24399.593236623663,366.45190320621316,1150.4538189948826,273319.8612873591,308.64865343599445,3132.309357337374,3879.1579726620507,4035.380285260569,0,0,0,1,22,2446.861038069014,BENIGN
87.66902637761683,1,0,53.87152062944744,0.0,53.81593518955172,0.0,614487.4975274233,11406.537078359916,38.166597153096724,49.657988153006656,37.61932501431846,1,0,0,0,26220,46.01514588477191,Port Scan
11907.073435135815,7,12,3636.223652561663,11166.70196482527,506.1290760620903,997.8047100875099,1243204.3606706862,1595.6901671517473,619.5921590605917,497.1962089202257,526.8867270579768,0,0,0,1,53,10184.847467729429,BENIGN
114647.35481251267,7,8,2750.15454179101,8435.885843063046,395.290143156253,1038.239491125773,97569.11010417141,130.8359885365876,5814.557618710191,6951.364510195573,7556.345765034989,0,0,1,1,8080,17183.506170202436,BENIGN
22453.42226648967,11,15,2059.3606497558876,11287.491562499576,202.2917964349568,792.7849940098001,594423.9614722254,1157.9526582370195,535.1332725105909,602.6475757617555,585.7207241335068,0,0,0,0,80,20272.614490566815,BENIGN
233331.64997126223,9,11,3827.898404729128,7506.475641051949,467.9037126647132,755.8124340844707,48576.239216484566,85.71490409665064,12286.509744421752,12152.5429751119,13182.492178634306,0,0,1,1,443,14992.167391717565,BENIGN
8159.398202704193,15,20,4241.652246843069,9667.102170274142,267.7752717749222,465.37723576595846,1704629.9336766726,4289.532037840766,278.5178010547952,241.33156160449604,385.1304657668855,0,0,1,1,8080,22248.448311347143,BENIGN
11263.020164703503,14,20,5840.627748557725,12577.969629674573,422.0724878451629,590.3964107532331,1635316.0261537333,3018.7285029064,301.09431910733235,326.3586646959622,281.696798486462,0,0,0,1,8080,3786.139431141915,BENIGN
5116.113911006494,10,10,3002.705732919941,4647.234806140988,301.6593486468857,455.1456038005135,1495263.9194767177,3909.2171026476217,211.71893224660045,186.35356554051248,258.98881203636853,0,0,0,1,80,18449.854541912024,BENIGN
5764.91601178713,15,18,4221.738649943098,16557.18529992833,262.28434726065194,859.2686811783486,3604375.83260297,5724.281140007444,240.8143836506799,298.7852385159597,381.32357326715857,0,0,1,1,443,14045.59041091046,BENIGN
12283.29484703058,10,13,4036.6420572208613,14873.765483151452,399.9741269230657,1187.615443115385,1539522.3981734675,1872.4617691286737,484.14963255463584,637.6585074995882,397.7912968585315,0,0,0,1,53,10102.010554516111,BENIGN
64527.668342804565,6,9,2314.2283028481606,7207.970923545691,370.38475331237925,808.519125188824,147567.6941526381,232.45842264611505,3124.6129752676034,3770.545266452302,4075.4155035710933,0,0,0,1,8080,19645.901345069782,BENIGN
32705.213097769567,14,17,4547.313448409986,20440.563011767008,316.05546330851445,1163.8428257838762,764033.4397295555,947.861122547284,990.2325434440392,914.2902573039554,1086.2745004769213,0,0,1,1,80,11642.203514579436,BENIGN
111078.54411914575,13,11,5087.199109873709,6958.152325041471,393.012929438191,690.2883941211372,108439.94698017488,216.06332879423567,3798.4799408123795,5018.216171934173,3908.252898061484,0,0,0,1,443,23415.88065205121,BENIGN
2761.931255987601,167,2,7064.212208066597,79.53601625165354,43.83264554648344,43.436483414124915,2586504.717969099,61189.0682049469,10.012672574239428,8.154580965285312,9.938474182828838,1,0,0,0,80,170.81995112522398,DDoS
49663.88401023113,22,16,5811.211472261155,13628.83824813511,247.44821232697515,924.4348267408917,391432.32769292616,765.1435395623049,1333.6990436089127,1570.4324804316007,1958.4838483154597,0,0,0,1,443,4645.840843775562,BENIGN
967.4889732913065,17,14,7587.766037422498,8589.400794548284,477.04884676940895,644.0492529246,16720776.441448819,32041.70885228895,31.192643937917214,32.13449332645383,31.112177222626414,0,0,1,1,22,13443.716385557524,BENIGN
72720.15840065975,15,8,2812.4520800845817,7332.7395327540025,180.9878792385369,947.7498096260765,139510.0318255982,316.2809392311683,2569.10750503824,2688.007626900002,3901.7028095593378,1,0,1,1,80,23644.437205062655,BENIGN
18617.04783595891,10,15,3361.7320240315325,12469.835572216158,345.1240675534416,815.0153400797755,850380.1320029348,1342.8552271167498,705.6049175010326,594.1019615438524,984.6809618480438,0,0,0,1,443,10517.174879520619,BENIGN
57.663537316720124,1,0,42.52292541420166,0.0,46.73750194848557,0.0,737431.7877975847,17341.981545589988,25.987742454183092,25.238335074987184,35.772862700034985,1,0,0,0,25499,43.546916084825874,Port Scan
2053.878512626718,143,3,8707.134172900427,92.74588494027806,59.44034300842625,31.35078850385821,4284518.292460484,71085.02236253483,4.233961675626972,3.508866258678555,5.793388014192603,1,0,0,0,80,214.16618575185583,DDoS
17.0074343533417,1,0,53.52560426765491,0.0,49.484514378046775,0.0,3147188.644425839,58797.81625048668,44.7425866017757,61.639419752344374,59.07134985934032,1,0,0,0,32598,1.216127767189673,Port Scan
15588.679208137799,4,2,436.4803797812698,181.82827945401056,120.55941442831588,90.60030748301078,39663.95426961529,384.8946995373286,70.76038677385827,70.76465302426783,59.11537959637042,1,1,1,1,443,1764.9050519777122,Brute Force
34832.87332750273,12,21,5524.304341622851,15714.562011481503,448.6712637023462,768.9374599303798,609736.2727850229,947.3809320790207,1014.8925163994717,1065.0000515542988,1322.423335655793,0,0,0,1,80,22384.983829092824,BENIGN
32819.705465977415,16,9,9359.658703235264,5976.958308900501,544.0818989228657,604.8640778203467,467299.04471673234,761.737488044074,1175.5402057873046,1150.9698376626168,1433.3442616686605,0,0,0,1,22,9539.32776480022,BENIGN
414.82219724567915,1,0,39.20638496455438,0.0,40.0,0.0,94513.71027123298,2410.671383160695,14.157096998975424,18.253712505142676,19.90736068981033,1,0,0,0,32352,37.69153674109022,Port Scan
8376.671490703196,11,22,3532.161872378249,17571.603027283476,307.4311035594831,830.647644299855,2519349.7110497435,3939.5122557479863,283.9607582968062,374.26951712637424,320.76544301157486,0,0,1,1,80,10098.0328401792,BENIGN
37.88207285774444,1,0,40.991251291034146,0.0,42.82922285208807,0.0,1082075.1927954247,26397.71069960245,40.42033494165335,51.303064169916404,43.057655465989306,1,0,0,0,15184,35.388106474111545,Port Scan
71723.43834872832,18,15,8741.82808097807,11304.954578986277,455.587353559767,724.6764442465739,279501.1382819432,460.1006415720043,1807.7547430861082,1477.759214237742,2648.2266410302614,1,0,1,1,53,19725.181650338945,BENIGN
55266.825535746495,4,14,2048.5498246933544,9186.735920133406,475.5933631783566,682.2034280697677,203291.67879490013,325.69267052180567,2411.756140987819,3085.6818267469566,2893.407045130858,1,0,0,1,443,20851.33055952804,BENIGN
22575.431276479696,23,13,12955.468707213715,9360.026646517646,513.0268451456184,684.262646610022,988485.8933782962,1594.6539208536292,576.5609318451454,677.7088954310716,605.6411690603962,0,0,1,0,443,16190.591828865769,BENIGN
432.1598124690261,1,1,39.5683939101852,0.0,41.57732115610295,0.0,91559.63319245738,4627.917595052512,40.18905604986963,43.69781967052575,49.328771260571465,1,1,0,0,51834,12.983986873499509,Port Scan
411.65932004417897,1,0,37.01474303798202,0.0,40.0,0.0,89915.96020226052,2429.1931490648158,48.694747019874534,42.86717171970761,69.80983770153163,1,0,0,0,30761,47.62746723513361,Port Scan
99334.81999025603,12,15,4682.641232623007,14297.908738046728,367.7270390298883,957.4302580609101,191076.50240400678,271.80801256446114,3717.9292340700135,3377.0389555241013,3493.446776728107,1,0,0,1,80,3957.1023478945563,BENIGN
53569.22543932499,7,8,1243.7656537917794,1367.3216055359142,172.5508411911557,186.09047951596503,48742.3000410027,280.01151551070495,16571.3637162445,15019.646426998948,23064.686858861616,0,0,0,1,8080,4449.494883630584,Botnet
6334.728971471159,14,7,5805.6747240786435,5612.396440965006,444.47063028922025,821.0180918565151,1802456.145553446,3315.0589543096144,398.3770439911566,468.78519250155966,352.20311766449964,0,0,0,1,22,13694.168754931425,BENIGN
9575.62839257417,6,3,813.3877698036215,262.4379133248822,132.7710590177021,91.80442920801192,112350.40031031265,939.8860973948649,231.72128497691162,211.296610853304,339.96096859816424,1,0,0,1,21,1670.890699612151,Brute Force
72622.00349442022,7,9,2203.5549142837485,7870.097101049476,338.31090857784864,832.8184978424795,138713.4963318275,220.3189010232874,3179.333263759376,3765.7971548336473,3849.5285364690935,0,0,1,1,53,21387.143115209903,BENIGN
113.50717325263395,1,0,46.16909542715532,0.0,42.2520995000977,0.0,406750.46434639284,8810.015890134899,24.67487173344263,31.19086621813564,33.728440893473646,1,0,0,0,26286,32.43220550885732,Port Scan
38423.05668774386,8,15,3384.455153549736,11352.023809968172,460.91698497800985,785.4375557153361,383532.1870219277,598.5989138479061,1301.6688075793818,1681.2403434994076,1659.6684235825214,0,0,1,1,443,7562.197474037317,BENIGN
877.0841434501642,8,4,961.6046331760672,289.3577441032079,126.1721012200925,71.21834889335695,1426274.0771465728,13681.697576695316,329.5102619796023,360.324686733155,334.63242938973815,1,1,1,1,22,1804.8277523256816,Brute Force
518.7093861174676,119,3,6865.735276948441,115.78512136694319,61.240742642133625,41.47581489153579,13459406.336507548,235199.13706048054,40.53776777766767,45.102649276076036,51.70575104812265,1,1,0,0,80,51.2483941150708,DDoS
8846.215411305113,11,12,2696.879648523194,5164.030507798195,228.40575416421467,405.10226633675177,888618.4419922058,2599.98190532495,404.43848184835207,450.70207420443234,338.37971073641387,0,0,1,1,443,20787.979234765866,BENIGN
5494.4861356446745,15,17,8431.633372847404,15011.616580027108,516.6307413047005,843.045910616697,4266686.524293848,5824.020519845284,128.74351405406537,155.4452578167014,143.48520791472419,0,0,0,1,8080,24211.40886827466,BENIGN
1809.6259336212852,107,1,6282.804313664848,37.6711866854019,64.35139050397039,39.59249793367893,3492697.2380983722,59680.84231854406,19.129100046516104,24.303544486950393,29.40944404331964,1,0,0,0,80,144.28841750537185,DDoS
44627.47560239305,18,13,7013.748312871794,8467.545818320323,366.6313078593589,719.0794811607512,346900.5118981448,694.6393355562709,1322.4364926180638,1453.5402887472803,1631.3686115658982,0,0,1,1,80,1315.8644493914157,BENIGN
87946.80051169227,13,17,4011.1530851499365,8757.653462759958,282.2858978802474,519.475825087713,145187.84621633074,341.11530863492396,2502.7152342895533,2854.900001920409,3530.7188873448317,0,0,1,1,22,7948.239569095252,BENIGN
11655.050013319986,8,12,1824.4548844886951,8266.576036900395,230.52358880236346,628.8967727863,865807.6035586759,1715.9943524174482,569.2458266026265,674.5387840113339,770.8320234938697,1,0,0,1,443,5745.1548268504475,BENIGN
100044.06618913975,11,5,4817.527255315256,3830.568080028801,458.71455443778143,811.3976460809928,86442.8612786917,159.9295251529558,6487.266578947355,6350.23728501772,10236.155676222414,0,0,0,0,80,3939.380200153753,BENIGN
19058.964920273953,8,18,2530.2617473781665,10372.171383893501,313.1424256253812,608.6259443098653,676974.4939058427,1364.1874104266035,613.3122719976716,537.4308206028167,594.4201522153243,0,0,1,1,443,7116.303685767929,BENIGN
125654.71438635986,10,15,3501.0269356945787,15439.50195130383,379.85725186823106,1056.5221899185071,150734.7255492584,198.95791512549738,4061.0680610594036,4911.034785314559,5445.478837840144,0,0,0,1,53,14712.735508386959,BENIGN
1514.4418600311158,139,2,8794.159307916227,59.41160459323377,62.36117732476845,31.428655395110543,5846094.951659322,93103.60715802124,24.954309471027873,30.09444755291676,35.65549466867122,1,0,0,0,80,283.5824280299054,DDoS
734.6322836892099,1,0,48.477364694083356,0.0,51.73457881035618,0.0,65988.61194969206,1361.2252309116534,31.253396232703434,39.39382070237835,46.85334298429786,1,1,0,0,7762,13.08948112624188,Port Scan
1794.216787126859,145,1,8552.610211122566,46.85766521540483,64.23047843079975,52.044327252466545,4792881.182495564,81372.55266337957,5.341979351681969,4.368453593273971,4.85801584074275,1,0,0,0,443,490.20388761548065,DDoS
2141.0689186280392,5,3,676.7351306226892,170.1541229400051,144.58596828898445,60.59607191232055,395545.0691915917,3736.451419380869,64.23774211282628,59.244747016043014,52.14859818205654,1,0,1,1,22,126.37900961854935,Brute Force
25869.87946822997,22,15,8712.460633806224,11477.092501492158,417.74049537366966,799.1757351781462,780427.0275048082,1430.2347270476694,702.0457591965599,928.5572209350661,1031.4342189245576,1,0,0,1,443,8824.07223030167,BENIGN
33333.27251677914,11,16,3125.166184630549,16161.019841391762,296.3756149195509,1015.1487149638428,578586.6364100351,810.0014778449631,1243.93329982609,1526.5160965949149,1603.3338925728433,0,0,1,1,80,17839.674788873308,BENIGN
50615.98180652789,14,16,4673.632067814101,13239.981147480254,309.01499583012543,896.9211325417457,353912.19484325114,592.6981741591137,2357.2786487805083,2482.5350951337637,2121.0939183779687,0,0,1,0,80,3078.7632325270824,BENIGN
376.49303845760073,142,2,12095.442312584246,67.37337081980613,80.67528539590836,31.539156923509168,32305552.669000503,382477.19158349524,11.919210222750129,10.969528263711634,11.906430134451597,1,0,0,0,443,356.7371851847741,DDoS
100366.66495144367,13,18,6200.4915551252225,14001.539058023222,489.2311072969409,802.7916047895202,201282.27457714145,308.86749116350006,2797.6998401832047,2945.923570015243,4043.31558086736,0,0,1,1,80,2683.151187317294,BENIGN
184171.89611835926,13,23,2781.457146480725,9521.85151395005,218.71413915479553,414.08990342955605,66803.39899701078,195.46956272234047,5830.438953450466,7050.177100082605,5028.774715290417,0,0,1,1,8080,19955.95163287677,BENIGN
10509.814207906333,11,12,4263.888973232247,14348.083092015406,409.7873980215495,1203.0430367554884,1770913.5192177063,2188.4306939220237,481.8184728598229,492.7574630967507,436.7013175962669,0,0,0,1,80,24996.64073812136,BENIGN
1208.5427811582922,174,1,9693.457387880324,46.792946972412295,51.704184797225615,47.65125533594363,8059499.82632595,144802.486704092,1.0267750806560767,1.0781719010195887,1.479901960255559,1,0,0,1,80,225.34243134171746,DDoS
45776.22822801703,14,15,6950.542864904573,14390.999161467531,455.81744196723554,972.2479264284486,466214.51466178586,633.5165897799056,1358.051074251413,1197.3457892745103,1618.7499622056655,0,0,0,1,443,4859.044044100567,BENIGN
1030.7299744840684,1,0,36.472620043627224,0.0,40.0,0.0,35385.23274428259,970.1862027448553,34.584664890600976,40.77375133056366,29.847127057577918,1,0,0,0,22502,16.022537910578166,BENIGN
76802.6277467537,15,11,1371.844181180485,13044.424004289529,95.06510575483094,1093.0317998981395,187705.4029063395,338.53008370666026,2435.695186570611,2924.5791295315335,2652.75175384954,0,0,1,1,443,16230.293942175043,BENIGN
339.40183046032985,2,0,109.6755068000481,0.0,50.0214108247547,0.0,323143.5335846465,5892.720134382908,47.326512178722936,47.74722276128427,58.51326528441407,1,1,0,0,64408,1.2194026767788635,Port Scan
2482.904030148433,147,0,8719.798629775683,0.0,57.48008796951527,33.93564357605343,3511935.4287948036,59204.865840590726,4.7318451757319515,6.4030592112180935,5.12918942961094,1,0,0,0,80,114.4132416739436,DDoS
639.1053718150724,1,1,46.81915090735655,0.0,46.21120495589324,0.0,73257.32652565445,3129.3744164909126,35.76582369305851,41.38757255613929,40.199550420536596,1,1,0,0,37298,23.162986173651372,Port Scan
485.3046264227152,152,0,8407.257280565675,0.0,52.691501015049724,25.783658910109068,17323670.170913838,313205.33892376977,11.049646675500592,11.750795313764726,10.560391892755021,1,0,0,0,53,158.96988158721672,DDoS
12385.23203324876,10,5,899.6509283282261,267.47703750590694,97.23670248782285,49.725834318401176,94235.4541845418,1211.1198207455272,171.42211006675902,164.0369029866536,265.6971222191548,1,0,1,1,21,701.1486788995944,Brute Force
99.11740164341757,1,0,38.76795848590688,0.0,42.20406686167256,0.0,391131.7068760295,10089.04575200202,19.91751726704861,23.42175277185073,30.6658895490863,1,1,0,0,62962,24.030963503447083,Port Scan
16547.793065541573,7,12,2471.4144391669943,4905.74926903402,381.8874810354705,383.7350461602076,445809.52148615563,1148.1893642702603,880.3108261806053,801.8561332677195,919.6003138904008,0,0,0,1,22,9806.495258917017,BENIGN
605.1263159395464,1,1,40.61319388902656,0.0,40.712377172978876,0.0,67115.23333102558,3305.0950641515396,8.102845322182901,7.5765841497132405,12.06687766131535,1,0,0,0,23084,6.448146621052187,Port Scan
530.6627325080476,1,1,44.286734298923136,0.0,44.21482165514039,0.0,83455.52002420204,3768.8721620745614,46.464367743966285,45.313645236647126,61.320786335975264,1,0,0,0,32178,43.620501815010456,Port Scan
412.36042061598306,2,0,98.16234549654781,0.0,46.99969335807027,0.0,238049.8723662982,4850.1260063039135,27.38119979604351,24.273537962541987,33.696658758856465,1,1,0,0,47407,14.630329121463037,Port Scan
15333.791493993267,20,13,9033.237191824428,3779.869757612382,420.5991040842705,294.17188996791947,835612.4416101595,2152.1096079157687,480.54878736607105,667.3449572559412,731.6256295335121,0,1,0,0,53,6945.414840973493,BENIGN
19337.341992073856,16,18,6652.513839461389,11322.338132680923,445.72546810178085,607.6681614835604,929540.9875623024,1758.2561250629064,523.5881839533512,645.9552426429306,736.3717588028821,0,0,0,1,8080,11388.111907464157,BENIGN
40383.28923089941,14,19,5022.781922113956,14895.292734109096,360.2768370148441,766.6197577114808,493225.66426765133,817.169691436376,1312.8959714956193,1316.5266544032522,1991.340795814652,0,0,1,1,8080,8817.653062214733,BENIGN
88073.66036963163,12,14,3529.3305919988416,15772.037779200651,305.57660384351743,1044.5644611418998,219150.29181476746,295.20744216695425,2596.3874535199816,2306.216748120047,3147.866508508098,0,0,0,1,8080,5997.0940264500805,BENIGN
92656.34035161548,11,21,4536.639290231666,16759.891148578212,456.6587906107214,875.4914428468732,229844.28651070254,345.3622264657259,2262.488420842653,2786.833851761746,2425.318807068192,0,0,1,1,8080,20786.215914703058,BENIGN
52519.32380574316,8,10,3471.1996959247153,5272.425802859498,411.21730162672395,584.9292727844211,166483.96942666025,342.730993007028,2959.4922644873527,2646.1766522044086,2606.823688826247,0,0,1,1,443,10573.160847847716,BENIGN
61174.007664716424,7,14,1649.4641007519133,8908.476140592857,249.17185249054336,645.5936512304493,172588.66378692916,343.2830511137536,2228.4219068356574,1923.310263076757,3420.3014510903986,0,0,0,1,80,17522.656329214522,BENIGN
48928.10646612324,12,5,2050.865417306445,1003.918626003501,179.00920931072613,199.5392973119365,62434.13579524098,347.44855723714613,15210.941851337855,14982.010451137101,17817.267745565874,0,0,0,1,9001,4391.695033257449,Botnet
4914.063114280582,15,15,5832.1355643367615,6000.100270460943,393.72757629115904,369.08909921238745,2407831.474612621,6104.927694725385,197.46997385440605,237.90095115049053,303.379044461851,0,0,1,1,80,8072.747442846583,BENIGN
140157.47646842635,9,22,2599.0876929893193,18231.26886304737,274.8546573358744,874.4942289958556,148621.08737188345,221.17978135103945,4082.952597805193,5034.073366363704,3505.19618830556,0,0,1,1,8080,8082.694367792041,BENIGN
58286.050207095934,11,13,2768.6863695372836,9910.046690715933,230.42574029202802,808.8174642085427,217526.0292163298,411.76233274901443,1923.4993853043313,2487.7426285838756,1934.274054232028,1,0,0,1,443,5624.497953670084,BENIGN
219.2264550927981,1,0,49.1297530687201,0.0,48.10580563132134,0.0,224105.03808914658,4561.493272227123,22.874501051280117,19.58666947304557,31.810957459859647,1,0,0,1,21080,12.530871899664792,Port Scan
67388.27316994026,15,14,6954.649506737208,17220.32438919488,467.003296801372,1265.9226270526258,358741.55485432094,430.34193689557196,2295.2570365005445,2269.2091094842135,3580.1539207597716,1,0,0,1,8080,14432.020023921235,BENIGN
36864.10314481835,12,16,5590.621359506571,13000.722451177957,476.8543104803955,838.9073406833558,504321.06642197655,759.5464859135114,1192.3762158577188,1561.3731183964087,1773.6045866468398,0,0,0,1,80,14184.30727210727,BENIGN
68883.46883268963,15,15,3225.619813459072,10588.794724939928,220.21209298605274,755.6136552876686,200547.60267594384,435.51813676611874,2799.4546463620118,3293.1319114284347,3777.8937315851344,1,0,0,1,53,10671.05631596808,BENIGN
245.91113871096553,1,0,51.52448956061057,0.0,49.05629078435222,0.0,209524.83011015807,4066.5095743196953,27.44371693931808,33.46969155160782,29.70899408574674,1,0,0,0,36771,12.055123626977938,Port Scan
71494.37813852141,18,12,4855.317578835932,9973.569983695688,263.78975120792063,861.1807313365894,207413.33722492744,419.61341270602503,2721.435545400037,2430.3988431247826,3064.258454826027,0,0,0,1,80,10338.149924906857,BENIGN
70903.68967557883,11,12,4599.176282851165,5951.5152882065095,407.54408260860396,535.804490517251,148803.13872708968,324.3836830669452,1679.7166282148642,2224.0984870651705,1885.8244231371355,0,0,1,1,443,3812.996830058972,BENIGN
112517.68149256536,13,15,3362.015809649194,10147.263181267508,268.2478199089145,669.5526926828949,120063.60966306733,248.8497774623103,4019.2057371755877,5360.846127044454,4687.629382889152,0,0,0,1,80,23640.352601634444,BENIGN
50059.11052890072,9,4,1680.8206837258092,642.6819199498955,193.13638045577275,168.8934259224313,46415.17955726106,259.6929882023111,15909.882857795365,17335.762100211854,15172.512736478257,1,0,1,1,9001,6959.580699162947,Botnet
83.28332743604027,1,0,49.33815067746388,0.0,48.06271967692308,0.0,592413.2980320037,12007.205172823788,32.53430334808935,26.782631653155036,42.73104889573298,1,1,0,0,44163,9.52453052906545,Port Scan
152613.95071587106,12,15,4538.264688215928,10681.634627191583,385.6339227044786,735.9431986663122,99728.09984942432,176.91698480610881,4325.4177894571585,4906.615627730095,5134.299456764544,0,0,0,1,443,16808.612585228857,BENIGN
46431.77405853994,13,11,5318.546431911574,8564.64378583017,386.80271391689973,772.9335271056997,299001.93346560886,516.8874221721841,1800.616454778655,1821.6780061648822,2625.3700266414694,0,0,1,1,443,5542.067577364756,BENIGN
1951.5305458670894,142,0,10446.506868365143,0.0,69.29878990156638,39.690762757236776,5352981.479325823,72763.40116772686,6.357078909303482,6.964618460136539,9.658780761254858,1,1,0,0,53,376.2691076352585,DDoS
200016.15343555846,17,10,4989.468593284166,7536.28523296201,274.3233779402121,803.9133053841276,62623.71119081511,134.9890973115774,6926.9290711094445,7379.528795500571,7906.4299127295335,0,0,0,1,80,20904.75210818658,BENIGN
3033.954437842866,107,1,5779.392576839988,40.08991953377273,59.67277545451603,37.668498532594306,1918117.959777734,35597.106750484934,21.51472921006469,27.38257661085436,21.161577893697235,1,0,0,1,443,231.24006324453399,DDoS
32634.729924949126,14,20,2966.5257508927407,22161.33066029353,231.37966524481985,1053.5755916565313,769972.8623148839,1041.8348819858666,1139.76933406456,1472.18910045063,1520.3640491114797,0,0,0,0,8080,16783.02958468425,BENIGN
156914.23065618082,8,17,2221.505831472755,12570.488163892447,262.6821552690074,673.9157869364608,94268.02102975833,159.32270703208687,5125.461410584551,4536.949449259937,5143.174796815428,0,0,0,1,443,14577.480983903994,BENIGN
22526.92787560288,12,23,4754.418436055814,14849.938190557394,419.0907342504357,716.4041677734107,870263.2127590341,1553.696100652309,552.3942818649654,758.3122904035023,454.28307411982513,0,0,0,1,22,3662.127482384939,BENIGN
258.6617275669354,1,0,51.54325748389162,0.0,51.51846481405898,0.0,199268.97561817867,3866.053201632716,43.81003892064083,38.00228807321771,48.114267153887134,1,1,0,0,44487,2.3057563223271407,Port Scan
105.32629433268069,1,0,36.4798215759674,0.0,40.0,0.0,346350.56523248844,9494.30535210351,42.25113609768802,58.605003404793955,60.99344772498193,1,1,0,0,64232,9.024402079587817,Port Scan
2651.201096990178,9,21,3450.6580908146607,13814.028899603827,393.94135171192806,688.0059449388692,6512024.685723961,11315.625975735307,94.21492331780084,108.1795576658173,145.4384235100499,0,0,0,0,443,16093.480683568843,BENIGN
56822.124941381095,6,2,762.4288362071684,446.1745636669279,132.65324332878623,204.20831458237726,21269.943725633584,140.7902293033386,15885.095075286985,15841.866399940194,25110.455868438254,0,0,0,1,1337,6242.865342191118,BENIGN
3754.3824705310826,12,20,2865.9495254936232,19708.114883516988,254.82177873853175,983.7477542453155,6012723.686571378,8523.372419079451,119.61380165565156,140.29749549815483,107.65208142891154,0,0,1,1,53,21306.86178071773,BENIGN
871.9179203363615,140,3,9290.63335262868,115.90418583187882,65.25746435815064,35.81457750784019,10788329.175333135,164006.26327858318,17.74673857353567,18.2351549955074,14.524209906969313,1,0,0,0,443,58.44212005865948,DDoS
87304.7336437701,8,16,2106.878818733662,10581.506616814133,248.15648066366396,610.5327991869405,145334.44987439364,274.8991835646313,2196.09549976302,2907.8593845763316,2099.8511927815725,0,0,0,1,80,2059.423330564938,BENIGN
588.1314181797003,146,0,8082.3969899970825,0.0,56.714031148075065,36.65448052702759,13742501.658919284,248243.83715442067,9.946665167260313,12.490727523488678,13.820182549636904,1,0,0,0,443,154.5203451979998,DDoS
10645.80815265156,15,13,4352.491162119918,9144.505542882478,285.8271706842394,736.1065986724672,1267822.650142412,2630.143207401875,295.1822547778861,404.2405923277434,410.5216359111615,0,0,0,1,80,5467.3447207997215,BENIGN
92128.51792457463,14,9,4376.819122291851,6342.040314673792,291.0815762997193,782.3702993115357,116346.81289176,249.65125368488003,3555.539212251832,3558.4281976818925,4766.391143183179,0,0,1,1,8080,18243.947955118285,BENIGN
149925.4978654303,8,19,1971.3455267564195,10731.246240095343,251.73598531941596,609.9619366967066,84726.0269114018,180.08944698809393,5588.968959849246,6338.884009194224,8381.072669873793,0,0,0,1,443,8848.603227286683,BENIGN
13497.96473682278,9,4,1112.3811272533014,286.88677407215386,124.10840707705023,66.22718166032065,103665.10274754371,963.1081613760392,296.3925534817262,287.88912136944487,464.5980091228275,1,1,1,1,80,993.6499359682133,Brute Force
39995.13831075423,17,20,4205.262184174506,7072.689028054288,235.88018690058254,385.0478785387309,281983.0531551452,925.112440230045,966.0112938482356,821.2055181193722,1229.6577230672015,0,0,1,1,443,9021.86652993959,BENIGN
10920.660203972793,17,17,6312.516287880622,12012.264612761293,352.9060402297942,708.0408291525118,1677992.0406254926,3113.3648849939714,400.08251485046736,518.4352261027897,591.6134057980844,0,0,1,1,80,21208.256907820705,BENIGN
588.4605625881842,1,1,41.38947354051729,0.0,40.0,0.0,70335.16971549786,3398.6984466784693,25.212099453686417,30.051336392422904,31.687170466163032,1,0,0,0,42543,35.15631093420021,Port Scan
47714.46130557462,11,11,4637.563789314296,3813.1713703688984,389.1468118180546,344.52933144480875,177110.56414454101,461.0761475248946,1977.2217300421523,2129.740743126964,2564.3931344213497,1,0,1,1,80,16489.212649919737,BENIGN
55414.36572154669,18,18,1771.5883636759688,14569.26769391437,99.21004992943273,747.7147570243015,294884.8343713252,649.6510341902582,2179.589473986788,2974.6803019374943,1989.4052029883658,0,0,1,1,80,7190.901393448831,BENIGN
112425.19574077346,15,13,6213.478466830112,16838.279483899387,405.97320391784086,1255.144638453264,205040.85226483864,249.0544918824205,3463.51408420985,3885.9655355190685,5527.574990210517,0,0,0,1,8080,19536.396080151277,BENIGN
58279.6922204903,8,13,1705.1261258985865,14765.125376905715,225.84411209448487,1076.2437638139827,282607.043298928,360.33134699048225,2571.4713320444794,3523.8903697931055,2630.7384999960796,0,0,0,1,443,11945.065769271181,BENIGN
2222.8673753519056,124,0,6696.419960709023,0.0,53.36656284089351,29.98590344303561,3012514.392429239,55783.80490665547,13.82205049920884,17.744245376748843,16.791473398478658,1,1,0,0,53,205.45090577113345,DDoS
2576.6225636078816,118,0,6593.087913539267,0.0,55.83289189470855,50.605770527619626,2558810.1286776685,45796.38541811575,49.59161100635691,66.03496472024104,60.388924717768376,1,0,0,0,80,482.0867544803496,DDoS
11617.3238031916,4,12,1787.5343586119216,8931.201984890162,457.1336079541278,799.3011284495346,922651.0791200766,1377.253511312507,570.8027466234247,773.571563203658,730.9265472196229,0,0,1,1,80,6388.075731595138,BENIGN
55111.9762720146,12,20,4977.967476820434,13125.798520468696,379.2829751584787,687.676247507954,328490.59717864025,580.6360461845628,1407.5531648650706,1901.525792163456,1595.6025086180916,0,0,0,1,80,20456.056506769295,BENIGN
339.3676733240865,1,0,39.984322571983945,0.0,40.0,0.0,117820.06865986923,2946.65661642153,22.09866281942372,30.120162554553474,28.100414231088507,1,1,0,0,42433,18.097980329715508,Port Scan
42612.68626599681,21,17,7678.946055745714,4669.065267381293,405.94945961874527,277.64797779630914,289773.1263888946,891.7532155282698,1107.7046163094296,909.9623246465777,1303.0168893097787,0,0,0,1,443,8113.990543977129,BENIGN
63252.61414499912,18,13,8370.387646255207,11333.199957764136,423.29388177985936,869.0872787618491,311506.2969389882,490.09832113714975,2126.707168283627,2318.461916793816,1712.3997983798215,0,0,0,1,443,12938.320618476722,BENIGN
49432.814966487895,10,13,4094.3734123571953,7760.635479788109,414.8612024983877,557.5466427767734,239820.6312989094,465.2779740662644,1632.9626153305762,1517.357694576794,2478.877021658352,0,0,0,1,80,2263.397733719909,BENIGN
2812.169772735434,176,2,7044.003557420496,107.08929434509166,43.59724028951315,49.71267469508035,2542909.3652513116,63296.32077186332,12.083992030377232,12.505643567554447,13.32529230363304,1,0,0,0,53,54.98719740919251,DDoS
2712.712898496,132,2,9059.399886586189,122.74062754522372,71.50745775456606,59.13942588008703,3384855.2566039087,49397.044587465614,2.1827423426415415,2.08490391034566,1.8451392945531049,1,0,0,0,443,359.76448054305195,DDoS
43694.46456682953,13,19,5608.035251982177,8070.139800754001,409.41788379063775,422.13471618871125,313041.37007596856,732.3582132710849,1188.2177755213675,1643.195125503901,1269.274866111609,0,0,0,1,53,15957.59950419518,BENIGN
20971.424619809823,14,17,3100.7774394482008,16933.06900129363,233.81198366502707,1028.931424444007,955292.5852170124,1478.2019134130296,588.5135165465532,592.704905056863,926.4717681564198,0,0,0,1,443,9088.439164968058,BENIGN
17909.790869993816,5,14,905.0356389728605,12330.23745314257,183.3668627088633,953.6615583983627,738996.5180604033,1060.8722423349302,827.4860311930566,826.186773481896,1240.6346790307489,0,0,1,1,80,21899.0691983725,BENIGN
629.4137912779515,162,1,13003.129737844936,38.39384937162742,78.51449572385988,38.78138288089922,20720110.947580706,258971.1287848451,12.033439069813383,15.555980570249297,10.612755467820397,1,0,0,0,53,107.78327467067157,DDoS
780.2251880873043,1,0,40.90474986535106,0.0,40.44292476147108,0.0,52426.85123461301,1281.6812572424972,28.553307067063674,30.30220346224379,41.482337440861805,1,1,0,0,60231,23.177239280123807,Port Scan
7711.644487949415,11,15,3068.2853736229185,14713.052784712329,283.3902086033526,960.9428574779673,2305777.734712903,3371.5247170209736,352.71324829593163,357.1220069506609,555.9336790065803,0,0,0,1,443,22045.152504901995,BENIGN
28155.081983259344,15,15,4109.174463446756,12112.72626843238,294.5628306386509,790.0260834569342,576162.4399291209,1065.5269985659293,1049.3046681290543,1130.1816456291551,923.194714670052,1,0,0,1,80,19257.19585155047,BENIGN
88065.93614067482,13,19,3969.102020466971,11342.91898380432,305.6885789523083,634.6882885365037,173869.96238604863,363.3641042421195,2277.6942900804975,3160.540374085116,3475.386332854216,0,0,0,1,80,17996.09293367563,BENIGN
22259.63416332081,12,13,4100.374083771946,8073.4559922902,340.3657401158181,641.308426939462,546901.6241121363,1123.1092037080616,607.9704541062641,647.5819060110792,834.8230839144653,1,0,0,1,443,19423.671144331543,BENIGN
116.96985039743316,1,0,40.00819507455528,0.0,42.123573055127245,0.0,342038.52478752285,8549.21158403007,27.21271102812467,29.125329636892115,42.96888480354788,1,1,0,0,13993,37.19626209301584,Port Scan
41.927726226496475,1,0,53.50482610664103,0.0,56.59914178670532,0.0,1276120.384339572,23850.565961958702,47.31762631109655,49.90134866208944,39.000542493524726,1,0,0,0,58541,22.799482299356505,Port Scan
173.2514239459432,2,0,81.22583506773624,0.0,42.819642649493154,0.0,468832.1355042935,11543.91666428108,45.95716216465863,45.96306086762566,52.567012902061265,1,1,0,0,5243,49.83221569604693,Port Scan
123.52927663687754,1,0,39.1904196167913,0.0,43.09920707570655,0.0,317256.1248941344,8095.246950563517,30.012412900748416,32.71308443562288,43.55000606635116,1,1,0,0,59092,22.840997608265972,Port Scan
70948.08536765665,15,11,3399.917240937009,7351.475099606125,238.03476601407382,720.3828735677089,151538.86514102336,366.4651394786294,4219.102482205949,4285.177284071025,6547.064038826591,0,0,0,1,443,18656.608814860614,BENIGN
40402.83749830633,12,20,4898.242878383498,14820.034847502036,380.1429578297333,733.2126288663482,488041.9036586754,792.0235800602229,1928.4856856241709,2674.994628099283,2857.3247635576595,0,0,1,1,8080,22477.3335875255,BENIGN
11754.48418255372,15,17,4636.268808383117,22080.629672483716,312.5241151060794,1203.7205421034027,2272911.1772101982,2722.3653120819326,311.0926050904983,397.01437467208643,383.75105856425773,0,0,1,1,53,13591.917497122835,BENIGN
18095.363213518718,14,19,5366.452208649528,12210.802997786988,377.3824500901815,634.2205010938427,971367.9133726846,1823.671600874322,525.1485059298881,673.6994339860001,546.7776093207417,0,0,1,0,443,14133.096987365707,Port Scan
317.0397463838369,1,0,41.45293743280038,0.0,42.60873896550468,0.0,130749.97032900006,3154.178652380417,44.900517103953455,46.905692148152745,61.13795677430395,1,1,0,0,18168,39.69647737940855,Port Scan
86794.62897242644,10,20,5533.452243791599,17810.220873283542,562.1550091542994,831.3627829144784,268952.96855858597,345.6435076130186,2648.1944028281446,2728.3134310283267,2516.275633105132,0,0,0,0,80,23507.098103441655,BENIGN
239.4500267555422,1,0,52.25011319339423,0.0,52.00398651329591,0.0,218208.842577149,4176.236743631328,44.273391536474776,60.373558992198255,57.157570991620645,1,0,0,0,17799,19.851503003853733,Port Scan
1466.775291722261,8,5,1170.5480017036664,506.37757437357993,148.54925049972178,105.05055009581758,1143273.67357561,8862.97994884795,258.9819147038732,268.3417205221428,236.01615956842718,1,0,1,1,21,2687.8958457243507,Brute Force
55090.91593792801,12,3,2828.3828858758343,541.4268637531616,235.45441615327377,180.28773814259014,61168.15616980892,272.2771938825774,13850.91174163702,13994.79692754735,18425.54932755424,0,0,1,1,8080,6423.485858561371,Botnet
37841.65878942059,8,18,2247.12250070653,6592.50518568199,262.0999524838204,374.5151094748492,233595.14273882253,687.0734748887074,1236.3868320800862,1563.8231055168956,1633.4134642818965,0,0,0,1,443,21165.089671288555,BENIGN
39703.648565280586,10,21,3778.687830596093,12320.066435077284,415.3293963394331,627.654004337282,405472.9186715389,780.7846664023816,1172.3497987186486,1553.4845902524175,1628.4637741575384,0,0,1,1,443,22492.86306843723,BENIGN
657.624810548225,2,0,87.30619712615338,0.0,46.45121386653061,0.0,132759.88941684103,3041.2477873709054,5.487704461455987,4.550552043546257,8.543709468977875,1,0,0,0,17387,6.789688195439286,Port Scan
14298.096363812292,14,20,4568.762772940912,15843.720882238262,362.09296427496884,785.5088983047755,1427636.45843387,2377.938932210036,412.18402408851273,569.0350012433258,617.7556913735102,0,0,0,1,80,1196.3148194054488,BENIGN
2475.8819482760964,157,0,9861.66979310133,0.0,58.36393511462066,27.559137569248456,3983093.701203241,63411.74711876539,4.742239816853833,4.818270120758181,4.652511855979359,1,0,0,0,443,299.69831289776795,DDoS
630.7631346550386,1,0,50.15805223471741,0.0,47.144375030658125,0.0,79519.63182209217,1585.3811756879156,44.31121101459951,47.229018053942774,61.02934923865069,1,1,0,0,16579,26.90782524025966,Port Scan
65665.16375664315,7,23,2920.7625085275145,14468.90638652039,441.26716623317384,614.5302372569687,264823.35381808353,456.86324808662323,2885.31153727602,3022.211250639878,2632.94038516582,0,0,1,1,443,1850.0543160475017,BENIGN
1973.5596012119381,136,4,9307.200459587846,144.73803825585904,67.50233789607762,36.4391291285022,4789284.545569026,70937.81201947373,9.36275644077168,10.797508803024972,11.056372727511558,1,0,0,0,80,402.77080727618454,BENIGN
437.20093329589616,1,0,46.81021389210934,0.0,44.27313458823964,0.0,107067.96424066262,2287.2778254643003,5.801686016580124,6.884056118554711,5.01130294215835,1,0,0,0,47853,47.31080531788,Port Scan
3068.8442847311594,117,1,7544.115273155199,41.265198107925144,71.39708107256489,41.25252347943746,2471738.468127466,38450.95711994953,27.959247829789838,23.66216176653378,42.12193856399484,1,0,0,0,80,263.37212463685546,DDoS
10846.07137170079,9,2,848.3817300289967,127.06366090533487,104.43550475400814,59.23886423452538,89935.36530466058,1014.1921091078966,174.4195718857822,183.36001534906126,227.9849559978156,1,0,0,1,80,2763.3192289164454,Brute Force
67883.3397307393,13,19,4620.397113233284,21843.621902137802,338.743660012951,1063.9742385204206,389845.5662367405,471.3969602398567,1828.58945992952,1772.4523385956777,1900.9041756766144,0,0,1,0,53,9367.537684590352,BENIGN
21344.15809133562,14,17,4650.675219394686,4007.6722740687874,312.74976459830134,254.49927412419038,405654.2055401199,1452.3880430113588,751.4902004195701,905.7109366435412,862.2138228819323,0,0,1,1,443,21046.121404608337,BENIGN
46513.015586114474,15,7,4139.082829684083,3748.464875810821,300.47777562901626,545.2109079517213,169577.21631468617,472.98588841802933,2268.4845007531,2199.801854429361,2816.4996604491553,0,0,0,1,80,11138.570413650292,BENIGN
41987.601795724244,11,22,4007.723981138912,20780.825881018904,337.452683563034,1002.91653813743,590377.8449352192,785.9462933975076,1327.4087287916518,1812.17647109087,1852.6715866888926,0,0,0,1,80,6631.106159285042,BENIGN
165554.3791827133,15,18,4036.2062277460695,10470.80440667562,293.6506642137557,616.8313531091228,87626.86137351338,199.3302754231569,4552.934783957298,5309.755836362829,6644.874265081215,0,0,0,1,443,13673.774911044902,Port Scan
759.5344840898648,1,1,42.0802207752535,0.0,45.94449150937527,0.0,55402.64682738849,2633.1918324900817,33.31922813122198,26.991243703391174,30.079551556296703,1,1,0,1,18344,47.948497530797816,Port Scan
115609.95779969105,7,9,2335.51806366466,8150.828864423874,321.8479141862439,889.3392259528812,90704.53036802818,138.39638301505164,5794.757722756119,5490.036768397853,8818.412342517788,0,0,1,1,443,8855.902429907337,BENIGN
5308.596317876304,14,16,5632.203487797037,12590.319592883703,402.0229119191118,744.7858460844823,3432644.335625549,5651.211394427794,171.19458576714837,160.08342135787555,262.3355021712064,0,0,1,1,443,2654.2084955746927,BENIGN
1497.6947462963376,139,4,10548.144059138487,114.77388889478227,72.4804976492769,28.886336858347427,7119553.550148782,95480.07052413447,22.280092087591022,24.282258404408598,26.970911400958496,1,0,0,0,80,478.65898645146245,DDoS
3243.6101114652693,112,1,5617.262652210591,33.03031734374609,52.4662569708417,34.298133564450424,1741976.6172210728,34837.72590317686,13.720751811848634,11.19875999226195,14.940777901629021,1,0,0,0,80,309.0863653265767,DDoS
544.5304927845812,1,0,44.86951451935978,0.0,49.47312051718751,0.0,82400.37080367944,1836.4444475575121,29.5655992299468,27.479331771231447,39.81592737926749,1,0,0,0,24116,16.392692659702142,Port Scan
5275.018237770765,8,4,1113.2860746435188,318.0099289414034,131.57500268979857,81.3165292081801,271334.797164567,2274.873651445654,87.24013917703988,77.41767137012735,115.27347383017485,1,0,1,1,3389,2580.931941152317,Brute Force
1072.099654109014,13,15,5071.487586896198,6674.44616007656,419.61376784108086,485.40356436346156,10956009.268312292,26116.975126971625,56.75905715395789,67.36478697704914,82.81074303196868,0,0,0,1,53,12155.747121940258,BENIGN
672.3884607134637,1,0,38.44278086209725,0.0,40.0,0.0,57173.469070700674,1487.2355170088902,34.78538630378236,28.667657242236793,31.18812018309993,1,0,0,0,25723,3.0885177345451043,Port Scan
1891.5965904542625,131,1,9484.4138532526,36.42418846649652,77.30805338992008,36.38025597447558,5033228.591003481,69782.32074752287,12.232145638018892,11.223692715655329,19.43898118953882,1,0,0,1,443,263.2031715359889,DDoS
474.6144288065533,1,0,45.91265819048676,0.0,47.681041610138685,0.0,96736.75177962228,2106.9734489837583,21.690644742573117,19.73296188621871,22.82285023942956,1,1,0,0,11987,7.833334966048505,Port Scan
2512.806820826352,12,10,4567.562428227914,3193.6729822588254,393.3794074220146,326.2036433902662,3088671.737978811,8755.149746356214,136.35108945407225,182.41787553051947,121.6844654683724,0,0,1,1,8080,4052.534642999021,BENIGN
12731.777936540111,6,4,591.912778878025,332.5575052490317,96.2681309978915,84.59560963804662,72611.24791328897,785.4362564163229,222.3590304158065,239.55389567393823,343.82392664813335,1,0,0,1,443,2064.7361969831836,Brute Force
656.5431534907841,126,1,8749.654912426413,40.10432883513218,70.10302249625332,44.21296306857063,13387938.316814581,193437.39908755702,15.577187117481177,20.91760291499099,23.426703613746824,1,0,0,1,80,234.10270112493362,DDoS
835.4010403492185,1,0,43.18002041872532,0.0,40.50317183443601,0.0,51687.77429421801,1197.0298715237116,46.15554603903365,39.20728560498699,60.36746393630421,1,0,0,0,27828,22.407382618630816,Port Scan
499.89265871233295,120,1,6840.917816997308,36.32964011555062,54.93115706255008,35.70973363985264,13757448.398677971,242051.96433906897,3.258087036880604,2.730806131990895,5.113184421072613,1,0,0,1,80,154.5129349940264,DDoS
2577.056215798866,129,2,10478.998590819521,100.53422775514593,77.67671594187317,49.049910650945385,4105278.244888849,50833.19455621231,15.818408892951997,13.901647040145548,23.846328302175372,1,0,0,0,443,464.6129160768848,DDoS
537.6363370679695,2,0,104.50020760748748,0.0,53.762480296813195,0.0,194369.68895626612,3719.9866566071673,39.9386490664972,38.199503276623766,57.35905972179894,1,1,0,0,3717,15.101894473674998,Port Scan
1807.62283017443,13,15,2913.3490404853,12124.482000303446,248.1363711335933,758.8799346215422,8319119.890368746,15489.95704889282,66.71803947791446,61.82737789614273,59.39257722984932,0,0,0,1,80,10512.642646767796,BENIGN
28685.082191122583,16,12,4290.991696334933,5992.261417665858,261.88154599799026,522.1487917954285,358487.8385735718,976.1171264367301,1418.5285096504647,1676.590085786697,1971.3963219054012,0,0,0,1,22,16518.593213314554,BENIGN
123457.1933164632,14,19,5192.669858838706,15814.447688549877,344.4627663026882,775.6257140027243,170157.09642402222,267.29912703757697,3160.6955793880393,3338.5428406445517,3329.85455855073,0,0,0,1,443,11535.678793514111,BENIGN
16860.540099477497,14,16,6449.704134646178,11338.164534128062,463.3559632160885,725.3011249745941,1054999.9326133972,1779.3024317726151,638.4494637328092,797.2648309705556,986.7280298933965,0,0,0,1,443,4318.085029902109,BENIGN
763.8577210015478,1,1,46.235807444715945,0.0,43.47953010249097,0.0,60529.344894351416,2618.288648542635,20.885483618019496,16.82229085860125,18.111900858512264,1,1,0,0,27263,10.21628751897961,Port Scan
13072.267297649863,4,3,384.51902410480625,264.4423974077428,102.94637060199244,88.32917513698371,49644.13645590154,535.4847663846701,369.51463238173693,378.95316548614875,573.4455165458883,1,0,0,1,22,1387.5362819841198,Brute Force
24566.507597187378,8,13,1906.4992536640978,5419.413842163214,222.278555336671,458.42386636914097,298207.3486369734,854.8223599517374,932.9440587717356,979.651929798595,1163.4034007517753,0,0,1,1,8080,9060.953879842249,BENIGN
35929.680885094414,14,25,4806.434326658829,15413.821095468835,342.20953063832525,683.9848544343375,562773.03121042,1085.4535592655186,798.677100926429,1016.219000786358,1164.3676406864822,0,0,0,1,80,5440.552451478626,BENIGN
107426.37982264561,14,14,6057.9517924937245,5934.640626124172,418.8673756574392,469.2419629994313,111635.45153822491,260.64361515510706,4519.256488962534,3770.16730371083,5575.880603091885,0,0,1,1,8080,7939.414575771258,BENIGN
1266.5039291386513,165,3,8748.418122672594,108.99785857139709,52.72391100464629,36.16972846918486,6993595.343417464,132648.62124372306,54.328791064897196,47.94783707880036,69.13269316710574,1,0,0,0,80,468.46900050228504,DDoS
756.7846989753607,1,0,37.246429388459276,0.0,40.0,0.0,49216.678718384,1321.3797812692799,6.741665435660099,6.080659546853739,5.605536386530441,1,1,0,0,33344,39.94274143241224,Port Scan
39403.13295749033,9,16,2980.793991146677,10350.29360555088,332.104005712425,659.2451159067587,338325.57454453345,634.4673157581402,1541.7780847514998,2099.6386524420614,1830.9177971237204,0,0,0,1,80,21821.069697659135,BENIGN
112451.42370556311,9,14,2869.3578741529486,15694.134991430741,307.8431920960245,1050.7580227884546,165080.10529230259,204.53275949819889,3893.1646725523146,5252.601145470305,4935.501998004966,0,0,1,1,53,13591.612551901204,BENIGN
1356.7148255542409,9,22,2845.2665493050677,11456.739429205049,329.8222927522763,522.6098121409722,10541644.941977771,22849.31174636201,38.689719793682166,40.04255880560079,45.23792056845882,0,0,1,1,443,19302.544098011025,BENIGN
1485.6811941514388,158,0,8894.907126361353,0.0,59.36724403794807,34.70754076840733,5987090.071125095,106348.52256458912,1.5278297849656668,1.2794629539862377,1.4927479561320587,1,0,0,0,443,343.17571188685395,DDoS
36453.98027527898,10,12,3787.0748775631478,7940.747916137621,403.77267010484974,612.102756000153,321715.8374789025,603.500628295428,1351.5226138976327,1169.179825678784,1624.7524255058263,1,1,1,1,443,12706.935116638055,BENIGN
23036.859494225642,8,12,4703.1055731277975,9953.48031113522,558.0050259899399,755.928877623684,636223.2615924404,868.1738934516289,986.0682897110073,912.9644882043276,1519.1830745232587,0,0,0,1,443,7495.003012451802,BENIGN
982.512564672408,164,7,10028.577194490552,319.83576484481483,57.29312448382852,49.2657809734013,10532601.140613161,174043.57577555793,20.063755299530786,17.39087799749476,20.142522543309756,1,0,0,0,80,424.7277075339309,DDoS
10579.94313584046,8,18,2309.2645518246636,13496.524723692472,309.6302166544442,693.4326444385127,1493938.9628639566,2457.4801268943293,352.14043165715657,294.665659093179,475.7968515976068,0,0,1,1,443,16764.99463010386,BENIGN
62743.42687065861,6,5,1353.0662087374722,991.2514526904048,248.60259139202122,219.75734664941248,37363.55787930633,175.31716944112355,14163.932186618,18326.566340456113,11797.202574784395,0,0,1,1,4444,2336.284512738565,Botnet
65604.45769002863,5,7,1194.1057521559344,994.8738621106203,250.3011664460217,137.9529668626518,33366.324352670665,182.91439976073312,15529.403268280395,17393.538760909894,16281.812989693806,0,0,1,1,8080,4125.0008734274,BENIGN
49022.3381402393,13,12,3218.7506316962654,5942.082970048096,254.69302904254408,486.7005908550192,186870.59714568817,509.97159557102196,2123.202667842076,2238.238322201453,3136.407017003971,0,0,0,0,53,23028.64571991514,BENIGN
61002.67860550814,13,16,4112.99338811108,17030.92469236423,288.5228885855234,991.5593164291802,346606.38784746994,475.38896099197666,1561.8739286149307,1523.6021036716527,2281.675263732402,0,0,1,1,443,16314.35589876509,BENIGN
196190.587882394,14,9,3933.424493929227,6622.072289018745,272.0032038943874,813.3871866434397,53802.2587978351,117.23294296761728,5708.639450038158,4842.739013685598,6928.857037326316,0,0,1,1,8080,21720.752996371233,BENIGN
208.95974229105732,1,0,44.9572398705718,0.0,49.41977624747608,0.0,215147.85277611722,4785.610802520578,22.403145132608007,28.31099949178606,25.409149332539165,1,1,0,0,36295,41.68183464000405,Port Scan
1352.0914410815003,145,2,10118.834796269239,81.82329858018633,71.53209702196226,38.72497980522298,7544355.200333347,108720.45745842367,6.024079291181366,6.7661276039687035,8.300031192175354,1,0,0,1,80,441.00304048590897,DDoS
9687.15211860087,6,13,2793.6234008034567,9925.22797198893,431.156132469017,756.4312634421474,1312960.8389621729,1961.360755708273,491.8702036469698,683.4175374715625,603.9913302515588,0,1,0,1,80,5746.522726346757,BENIGN
6198.120765322462,6,5,806.3696969130044,358.94182021056616,133.39246050593806,75.54379003174888,188010.45691837926,1774.731473698176,213.84221395253326,202.87896126644904,216.02162515711893,1,0,0,1,22,571.0949911843807,Brute Force
55384.481311564814,14,11,6615.549737594717,7555.3661884969615,468.01242979890696,727.9820052645075,255864.3791637831,451.3899815972414,2117.9489508992997,2751.0458321056244,2421.01148779929,1,0,0,1,53,19626.59607419011,BENIGN
37014.11799361922,6,5,2349.8261047534434,3463.247147194291,373.39022867541496,637.1252714284165,157050.16266900743,297.1839016100901,2827.6088183380116,3086.9252426768694,4402.748222603948,0,0,0,1,53,16570.058110295147,BENIGN
32883.00846039606,11,14,3520.653530462724,14763.081098900397,314.75179534115495,963.9988829339893,556023.7790098754,760.2710691787745,1133.4414546166968,1085.5843858370558,1581.9401224005276,0,0,0,1,443,11022.090993418578,BENIGN
41211.00774200052,14,14,4866.570409396083,12669.9029865955,350.73751916896657,908.0171129236752,425528.86611698044,679.4301215658841,1273.193680483814,1084.3071145967085,1505.618483006268,0,0,0,1,443,7476.044630889577,BENIGN
21877.531346168005,12,21,3303.4054961179268,16669.26146959384,302.3779065492332,757.6553018540361,912930.5610255753,1508.3968788727238,782.1605173671321,868.3758926133745,1219.6634578931692,0,0,1,1,443,24474.045934359317,BENIGN
12326.978011861887,13,14,3443.590994845019,7376.488220352388,272.59196933111235,507.63343440410165,877756.0246141078,2190.3178519519297,522.2032665705426,665.3140519107279,555.2459788156499,1,0,1,1,443,1391.1713236095297,BENIGN
62382.13325420044,10,4,1563.848951249703,393.1107282508632,152.15002223803808,107.06186750200655,31370.515521265803,224.423232577692,14904.865522494183,19856.474365761336,15327.262859730212,0,0,1,1,4444,7575.217473022735,Botnet
13018.303086914853,8,20,2893.4813740143195,18856.74246893306,374.55267456396643,958.627147168441,1670741.8545823593,2150.8179532356844,503.23172712375685,455.7976823047757,618.2622506244688,0,0,0,1,80,1893.4033528052596,BENIGN
3146.551230750809,180,4,11304.154170078822,129.44690739974175,60.640815660759905,32.710119290518314,3633692.966998143,58476.72149806224,7.989224526964743,6.508019513436209,8.610005719090003,1,0,0,1,53,218.01453483362945,DDoS
154317.89811643283,12,21,4199.053994564468,17583.140492106057,374.548672950352,793.3435748876134,141151.4461545858,213.84428120645802,4842.021952495346,3994.1710305622923,5512.116474010324,0,0,1,1,80,23192.13797275916,BENIGN
387.5637443363549,1,0,39.67268942933961,0.0,42.55861166428677,0.0,102364.29492978807,2580.2207110790278,43.855842661736894,57.115140516507566,68.18215967177154,1,0,0,0,39242,27.560712607961257,Port Scan
561.1681344295785,127,2,8038.116276732915,90.23368504016024,68.79667072311337,44.60136732834338,14484696.231077798,229877.62862039046,2.2195105910893655,2.1342994460659104,2.936726960441469,1,0,0,0,443,120.14027673498305,DDoS
8127.88411012986,3,5,428.86150716945554,461.2595983354387,138.22416861890218,95.82088182148702,109514.49275654998,984.2660022710613,228.70363297960773,251.90670598354427,185.4408254741805,1,1,0,1,21,1038.8784438698597,Brute Force
8828.197890813553,14,12,3013.202867662759,10651.689129976206,228.6707322011148,933.9119857393923,1547868.791189919,2945.1084266082303,258.135160471384,337.9615102595909,319.3830379403391,0,0,0,1,22,8749.071936931907,BENIGN
28925.422726720528,14,19,4357.334300433462,19560.080271305233,302.61900977342145,964.2624886767353,826864.823989052,1140.8649170584285,1175.2443859819832,1430.1322388159308,1808.200438104708,0,0,1,0,80,6632.3376503157615,BENIGN
646.2745182529734,1,0,47.68958948125504,0.0,49.74333843434506,0.0,73791.536157376,1547.330076858402,20.39249361869052,16.40598423025871,27.253015708630013,1,1,0,0,38344,33.51590068284611,Port Scan
3228.644920032137,106,0,7393.810568194453,0.0,66.45471692176002,58.9159648065339,2290066.189167949,32831.11107769166,11.417457421784178,14.416355026264847,9.813197647427597,1,0,0,0,443,38.99518547076478,DDoS
3753.402874517744,7,4,989.5955838677367,248.8982992070206,142.69202445605706,64.18367089565548,329965.61373228166,2930.67394248568,374.663259435418,365.0226192740876,358.4928024947603,1,0,0,1,3389,1836.808610848278,Brute Force
119229.97205042536,10,14,4190.445103826183,10393.276363596613,391.08792811712567,820.7637921809593,122315.90108278288,201.2916684225154,3302.217399914735,2988.681965689398,3367.914905398322,0,0,1,1,443,8103.444978900943,BENIGN
45947.830013587,17,14,7605.724635107738,12416.140438093473,416.7151779369048,908.2683397792007,435752.1360046959,674.6782163778604,1346.2898277231095,1540.5407017610721,1268.686459641363,0,0,0,0,53,24988.542128930614,BENIGN
16784.62313970471,6,14,1774.8750745718803,6701.578738568188,324.6755842758489,465.20542647617884,505013.05525821855,1191.5668188396312,1022.6030298272275,1388.0181493734387,852.0302468940524,0,1,0,1,443,22833.475590289847,BENIGN
14344.974811846534,12,17,3846.1944352847736,13790.276131149838,318.29687643124134,859.2052294329865,1229452.877942306,2021.6138669027764,543.3851315575929,541.7994133259197,607.6459435239383,0,0,0,1,443,3157.7177469612507,BENIGN
71299.79564809414,10,11,3600.4659607181566,13979.462780257383,375.29699340617594,1344.1870407455351,246563.52211362135,294.5309984287639,2664.7281384979706,2997.202771638164,2956.7388441190737,0,0,0,1,443,14997.323541749114,BENIGN
2101.1174895851427,10,15,4230.623080356632,14576.649739319786,426.7442782356005,996.5663500613305,8951080.990425643,11898.430299076777,92.52346308848661,106.16921558048674,77.92966714880794,0,0,0,1,80,17073.676104316957,BENIGN
6045.490964924297,10,2,896.6162380071024,195.80055395316128,97.18674848066709,89.46198654194222,180699.43339563705,1984.9504481312654,328.00192832464893,422.5833681195498,390.53134698860646,1,1,1,1,22,1909.30669592635,Brute Force
297.01903808952216,1,0,49.370736684462514,0.0,47.74056207233552,0.0,166220.7816779141,3366.7875515056985,30.38560132928909,27.189817868281065,48.29998607383915,1,1,0,0,11692,47.981266234764625,Port Scan
8298.774274661751,9,3,1054.4140047324415,212.0158894527655,123.54343008041954,68.21112107840042,152604.45124431647,1445.9966740677623,373.8658284010939,327.9060215031519,486.1003439503834,1,1,1,1,443,2544.437245782475,Brute Force
46377.17551230912,11,17,3959.159947644307,10327.002614705158,392.7950257105035,558.1814187244614,308042.9630424071,603.7452624204859,2665.6380464891845,2677.117836016484,2248.20098883141,0,0,0,1,80,22882.015419772455,BENIGN
34.63465347783224,1,0,50.72152259802062,0.0,51.51633246769228,0.0,1464473.2227647293,28872.81666149903,31.305449688773777,38.97327965033361,48.04620385997597,1,1,0,0,31101,49.22939629998331,Port Scan
2705.5442256006313,8,12,4089.907444941815,12322.845535967524,471.7623175083438,975.6600659084405,6066340.673941748,7392.228081416779,97.34538787065304,101.58976121571739,150.71413560816467,0,0,1,1,443,4580.808534893812,BENIGN
173.17426622793423,1,0,47.01525793262785,0.0,48.2833323867349,0.0,271491.0185947937,5774.530025632024,31.32160242848692,25.186304454344086,47.192249714681004,1,1,0,0,38434,42.26857145237551,Port Scan
90661.13502929611,10,17,3752.4369418184197,13175.416080729236,395.5267823919191,806.212059414236,186715.65293196047,297.8122873850549,4394.1160342313,3586.873238692548,4334.479703863679,0,0,1,1,80,5708.496781865291,BENIGN
533.744665437033,1,0,48.245992170825716,0.0,48.82883056911517,0.0,90391.52106807784,1873.5550250065635,22.315943463476078,21.14482484235036,31.93288911527091,1,0,0,0,42838,29.028913666565572,Port Scan
43664.67979376931,11,16,4003.6534716471615,10276.586042030267,354.6402030451679,656.476197248624,327043.2665743522,618.3487461152238,1983.3355162839175,2688.2541979631133,1908.3823818009266,0,0,0,0,80,12978.775089607514,BENIGN
464.72516771943714,1,1,38.491670611449784,0.0,40.2932669729841,0.0,82826.73994253717,4303.618867501137,12.221985846871137,13.880021303583842,18.86838045473337,1,0,0,0,63229,43.918610446571336,Port Scan
7930.1037106411195,7,4,973.406124145316,295.1817757458853,136.62072960121554,73.30997418165842,159971.16130889044,1387.1193115973374,325.7241095808605,432.74659699825315,516.9274150055958,1,1,1,1,3389,2282.245197763723,Brute Force
41945.198050776424,6,20,1477.172061968645,10791.37334500028,230.61575234187103,552.7271595974604,292489.86718616367,619.8564128491159,1849.7361987297638,1852.9919392000854,2067.5434413315484,0,0,1,1,443,24118.31597915342,BENIGN
13435.999269217236,9,13,3110.169079637637,7025.832068722773,346.3692779327531,528.7302807659104,754391.3143537198,1637.3921700340857,577.1242444223201,718.3311442243208,515.9248350899798,1,0,0,1,8080,23720.092760644784,BENIGN
112080.45468990915,12,17,5285.324649387458,18843.841238210076,451.5068496669371,1144.914657199165,215284.33261941373,258.7427047850024,3675.2592563650833,4554.4708661737295,4722.858707145207,0,0,1,0,443,4472.766206122882,BENIGN
783.4237171378998,135,2,8679.153147957433,40.97882332065464,58.68400120027347,21.66780634084055,11130799.056142379,174873.4394977284,28.250816176550952,33.66563139706066,44.80678122911748,1,0,0,0,443,241.6802550320865,DDoS
814.8826708580204,1,0,38.04580806647488,0.0,40.0,0.0,46688.694491950635,1227.1705311232874,43.555730178411814,56.505362012345856,51.033944633974336,1,0,0,1,31084,37.427850484850616,Port Scan
14999.103587966869,6,14,1656.4506454078544,11926.333786750574,259.52453826951535,780.2775483601856,905573.0799176097,1333.4130191650343,788.5373321478263,1035.4286214045019,984.734166472724,0,0,1,0,443,23252.96430185192,BENIGN
5905.604711495041,14,15,5202.554855983395,8769.237709519468,339.7338038575186,600.4782440893848,2365852.990178514,4910.58941746517,197.0041648396724,258.50440481596485,172.6618939739798,1,0,1,1,443,18787.929551894234,BENIGN
53892.6210706499,18,16,4744.248433057712,12047.821330435057,256.20080571703915,740.6877195658429,311583.8389355642,630.8841419204329,1422.217104094946,1793.514628666845,1659.1426326863343,0,0,0,1,443,18661.17987350026,BENIGN
47180.46897476461,13,12,6395.414859766658,13629.75061449958,460.97147392618905,1098.7193005125505,424437.60965956247,529.8802776498837,1590.56461268122,1375.3769702661732,1695.9505408637028,0,0,0,1,80,17278.446708063057,BENIGN
154.25621921554833,1,0,44.37163865188648,0.0,42.43093876907541,0.0,287648.94457762013,6482.720794567514,13.944097063379335,15.828579003419607,15.652355798665125,1,1,0,0,60148,4.53654506597001,Port Scan
25849.610220053743,12,27,4015.747571586429,20575.13462342907,343.08685034550547,786.4731769878354,951305.7251415829,1508.7268112748711,749.7773409170925,673.3161011945718,917.4531933041558,0,0,0,1,53,2527.27415197166,BENIGN
13393.139379909471,3,4,420.71654632401317,261.6566561219995,141.3008741302665,64.14248153216074,50949.458755698026,522.6556523782937,324.1291802135556,436.5697041399141,361.3279587808865,1,1,0,1,21,371.32569014690404,Brute Force
22990.573694446237,20,17,8604.223463651402,4427.380781383118,426.99094249540667,289.18154027765013,566823.7956229219,1609.3552293102618,641.8406086116929,898.1901706363067,713.7561141341018,0,0,0,1,443,7410.266769590088,BENIGN
584.5971586595006,1,0,36.30027775622892,0.0,40.25710669108072,0.0,62094.51622971721,1710.579644781427,40.9935473973352,50.4536672469174,64.14602501583646,1,0,0,0,18916,9.222114724555318,Port Scan
32047.059295777366,15,17,4304.671962221371,12803.895601812606,287.1443769939759,740.2543933500156,533857.6437273376,998.5315565043572,940.6680766637288,838.0818566419027,926.7715968418235,0,0,1,1,80,13793.75089584318,BENIGN
16960.77876789358,6,14,1662.5757282692891,7992.652257767982,253.55564236477062,616.8662976099829,569267.9633505053,1179.1911370166333,641.3854373362071,727.5277936940826,767.1113394487182,0,0,1,0,443,23904.72258994306,BENIGN
61207.44271125079,12,18,3675.4787698660816,10531.788982144935,283.8542896242375,576.2822779139876,232116.66952064185,490.1364714994959,1801.9068313727187,1556.7477367501344,1812.1707902183389,0,0,1,1,443,2836.5863919244684,BENIGN
746.3378294529894,137,1,8192.45326668608,46.95010393075957,59.960622848685674,45.58413319454688,11039777.223480303,184902.8610825527,27.56984620610736,37.23926018538365,29.898594999052072,1,0,0,1,80,452.42773026354206,DDoS
10108.828566660888,9,2,1188.0518575066906,83.498822084447,143.00221585186995,40.0,125786.15526083173,1088.1577353362397,145.10684642866863,169.51515520931878,204.8061914138006,1,0,1,1,22,2399.0428221757575,Brute Force
26988.12528856273,12,16,6298.961075261304,10491.624006607077,513.2369667594576,621.0410734342198,622147.1444325942,1037.4933308860136,1059.2544763687383,1301.3084003179245,882.8812800673643,0,0,0,1,443,13808.223291928209,BENIGN
51605.81799556131,5,21,1724.4672184076242,18294.48320717745,372.6925626375077,898.8688489680478,387920.4167891871,503.81916244862737,1715.2022607180334,1993.4230379978749,1550.030596797468,0,0,1,1,80,5072.425843848514,BENIGN
53853.77406886398,11,20,1903.1785962066576,13743.684584737593,160.4678360183186,656.6571009903768,290543.48467641784,575.6328230656524,1948.6369704240194,1730.219132192186,1947.1731237311997,0,0,1,1,443,19127.58738895001,BENIGN
9030.725402552269,5,5,514.2222014371852,565.5150684242037,110.46476284234865,104.26034506353506,119562.62888430126,1107.3307574133296,234.7462253569306,308.1608065083537,246.67771231460708,1,1,1,1,3389,648.3327123634909,BENIGN
23788.047593945685,16,15,5115.166980507908,11455.685488044277,320.50877323307554,770.5821709142189,696604.1413491053,1303.1754656439243,765.0342294662353,771.8503037232209,826.4166660627029,0,0,0,1,22,19072.21610885722,BENIGN
390.36856707553534,1,0,39.82103479658299,0.0,40.64998821906577,0.0,102008.8146310144,2561.6816627720505,46.83258414824903,64.08675687058503,72.2807580138258,1,0,0,0,57719,21.084986785222032,BENIGN
51163.01953702446,12,15,3395.209420164051,10603.64421263822,298.979219611429,682.3473481554095,273612.733561824,527.7249123355839,1563.7539372658696,1420.4867647618903,2259.3327053305006,0,0,0,1,80,11306.729286626183,BENIGN
345690.9143491248,8,12,2531.818508790793,12674.102056016693,333.096328327411,1119.9230478257791,43987.041410786165,57.85515085826448,15215.0891843181,21043.8476650211,13757.697197816453,0,0,0,0,80,23047.41206900196,BENIGN
61788.98578251707,8,8,1959.303883435597,1146.854789486615,231.99530070940074,150.6391532952966,50270.426574975216,258.9458266286535,14739.401775764565,18207.573568670487,19156.836819768363,1,0,1,1,4444,4401.230736772168,Botnet
108507.88524805891,11,14,4616.550304944933,10090.039049370049,463.3851291500895,666.0046483804944,135534.75234260052,230.39800234653657,2961.9255475845434,3487.198635806754,2991.3977783551527,1,0,0,1,443,1650.5598056315348,BENIGN
39773.73953571879,11,21,4786.067373283997,21339.889281526972,428.50891007532596,1026.3595069343362,656864.4779138397,804.5509517972886,1381.2521200695894,1533.5327274409358,1789.43783656914,0,0,1,1,443,13924.66038568413,BENIGN
7848.875102313664,6,4,473.3355670860434,310.06352027024354,75.63850410966381,79.11841453529922,99810.36481589053,1274.0679230648268,325.5842989904366,287.74911162217654,302.2042082469916,1,0,0,1,22,2627.1700489875066,Brute Force
30251.856029715316,17,15,9072.047011407416,11148.418682640895,508.9689442584366,718.3096400843036,668404.1360697496,1057.7863377561873,1078.7418934254172,1470.4909955694504,1206.464705320484,0,0,0,1,8080,10596.338648994915,BENIGN
9406.406942240705,9,3,638.7493073800524,274.09060212230906,78.43787196111353,88.64633406038676,97044.48415931636,1275.7262229547423,90.44452744593548,73.71040711613641,89.13897711132505,1,1,0,1,22,508.1087791872244,Brute Force
13633.009957073964,8,2,1123.8452297612246,112.24978981143406,154.03319788394683,62.02936512188334,90669.26698247349,733.513731119308,329.8785625021251,264.4457410491771,494.2336448353072,1,0,0,1,22,1731.9719590595982,Brute Force
277.7221595071771,1,0,43.65505034517764,0.0,42.937637701168406,0.0,157189.6546629347,3600.7209571411863,22.777596487567827,30.43213377592486,31.80355173147629,1,1,0,0,60966,31.926303130107797,Port Scan
8423.0247862943,12,16,3149.894799669354,13725.439636549272,252.42289754212987,839.6318719553884,2003476.7633211382,3324.2214893586424,350.14245987133717,405.73197740980055,302.8179713202962,0,0,0,0,53,8537.374752704558,BENIGN
51170.75180394848,9,18,2281.7389298341736,16000.741662384731,244.16910207859115,830.4673285496857,357283.79880492936,527.6451693233986,2679.1583957047524,3742.4276656567695,3090.3719317977843,1,0,0,1,80,4097.166545850703,BENIGN
25560.428226186566,14,10,2889.4570663253257,5267.7538085981405,193.04648437767582,491.5682538754742,319134.35889021744,938.9514051807664,973.5164766043508,1029.4715456104157,1448.6240132687492,0,0,0,1,443,18540.65746062213,BENIGN
2319.3622078102976,120,0,8839.643411853722,0.0,71.2817699420786,53.74391833176972,3811238.8751040315,51738.361346023485,1.908143167781709,2.6272410266333885,2.280518370872098,1,0,0,0,80,288.09455664270655,DDoS
9519.188115160025,7,2,852.1598813048352,221.06264591591292,112.00109927102635,108.24560625655363,112743.07369885466,945.4587818962019,117.78196185265534,99.19394957098544,145.927690906982,1,1,1,1,21,2655.1724880571696,Brute Force
7826.245976495606,6,3,729.1492705342137,311.5394229732554,117.84490473591032,111.60265455073848,132974.18668323825,1149.9766333730763,295.19775292137507,367.9761654302132,375.2097077627843,1,1,1,1,22,1616.7269609581701,Brute Force
118200.8157008039,6,9,1999.2316003399776,7259.837747924601,364.72298763813603,882.3738653500084,78333.37945570206,126.90267754131905,4968.373018282524,6896.1375045649675,4269.1632474948465,0,0,0,1,8080,20095.34260787369,BENIGN
757.3115481940646,1,0,46.39002461200261,0.0,50.04493957865982,0.0,61256.19597723994,1320.4605190356156,18.26260227011521,22.228975114675976,15.543922887096864,1,0,0,0,15870,33.72760763689377,Port Scan
458.24272961706396,1,1,46.673291885203476,0.0,44.56126106757678,0.0,101852.77118134874,4364.499141473175,26.529675631320632,30.456880587022525,32.628836712947006,1,0,0,0,29162,2.6306829271214696,Port Scan
15264.48576543071,15,11,4007.690640917072,6591.222186353188,272.5794061166081,630.3247531880622,694351.1226086295,1703.3000914372021,716.4686301289059,988.2501035989883,1030.5742592022925,1,0,1,1,443,12965.66153090467,BENIGN
12815.479433772234,19,8,5028.229310789515,6290.6446041379695,267.8221436437728,733.6642281159073,883218.9207919298,2106.827149115291,458.1689985803638,530.1148597359817,645.2584496744452,0,0,1,1,443,11109.05658841678,BENIGN
1997.2770518690068,158,1,10089.31079728466,45.46940879936497,61.510238766790096,50.38079968768966,5074298.629026015,79608.38475123487,5.883440999841209,7.463001381323052,6.103702942180868,1,0,0,0,80,402.55779747768304,DDoS
6073.25233906868,5,2,386.8365793140448,174.8219183623001,82.76546857687664,97.05103938196265,92480.67860827169,1152.5949539375526,63.63922859083236,66.11769836541592,54.298365721592944,1,1,1,1,22,894.0789740470517,Brute Force
1737.086615091795,116,3,4684.416668127249,141.6134932093857,43.09564528627442,52.02322936867655,2778232.3111629104,68505.50742037209,3.999383012831682,5.442006690548991,6.20814392885274,1,0,0,0,80,285.37278689239844,DDoS
1106.4048248480353,147,4,9357.737013999531,202.12337035747538,61.52175631303767,47.74254258053702,8640472.428950274,136478.0743980756,7.961093767650341,10.202725305600602,7.857717436532361,1,0,0,0,443,180.77005439938992,DDoS
592.8206579668528,192,5,10242.823719854665,169.81946412802483,58.581819834481884,36.64665487142572,17564575.46485316,332309.6072185378,9.402110004051229,9.809089160919088,14.887651946517108,1,0,0,0,80,306.79196310117806,DDoS
775.6469340547916,144,1,8397.392183443717,37.712815915955396,60.14763402941851,34.73931624458923,10874928.564809898,186940.72474701126,12.890664433980419,17.38576260500983,13.059060673235019,1,0,0,0,443,182.18354888550854,DDoS
11896.33197601248,4,3,342.0646874674147,220.40948996747377,80.96440617355142,73.12372110602,47281.31146382347,588.4166660878881,283.48924535270385,255.56879253613442,336.79405599614375,1,0,0,1,21,2651.745235067244,Brute Force
527.0007639507025,165,3,11341.962801503216,143.84282550847502,65.61631768546201,48.91262992456926,21794665.99043889,318785.1166297651,22.851879323492025,19.243200595104415,18.833615564229767,1,0,0,0,443,494.0514178052412,DDoS
124734.08468851658,13,15,4660.461747572124,8354.777215267683,338.27758361108465,591.787556373253,104343.88479573323,224.47753611148892,3951.4547937619354,4950.037624378912,4501.767194162696,0,0,0,1,443,22762.113903703314,BENIGN
798.6829931224443,1,1,54.58942341917196,0.0,51.66384782547029,0.0,68349.29989651473,2504.122433083265,39.23811442951204,54.85815189201791,57.29691900651549,1,0,0,0,38543,47.24134181363071,Port Scan
96628.72264297235,16,18,969.620320414382,6826.153220775574,59.52982261634213,405.86912672333403,80677.60111032503,351.862252444592,2070.1221797037047,2377.105685159784,2347.5564479825675,0,0,0,1,53,6594.222261868119,BENIGN
293.8255562596218,1,0,48.108247023872195,0.0,45.939664522821836,0.0,163730.64220923025,3403.3799262730176,49.21629693703841,55.33097537996584,48.537276237642736,1,1,0,0,35839,31.63513637864492,Port Scan
64016.325204213106,11,17,3617.439175698706,15289.930687275633,337.0705989463994,862.3355417446603,295352.31525176624,437.38843038364905,2164.108746538353,2677.191865486595,2743.541918483062,0,0,0,1,443,11128.88929442621,BENIGN
3229.5306491381043,163,0,10473.97609328099,0.0,70.2292209864434,38.594480949136255,3243188.3239988075,50471.73032511748,11.08023423785705,9.43865545490825,13.331706709693702,1,0,0,1,443,287.0077389838946,DDoS
173.42046752753623,1,0,41.29373125814911,0.0,40.0,0.0,238113.36601080472,5766.332049826916,43.10770180273559,50.19857237159091,53.2462503823022,1,0,0,0,53750,3.1670130058642663,Port Scan
9025.904539486777,8,3,844.0833534347892,190.23908915061682,105.2341131263086,67.6210039381155,114594.87944509312,1218.7144182477107,140.13388064469368,186.4646017075946,140.47937617107084,1,0,0,1,3389,1961.8013739283297,Brute Force
98773.05759601144,16,10,5727.1154353143465,6754.770661466197,365.5355335533566,617.2962200448898,126369.33998573087,263.22967652111953,3661.6980735180477,4882.33952744779,3001.7651185833106,0,0,0,0,443,18157.19092403095,BENIGN
588.6469831954922,1,1,47.35020628921164,0.0,44.754317760312844,0.0,80439.0536959338,3397.622101353387,32.47091935125497,44.75452650501173,51.48550097843178,1,0,0,0,6958,9.336569537217276,Port Scan
38800.5104604712,13,16,4016.3219105645753,12570.424219795741,314.3881598996866,826.3186352908945,427487.8328536011,747.4128473011799,1422.6489864414004,1960.6827169804317,2027.4202066596645,0,0,0,0,443,6311.4890668910875,BENIGN
4085.301300615715,15,15,5246.747441122899,14644.791044342188,383.63665130257925,983.7277533391461,4869050.535505702,7343.399615464974,154.67970124097465,182.9030163500243,149.85623297035923,0,0,0,1,53,17040.806480179323,BENIGN
21640.489064059413,13,15,6130.470813634678,8879.812183150088,490.5885389179149,650.0209031584017,693620.3221818072,1293.8709433560114,691.4887632744671,796.2243955390984,706.3745956067455,0,0,0,1,53,18029.132993348063,BENIGN
2544.3318264082727,164,0,11406.345158378597,0.0,72.30228621159254,37.13437997709552,4483041.496391789,64457.001361930044,5.686896362268242,7.563235088548403,9.086619899208332,1,0,0,0,443,133.541944830028,DDoS
8951.971115341366,5,4,631.6175490529668,425.34639548562376,139.52648383556198,106.98635313841503,118070.526694085,1005.3651742213874,139.76303306780676,173.992371799736,178.143308353352,1,0,1,1,22,712.5534800932786,Brute Force
172.30795570852683,1,0,39.68476568257084,0.0,40.0151649644693,0.0,230313.02019333863,5803.562556865237,35.12350971377624,31.691332464705482,50.60250382661647,1,1,0,0,52137,28.574624164136715,Port Scan
14600.386865441837,12,18,5384.183686428496,13707.191604615979,454.6164314479543,715.7387049453688,1307593.7964515525,2054.7400747995275,396.0500864627757,412.3363479284713,567.2934703033532,0,0,1,1,80,14130.389677803898,BENIGN
398326.9112433868,10,13,4136.583813934571,10685.559032155945,377.732237736646,780.2327506742325,37211.000381126265,57.7415167059764,13855.47971686383,13329.112280488067,17234.154079841705,0,0,0,1,53,19194.79519281704,BENIGN
25249.26177900672,8,15,3850.516395831867,8273.343319376147,445.0200705225093,562.9282539707289,480166.8983957501,910.9177211320749,974.4498465944164,984.2820521607803,1331.5184725613833,0,0,1,1,443,2870.462851397329,BENIGN
14124.478625890162,6,1,703.988998450431,88.5537476155703,119.93570130563137,94.73168472568615,56111.29210909569,495.59351430990193,203.0305397134126,193.64405725713218,305.6894760635139,1,0,1,1,3389,962.6431007812461,Brute Force
2767.916423496699,15,16,4570.560219507824,18936.713716854647,312.22354093584795,1206.7450713570106,8492768.689404942,11199.7601288979,77.7071874137929,78.23467253892481,116.58914541517551,0,0,1,1,443,7278.532361469768,Port Scan
1127.7865501442423,139,4,7090.039220429141,135.47590259831904,49.442109147912596,35.70816642651377,6406810.865144054,126797.04327180574,3.9497409047640977,4.788636863096736,5.205484982608316,1,0,0,1,80,393.6274946680034,DDoS
12641.799358252154,10,9,4011.7638297579606,6755.386883797263,413.23561148830777,742.2387130599808,851710.2991772116,1502.950605492518,470.99275838017553,631.0811921006016,502.75998844749745,1,0,0,1,80,15649.168631199496,BENIGN
259.78289268013395,1,0,43.276354081637926,0.0,45.722851623508944,0.0,166586.62021645642,3849.3681769541395,34.95462104975176,43.618986940517864,45.51465616791452,1,1,0,0,21772,22.632144494983454,Port Scan
69618.24504891776,13,2,2106.9434059954656,309.332251659673,169.97546117089152,162.1826382894128,34707.50599871234,215.46076017084522,14370.590693906961,16218.204599291008,22299.3876915124,0,0,1,1,9001,5279.129763563854,Botnet
4314.117333526146,4,2,260.3746894046023,216.33357398214292,62.059014166238406,106.90864369086515,110499.60548873333,1390.7827571986545,222.52699647764877,265.27206629585146,297.4170990543406,1,0,0,1,22,2536.0292004954176,Brute Force
515.1459903686621,1,0,37.769812154840196,0.0,40.0,0.0,73318.65696520396,1941.1972891109067,39.04840170709598,32.917189243879776,46.370692601563164,1,1,0,0,54141,22.779885196491044,Port Scan
489.51333930578556,1,0,42.45556686319693,0.0,45.73386226325694,0.0,86730.15310145839,2042.8452499745415,32.24820435109406,30.91641374440777,44.826890785579586,1,1,0,0,14513,26.77281969882131,Port Scan
38395.47192224842,13,17,5323.395544193002,14455.04134363431,439.090855321155,782.2579492428689,515124.2033924999,781.3421348421134,1354.2356881754476,1894.1547340491388,1866.954210162418,0,0,0,1,443,23346.485544002266,BENIGN
24.68721733417057,1,0,43.57398826878611,0.0,40.0,0.0,1765042.5189263271,40506.792906783376,41.532287304551765,45.067497276752896,49.50848380133756,1,1,0,0,54079,23.003045547614697,Port Scan
1777.9192283055327,5,2,549.0217396201759,113.40934546372671,114.543799353858,61.912717026557715,372587.8400647259,3937.1867341079574,293.2931235511604,274.54609110098,321.6392929130818,1,0,1,1,21,963.3296053834844,Brute Force
51249.38066225768,10,15,3623.669704463675,14832.340113653067,337.30920761623344,1092.5505533810176,360121.6166834298,487.81077306581204,1531.5283324727586,1287.9407312694336,1858.5150387241852,0,0,0,1,80,8879.811588948714,BENIGN
1735.4810737535433,113,2,8053.412771571429,97.10126238914783,71.60309651646543,47.82652130314013,4696400.414400622,66264.04732335976,6.660915401688465,7.940757413762783,7.343660936318154,1,0,0,1,80,431.2489383361612,DDoS
1409.7368289045949,121,0,6633.596476937999,0.0,59.726140136641455,48.35824750722536,4705556.626546027,85831.62298031215,6.652250796941322,5.414089589347633,9.131237858907483,1,0,0,1,80,179.67408682506058,DDoS
2612.071980482759,142,1,8821.959529766193,43.969382198488006,60.162734462158035,46.3821456277458,3394213.091450142,54745.81139742213,3.1261924427771928,3.4096816252082878,3.961401467343714,1,0,1,0,443,395.5239358440022,DDoS
261.0104728466037,160,0,11277.168918380057,0.0,65.59826732121547,44.34835628309625,43205810.07876901,613002.2226887128,2.4719834435098127,2.0351076866928417,2.373006360581689,1,0,0,0,443,419.5726998855187,DDoS
91752.14738429645,10,14,2616.1704440843946,2646.006746108793,269.12326976742054,192.96024360869797,57352.08755554226,261.57425939556424,3521.0754204688324,3922.0427292442023,5595.721596354408,0,0,0,0,80,4463.207379659383,BENIGN
12196.416824678954,5,21,2024.5731890644072,16288.13927474031,371.58638063185845,821.9704630826438,1501482.9951326104,2131.7736490761827,418.75407377117415,380.20432895209564,530.0189716341802,0,0,0,1,8080,22060.743511481243,BENIGN
1523.2073478975676,124,4,9104.60022097315,139.49251611932945,75.16501746920696,38.04357247517291,6068834.128099364,84033.20807024345,14.718542908005238,19.363051909031714,19.912696272434566,1,0,0,0,80,123.6405200084812,DDoS
12507.500880694366,9,3,1231.590719755182,159.86739909818138,131.37786473191647,58.6109020570902,111249.89173505579,959.4242778365336,197.04460594681476,258.3162595738617,176.98134442057145,1,0,1,1,22,1003.9463930775678,Brute Force
6837.373355490622,5,3,542.8246965241577,205.86310319752164,118.1863495580448,73.2502814023818,109499.32975657383,1170.039953072879,383.78314815641795,387.55501271244026,503.2275428385055,1,0,1,1,21,1793.5895765663038,Brute Force
4463.310432805995,5,3,570.4909604791635,211.02144629580667,119.26852689512475,76.61528958125223,175097.03134936295,1792.391571332079,275.44730217180114,295.99312684104086,235.95989384463536,1,0,0,1,22,180.2601560191656,Brute Force
59551.95866759119,11,6,2967.516996864158,978.1373710230484,266.00199941928736,154.93894350387677,66255.66070649619,285.4650019975175,14209.863077121156,13451.775369030132,15273.25173836677,0,0,1,1,6667,7396.984881986745,Botnet
394.24017833437637,2,0,83.82046396092527,0.0,40.793474028682645,0.0,212612.68781649295,5073.049653259065,31.10895097756645,41.63503888216659,34.38660834309654,1,1,0,0,49431,24.191569307027894,Port Scan
150.52865503806314,1,0,46.67066492250943,0.0,47.727503775975606,0.0,310045.0536192471,6643.253404125195,37.209990778148,37.987849677448565,30.88739179929603,1,0,0,0,12534,30.10951596883104,Port Scan
13046.872345264754,14,22,5445.564880708804,14012.641468334605,404.9526488680531,611.6587279263341,1491407.7362077963,2759.2819985753813,382.84590876377496,499.2378701840115,403.4187196050501,0,0,1,1,80,3058.001804382681,BENIGN
10777.88852402927,8,4,570.6310434585636,228.59702436833746,65.29969684830573,54.751441608925845,74154.41958274336,1113.3906212934044,250.91592236123958,318.53403995300573,250.2600470694468,1,0,0,1,21,2907.837499466921,BENIGN
13730.247647516248,10,17,3877.7229702006794,8247.08499174805,381.6381998979258,478.62258916244554,883072.7801287738,1966.4612535145498,547.5071571628662,548.3377758110871,626.9537842833902,0,0,1,1,443,3978.55612250671,Port Scan
2686.2286404399592,12,12,5455.00868152963,7736.8352202546785,437.579696624043,649.0047739024271,4910916.257531863,8934.459129312685,134.47713092199396,120.15824158961942,126.80026752636957,0,0,0,1,443,3974.5525549513377,BENIGN
40956.41462784838,12,16,3290.097933967077,9213.746968233112,300.610353825509,633.2393318912559,305296.37459276477,683.6535925916072,1339.153987339894,1334.9847151512383,1395.8803357543288,1,0,0,1,443,12879.042628121359,BENIGN
998.5832383091961,148,1,9122.998151849728,60.15092569267279,58.253485118962054,56.84046978657369,9196177.870050507,149211.39699108832,2.5845393690057783,2.5384781561439116,2.774203355057784,1,0,0,0,80,71.90220162742318,DDoS
5931.725789291897,11,10,4158.012458898563,4046.748212457441,391.525212655307,419.36443204595764,1383199.588586419,3540.285027657505,316.5267826067926,392.26034770226744,373.14206432384657,1,0,0,1,22,2748.4079204835807,BENIGN
68464.85897082285,16,16,6034.42099688349,10925.656927187287,397.7788730526755,750.0821526751848,247719.46045048488,467.3930609224974,2397.4554896715977,2710.5718223139097,2477.0360628682533,0,0,1,0,53,3003.5792751427502,BENIGN
406.7753850617405,1,0,42.39204584976028,0.0,44.588995057761444,0.0,104214.87485858073,2458.3591749245584,23.4761032622789,30.176550416883792,31.776108040434984,1,1,0,0,44502,33.744666979521405,Port Scan
16642.644321088657,6,13,2835.108533620899,7196.776449679949,432.99583318016755,572.0787901252748,602781.9131235646,1141.645500163951,859.0237793871452,943.2899503918878,1293.1641712309645,0,0,0,1,8080,12703.000776536066,BENIGN
243954.35960904162,22,21,8882.682424986295,7433.646311139169,422.99340891115975,353.60334717918585,66882.71020150579,176.26247823122034,5873.37398902184,6525.777217693486,8557.181745992923,0,0,1,1,443,8362.461972683679,BENIGN
11855.20388873601,4,2,535.0675165225605,141.08278797286923,136.1930374372418,70.2182269446508,57034.051108801315,506.1068587526177,121.48266578796701,141.6363190693866,183.6103893637501,1,1,1,1,22,2409.4697247101267,Brute Force
12813.41541387239,13,12,6000.210607078891,3259.6958253636417,422.778803193884,281.7193234639115,722672.7717277732,1951.0801134983774,415.72135557359263,382.1740534964011,597.2498919842155,0,0,1,1,443,18213.940923697002,BENIGN
145962.78213839134,25,11,10305.664094547172,8350.362620822974,405.4011312156398,829.7723221292292,127813.58673803472,246.63821470508427,3891.828109966893,3753.0945918241605,4069.680793769873,0,0,0,1,443,12547.684335304959,BENIGN
44331.16819827886,15,17,6787.183989764018,16187.839873737887,417.0366608032865,915.4873207911314,518258.93152064295,721.8397642235467,1243.2275088393974,1328.150592701915,1253.9258311749443,0,0,1,1,8080,10958.348586450971,BENIGN
2836.4895158417908,138,1,8598.883541216375,48.26946746653502,60.6740392103956,52.07679525492237,3048540.4442317057,49004.23541976276,12.427563015429577,13.707172311483857,10.957812277438773,1,0,0,1,443,253.96268916202467,DDoS
1993.7921642218828,3,4,405.7540174757088,394.1939096610083,127.240556962509,104.91128204992292,401219.31537879864,3510.897537673837,228.4206960704115,301.78532183819783,308.6662891205675,1,0,0,1,21,1548.5081590074606,Brute Force
185606.68471012145,14,21,4589.906458188979,23375.04236067526,363.69621105393435,1029.1583810527882,150667.78905371646,188.5707944983912,5742.795929043437,4960.479154311344,6811.251196198753,0,0,1,1,443,895.7786904201905,BENIGN
42021.86282725895,18,11,2723.760141397987,8575.040411590351,167.2308834086134,741.2784054418331,268879.0975172804,690.1169545769908,1067.8764654281897,1002.1108186267071,1416.3224984010694,0,0,1,1,443,17431.382165982974,BENIGN
33638.8311521695,16,7,8449.443448571386,5120.605421526607,537.5858357273764,778.1654703528275,403404.2921620006,683.7336260572371,1282.5396199931358,1612.6730333294813,1068.5004407394763,0,0,0,1,443,15017.367361367018,BENIGN
502.9563110246775,1,0,43.564104578745024,0.0,41.342733079607726,0.0,86616.08100709875,1988.244263130312,31.069799797013417,27.10713553294427,25.132978468243685,1,0,0,0,6362,27.56874433914616,Port Scan
99044.84054865375,18,19,8507.135266866804,16901.28695911416,511.1593296688628,865.7884042757661,256534.53612759965,373.56817169920635,2190.388304921187,1896.4179818260382,2044.120860820491,0,0,1,0,443,17367.942034198197,BENIGN
36480.17022711316,18,16,6455.496747368179,14746.402867901434,376.874754856721,971.6056222001223,581189.7116508443,932.0131947939809,1118.2033778864695,1292.7603649066514,1268.9712194247215,0,0,0,0,53,18183.40240650125,BENIGN
39281.66815821379,8,12,3398.480882681486,4275.742441146285,410.31398506301804,362.36097839028247,195363.9874182149,509.1433469537623,1658.9488281259319,1638.5289215879322,1439.3923360081421,0,0,1,1,22,21158.596652070515,BENIGN
12369.363913697522,3,5,318.34321563464584,331.55418841254533,112.25175857542429,70.98359968309128,52540.89123592776,646.7592073300553,379.9389706345345,346.73860973663943,412.79250778499465,1,0,1,1,22,2663.448810223415,Brute Force
9251.074157162513,6,4,693.6957437070761,322.0591744206383,112.70853395995732,86.68072701319237,109798.59212795095,1080.955555010619,314.5431711929549,397.7083808307889,485.1325618864998,1,0,1,1,22,1688.7823071377736,Brute Force
33068.51526951455,9,21,3150.018923045368,21809.476677068767,322.92842759833246,1121.065021371654,754781.2593546945,907.2073467917874,1052.4031407710913,935.6075657331733,1535.9137215628164,0,0,0,1,80,3484.7773121603777,BENIGN
56221.53172871662,11,21,4585.768159950407,20933.306339944713,395.07043952688844,983.0803549334378,453902.15661556914,569.1769508238987,2184.9882553545904,1963.7684052263928,2881.368534670929,0,0,1,1,443,12670.753044603664,BENIGN
349.31685680187024,1,0,41.49725430439438,0.0,40.0,0.0,118795.45317199305,2862.7304423708133,13.537245006813869,13.027974787401234,18.23493810438979,1,1,0,0,60618,42.65300304458415,Port Scan
6050.1892682053485,17,20,6860.639457940278,12642.064917478869,426.4880849978406,644.7228143115186,3223486.6565098683,6115.511161682254,144.12090122564192,184.14820196753527,146.29812656034107,0,0,0,1,8080,22174.058023560094,BENIGN
700.1557201673571,1,0,44.72348433135821,0.0,48.48021562291113,0.0,63876.482106963325,1428.2537029919167,9.303964791771136,8.064926313670947,9.239301419230623,1,1,0,0,12072,35.71723632998693,Port Scan
9.608572389970668,1,0,46.914101048634414,0.0,43.70948780767419,0.0,4882525.639043204,104073.73326799204,26.30748829770813,36.61916826771276,40.17130070390983,1,1,0,0,28976,6.986257003063806,Port Scan
4672.9526840815515,6,4,570.0282002366914,293.58496245986413,96.9434424515461,71.8771632860864,184811.02229826985,2139.974589099752,275.0385198234763,317.6519013514743,283.43092192098277,1,0,1,1,21,1927.0628849751542,Brute Force
125783.54348810995,11,12,2508.027853041208,7258.487265953057,250.19528268578375,646.215432375141,77645.4124932287,182.8538087112655,4792.970176952911,5916.271035203947,5646.093935785744,1,0,1,1,8080,5050.430513213248,BENIGN
53519.63616403,15,14,4749.677663103942,6187.11628372218,316.0956335919771,457.74586945086685,204351.05188881364,541.8571963217232,2516.385319908345,2808.0074362288333,2418.486135498125,1,0,1,1,443,13187.171216075276,BENIGN
68686.75051933897,11,11,1477.9394010148128,2242.880044483647,144.6885655186627,187.5588116882864,54170.84688626887,320.29466867566885,16531.164474302106,19555.503816195815,18307.494572160827,0,0,0,1,6667,5159.855070354916,Botnet
7595.409477817104,14,10,6504.376074361053,4675.384751900099,500.57003598107883,512.1804167163963,1471910.2187857525,3159.8033088398447,424.0977637908938,518.5458389691341,402.03364315385767,0,0,1,1,443,8984.09944665953,BENIGN
55.27971523131634,1,0,41.404075193113165,0.0,40.0,0.0,748992.1939695064,18089.818223837254,19.492119091854995,19.78012006547982,31.103836187642873,1,0,0,0,25612,19.416930812715595,Port Scan
42561.17193733316,14,19,5617.2421485973155,13630.386365103792,438.1810932508877,685.6512044502206,452234.4577832869,775.3545895914009,1267.874257243582,1333.6001211451344,1418.4125066260733,0,0,0,0,443,13715.966072360558,BENIGN
10877.471027371055,8,3,790.8943033241062,183.25859749028803,101.28623986558986,66.42865938052223,89556.92902910305,1011.2644724422271,308.21050036308344,261.31825411313326,253.21576390423652,1,0,1,1,21,2687.805884251539,BENIGN
455.8190406053484,165,2,7266.908848521857,99.93111671309914,42.912725202136656,46.98298743619419,16161764.448127173,366373.46210508543,2.4814346786881725,2.8272854079101886,3.0606020420413436,1,0,0,0,443,141.41713709234205,DDoS
64064.55369890393,13,8,3499.5700509584876,5804.663786634663,252.4524520097304,775.3417376943088,145232.1650646625,327.7943697024348,2312.432996936211,3141.8282243599238,2883.7136611212454,0,0,0,1,443,8519.372136653994,BENIGN
2133.5811934192384,139,2,8019.314576667244,42.9888608275648,54.86130518840069,22.012191057252856,3778765.7026420957,66086.07182838726,7.990421781105052,10.864012743137794,7.336763378618023,1,0,0,1,443,275.1017542941908,DDoS
15919.355185939978,18,20,5887.2952508358785,8043.344712112551,331.1859716456688,366.11211431759733,875075.6422126954,2387.031356242476,466.2843301980189,517.1630932916282,706.9581403398728,0,0,0,1,443,17429.047871633407,BENIGN
21056.895090735856,15,14,9426.830510355818,12737.901724939842,574.5422053488621,994.6983367111143,1052611.6096312418,1377.2210895783385,821.7859825297585,1022.6840725646971,1073.0341300976654,0,0,0,1,22,20128.808402428076,BENIGN
13847.36504045481,13,12,3327.7923284626527,11021.449403369137,269.0349949805019,835.2701479513586,1036243.4795291924,1805.397628138132,441.5739646440965,504.0401207821423,704.5527198525807,0,0,1,1,443,7117.413034405363,BENIGN
14129.591703269336,14,12,4819.76310259451,8515.574844063694,336.6003918331021,666.8058232756048,943787.9187671534,1840.1097884508627,719.0592645525654,658.6916539732314,757.4804860246182,0,0,0,1,443,18075.998916060293,BENIGN
2042.1093283011858,108,0,9300.240477649857,0.0,81.40727446598336,26.877391896423536,4554232.405072383,52886.49265896275,4.754741566845281,5.172367132830723,5.286236431456457,1,0,0,0,443,237.55756785421514,DDoS
2222.2082075128283,8,9,2355.307655821075,10481.697035671976,316.11671360287556,1062.7821320696153,5776688.542546905,7650.048245941357,99.15006734082588,128.87992781550713,117.24020351488385,0,0,0,1,443,23894.656290391205,BENIGN
1463.718835253484,135,2,7460.213994686177,58.73111337489104,59.74696141169028,27.53372614169125,5136878.017122018,93597.21054370022,8.463356635396835,10.407018842104668,9.876066917674697,1,0,0,1,443,309.2527941324934,DDoS
88948.88706325155,9,13,3466.1702296653475,12035.46108827233,422.1824992173224,880.4881340853952,174275.719795285,247.3330552675246,2950.1893020491607,3517.5897793819413,3581.0884192773706,1,0,0,0,443,6390.701225066763,BENIGN
156490.85358750657,9,14,2792.0916798403973,9238.282503070655,282.2105293910773,635.6520154221337,76875.89342839073,146.97344587707073,8908.054997506873,11943.892309972534,11999.047539121982,0,0,0,1,80,20848.638026087952,BENIGN
3889.1813838964363,113,1,7252.797551441907,40.78117043793782,67.64291514387408,37.97744411909242,1875350.6205906656,29312.08106467571,72.75251687942995,64.77718019246603,66.68410106845843,1,0,0,0,443,394.4358443797184,DDoS
1543.2510374100173,134,2,8720.026782774683,67.980869519053,59.88863171121489,35.29890335401895,5694477.074217513,88125.64949137758,73.95067309556565,64.54712162300035,97.26449894320946,1,0,0,0,80,318.59914658292894,DDoS
796.337388211887,7,28,3214.634180560473,18560.340341828065,499.48401263941093,640.4116778213629,27343905.792596944,43951.22032206695,19.87798295706161,22.92412479828723,30.049461165283695,0,0,0,1,443,21282.742932087505,BENIGN
839.9444132568484,109,4,5289.298515753409,177.05647077740892,47.089832745334945,49.08655511518518,6507996.124809334,134532.71218490205,16.596104400048176,14.33194980744071,15.672811285221524,1,0,0,0,80,130.5232022714954,DDoS
46183.285460111896,17,22,4918.353566307321,10548.077694341686,292.74316103365993,496.92237576074007,334892.398982901,844.4613589408654,885.9396369949103,1225.1803758558501,972.1159807852755,0,0,0,1,80,9473.646713024802,BENIGN
1797.085122945242,141,0,9058.32446553273,0.0,62.76354270307899,34.95559602387016,5040565.051635978,78460.39021730656,7.160927598766549,8.238892132843372,9.925937026579525,1,0,0,0,80,407.663733317292,DDoS
124235.30879192123,15,23,6224.294771874159,20402.081743541843,390.6673191149021,860.1371790880589,214322.1341366961,305.8711759926906,3920.782016714639,3597.980557427543,5394.675847992839,0,0,1,1,53,12114.111698762434,BENIGN
115682.65795621934,10,20,2218.1870042662777,15491.728201663358,224.19093591782172,726.9746446087684,153090.493586619,259.33014100828876,3656.8671557053835,4944.237107949103,4505.668710627103,0,0,0,1,80,23705.434378991577,BENIGN
480.93798124407186,1,0,39.65504024839509,0.0,41.90055244302488,0.0,82453.54244182786,2079.2701741152537,46.8441702257154,62.71631512950039,51.501424787113315,1,1,0,0,57027,42.864711650668724,Port Scan
21521.147734981947,7,8,1118.6859851646695,4223.965097658434,171.67580960033354,578.4860513687984,248251.2154376782,696.9888495127968,914.0232941647836,739.6392958904961,878.705960934398,0,0,0,1,53,20478.64624467239,BENIGN
764.5325165325204,120,2,9282.85719178927,69.84504149065283,80.8686378870339,34.66542660380908,12233230.151803613,159574.63856909817,17.769613736584827,20.490293571533297,24.764884972584536,1,0,0,0,80,58.02847896051364,DDoS
68622.71981279408,15,12,5643.956132618408,6227.516694498282,404.73925660068545,553.7790853622982,172996.2446767282,393.4556962134004,2402.688835803492,2238.021323511107,3198.1459094851116,0,0,0,1,80,13866.879703042352,BENIGN
158.30173188622123,1,0,39.8666194297567,0.0,42.35231043438939,0.0,251839.4394977983,6317.050281665561,29.454246559678595,36.39763277603401,42.31889277843835,1,1,0,0,62136,26.58376067907593,Port Scan
21336.464336464687,10,16,3178.2082267479964,11879.923113981204,338.00315297450663,799.7567711644581,705746.3271922884,1218.5711554638967,668.2287883015075,844.0637092178838,942.2721442797575,0,0,0,0,80,6895.5758512345155,BENIGN
38243.68048723831,16,16,6574.581491185241,9790.571130738259,388.7583403502241,564.6876249058066,427917.8262506522,836.7395499676924,1279.7044814267394,1530.5921148303971,1086.3221174196763,0,0,0,1,443,23852.09071054359,BENIGN
19147.27436218915,13,16,4691.323354452872,10650.169323145796,334.7249917645338,640.9462247365668,801236.3737730784,1514.5758843497538,665.4202239845058,652.4491470406903,806.2089945849332,0,0,0,0,443,7254.616724845805,BENIGN
156553.64277594484,11,18,2326.7603484674955,6729.805224256012,208.89280734597372,380.9627318130387,57849.59974189172,185.24002051810436,4816.832920288393,5017.661182589827,4350.181510533257,0,0,0,1,80,6321.595251757974,Port Scan
9043.433407850736,7,4,846.7261110144515,315.6117434696754,125.19895785965414,85.16968221588517,128528.380988031,1216.3521865988132,117.80639822611627,126.60544989453182,170.70140611820526,1,0,0,1,80,2293.33765222207,Brute Force
7172.535339837003,13,16,4657.462450428401,9723.273733557991,370.01413229795764,653.9219501361393,2004972.5100850035,4043.200712993493,196.59148850971928,167.5787921244311,167.79951041082367,0,0,0,1,22,8848.987445195226,BENIGN
827.123676626232,1,0,56.79509465432243,0.0,53.03272293982748,0.0,68665.78271097843,1209.009037292846,27.64598003852248,32.41168610782109,37.18461937634022,1,1,0,0,14824,5.112286552427225,Port Scan
9104.692504707831,5,3,502.0530180672047,231.15387532640494,111.51554914894788,76.07997606480745,80530.65965868533,878.6677854154196,199.36755501204848,228.6927203957795,308.14299783918955,1,0,0,1,22,258.0552362721896,Brute Force
46687.16680916294,8,6,2131.3101117802703,971.7566683573357,264.55938056670595,173.50727873493062,66465.09077797778,299.86827123663295,14640.276323299951,14904.927223268041,18458.797157322082,0,0,0,1,6667,7917.78628300059,Botnet
9465.836110573302,10,17,2646.301433752509,10881.750327795933,269.40910954702036,589.5360231994489,1429144.938019544,2852.3629275433054,323.48737822169375,283.5607723254952,424.491736816669,0,0,0,1,80,18729.872465722437,BENIGN
10841.874518948496,16,7,7006.434157684386,3976.4340917103345,469.3748126590254,627.3922760064712,1013004.5528750408,2121.4043715228927,501.147634286243,581.320767975947,775.3023607857116,0,0,0,0,8080,12826.475152156487,BENIGN
1624.0458145824846,123,0,10912.986918269406,0.0,80.66995408874843,37.3885914642092,6719629.963810445,75736.77964966849,3.8821141967993,4.9584261471322,5.36716139183714,1,0,0,0,53,270.18251311934597,DDoS
155474.85768177093,9,16,1871.0667318595079,13124.966557942931,217.70434409149232,857.5437972365647,96453.10832505551,160.79770306765937,6233.80308386293,5867.570567796317,6916.58157999573,0,0,1,1,443,9536.377676957412,BENIGN
979.6776876591223,1,0,41.01158896084616,0.0,40.0,0.0,41862.328271291706,1020.7438758653742,47.009831552535616,41.20878297110133,73.78914021999731,1,0,0,0,44563,27.084063751876048,Port Scan
3313.560428356198,148,1,11879.306113822917,39.849123805959586,77.83297981645711,41.69253473646113,3597084.0113942847,44966.73690478505,4.412449695263392,4.4074276053490085,4.835855208147897,1,0,0,0,443,341.1406597309747,DDoS
37170.68384781353,9,9,1690.9578624798485,1414.0375856139533,203.05981447443273,174.2539995215366,83533.44966174048,484.25259200763406,15498.673810817489,20069.937131782717,24694.70676357427,0,0,1,1,8080,5771.828734466067,Botnet
13134.933746489674,15,9,4045.848860689213,8057.9658553113795,293.50220163760326,825.4184987748389,921497.9648630014,1827.1885083861978,371.17553618479593,309.9934813709623,533.6904383641091,0,0,1,1,443,16385.98379084123,BENIGN
69807.15735440543,14,10,5825.908565736635,5865.458413845766,418.28289557952604,639.7481517249856,167480.9206200197,343.8042875482509,2327.8335795121575,3122.8887408757273,3269.322855870229,0,0,0,0,443,4742.257289766783,BENIGN
2499.522728311852,4,16,970.1228095739107,11987.731108417946,230.4103642950873,794.1242905027713,5184131.262828499,8001.527561026726,109.07586467265202,96.03041276770482,129.36109109381502,0,0,1,0,8080,24602.94802043693,BENIGN
596.7475987183366,140,5,7076.8289246730055,134.5922568685034,55.30375672968788,25.577930884493725,12084541.600217286,242983.8013783775,5.904552248282662,7.764863176451444,6.346860372102701,1,0,0,1,443,70.40821829025859,DDoS
37746.442653920356,13,17,5254.348144940699,8432.713482372495,424.14163507445204,543.9463815599865,362605.33880777913,794.7768820245155,1334.5564472985598,1686.6628060108744,1259.910612257767,0,0,0,1,443,8012.846293286674,BENIGN
57291.53745475001,17,21,7579.7608240046875,19167.729314136835,433.71243312160357,922.7100747265172,466866.33535131114,663.2742231784781,1431.384299716149,1538.0816047026533,1341.452037690512,0,0,1,1,80,897.2900214913693,BENIGN
2954.9513784524,130,0,6852.950774134792,0.0,57.806008572279005,40.030878580147736,2319141.6360034645,43993.955686704074,26.46018122122853,25.898927359264228,33.75305386705114,1,0,0,0,443,144.3116444242273,DDoS
168586.67014696426,12,20,4468.999626826237,26823.617467532455,365.3053160089564,1245.601215281903,185617.38639881532,189.81334628713066,4558.548224748508,3813.4548784951357,7264.842762410738,0,0,0,1,443,22040.16440825001,BENIGN
44248.89410851003,15,21,6943.302657632576,18661.902035163417,466.57078411024463,905.8594930685058,578663.1555131127,813.5796549337131,1304.8019029079724,1665.8121653604883,1372.4036766289491,0,0,0,1,443,15683.576791264904,BENIGN
1561.4006361049976,135,5,6365.796790581899,237.2326072539572,47.728408721851224,50.79844725965753,4228914.248624547,89663.08631027456,24.53498402097365,34.1401777226569,30.966993996064343,1,1,0,0,443,40.89762738597316,DDoS
255.50423230746856,1,0,43.98972774333063,0.0,45.68568616328917,0.0,172168.2938323867,3913.8294930340744,43.19076753916841,39.25014533184748,67.83730007700468,1,1,0,0,12195,34.66635914179908,Port Scan
16858.263566490925,20,11,7167.798800379081,13511.758027219441,395.3253894305094,1291.6907044237014,1226671.8186031424,1838.8607983101251,472.97556298403464,569.7176802322695,427.9654603178455,0,0,1,1,22,11381.037014357751,BENIGN
629.2417133109417,158,2,9761.058839779906,89.8204206202698,68.45603577884849,43.32046419321018,15655159.300496556,254274.30606612616,38.90666385200534,43.64570663861381,42.44418719864868,1,0,0,0,443,26.604225759855773,DDoS
30559.484414013332,10,24,4919.950928598068,16645.382686226494,449.86750701833694,689.746840823331,705683.8172615105,1112.5842157339862,779.2773951044536,786.2686646901151,963.6464913113547,0,0,1,1,80,3506.6489883508716,BENIGN
558.963550739534,1,0,39.43322200835879,0.0,43.008391010388166,0.0,70547.03648598708,1789.025417984688,33.64991862104268,30.128615612792753,45.927835437611705,1,0,0,0,64999,47.17183225362835,Port Scan
9122.317421970121,15,23,5131.022467631553,21227.165440584682,369.7441084766941,865.6857778675496,2889417.972316483,4165.608171941165,202.42566870179826,185.89019195605195,249.83166688536704,1,0,0,1,443,13813.652230449754,BENIGN
50148.237885269504,8,9,3777.4014981983564,6681.2304669887435,435.4047335983479,793.425088000791,208554.32625797624,338.9949620741024,2620.445290733627,3381.232783075894,2374.7242032274658,0,0,1,1,443,12834.2483170598,BENIGN
185.46297064176485,1,0,41.86576170708129,0.0,43.56964297064358,0.0,225736.4991092914,5391.911908558675,33.45534649866395,41.03948669683843,45.349788816610115,1,1,0,0,5663,5.531733663232252,Port Scan
756.5428231901798,120,0,7131.53475802685,0.0,60.63830033967009,43.73164225466293,9426478.633363659,158616.26906192247,19.85261057615476,25.708320219450417,27.98260752442244,1,0,0,0,80,320.05156805421154,DDoS
1388.474630458305,15,13,5494.781391477255,10434.157818242775,374.15642811870816,762.4693365508284,11472258.016311206,20166.0148379937,45.67708445515775,49.38258934683552,63.68761589668633,0,0,1,1,22,9766.952015432766,BENIGN
6932.267034637908,4,5,361.01593862888984,430.51844043436137,85.21770487770422,79.06154252942567,114181.17263923249,1298.276589033633,147.80802594462727,186.98150655385737,225.3175603992167,1,0,1,1,3389,161.68686827190004,Brute Force
3047.3410520946795,139,0,5451.879819665645,0.0,40.0,59.07435508003654,1789061.2591321655,45613.535742727014,1.222078602545626,1.3558979761420689,1.5199179467793165,1,0,0,0,443,72.17106092506506,DDoS
7696.1437027225875,16,23,7051.558574336869,28784.36754038072,450.05628783232146,1164.12405424838,4656348.360808319,5067.472945730387,249.3142173817781,240.38125369414843,215.98450593657614,1,0,0,1,443,1952.7752128661243,BENIGN
913.2885760632201,1,0,45.23223545073406,0.0,50.13420770375446,0.0,49526.77240934082,1094.9441679327185,38.84547659636289,48.762638451326936,45.069335644168454,1,0,0,0,33402,26.233623694782082,Port Scan
1385.0671483342169,11,17,4950.429901006905,12829.669235118668,431.03757466311504,825.0952093088335,12836994.334541269,20215.626393041555,43.94057777992672,51.041359939925826,55.70700878340421,0,0,1,1,443,18435.05686364554,BENIGN
899.7875971447637,118,1,7381.708529091539,21.529778000498744,58.882431811398284,22.776658223599476,8227762.11917595,132253.43445232496,9.695015929599448,13.318932851046561,14.12756908823718,1,1,0,0,80,162.09640282379203,DDoS
578.7332497219237,1,0,42.63648382566908,0.0,45.45124602281531,0.0,73672.08268430324,1727.9117805664205,42.58844814397153,44.2191328547062,39.704373600459355,1,0,0,0,8842,46.99515611487152,BENIGN
36507.332406403,11,11,4841.899780821345,12537.184960696944,443.07994107903056,1037.1051140632965,476043.6765976958,602.6186672609755,2920.5865925122403,3810.083498396993,4156.95409910038,0,0,1,1,443,22941.60103620815,BENIGN
125233.15334888225,4,15,1115.1742381804822,14038.739950261379,275.95236014945976,851.0341446941359,121005.610600774,151.71701336201787,6009.728319781397,6491.838072402165,5966.621638319634,0,0,0,1,53,24311.311013824936,BENIGN
551.9810669997307,1,0,44.59996241698746,0.0,45.412244377056716,0.0,80799.8047096228,1811.6563407427302,46.083155407813884,58.827774248782916,39.27466758726897,1,0,0,0,12586,34.63465541368553,Port Scan
76793.8834891775,13,11,4786.743180950333,10612.570337117804,376.8760681993813,892.704857774864,200527.86522039026,312.5248901285517,3113.2962796009574,4251.839465159419,4618.605677423455,0,0,0,0,443,1263.9697555978878,BENIGN
42321.90086692255,16,20,3912.217779173586,23258.168716055945,239.96207165717047,1083.7953280914353,641993.5290870888,850.623418669185,1254.3497715396195,1210.7993021459572,1364.5282633107558,1,0,0,1,443,4634.471113771739,BENIGN
432.5072402331413,2,0,93.7996313186698,0.0,50.606383749678685,0.0,216874.12970961473,4624.200045580527,48.40230189574498,49.86764262304329,51.01703839717309,1,1,0,0,15641,27.097368716862185,Port Scan
474.65062516650204,1,0,37.98890489667132,0.0,40.0,0.0,80035.51008353828,2106.812773393507,48.4257062151034,45.787101302270685,51.70467230036304,1,1,0,0,57243,48.16596357387181,Port Scan
19611.82499701818,17,15,5569.885655610321,10472.469635876965,312.1966329035035,672.2892512937631,817994.0058575067,1631.6686491372088,571.5070099284152,592.2718946347688,878.9567219680896,0,0,0,1,8080,15908.734544152088,BENIGN
39170.83385663869,12,12,3833.324818510517,9941.450238627645,321.20650087679024,767.4495175945508,351658.9692104195,612.7007683277202,1220.984026216909,1560.1718870487002,1454.410682512015,0,0,1,1,443,5143.883784697446,BENIGN
64304.23836958814,10,3,1364.6453562648398,561.3285036868641,151.48707118600848,204.32619232881518,29950.962934700874,202.16396818639848,14383.792282830667,14413.373135560327,14055.933922744009,0,0,0,1,8080,5715.253994467297,Botnet
5979.5574947908,9,18,4111.813744388382,5663.111483196644,419.1771235429652,300.4136938725922,1634723.846388404,4515.3842944936205,172.53003585034494,215.55048321880986,232.85594159141291,1,0,0,1,80,10549.536185311435,BENIGN
17542.31625983251,19,20,3852.158283428711,15032.559803449749,214.66878605813682,781.2537355384841,1076523.6361699686,2223.1955816063005,436.36730952988347,451.69024376870044,503.7040065854748,0,0,0,1,80,23145.672186331663,BENIGN
26356.775047159634,8,23,1882.7500989138844,13595.280622619526,222.4305615045656,583.9948094012894,587250.5529921203,1176.1681747684358,1009.5779245791198,1209.9656691098594,1090.7090726306885,0,0,0,1,53,10729.637216577226,BENIGN
78074.57398552065,14,18,5052.7532013835225,14541.419049233129,332.7994464757431,822.2812922343873,250967.39246057873,409.8645482962811,2265.205530116183,2824.608164952621,2893.925411151181,0,0,0,0,53,10764.855349361207,BENIGN
5533.598981364796,15,16,6648.220530195275,12340.333346036741,462.08725827926224,719.3353264234652,3431501.621309884,5602.140687172496,142.62245419774877,174.5842113261699,225.50009773181043,0,0,1,1,80,10195.800035398743,BENIGN
2755.5371068319137,129,1,8498.252733304753,42.30341529095694,69.09662650014658,40.48393897546015,3099416.1274115182,47177.735214556094,30.045325188811788,32.38659329784738,32.66036723599152,1,0,0,0,80,37.34131533924109,DDoS
278.11562810986,1,0,49.61975909492497,0.0,47.42901551156856,0.0,178414.13455314492,3595.626778675611,34.3952843985995,39.874374611826894,35.554238757978155,1,1,0,0,42251,38.42667321265521,Port Scan
8051.485056546502,4,4,346.54275396170476,527.9603042707545,79.41756039035411,126.4220010056994,108613.88328870066,993.6055204493435,212.83210245229358,189.670142272496,283.3730437695395,1,1,0,1,80,1497.2283916702547,Brute Force
2604.7471761153192,125,0,8468.893745762376,0.0,69.79215096404587,45.898347048791976,3251330.426008085,47989.302434496974,4.7206884881692375,5.509510285480647,4.433359149044967,1,0,0,1,443,153.57718931413544,DDoS
67499.52310339363,16,12,6237.749427789861,8595.144586187593,356.115223378556,674.9058521781947,219748.1305350394,414.8177455581499,3071.7276808441607,3146.8213198876037,4199.198522577254,0,0,0,0,80,19727.667878293705,BENIGN
257102.86428795103,11,14,3451.1644566150153,11549.050789293155,292.5547598315213,773.3882114306514,58343.24439539566,97.23734532961252,12366.101784268942,14981.803733667803,15875.62799911444,1,0,0,1,443,9789.565839277022,BENIGN
709.3801956448256,143,1,8248.311644116327,57.317076843228286,53.384530075358484,60.0,11708289.534936553,202994.1079326358,3.082729134095196,3.9997087913067406,4.378832450745013,1,0,0,0,443,63.40494717372781,DDoS
8187.362985325252,9,3,868.8967548008908,185.25950585950645,90.93155911439034,64.83737901098911,128754.0643489034,1465.6733824441872,97.19033531487861,109.77858780739199,78.92029947345391,1,0,1,1,22,936.6218470529511,Brute Force
70.84734898621046,1,0,51.92495976165532,0.0,53.36613930988575,0.0,732913.2353528409,14114.854180283264,30.773391407392268,34.03634100932553,28.714221735873707,1,0,0,0,40277,25.77945288810418,Port Scan
473.04950903246413,130,2,9730.1323355075,122.37020489072339,72.73699627745273,55.968488777100866,20827635.062024917,279040.5601941787,36.34544787371208,44.245660483898746,42.51753886241458,1,0,0,1,443,320.4553952972959,DDoS
46492.6355477688,6,11,2068.3589611254256,13196.539123461589,345.17941128374986,1184.7794559256417,328329.3774323272,365.649307674403,2405.363912574875,2379.1452914572237,2821.103253779224,0,0,0,1,443,6478.112223710656,BENIGN
103087.36588474273,7,9,2442.241092810663,5690.268804940382,378.9460120141266,619.6643119773037,78889.4917233954,155.2081563310956,5307.152429439296,5753.226021259809,4256.367215709755,0,0,1,1,80,24340.850288650232,BENIGN
6722.735991017624,12,20,5042.249101294259,21942.027171644655,430.1356633535241,1097.5276596490223,4013883.0840588002,4759.966781791791,260.5167050976038,307.89365273589243,323.6343412243456,0,0,0,1,443,21440.909518551325,BENIGN
63954.21136272382,13,8,2747.976294883025,1349.3045951195716,199.1210276966852,176.882985502352,64065.84965553538,328.3599242729464,14573.824506587382,19626.94356426801,13858.472855403556,1,0,1,1,9001,1911.837383984909,Botnet
19611.801534915492,18,15,3330.3520126510375,16664.09752160732,204.98509074011594,1014.7825867275349,1019511.1090973272,1682.6603074301506,508.1869578775413,434.6969520913731,599.0426716169103,0,0,1,1,22,9097.487550660104,Port Scan
18577.436489798376,19,16,8630.623013101937,12454.160513033275,427.82223169374197,755.7214463040439,1134967.3318874605,1884.00590249467,590.9577096927762,772.1090497951849,796.7283762109118,0,0,0,1,80,10279.77128628066,BENIGN
970.507613848448,13,19,3612.192800038654,12575.56540788746,295.568232835345,689.3816200615503,16679681.825199934,32972.43580924347,24.465915997537582,29.11516162852526,27.25607031440663,0,0,1,1,8080,10468.762261927763,BENIGN
44365.3273906048,14,16,2904.6904133425846,13773.881310065526,220.37010300633585,928.3270824489489,375937.0820498017,676.2037330609911,1503.9545241315107,1448.8717098820928,1419.4142971872295,0,0,1,1,443,3071.4325637943457,BENIGN
277.3070126236512,1,0,44.96085470001282,0.0,43.96603122319082,0.0,162133.85400762188,3606.1114738456176,7.176668647590498,7.366047239075754,10.031497729242611,1,1,0,0,18955,44.5106789883194,Port Scan
2344.2899370320115,131,1,8880.536898144872,56.309054019857555,72.92564633488729,56.48821820593376,3812176.0499809273,56307.028373426634,33.558422898001396,39.09216664971193,42.375744781916765,1,0,0,0,80,319.7699152343918,DDoS
10899.73934857412,6,5,727.3088939572485,397.9978256726503,117.72458365530167,77.654368543343,103241.61740409958,1009.1984448636376,353.5165487806823,400.54922223077085,301.7118060750336,1,0,0,1,22,1363.9888388430315,Brute Force
2511.72953543968,160,2,9902.878621938937,85.66227482239941,64.59612297174812,45.28921190597343,3976758.1484496235,64497.39023021114,6.3142648973374556,7.238709114595696,5.535111377537199,1,0,0,0,80,97.82513106234167,DDoS
40777.00726926195,13,13,2251.814760165642,7219.079396950576,160.44641242632102,598.9326300980541,232260.64861938648,637.6142277513097,1330.785865193193,1843.4038570772295,1912.4733594938293,0,0,0,1,80,8043.032270355202,BENIGN
242.29304775778974,1,1,43.27861320951839,0.0,40.0,0.0,178620.94521499527,8254.467136008445,16.287869154828112,19.39619479281767,25.673585787962825,1,0,0,0,10629,34.05996598370085,Port Scan
2461.095150203807,137,1,9535.486150884728,37.83924235262551,75.24856368579731,35.373083895786564,3889863.98695092,56072.598407490266,14.564360989424962,18.486074772503866,14.461204590318934,1,0,0,0,80,262.32385925951473,DDoS
445.77883796027,1,0,44.64167236962486,0.0,45.49924165766605,0.0,100143.09466525986,2243.2648543292335,36.38164906056875,46.77848573391806,36.62095241113253,1,0,0,0,41316,31.576381562267652,Port Scan
27982.885204166596,11,11,6024.059947351205,9733.050104054752,516.7115974866534,821.5238275397967,563098.1200272999,786.1948415785319,1014.5478180931392,855.675125661472,1233.0459531814038,0,0,0,1,443,11659.33023539412,BENIGN
10053.030096258637,15,13,4173.347043531985,14288.856327793463,279.02998253473953,1112.232820913637,1836481.4582815575,2785.229899035173,278.9127802545822,270.2418314444723,405.1570780435902,0,0,1,1,8080,24315.773036816638,BENIGN
115593.2144571422,13,16,4952.936992145825,9935.508145559103,385.4921498753137,586.7532966343708,128800.33839032157,250.87977816165113,2785.8440475317393,3799.7855887061587,2696.768348087772,0,0,0,1,443,21342.10843458157,BENIGN
1716.453492834507,164,0,10414.929468767561,0.0,66.65195105486204,54.450112734275976,6067702.685942639,95545.84536349695,57.91643916877827,49.14450053811511,57.89348612884938,1,0,0,1,443,258.51342286465524,DDoS
469.08442239164947,1,0,51.70932894314857,0.0,48.66230274412929,0.0,110234.58992627825,2131.8124249393145,43.44171398106939,60.66567099682971,69.239491171236,1,1,0,0,57329,24.065764794952088,Port Scan
32515.086711644894,12,18,5257.533380204049,9498.741024782737,474.56308541934396,552.4251465465373,453828.5422963981,922.6486235774316,1023.182405595682,1035.867972582086,1612.5686084354304,0,0,1,0,53,8878.046934825368,BENIGN
27268.486851470236,8,16,1417.8247681102416,12056.270630012223,189.96303055365513,816.1873830279628,494126.9925065894,880.1368455362601,1097.4876115494878,911.1817625497052,1356.9805731268707,0,0,1,1,80,16006.840353331281,BENIGN
102738.37992392443,12,17,4090.334918702654,17227.025915637532,326.39274621616335,1038.3545712517512,207491.69735910997,282.270364993821,3628.4918742992045,2905.6649631613877,3297.317196924172,0,1,0,0,8080,21983.360298601176,BENIGN
90.32103385346356,1,0,42.53357988131336,0.0,40.0,0.0,470915.5560632714,11071.618175035457,44.50905844041118,36.28668214880404,46.98845171405288,1,1,0,0,52713,7.08034490507286,Port Scan
424.1279386881228,139,1,10176.173174990616,30.859133382913292,78.31334412654645,28.72071131696913,24065927.70083732,330089.0774445002,16.11946018036112,19.792073721241547,15.927744498107977,1,0,0,0,443,10.51779024265638,DDoS
25310.491596537642,15,19,4764.584289968782,10098.411267680198,319.634956313748,538.4697695928062,587226.6645220818,1343.31646109359,837.4255509156967,921.8105255090488,1105.5543570455357,0,0,1,1,443,3348.9860379860033,BENIGN
71579.01391382856,10,13,3589.889622047422,9044.995693791514,353.18761012095695,704.1334764136096,176516.61604404924,321.32323068446965,2446.5847079110636,2016.7244539984915,2014.380845154055,0,0,1,1,443,11317.070299173154,BENIGN
7687.123058304736,15,8,5966.792938682847,8342.316193962912,424.2645954233639,970.9086351598579,1861438.801501558,2992.016626448056,312.635375202107,263.0398911937655,465.8169767959844,0,0,1,1,443,4043.706528328667,BENIGN
376.7405017919349,1,0,44.291605745182736,0.0,40.91208116406033,0.0,117565.28840014119,2654.346945028695,44.86214163753033,37.88424918014893,39.87761926591294,1,0,0,0,29155,47.99414522970607,Port Scan
195.84716718054665,172,4,10624.374607535685,196.0373638795224,56.478018293827226,47.87584520832197,55249264.654617846,898659.9220899119,32.7469747799355,40.90067916142679,33.30209845511578,1,0,0,0,443,489.65186677305616,DDoS
32964.71433562101,8,9,2772.1398339973925,6872.822493748285,344.9332401809065,747.1302618797637,292584.43527064106,515.7029369925448,1421.8815526364879,1699.1389014977715,1300.2730745117935,0,0,0,1,80,15603.824703518383,BENIGN
949.5203990560702,1,0,42.993996862197065,0.0,47.469724317448154,0.0,45279.69794533948,1053.163261151748,8.058087799274436,7.751912824399534,12.555595356970631,1,0,0,0,50056,23.841807969203217,Port Scan
160.90995356528796,1,0,38.79384106534421,0.0,41.33751318144177,0.0,241090.37511842864,6214.655947894844,49.390293887989536,42.69962788609401,65.85835927517198,1,0,0,0,30630,47.54308212887567,Port Scan
37656.431225325614,14,13,6661.673578710143,13998.211765885551,520.2496561099987,1016.7931034371348,548641.617708611,717.0089974389635,1152.807888961586,1100.15778338438,1656.20680590872,0,0,0,1,443,19821.74343245835,BENIGN
1396.8770213379964,113,3,7803.293669598626,112.99723143720331,67.3932356841626,36.733184282232436,5667135.173755828,83042.38542695018,7.318275351387954,6.512214013013976,8.049488439491013,1,0,0,1,80,432.3284205142976,DDoS
35572.86230180816,14,11,4370.16767493318,6633.589831688789,297.8679651761673,660.0998180497411,309330.1127489718,702.7829188411766,949.8080369783072,815.1012774021575,1329.234327255481,0,0,1,0,443,5590.187058550554,BENIGN
119836.85312022593,10,18,5143.1393288291665,13275.75487756449,507.4271053489725,802.4278085587185,153699.74867343155,233.65099525693563,3592.8099978993528,3088.7286545582865,4423.191018843241,0,0,0,1,443,8751.541727237594,BENIGN
1787.2032924053578,106,3,8213.721759397105,122.70846587582955,79.41474284466273,40.492925938011645,4664511.452445411,60989.14458315443,2.1606784476593957,2.3859217941723623,2.1275431100063265,1,0,0,0,80,352.43096329206804,DDoS
2546.1987332299545,168,3,14419.966561729161,51.15350180915282,80.3572396875115,16.13672847487127,5683421.279996131,67158.93687649419,10.98712077656021,13.208069388485232,17.407445764556837,1,0,0,1,80,141.17489218320887,DDoS
21194.93598629437,16,19,6930.119942882187,16065.064537729073,411.95808062039526,803.1478451937132,1084937.6707474377,1651.3378489386628,556.0704194440984,560.5963114641615,852.0609564563609,0,0,1,1,443,15529.325578926975,BENIGN
372.7222743852563,1,0,39.37818423459173,0.0,41.58929860628845,0.0,105650.2037597284,2682.9628082983086,45.2460867875596,43.31703904885176,41.489404114179806,1,1,0,0,35720,5.882591791072023,Port Scan
33397.086615561995,12,20,3389.543793144138,13307.403173118,272.912631124193,633.1938981076598,499952.20117439475,958.1674104797214,916.8514083041576,1008.9165035044631,885.3475932777975,0,1,0,1,443,4983.207077659317,BENIGN
18774.503597347684,20,18,6761.479267223736,16364.703712722157,332.72119945597495,1001.4933214645673,1231786.654706172,2024.0215568399021,825.0534826011713,1096.421704183241,1077.3146368851308,0,0,1,1,80,23452.270257593478,BENIGN
52673.280241094915,10,5,1637.8705068037557,1005.4426388366899,174.80614685409415,200.33040959122226,50183.188393461234,284.77436626962185,14130.63476429848,14713.70674392374,14838.608911997697,0,0,0,1,4444,6122.925810906114,Botnet
18764.281020864637,13,12,4996.980829043042,8499.439977175241,424.93574207036716,723.4140309824713,719261.2811122984,1332.318566973158,946.8489422696114,1318.7308422293736,1008.3762443372915,1,0,0,1,443,21817.171711720814,BENIGN
27084.362548354555,10,16,4359.648061596065,15857.394837349162,484.3016236823284,974.594878672272,746447.0637937707,959.9635196723347,776.883599605125,690.480124248881,794.3005139616325,0,0,0,1,443,23380.733049111474,BENIGN
1420.4101938741396,129,1,5536.613394565836,47.41375263314176,45.831954484134705,52.180292716538204,3931277.859931896,91522.85766510002,6.886396794310302,5.737546197708723,10.435841030840137,1,0,0,0,80,57.52491125287406,DDoS
44468.117482609196,9,17,1976.718869593165,7357.692944785815,237.51716090241885,428.9310853028164,209912.4573472112,584.6885695165352,1212.3070119516983,1094.9731433920242,1228.2072171598556,0,0,1,1,80,6851.964249873168,BENIGN
24961.49524772093,11,10,2634.3199296008133,9203.657255487395,245.33635193841346,961.0512546000408,474249.5218177707,841.2957553861831,1006.1888324217871,1237.4537326546465,854.9671461536815,0,0,0,1,443,15210.046202333966,BENIGN
15104.503274755552,15,15,5605.035687976117,2484.069445670906,367.93798353717847,182.75418970819612,535542.6117962118,1986.1626333743513,424.91895549976954,484.7446728042631,415.11937668911037,1,0,0,1,443,15402.951903529063,Port Scan
66214.82621371628,11,6,2591.6684876086915,912.520039113185,252.3896562402143,146.04902601932287,52921.509080333286,256.7400833331566,15829.087206538403,21405.36235190434,21804.311921930555,0,0,1,1,1337,4377.9863134228,Botnet
85.60672815562008,1,0,47.9843497659686,0.0,45.43138070097686,0.0,560520.7768102095,11681.324839119554,43.42672994832919,56.47922144460956,46.7974897500519,1,0,0,0,58330,33.986806212819,Port Scan
49795.80837030135,14,10,4505.8293092169515,9386.352202642533,299.03374355782665,953.5753385506148,278982.94990115875,481.96827776198546,1993.0959156826493,2654.154258426441,2078.340211633923,0,0,0,1,443,24718.80175819067,BENIGN
35310.02594789779,14,19,5507.016696850591,23044.910722728913,367.8508869498634,1333.178071674682,808606.8093438874,934.5787524680276,1028.7172270000244,1301.9607569382883,1590.6843138803376,0,0,0,1,53,10543.730892733392,BENIGN
319.4097993232646,1,1,41.536607550751484,0.0,40.0,0.0,130041.74461383255,6261.548657046251,16.704930279438614,22.813258656816064,14.972274858382626,1,0,0,0,35172,9.188316178733242,Port Scan
1235.5294021652342,122,2,7910.0580178640585,83.11282013655932,67.3614291428388,42.46226389445767,6469429.884867803,100361.83662055562,38.429451594410644,49.862983845973204,42.78093186949172,1,0,0,0,80,50.084322518563575,DDoS
603.9569297020005,1,0,36.476670771828786,0.0,40.26637839141999,0.0,60396.14578116821,1655.7472078239284,38.90414419895427,41.10301875708939,36.16803319379398,1,1,0,0,55251,46.648662655377656,Port Scan
42775.11405682642,12,27,671.257497313647,17411.01362725086,51.745808759661884,693.9998937960222,422728.76468645636,911.7450849619896,983.5030310783388,890.8584651138601,1028.948526256774,0,0,1,1,443,23429.31915411159,BENIGN
80860.40100200105,9,10,1923.0823328735953,9820.467101549415,212.1602289082193,1019.0386040648351,145232.39173810667,234.97286390565645,4124.527129665775,5405.181533104729,5867.673397641561,0,0,0,1,8080,7120.74659760354,BENIGN
971.1537831493602,11,16,3739.067835268537,10126.216703916261,351.4914449555409,578.1198419480354,14277125.600253534,27801.982001698583,51.20698251837181,49.01004367730737,59.32434088960487,0,0,0,1,443,19402.565552172306,BENIGN
39727.537851138106,9,14,2885.0476068235043,12080.156656372714,299.18179567345913,872.4317403392874,376695.99156312924,578.9435047845811,1164.4463222415686,1299.8871500677858,1743.517612911597,0,0,1,1,443,2086.8072489579645,BENIGN
35701.02228637819,9,13,4635.292017322745,11588.544006506278,564.844623039271,908.420181750153,454436.1753478209,616.228852594906,1143.6847190934857,1422.609378757927,1678.9782299581907,0,0,1,0,53,8492.871465050732,BENIGN
8022.254956004847,15,8,8747.364050117356,3847.988726405404,546.8147100318417,519.8376311288557,1570051.4189086996,2867.0243125075394,321.66306340707825,272.3874881477627,384.83478451075786,0,0,0,1,22,13597.112938675313,BENIGN
27262.971005411913,7,16,2043.6504816983404,10056.450732661879,310.79814653348114,582.5926324613599,443829.14877319324,843.6351267598208,987.4231895074345,1224.6218665765377,1470.9180122874498,0,0,1,1,443,2485.1942920731426,BENIGN
53602.94750462327,11,21,3781.837915793733,16154.133705987786,365.5213544446134,830.1338022708381,371919.31693797314,596.9820968751764,2101.697861186407,2328.926765011533,2806.5122427780243,0,0,0,1,53,24088.683006550244,BENIGN
216.18996156455867,136,2,6498.514266863203,68.65137425265839,44.2317923007188,33.48291697073304,30376829.680663846,638327.5106822683,12.80762901404956,16.786369650256468,18.359388437694708,1,1,0,0,443,360.57330748590044,DDoS
13852.37653420611,11,16,4405.500992257969,11661.009267451725,440.9280657925723,774.7827297599636,1159837.8242199924,1949.1240317737572,616.791983487481,802.1810903825722,967.7552098168711,0,0,1,0,80,9619.684856803658,BENIGN
2774.72509416388,117,4,9618.235837772614,118.20103314828552,83.49849500944855,30.85859325153045,3508973.5164754484,43607.923629804296,70.23658827228027,96.72670642887624,100.76445433390565,1,1,0,1,80,454.9216118815261,DDoS
41046.44255659194,7,12,2943.7621761764517,9733.236352470924,398.72185402850994,894.4728354074346,308845.24307238625,462.8902973456017,2138.7987058093645,2873.98903922413,2428.8362348054666,0,0,0,1,53,3852.994520207695,BENIGN
212257.7388800836,10,22,3268.34090382198,6498.661884518598,359.8178609939291,317.9124022503208,46014.82537161347,150.76010970831365,7805.491132038423,8786.276391695092,8948.014386699371,0,0,1,1,443,22807.86230554729,BENIGN
20007.05323220698,6,17,1214.0668013378825,4845.809207247924,189.05456768718858,311.215701428969,302886.9838178234,1149.59458212342,847.7189523064225,994.0446889732435,1226.0604072779288,0,0,1,1,443,5759.852118029966,BENIGN
31067.717816417753,11,12,3474.2778260819814,11460.362370290863,289.4893104834885,955.8476749226937,480712.49663792894,740.318298753365,1332.7672386653812,1744.7848173602686,1374.1195623830238,0,0,0,1,8080,728.6294157155584,BENIGN
67205.06874238497,10,11,5088.025194948226,9283.888509071174,484.46843754471786,881.8900536754077,213851.63311283546,312.47643061714024,3300.791890280041,4013.347299859785,4482.37257212808,0,0,1,0,443,18699.139987800492,BENIGN
10158.882450771156,7,4,1156.4675751170262,306.6608509249184,153.048611898099,73.54877306886279,144024.54533085765,1082.796267532852,379.95511526806575,442.40969812056574,358.81000039395053,1,1,1,1,21,2973.225649704094,Brute Force
440.2713686005641,1,1,42.28404885325946,0.0,44.777855818341706,0.0,96040.87812401364,4542.652878739655,23.989461955203566,33.116189354418914,23.603255567184327,1,0,0,0,56808,26.41675833402007,Port Scan
49763.43378182498,16,23,5305.026846375915,22175.89638254478,319.75224576161645,905.6522025993111,552231.2497446169,783.7079766437644,1190.2156488531634,1049.2196955462027,1051.1816235036588,0,0,0,1,443,16498.69823661736,BENIGN
50820.479549582575,14,14,5290.563195963209,12463.611467927147,410.1483579314864,938.5261097973414,349350.7897061193,550.9589883480346,1443.4771346463613,1442.392170677289,1537.6919788035566,0,0,0,1,53,3663.134944117925,BENIGN
5946.242667812152,6,3,803.3734738016735,308.71562462658846,135.5066728721119,100.62521744504832,187023.8334617853,1513.560832072708,113.84472728481494,127.21326868618556,124.91357026196218,1,0,0,1,22,638.6663424454769,Brute Force
323.09391317289237,1,0,45.26650869386252,0.0,49.60281414105419,0.0,140103.2543427698,3095.075330202476,6.346218615022205,6.7215186678093115,9.493494995641486,1,0,0,0,5279,38.93269836082709,Port Scan
30337.178156533108,8,14,2193.9426276996733,10393.292557398294,275.3840987338798,747.584701154239,414911.2063142665,725.182806603992,1353.1847708531232,1777.687450517721,1669.998754581783,0,0,1,1,443,21962.66907301528,BENIGN
38823.27014313153,12,13,2446.208718273712,10780.217962523378,210.57673921338605,905.8287611945767,340682.9623582614,643.9436942800376,1427.0646864293587,1910.454138072178,1192.4097798476691,0,0,0,1,443,24778.514429073733,BENIGN
99734.76973812906,9,12,3859.8119797886548,7704.64680042005,451.7817286474413,619.9837473430493,115952.12793465305,210.55846476749426,5046.308518225931,5935.367422482858,5882.871040857921,0,1,0,1,53,21206.630824751453,BENIGN
124449.5698372983,4,17,1602.5518091552503,12745.031117959565,396.61745966292966,718.5180444631912,115288.32880557499,168.74305011624213,4772.527941130999,6656.388833286022,6406.132525352244,1,0,0,0,443,16062.342841305368,BENIGN
17991.333362290567,15,13,3197.3349844464083,8476.861139104372,229.60474747582182,699.6439618136801,648878.8734257815,1556.3048850335558,415.11968765690636,366.78745557699796,648.2867902659123,0,0,0,1,80,9885.445249419254,BENIGN
37250.53695829761,9,19,4376.758504198392,18629.577513817418,447.98875945685575,1036.6215861091043,617610.8560199187,751.6670170780708,1364.7616869479232,1254.560102165272,1873.5133157403084,1,0,1,1,443,23978.955125718996,BENIGN
8294.393387056998,6,15,1831.2967360599293,19234.94226612709,296.9439962364329,1202.9480389867917,2539816.719455322,2531.8307222767476,438.0812177540161,447.59018871774373,523.1341613247243,0,0,0,1,80,17625.71169381262,BENIGN
160.963679533004,1,0,46.132662396179676,0.0,46.71411122438829,0.0,286602.93135707447,6212.5816389215925,9.82774031523967,11.145899287275137,12.280140754632876,1,0,0,1,6995,25.075642795511428,Port Scan
5654.607620473316,9,20,4357.604855526351,19569.541834297863,515.7209001881984,893.69015975526,4231442.444068542,5128.560980076027,182.32765838868218,149.30601804382465,146.5300461549106,1,0,1,1,80,18600.933580490262,Port Scan
122576.2982540605,11,16,3477.011592868572,9941.097234526136,304.3629209207962,616.5212362135228,109467.40127184593,220.27096905829094,4781.269588222844,4800.042703611924,5109.074532540375,0,1,0,1,443,14008.005865218427,BENIGN
347.6054122929675,1,0,46.48564222005762,0.0,42.64393070870396,0.0,133731.0656741983,2876.825171977425,7.33608715464176,8.997350185099315,10.075926976352129,1,0,0,0,42184,49.01651100427836,Port Scan
14320.113491529028,15,11,5477.079155693015,11529.505569427758,388.51815712318165,1054.9835677284073,1187601.2529635963,1815.6280685470917,531.255390595791,498.76096809576006,675.6039386609007,0,0,1,1,22,17425.345016242714,BENIGN
512.6070677086738,159,4,8202.682068530541,147.8866940645254,55.97107658654554,40.61465906390511,16290389.439852368,317982.34996759077,10.233763554094818,13.765016009976481,15.954407167335743,1,0,0,0,443,390.36563068680897,DDoS
64398.94945730184,14,13,5110.429949761679,10209.753861898445,391.7648814233181,818.8347457180763,237894.9337025723,419.26149770349434,2725.2632087654697,3371.9176212010793,3386.6329649489257,0,0,0,1,443,5142.111296808075,BENIGN
2600.4093911869645,135,1,10233.34942472087,45.942395498129514,72.36794553081502,44.69039606164306,3952951.3526049014,52299.45733195588,1.7891888622140484,1.49676774977279,2.822154158646427,1,0,0,0,443,231.7782167072112,DDoS
45308.1167912628,11,13,3951.6693180309157,4329.646361252341,365.0007142885539,318.4004166344977,182777.75078217822,529.7064124419347,1474.5229604577887,1813.431313776034,1358.2239316302644,1,0,1,1,443,11569.137732369123,BENIGN
60826.21340761474,15,18,6898.382696886591,15027.31414524785,500.3656606376169,766.219124078204,360464.6025752706,542.5292509802817,1671.0001933537221,1715.0825950574492,1766.6137954635756,0,0,0,1,443,7596.810940920677,BENIGN
67290.72774269097,16,20,4773.810312076584,21992.775963169894,278.37518518010916,1033.2699578025204,397775.2533394741,534.9919848936433,1770.5511834448653,2006.5458720412698,2775.3666507043754,0,0,0,0,22,24475.588391401852,BENIGN
86389.57245137876,15,18,2946.291060182474,20129.179116214254,196.33368947148992,1214.2137021376398,267109.4383455124,381.99054658561784,2042.2480800564663,2682.383736204302,2688.683500843608,0,0,1,1,8080,6836.459750069775,BENIGN
66.69360600949528,1,0,46.166674025916656,0.0,45.923625191153405,0.0,692220.3909523775,14993.94109620686,31.19778149068778,39.72850776493969,48.83971659023157,1,1,0,0,60018,21.13864346335183,Port Scan
1396.443662462894,13,5,4053.880486240604,3471.6553567161973,309.6850094694795,698.887842857963,5389072.287874534,12889.886276008856,66.9549117702018,58.16116806939157,60.90853709154811,0,0,0,1,80,12550.398497384112,BENIGN
3737.7390651054016,5,5,809.5006905103754,286.92696490667515,152.38471357639244,58.56348706069456,293339.8068508916,2675.4141543366422,137.21350070810257,117.92249578720592,208.64685314144594,1,0,1,1,22,734.0276225966477,Brute Force
766.9068055224233,129,2,7672.639279290033,80.68715133766965,60.6709004238273,39.37355123631875,10109867.815485185,170816.06142582305,15.311459439058133,15.222656364203694,22.258908849018123,1,0,0,0,80,388.2705255233069,DDoS
8352.455025229525,6,5,771.0212426558479,428.9312610131639,130.12508108930555,90.71707893576216,143664.6471060809,1316.978058160537,146.561773446517,126.38358826463954,208.06166010782815,1,0,1,1,3389,304.05912059933246,Brute Force
1940.0029054420622,12,23,2290.403711349256,15548.91567259766,194.36510388593933,646.3431417846909,9195511.683979632,18041.21009397389,47.22516715062942,42.658742348745676,63.06166821778741,0,0,1,1,22,11548.174220373345,BENIGN
173587.925275434,10,13,2066.342224913648,10013.311561238907,228.38784404732513,701.04779471074,69588.0993276786,132.49769512197136,6811.113394272315,5799.260152307839,6768.061049707196,0,0,0,1,443,19222.972612935533,BENIGN
59.09637996517932,1,0,44.89840090665325,0.0,43.67343816349731,0.0,759748.751668177,16921.510261529023,40.97799016782723,39.92919198143575,40.231262377423164,1,1,0,0,58203,43.03027994063617,Port Scan
2634.921729789473,116,2,9255.12108982321,74.40166821130705,73.89529368444424,40.36759941397622,3540721.0212577865,44783.113921728545,2.6608717606500107,3.5679771693774334,2.7493543199906214,1,0,0,0,80,448.8928284403545,DDoS
53121.3013805719,12,8,3227.339929951218,1506.845057062114,278.4753280431631,205.37653569161043,89120.27499282555,376.49680034598356,15464.827936615027,15451.450995603327,13438.29845089392,0,0,0,1,8080,1227.6780836929815,Botnet
11198.664760889807,4,4,430.9285604539488,255.14495022507762,108.46008483533954,65.25877845811775,61263.8671955846,714.3708799944777,217.12076622476104,295.9380189572745,238.41033800991917,1,1,1,1,21,1502.0459030808568,Brute Force
16496.712729146737,10,4,1362.828605382872,414.1970316048172,124.20464391075954,99.40021338561745,107719.98434863955,848.6539245642865,307.1121917024234,393.4575547882735,448.8728615202454,1,0,0,1,21,2956.325856503841,Brute Force
13437.482295092332,15,18,2533.7290572383104,18410.55618306526,182.38206090525833,989.3881584517333,1558646.5366323043,2455.8171892105365,439.6669754538598,425.49634620759724,695.5898017314585,0,0,1,1,80,18220.03968414939,BENIGN
3325.151020966616,15,11,1552.5536055607542,10466.06160781377,104.61532239689038,947.083755959051,3614456.948749573,7819.193725655757,126.26466280015755,175.4037661602657,128.42971544907974,0,0,1,1,80,20730.404633292957,BENIGN
69630.96118961953,6,6,1493.7400852622284,1113.1206010588978,253.02713648138126,195.9061402086648,37438.24071625414,172.33712984833736,15219.952070566935,18664.743790874698,13074.968887967352,0,0,1,1,8080,3881.821191950846,Botnet
591.7045037826565,170,1,11588.057842018909,38.766966235454845,67.68468900781777,36.709886607152484,19649714.90655596,288995.6032222653,4.524782150496462,3.861837294939539,6.628900810660435,1,0,0,0,80,416.18260628745685,DDoS
3273.6610499706912,6,3,599.8203239518841,263.65723232230886,96.26430968134494,92.37487753806019,263765.1067394175,2749.215591541029,146.9089742990867,181.83895089377154,176.0890463984788,1,0,0,1,21,361.3915767518241,Brute Force
551.5200452892927,1,0,44.842067002007695,0.0,45.23491193370329,0.0,81306.32310650898,1813.1707243305416,42.982426031739784,43.91976518868958,47.947124789891085,1,0,0,0,33624,33.685488687955974,Port Scan
52496.39681944887,14,15,5710.821224053871,12560.495747073699,384.01454150608146,765.8064822316533,348048.9724650666,552.4188659983627,1723.0070198638298,1995.2427802117054,1566.7331124763937,0,0,1,1,80,8873.6605370245,BENIGN
167338.4662633306,12,12,5447.97541511308,13926.569389731156,458.9674966444561,1172.2205828812948,115780.58074439182,143.421895371221,5319.946103702091,6973.554552510903,4312.501739469166,0,0,1,1,443,22816.005420308367,BENIGN
960.560690748507,13,17,4104.061036991488,17433.67372071922,329.1392856309096,1109.723726279774,22422044.713205628,31231.75900173763,31.105306078886137,43.208778154652364,39.25376070275996,1,0,0,1,8080,16793.060041869743,BENIGN
2899.8304201032647,163,4,9634.030527602807,119.96036877551852,56.853905726683095,32.66418974080777,3363641.828418015,57589.5744945158,14.624867562457833,12.648345479900213,12.813164730148468,1,0,0,1,80,232.11941027271743,DDoS
355.18554071984914,130,3,9547.545953473842,120.77664553113718,66.85642047720692,41.79141053826182,27220484.7624437,374452.17992390937,6.968633816538898,6.421832249282273,5.690988712702478,1,0,0,1,80,66.23945151193205,DDoS
654.1117916348674,1,0,47.888069717629456,0.0,44.184055553183285,0.0,73210.83388198745,1528.7906635968602,32.20368459306347,43.03340198704284,35.27463533600228,1,1,0,0,35755,23.452029031308925,Port Scan
13795.384170352037,12,11,2541.21055395128,3635.471137565192,204.5973763263755,339.83438980069974,447735.3885360376,1667.2243205397501,534.4559155450352,572.1560735953129,567.661014712346,0,0,0,1,80,12173.19192388158,BENIGN
522.5756210426255,1,0,46.321495549647054,0.0,45.30137913487251,0.0,88640.75108828834,1913.5986443547315,6.363672766842182,7.068369025366931,9.273954817139503,1,1,0,0,33788,36.17680430843869,Port Scan
53848.851023913696,12,13,6411.238995610862,7867.980313909634,539.7541694943491,576.8464497518136,265172.21886831435,464.26245917295006,2054.4660558293626,2382.038425699467,2852.250039441261,0,0,1,1,443,4067.7251523991463,BENIGN
46518.89458550334,18,19,5991.435942735091,6857.758441806914,349.1556551457538,400.48174996570583,276214.52528122184,795.3757355947639,1223.4241385526816,1699.7472056080614,1570.9160196636033,0,0,0,1,80,2660.74818004592,BENIGN
536.4616988756666,136,0,7424.494049249828,0.0,50.46002036862365,33.045783794291424,13839746.742051331,253512.97265961973,18.388665398852947,19.294523924897998,28.171624565274712,1,0,0,0,80,63.591519350492725,BENIGN
861.3945155225874,2,0,82.30940840817559,0.0,40.0,0.0,95553.6713142879,2321.8165009869467,24.67598557344975,27.27925189262886,34.982643816065426,1,0,0,0,12340,39.44904651202588,Port Scan
141.29212196294267,1,0,47.36486568870867,0.0,44.727949215708584,0.0,335226.5153263907,7077.535435855897,17.392303711992042,17.63956040518081,26.587694564362543,1,0,0,0,4746,33.55803908550563,Port Scan
1118.6170245184023,12,17,3851.0995567907135,7361.835896718937,355.02615665158885,468.80935823047565,10023927.052547004,25924.869159295475,35.55841477661733,48.01225035834486,30.358683939375506,0,0,0,1,8080,10848.904652588104,BENIGN
218237.25969903287,10,26,2888.377040192156,23771.312733644052,308.258811856074,853.5449199095514,122159.20329370939,164.95808300400657,5483.1604857473185,7222.809546473347,8662.833961813185,1,0,0,1,443,10825.675803538506,BENIGN
6524.731290549879,5,2,657.2531314555332,173.37506350543603,142.79114543060035,93.50001816829757,127304.58282075355,1072.841116099061,342.9244799293311,478.36659852932905,508.7059647426959,1,0,1,1,21,1795.7947815590028,Brute Force
92766.45886599051,11,14,5241.996311930741,12823.26209632264,461.192067712638,877.5967745662207,194739.11830945566,269.493956173478,3539.7123672214852,3206.6640966838263,3923.7030844845535,0,0,0,1,22,23798.204026458843,BENIGN
22244.196661989026,12,14,5801.2254420363315,13745.3519477324,509.3565011358714,929.4497665920192,878727.053477728,1168.844188670068,599.2739300569308,738.1947781913144,695.8570228840913,0,0,0,1,443,11294.262777489785,BENIGN
786.6339737892885,1,0,37.071054513971674,0.0,40.0,0.0,47126.18034458515,1271.2392717834289,46.92477496262314,48.87134427328381,51.909009374006125,1,0,0,0,11488,34.71634170559294,Port Scan
119102.81767547349,11,15,4115.516648412025,11448.033903448193,366.94459216813146,769.7297869027174,130673.23557589669,218.29878173700092,3448.9475752022313,3058.546061253432,5382.153999378251,1,0,0,1,8080,17415.610078661197,BENIGN
93997.61208594225,10,11,3517.3708911272834,7757.058105332501,322.26605434595285,729.938003392404,119943.78097766513,223.40993067780965,3255.3695473285193,4026.5598217082247,4550.5149748539125,0,0,1,1,443,4794.416484458387,BENIGN
985.5560895465753,8,15,2449.769779720606,12760.006974180684,314.4386808140761,841.6320042543729,15432685.075183138,23337.07867462075,42.417925095779296,49.97322817625265,48.087271864258526,1,0,0,1,443,5967.782766201633,BENIGN
43319.27665625924,15,11,4131.135562023334,8453.112001707126,287.14353870021387,712.2821382869985,290499.94679244375,600.1946940691411,1530.8174612387763,1715.0601172482166,1853.3776195538803,0,0,1,1,80,2993.645339186246,BENIGN
21451.909787410692,12,21,3654.6850751831084,23973.993604995838,296.5994960151739,1048.13908797963,1287935.6175734603,1538.324574689683,568.7289787380397,494.8936006274475,505.2666355755866,0,0,0,1,8080,18260.30519728318,BENIGN
969.6245069861236,1,0,42.89989327332216,0.0,40.0,0.0,44243.82115368305,1031.3270681537251,24.380254459889567,25.658591184091573,25.466886131081015,1,0,0,0,49300,4.459242321003715,Port Scan
37900.69263879774,7,9,2923.10299736429,8971.645116070486,409.24779469548923,1070.4519356434575,313839.86110212933,422.15587331038137,1735.595651140848,1895.5214172774809,1844.633035074457,0,0,1,1,443,19444.653741514623,BENIGN
25474.45243462843,17,15,5556.39762638659,9496.447032847735,337.70511554071766,659.0605734917339,590899.6355412294,1256.1604643757184,748.6158105284924,623.8959343588215,846.4360997778665,0,0,1,1,443,3604.433136204519,BENIGN
22036.754347685168,13,16,4226.946388171811,10530.566633828004,355.7763826653063,693.9922449699358,669677.2487074534,1315.983267882926,656.1628368865694,653.1986715396754,633.5290501279339,0,0,0,1,80,1764.2027952534136,BENIGN
81533.19781946033,7,6,1471.5987169630366,1110.281855142058,227.2367524134042,176.9164364209574,31666.617294003056,159.4442551951171,15202.891642090837,20783.54952155426,14672.239094878278,0,0,0,1,4444,1495.158360419773,Botnet
1990.597469102005,128,3,5844.566179254819,160.80439127574405,50.43775252007116,52.299535125716375,3016868.3843648685,65809.38739919954,2.2735558120172015,3.1149930834535984,2.501318244485394,1,0,0,0,80,91.7870378855647,DDoS
5493.438141918254,9,21,2887.978342372497,8277.445482050407,345.54272339517945,400.4989026214833,2032501.96615922,5461.060855692879,261.2272651822725,344.0552049931615,416.7042392660905,0,0,0,1,80,15835.090822335036,BENIGN
61637.46427976908,6,18,2817.4120280549096,15145.548096913042,452.00303208663024,779.5341219367898,291429.2522391099,389.3735779114032,2668.117041144054,3506.3060184940236,3508.235228086173,0,0,1,1,443,12127.272767110368,BENIGN
1898.2540548085128,142,1,8747.328233769365,30.725657821787234,62.331901042743105,27.995012141848942,4624277.698422534,75332.38221604915,1.2337439918872097,1.3314362212480086,1.4556293348738945,1,0,0,1,80,49.60686739501859,DDoS
132845.17941349573,12,10,5160.340935791013,7948.810431221218,425.32766579598024,727.0354554439856,98679.91766723058,165.6063102713159,4966.227750153074,6837.936960482772,5023.5123679803655,0,0,0,1,8080,654.2943003191888,BENIGN
12313.209631350617,5,16,2032.743330154666,5874.096239286354,422.55443132246666,382.99767037593045,642142.8535829883,1705.4854606334304,534.7193663887921,498.17943127201545,590.0367796055808,1,0,1,1,443,699.6055625436986,BENIGN
31439.753700887002,12,14,3632.666188889377,8772.98375296321,330.1414458930268,647.1583148756497,394584.8323074677,826.978488679015,1649.9294791671325,1653.6349489691383,1574.3882352379321,0,0,0,1,80,21503.982717507166,BENIGN
2465.1774849826493,146,1,11952.457855925582,42.9234996617295,79.27161745375882,44.827812119807035,4865930.111994244,59630.594914765185,8.007254219144317,8.258296528865646,8.819939017123282,1,0,0,0,80,473.1751738343674,DDoS
24381.323887036648,8,14,2912.945275342218,5174.4588412363755,387.1101960329351,384.2345109320404,331704.8800979425,902.3300006976742,773.8057027712165,881.7213924279848,1081.586054997047,0,0,1,1,80,15042.397098258682,BENIGN
2559.6756982689853,120,0,7503.58481339059,0.0,64.30773472389852,35.459727857095515,2931459.176045227,46880.938894388695,41.81935618520132,35.02863133988704,37.92397405244501,1,0,0,1,80,295.00390358074566,DDoS
98761.13547111287,21,22,6213.739954720608,17054.90611539954,315.78826652873977,713.3235786310212,235605.29108058003,435.39394109717665,3406.5401778215946,4624.920509563085,5417.830997263447,0,0,1,1,53,19956.60419767106,BENIGN
183.8720467437418,1,0,40.85179324923887,0.0,41.505077211225256,0.0,222175.1156453545,5438.564576341921,36.6246014069694,42.571813979404226,52.27102613938143,1,0,0,0,54410,9.165410508389549,Port Scan
86857.87464312118,14,17,4938.044084748793,12036.385201408219,369.4934910351883,709.7865041858267,195427.63803398362,356.90488775337633,1844.9694590050785,2557.5466051239705,2257.907746696216,0,0,1,1,80,3680.594228205901,BENIGN
10633.64738994725,7,4,864.2930776614259,343.10363977193515,132.3277701591495,86.66078449904597,113544.92707505047,1034.4522059664203,317.8754915618272,265.6459120491836,260.42408817505094,1,1,1,1,3389,1036.0167945458593,Brute Force
695.512549576195,114,0,11692.794314477538,0.0,96.57697145123346,34.995732742912395,16811766.116373383,163907.89795161135,10.89320587149116,10.645119531899038,11.863635064802967,1,0,0,0,443,105.01864931581312,DDoS
1495.617850882888,118,3,6755.134340425989,127.86515333719387,58.68405703469901,43.23411413929836,4602111.08720054,80903.01939668058,26.90551415556031,36.00835913857383,29.15529304213004,1,0,0,0,443,197.53609389437665,DDoS
2260.8289312416778,145,0,10746.471135603562,0.0,67.92435864840442,40.75718154279859,4753332.278750279,64135.768078818786,2.6240826981270775,3.211780623478738,4.06762878868854,1,0,0,0,80,13.368574394088792,DDoS
7498.430949981679,12,10,6350.277265444973,7239.139520544044,497.34474765665954,728.5325717605535,1812301.3836677687,2933.947134640715,287.7944407726275,313.38885927614365,279.0304899922379,0,0,0,1,443,21752.687148316185,BENIGN
567.7687969159977,1,0,41.74387488458175,0.0,44.708823299591806,0.0,73522.66470317816,1761.280305349277,13.005546582033384,15.711742869521652,12.458267885415516,1,1,0,0,64031,14.278727565313137,Port Scan
30631.569120785272,8,15,2986.9103263887973,13175.920606957015,394.0139165512498,851.9353687002185,527652.725513771,750.8593474042171,1219.370578237194,1148.172741434406,1333.631800207241,0,0,0,1,443,16295.419712857754,BENIGN
890.8766820935274,140,0,7344.319741081767,0.0,48.14684742776193,28.89567179989012,8243924.09039474,157148.57377454886,2.3343713511080453,3.1663163211450893,3.609856452059549,1,0,0,0,443,24.53676012000772,DDoS
707.0090788528254,1,0,42.49375759170825,0.0,44.680333805108084,0.0,60103.55292842565,1414.4089940437173,16.422056876202944,17.64625292722629,19.830727219931113,1,0,0,0,63461,29.970307302984455,Port Scan
1582.6218846036782,114,0,6557.441777188303,0.0,61.79989077767083,37.01736203511002,4143403.9557910096,72032.36673840637,21.328936766043196,23.21850232207525,23.9499783569035,1,0,0,0,53,83.19435432902829,DDoS
504.657997888207,1,0,41.390847517341385,0.0,44.834065387234936,0.0,82017.61924024907,1981.5399818978442,12.79840596119292,10.619148365258749,17.805225225817473,1,1,0,0,59106,4.2195495361865065,Port Scan
44231.530516559265,17,16,6851.665052104509,11988.456599469266,371.23637460288495,753.0431023750511,425943.24527206825,746.0741153337564,1294.6833335585054,1105.657686856693,1981.5098634763174,0,0,1,1,443,10376.976738913434,BENIGN
99858.83178410504,12,15,3272.689714342206,10867.119346871632,286.07048208004267,785.2063784100237,141597.98195701037,270.3816930121318,3433.4207832651928,4640.845352232046,4877.779935895642,1,0,0,1,443,23739.15009326973,BENIGN
7587.871458939126,4,3,412.2254207566723,280.68551161473783,105.44100164127947,91.42905253904493,91318.22226048716,922.5248527046981,223.195096980807,304.9117146326955,214.09042346303335,1,0,0,1,21,1502.823903383608,Brute Force
803.660878225464,119,0,5304.194356208399,0.0,43.08919950265054,45.57051350966954,6600040.514502097,148072.4061904815,18.99022045064186,24.802238665117795,16.527330078837778,1,0,0,0,443,334.0974326020521,DDoS
2209.8961958880072,155,1,8691.48306886045,37.568023379082554,57.95140968819202,35.441213118571724,3949982.405726492,70591.5509924276,15.873571387797536,16.903116794576597,16.66158857268637,1,0,0,0,53,259.6335778329668,DDoS
70921.5438427055,8,12,1222.9206634885115,2091.342954409518,146.23689789786982,161.34838739079305,46731.40823398631,282.00175738358604,13670.67677206029,13067.673260947726,15467.993178440174,0,0,1,1,4444,7859.4825682194105,Botnet
3042.5517379236994,12,23,5274.694068309135,14951.305107307897,408.0614434440054,635.1536945765984,6647709.198667456,11503.50199924118,94.79385238200213,94.54153655403204,103.41754027915195,1,0,1,1,443,14945.814734879788,BENIGN
52294.05401034666,14,20,5550.152913532934,17968.568377520067,396.4300306421891,831.7160726604393,449739.87456393597,650.1695201001803,1521.7165924200228,1354.5053438748364,1462.8016721133172,0,0,1,1,443,20594.602996897895,BENIGN
23261.170714288797,10,12,3165.3312255133424,11488.252099770623,316.2292241301985,955.5377476115572,629958.977786213,945.782147864377,725.75465121955,953.9674078138114,711.3044945722862,0,0,0,1,80,2534.1944823440253,BENIGN
23269.50469427744,16,16,6968.003897462621,10139.664055185869,451.4667689745749,586.8006229783568,735196.9101798588,1375.1904228485625,875.8604405092669,747.7069011521334,907.182665208487,0,0,1,0,443,20684.149001499238,BENIGN
13047.65588700607,4,3,461.5095531315064,173.0021964187887,120.65526014408383,59.51475498911823,48630.32525115826,536.4948355950416,166.07041325717535,210.5906788567004,191.42033796577567,1,0,1,1,21,523.8941944257729,Brute Force
18671.591818481123,11,10,4080.769034265037,4744.047235409996,368.2060487929604,516.8383545736572,472633.3113677131,1124.7032499507739,582.8436671198988,467.5352004992109,864.7219669597011,0,0,0,1,443,8443.555432836225,BENIGN
55421.9432736418,6,8,1142.514881759602,1427.001911357556,194.85052700293062,184.16763873828464,46362.805801131086,252.60752642461526,15776.765715426169,16877.578235896228,22817.202770685413,1,0,0,1,4444,1858.4351021431355,Botnet
122430.5652472596,7,19,3648.1354851655724,17162.198796729608,505.9460366731553,989.3367348679315,169976.62503531555,212.36526963255173,4422.413960671958,4428.281375160718,5457.1111862719235,1,0,1,1,8080,24199.003813077234,BENIGN
1696.9654048184084,145,4,9899.30294410331,190.71302405686484,64.08006480550773,49.96634257084748,5945917.305980615,87803.79351100822,17.28352956757447,21.594019266422034,24.670587935124164,1,0,0,0,80,76.06262617820805,DDoS
16983.417889394907,22,15,8807.51246846576,11137.198499016184,407.3028051117637,777.8434952210986,1174363.7881004026,2178.595630217885,584.5569954711021,756.2477414260738,580.5111681745831,1,0,1,1,53,19606.57573476981,BENIGN
8945.213931329088,5,23,1878.8853700425907,22567.147614438836,341.7568103867417,1044.592878264663,2732861.748433244,3130.1654957557544,278.32508641241316,355.19472591580154,276.6160791261341,1,0,0,1,443,5836.9345958672,BENIGN
64958.21433055906,10,15,1084.0423058697609,7924.635630236887,114.3816685730591,522.830025993862,138684.1992032498,384.86279614738356,2497.1964656418145,3289.9947906989387,3594.5313574969978,0,0,1,1,443,8416.882371494676,Port Scan
26431.712801217815,14,15,3910.509220186632,16809.20068994988,270.06492082428264,1057.883592006544,783895.847611581,1097.1668850254705,711.5274264616415,941.1376894426498,800.3062862067673,0,0,1,1,8080,23299.519617091988,BENIGN
68559.11428269031,17,11,5531.907065918848,8306.082545453479,298.30999319634503,773.8963505709204,201840.26232185616,408.40667638364454,1906.8430856373966,2656.547570357823,2033.520801051254,1,0,0,1,443,9349.30179581382,BENIGN
2544.8121472394655,10,15,3473.490824308253,7996.376474374997,322.5346560294963,487.39166514763156,4507156.770343701,9823.907838195144,82.38225229924247,76.41592181524581,89.9333816575632,1,0,0,0,443,15608.238554041096,BENIGN
3391.736192882727,4,4,539.3108652721705,340.1756605592436,130.89840496911347,91.45397020567472,259302.7511033855,2358.674007957142,129.93042657920728,161.57727699925837,119.66551800382933,1,0,1,1,22,111.24161641826704,Brute Force
110172.45624911436,12,17,5983.0574399185225,13317.27271992932,457.1710470512777,790.6034134032457,175182.89794871476,263.22368573164243,2846.963858355308,3453.4265174092484,4042.9147538790958,1,0,0,1,53,17407.32875141543,BENIGN
2017.5090400707031,133,1,10650.038285102404,37.535453925195675,86.19875404217582,36.16061890625016,5297410.582434394,66418.53758201946,1.2767790670369716,1.4630674942803186,1.7230207513847777,1,0,0,0,53,238.00759307225076,DDoS
73332.60988127107,19,17,4772.573760884504,7931.786582906869,274.2404969285209,490.29567940255805,173242.98650164407,490.9139339004256,1473.2218760745025,1499.3450748114199,2017.3576763793767,0,0,1,1,443,17907.96571161025,BENIGN
50674.57495114862,21,25,3284.964588242482,16673.116068793966,163.1663815935429,672.8616871456719,393848.0130573659,907.7530506046669,1063.531594528528,1136.6544629138455,1621.8551468180183,0,0,0,1,22,4384.366665624077,BENIGN
13029.133092102828,6,3,831.4761013947084,234.51533951282735,150.37479996200227,83.15637991170142,81815.99139191008,690.7596949374206,318.26019461067364,386.12605730830194,330.8999667467614,1,0,0,1,22,1036.6614315395873,Brute Force
5060.689808370035,3,2,421.22557997149534,133.55948640529985,128.39808810011252,63.394947827037015,109626.37256668421,988.0076015981738,261.73531642159037,229.06142470436797,400.26687337018257,1,1,1,1,22,466.24884900803835,Brute Force
2566.703799857971,3,3,495.0633976289342,212.3558385937592,150.84919671734048,67.3249780656058,275613.8968048587,2337.6285180752106,378.8798022520852,459.536606864832,365.2881672944516,1,1,0,1,22,2376.7205854642953,Brute Force
7862.1860613526815,6,5,688.9721559340048,342.7580272566849,108.34421399310459,66.09202661558028,131226.88462719764,1399.101969116648,272.2002056780841,238.93846536876035,302.9960023871873,1,0,0,1,22,1046.8075947188643,Brute Force
533.6576349283317,14,14,5519.024297645148,15909.452553351606,363.0263904464322,1194.9375257980735,40153977.84737872,52468.09596148718,24.511778498720194,21.982607852786625,29.875127801528652,0,0,1,1,443,6215.786940536145,BENIGN
694.6655785186914,1,0,43.932261866456024,0.0,40.0,0.0,63242.31864221258,1439.5416023526102,11.737833822847438,10.123930673912476,10.423171839780306,1,0,0,0,39526,15.101568256063235,Port Scan
58365.507259027036,7,17,3302.2643748809132,13997.404806933153,469.56218192102904,825.0159793264877,296402.2758345587,411.2017718528107,2383.4012095261373,2179.8148336737327,2947.682982357473,0,0,0,1,80,11224.019845198665,BENIGN
93351.77552618877,8,7,3350.407942253416,7682.295346167268,405.0992241367934,1001.581634062235,118184.18263855716,160.68253566095186,4543.946499927775,5940.35719467779,6244.071971311105,0,0,0,0,53,9416.00064113304,BENIGN
34411.00878612136,15,16,5771.973319996497,13933.534230676407,422.5422512063069,858.0006225884392,572651.2603321448,900.874490273674,1383.0268450689766,1923.5433021798983,1483.8232882239,0,0,1,1,22,12396.014307572095,BENIGN
2722.024142082899,13,23,7032.086245365711,18119.057585315823,492.538381510038,847.4208746722358,9239868.023887482,13225.452134473988,63.787103331098095,58.200244819587155,88.55353263685375,0,0,0,1,443,18139.30578050428,BENIGN
40898.91524511037,12,18,6352.572462118411,16055.861867939557,483.9512476912465,821.7601652044484,547898.011371756,733.5157869153173,1201.2164204381006,1116.9707010033333,1746.4019812310896,0,0,1,1,443,12362.51140339408,BENIGN
9083.373252775296,16,14,8520.460403742274,8733.311379135932,498.0296503778487,567.2807899002108,1899489.4630809715,3302.737778702854,284.86169684677344,264.4653868147872,248.2152085425945,0,0,0,1,443,13452.844105556753,BENIGN
2667.07893415441,4,3,402.76510733688053,255.39673369013892,98.12003754171323,77.47050254446835,246772.53927457827,2624.5942369228496,258.1022044385453,245.7280317933822,354.12835521430884,1,0,1,1,22,2113.2986069405442,Brute Force
177047.58361743516,16,9,4490.828807942969,4839.058742635437,308.8650468403657,570.5159511551667,52697.062337424766,141.20497715472953,6205.626330199735,8121.284654113126,7216.687162430781,0,0,0,0,443,20604.77169559439,BENIGN
1010.9159964955849,159,2,11628.61638448278,63.48791448453643,69.26902156774753,31.956783851237077,11565851.504476001,159261.50200226172,20.43858455370586,24.903779804079527,24.602577852450374,1,0,0,1,80,439.39742400944834,DDoS
118223.73209038665,14,15,4996.390276580069,15002.153026427655,379.60134184756356,1030.3580599770712,169158.45024853435,245.2976190755708,3008.7234624536645,4129.387149694239,3683.158565572469,0,0,1,1,80,16116.48892312771,BENIGN
341.40277768429024,1,0,42.61636153774528,0.0,40.658089009601284,0.0,124827.22556274703,2929.091575595623,29.36818095808785,39.43783928866549,43.171300200334436,1,0,0,0,2034,26.464739948246823,Port Scan
532.3317813268006,1,1,40.27028610213937,0.0,40.83840656486903,0.0,75648.84817090657,3757.055411974721,14.965986300683142,20.382408877912834,19.215250111443115,1,1,0,0,36306,4.595855341067789,Port Scan
415.87366361917395,152,6,7039.964144758328,217.0248737101939,45.87910580816981,34.72292688071832,17449984.582610957,379923.07237008546,26.970915278246352,28.858166873324915,22.137749373987887,1,0,0,0,443,415.5360418578121,DDoS
151823.0376931268,5,12,2445.911118220875,10807.016241538246,461.8634125283675,908.7749709727265,87291.9390965334,111.97246648668266,7899.282560853746,10560.814383544433,11937.68333626097,0,0,1,1,80,14282.00633460942,BENIGN
22.567201077877122,1,0,41.91523441561339,0.0,45.746820638461166,0.0,1857351.9272934275,44312.09685902569,43.14758165638183,34.58837631219316,68.3287702723954,1,1,0,0,47318,13.220390872398891,Port Scan
26272.262086539253,8,16,4083.751167318408,11151.588456139038,467.95674079317234,675.0514162194438,579902.0873525528,913.5109843585392,1159.22726003303,1208.8858079550328,1725.0608910956796,0,0,0,1,443,15446.498839670727,Port Scan
47614.16769484383,9,15,2306.483846108648,9491.940454701082,267.37208712854067,638.1990184027886,247792.30367786912,504.0516544112347,1676.1866765663726,1515.8968254020403,1816.1730376663484,0,0,0,1,8080,19832.15923773318,BENIGN
12953.332332258127,10,2,1620.819050889195,107.25566200745106,171.87760157783453,55.635562194405075,133407.73389972883,926.4025420019518,274.9254713395768,372.7666053353287,236.44076506590025,1,0,0,1,22,370.4632852111525,Brute Force
11955.82481295229,5,5,445.10616923778645,386.0717364458441,92.93460126988886,85.34191438725459,69520.74981754312,836.4123894795233,246.29581075899506,311.1017814617277,304.91843291933003,1,0,0,1,21,171.3466333007583,Brute Force
60784.563452500886,13,21,851.4607739453858,17211.240868916917,72.15893040406189,752.9155043881598,297159.3545617402,559.3525406589249,2083.4853171109366,2111.809793860771,1887.666268965481,0,0,0,1,22,24288.030544810917,BENIGN
1155.6991821705021,142,4,8247.871840025213,105.1350193616258,57.419358370196846,25.326299762919774,7227665.285441473,126330.45194840364,1.0703410633428783,1.1112714318376462,0.8592130454146726,1,0,0,0,443,232.65758323351292,DDoS
47149.66358904275,13,14,3561.5475580673497,12198.361790938508,290.7744249513634,961.4608825181829,334252.8482571899,572.6445947808335,1449.051523594448,1652.123693269241,1428.7553681806628,0,0,1,1,53,4574.50840458568,BENIGN
775.9694941667599,1,1,41.645808853736504,0.0,42.39763350512768,0.0,53669.38928244337,2577.4209102738123,28.8132050140322,34.94026744617401,28.6728315231127,1,1,0,0,12074,5.704109780304867,Port Scan
9223.32736331092,6,3,580.0208048955886,370.7183350006483,95.06936052874094,118.122371328925,103079.84336305156,975.7866814747047,179.95191604050262,248.6222915168936,257.9847287725691,1,0,1,1,22,573.254271725986,Brute Force
23643.321808924615,6,23,1991.65894761062,18718.28460542962,361.4634614861029,828.8418830336224,875932.0589724785,1226.561996421899,837.7852924159507,912.5584950253827,1200.9836877730713,0,0,0,1,53,20112.617988419825,BENIGN
21189.142939249414,12,14,4675.969013728026,10742.677678939339,372.83367003278147,726.2515026289032,727667.3123058152,1227.043494611538,690.8202982615505,783.5637430701498,956.243506998925,1,0,0,1,80,21985.26500575803,BENIGN
22862.008478273314,14,10,5383.141489454474,6713.488101429315,368.795341951623,728.734576248079,529114.9114208274,1049.7765330989255,803.9210848822328,706.4541557632726,772.0121567291769,0,0,0,0,443,18003.816546215534,BENIGN
171.41527737293396,1,0,39.48278731386528,0.0,41.275097286831226,0.0,230334.1214328631,5833.7857355875185,5.617535108056566,6.284411420968383,8.220870054273735,1,0,0,0,25273,36.075735274998905,Port Scan
5721.759282194607,4,10,1658.0452332934158,4899.08884702424,385.080915107753,464.7585432912412,1145999.6404816662,2446.799893096907,251.00921336662918,300.5533141253577,244.7797593838482,0,0,0,0,8080,6923.17596044032,BENIGN
1747.1748282456795,7,5,847.8330217911772,406.0715432621055,118.14014172175766,86.20093551258961,717675.498056663,6868.230818119718,385.93946942707083,349.6884712875294,358.09132945471373,1,0,1,1,80,1706.562793985569,Brute Force
41147.88951668549,21,11,8866.005076375095,8639.948684104838,394.4690845294767,759.9853773436153,425439.89415013033,777.6826558024071,1328.1432820722225,1608.1359247714515,1417.4009633326455,0,0,1,1,80,12611.07922130883,BENIGN
71262.85639862118,7,12,2799.2892596444385,10276.114926235383,390.5202064230748,944.9078992803172,183481.3372164073,266.61855783215026,2677.4357077961395,2398.7473727402635,4172.666940026842,0,0,0,1,443,13349.77374959566,BENIGN
95013.36853376972,10,9,5708.498099772064,7119.694381400475,522.6317943291292,844.2625109983004,135014.60561955694,199.97185967832522,3673.2450712697173,3985.1939004340456,4867.260360756981,0,0,0,1,443,21555.046889206693,BENIGN
40842.856093136674,15,7,4589.422295207499,4485.134543297645,285.5200547509364,582.9627851879471,222182.229808117,538.6498914236541,1813.1885391907022,1948.7688491456292,1716.1221744200825,0,0,0,1,22,10435.421894350324,BENIGN
8210.418491377965,5,1,484.89260371987086,75.36283722121193,102.41230648114764,72.08729204886771,68237.13572327961,730.7788276932291,389.2949049088499,506.8667767189543,330.2889013609897,1,1,1,1,21,1936.6475689458687,Brute Force
93332.07189838523,10,28,3264.5158153686966,13772.007760408349,313.65867537521734,514.0704969944591,182536.64822019023,407.1483599053955,1848.4032659780914,2286.3891871464007,2567.1174682042474,0,0,1,1,443,11595.962364849014,BENIGN
12059.544170997397,9,17,2277.56307665006,13286.803093011982,239.9748700023015,835.1460862590105,1290626.4075132762,2155.9687191601074,511.8540152764849,670.993929885864,481.8724793497207,0,0,1,1,22,2582.4888252829073,BENIGN
56843.181424795344,14,15,4700.917335940667,13755.734895016854,309.5809386387046,914.2438670031682,324694.21605784044,510.17552630067996,1725.1063511584612,1567.5746030889545,2436.6935091540076,0,0,1,1,22,1025.5473417682492,BENIGN
482.1584704087871,1,0,39.06764223109735,0.0,42.58724153942678,0.0,81026.55999794994,2074.0069113629233,41.03484641322293,52.55003250228253,57.83395451911397,1,0,0,0,29546,19.19985889086327,Port Scan
5812.04635638299,8,19,2463.8703064949473,10450.156349525128,285.76010131589857,594.0135493547064,2221941.4409586475,4645.523855870088,283.1338286246684,259.80602759887523,420.2804561171357,0,0,1,1,443,9542.799823260251,BENIGN
55147.77377636921,6,13,2574.7673576956404,7939.064573914687,456.68464622948386,578.7599479567862,190648.34737019785,344.52886669636496,3439.682579543337,3682.765676028028,3427.822157191289,0,0,0,1,443,3010.6140055846704,BENIGN
38144.42276582734,17,18,8442.088322732483,9487.291915748192,467.96844936508523,502.1523704978309,470039.3645632298,917.5653335972265,1127.4095389336549,1126.6636522544486,1005.4745354152544,1,0,0,1,80,11011.40802774271,BENIGN
22751.979498855315,20,22,10493.989264155322,19841.093861726767,510.2510485985695,863.360348516695,1333294.23610848,1845.9932245505534,432.8168999085946,569.0774693121458,594.4982632410535,0,0,1,1,443,13209.24613851735,BENIGN
40735.120065166855,12,17,4943.954395241685,14340.695636852037,383.9552964570754,767.9025515530024,473415.81419774145,711.9163992546639,1421.2661245814209,1858.6852726868033,2244.684115016404,0,0,1,1,443,14240.259952924485,BENIGN
18036.02637091031,13,11,4531.173590509643,7135.29333977273,320.2207461934621,628.4303468250686,646842.4191871231,1330.6700437469297,758.0604131371307,841.4794351168704,1014.5402102394869,0,0,0,1,80,7769.791376910767,BENIGN
252.6434541911542,1,0,41.841625892492225,0.0,44.907863662210595,0.0,165615.31754879415,3958.147275976458,47.707917435141965,46.25242244741883,57.86564270823833,1,0,0,0,39390,23.26492085152051,Port Scan
38086.21630479851,15,14,4100.52189707505,9921.599859071897,302.4292938267935,697.4521953258505,368167.88635368564,761.4303234513287,1805.536363244098,1497.5628515819465,2852.372608769936,0,0,1,1,53,9466.665782822,BENIGN
223.60090250287408,1,0,49.80068358595539,0.0,48.72606921447704,0.0,222721.29954983198,4472.253863050246,44.40820406869598,38.10352411310277,67.72295251918523,1,0,0,0,55385,37.76823051402241,Port Scan
77273.9714298929,7,20,3061.3570307855166,19259.3281191116,398.27635854658945,991.1720719168397,288851.2747160619,349.406138967451,2346.816749705261,2584.1855107104197,3064.061260266039,0,0,1,1,443,1864.7431803427255,BENIGN
102776.44812446299,7,19,3121.1678638806643,13353.72871660914,463.6066192247355,733.4262489727932,160298.36486019238,252.97624576900947,3172.1670101137142,2893.8319526847226,3022.7647309317276,0,0,0,1,443,5941.010262001241,BENIGN
1710.4890168891147,162,0,12682.730907347424,0.0,76.08399743595922,27.54255013783954,7414681.288286578,94709.75750234934,34.268235603703175,33.09035889300484,41.70526280618228,1,0,0,0,80,277.94873378110884,DDoS
11096.799493239618,3,4,384.25399770980937,284.5578261367618,126.3565547143902,66.9177360148261,60270.695550913035,630.8125152900648,89.98876490559708,94.98584631224054,99.71056007950622,1,0,0,1,22,1913.3584127345828,Brute Force
136.3301996496464,1,1,51.50233999995197,0.0,50.71662701932374,0.0,377776.458424526,14670.263853055152,33.27759803054765,37.18536435089158,33.44547953300783,1,0,0,0,1620,2.3430437535221227,Port Scan
159150.92651374728,11,13,4020.794698388518,7461.50747455006,405.6738542932394,558.7741954166725,72147.2530789618,150.80025310394223,5000.197990894999,4106.307886379708,5838.399127676211,0,0,0,1,443,18756.224110695923,BENIGN
41439.28765218354,18,10,10006.309979541911,5788.53076924407,601.4305095379419,633.2470609293666,381156.18399038067,675.6872906459001,1289.1069646235112,1086.9409383773216,1723.291351853297,0,1,1,1,443,11160.368515336168,BENIGN
12991.753279137938,12,12,4618.803259084734,10147.067872368854,361.22481378400016,807.4321433041943,1136557.230898505,1847.3257215051199,477.2878634521117,577.6725333610474,686.6434942472767,0,0,0,1,53,21710.31960528706,BENIGN
34103.379004223716,7,11,3120.976550290151,8296.682330429834,492.96851153974967,692.8125918893193,334795.5309444822,527.806936602109,1310.326939221178,1705.4013377165436,1543.2154365054134,0,0,0,1,443,7531.176392225599,BENIGN
3045.6956193810965,4,2,564.5065990088071,100.51060038469545,137.56640643892433,47.93753273823741,218346.57250767495,1969.993311813357,306.9149046001191,271.6551399394586,294.0745624647369,1,0,0,1,80,1118.0735074423515,Brute Force
12489.457768621807,6,17,1378.9641811594956,16173.176824353664,249.11031498092052,927.6557968159948,1405356.527935961,1841.5531263322423,754.0518409412053,605.0585774001997,1103.5483304218833,0,0,0,1,80,16321.172021004024,BENIGN
988.6712187579492,9,3,1073.032023069565,182.02110717802634,112.50375086800233,62.8953353774387,1269434.2734324695,12137.503117644503,312.86762514202127,312.3266413134576,388.64760119515927,1,1,1,1,22,2059.5648883831277,Brute Force
2730.5640264579097,124,3,6997.473430264099,129.4757981225743,51.950895279646915,45.470726931172976,2610064.8654746097,46510.5372990446,10.1379309904026,14.143966946949657,8.741638683276875,1,0,0,1,443,97.36410686430519,DDoS
150133.77535597616,12,11,4713.353490842443,4372.606108947166,361.3700183382527,426.6980428462624,60519.09091239633,153.19670703987578,4549.059656544688,3800.151200716579,6750.113653123065,0,0,0,1,443,17038.72340657741,BENIGN
14222.885899155934,14,13,2816.69015168369,11086.089483957827,214.3665029895896,815.7109454701267,977493.5786039446,1898.3489139572114,531.0274866758524,470.5541047228203,663.4946975384844,0,0,0,1,80,12111.299863178643,BENIGN
30150.692654894723,10,15,1769.5297284710502,19968.337276871596,191.8657127756789,1220.8344573148297,720974.0503859927,829.1683473461248,1056.1361065440828,1320.4597612011974,1478.0599694870953,0,0,1,1,8080,8303.861427454358,BENIGN
23279.901710465452,20,14,7689.248622388612,8391.833566934,374.14592986001026,656.5904782129321,690771.0517563474,1460.4872659198272,987.6025971011348,795.8480100265853,1108.1176412657244,0,0,1,1,80,22714.514518570246,BENIGN
31036.752734614092,8,21,3539.4152351059406,15335.791124926314,404.8223237485323,718.4139054020487,608156.6110162506,934.376100746436,1090.579033472974,1467.1957160139445,1208.0199056364622,0,0,1,1,443,9425.022554906176,BENIGN
8259.256285619636,8,16,2563.350813955721,10407.342960515842,305.1850180769434,643.3088365221904,1570443.309412145,2905.830642619348,299.33275722706196,253.4458907338685,250.53465427681147,1,0,0,1,443,23936.370116058286,BENIGN
35783.79136855012,17,22,9158.415165836486,14219.131002526607,529.9111539492013,643.7627528790482,653299.8677414964,1089.8789230667314,1151.2786400101872,1180.451476987447,1776.2821159973728,0,0,0,1,80,2663.2267419990367,BENIGN
156.3842963655796,1,0,37.548179114452964,0.0,40.0,0.0,240101.97946395192,6394.503944707465,11.838553802204498,15.704479370496383,10.317208302303904,1,1,0,0,11997,8.344278589761355,Port Scan
462.270963550758,1,0,36.43151117925486,0.0,40.0,0.0,78809.86272514309,2163.2334255192704,20.834731517682577,19.54207541782723,20.392314680891193,1,0,0,1,1790,6.600498486331086,Port Scan
4743.380365167095,13,19,3952.8905456873044,16012.616052441635,279.976126209613,818.2655965692635,4209130.421997187,6746.243719983173,146.21372172313417,174.59962612362457,181.3728815776205,1,0,0,0,443,23230.57312163399,BENIGN
327.6313895275883,150,0,11776.391253623107,0.0,78.23754872915727,22.867404858850445,35944026.21373821,457831.5899959555,14.350955137976118,12.240189750208263,18.255986115231917,1,1,0,0,443,408.03345340156,DDoS
3692.9204392631195,13,15,3368.2538196320065,10346.880557471839,259.58031926014246,709.2847984821749,3713899.2303447905,7582.075070533359,109.30661371002627,142.4250126677342,143.36837593822804,0,0,1,1,443,19225.92091532334,BENIGN
128.5128639054767,1,0,47.932255765343236,0.0,43.58417396428764,0.0,372976.3255497768,7781.322193049221,29.664148840769293,26.002482051162197,40.02045722309581,1,0,0,0,49989,17.304432529599545,Port Scan
776.9459033177503,1,0,41.94110961333946,0.0,43.75263092615238,0.0,53982.020413828795,1287.0908974868826,5.379285113581699,5.104253962840619,5.610310223303043,1,0,0,0,52405,25.752196097193924,Port Scan
707.4391462730566,151,2,7674.389967927543,42.09298738296447,54.60373734448676,19.357140835460477,10907627.880027022,216273.01910848063,22.34213262148719,27.89405708857315,26.8373105052125,1,0,0,0,80,155.06511275069687,DDoS
13233.843406293972,10,2,1440.5876179748007,179.174443886417,133.77785922632114,93.62499499871683,122395.43813030643,906.7660566614261,113.60123596157081,144.82626988754498,115.31859393537997,1,0,1,1,21,1826.2227273124322,Brute Force
133247.7226143963,19,15,9316.963716350014,10863.846427335748,510.1175347404544,749.9853171710579,151453.32128554815,255.16383569565477,3491.5639711433464,3136.5803878121624,4849.523613815533,0,0,1,1,443,2696.0117745004604,BENIGN
1873.2131185594046,127,1,9557.271084513159,51.00608917973791,80.4538297509715,47.48776645726104,5129302.735762468,68331.78709448632,16.817298778851626,16.656388753528468,19.240552255271457,1,0,0,0,443,18.569358553297274,DDoS
25707.874077607823,11,15,3581.9669030949976,12720.03824458776,334.0375815958213,809.3044496431802,634124.9804814548,1011.363285875382,1061.5222705210094,1122.5877393712426,1608.0352073819365,0,0,1,1,443,14034.236573663451,Port Scan
2605.345386307326,173,2,10725.783008023667,86.70116434144315,63.63186664163738,40.96839830469331,4150115.462307335,67169.59713661436,5.877055996244896,6.3183546582820815,6.288656195819953,1,1,0,1,80,90.07606056281477,DDoS
64189.28542603393,9,12,2692.984006505817,7193.509684068183,325.77752346387786,568.7844679764881,154020.9339449077,327.1574042399732,2642.340707516482,3674.521431410756,3167.6220206310886,0,0,1,1,443,15459.440041603255,BENIGN
23488.342738788833,21,14,9849.142780982977,11686.931645919285,472.4786484041032,882.661898416879,916883.5224520722,1490.1008721318053,782.2766592196737,974.1851404235529,760.4420027124357,0,0,0,1,53,24508.170408709906,BENIGN
135689.64768943595,16,19,8014.455648994816,11812.898085310124,464.4300450740747,610.3809441675066,146122.81829845585,257.9415644154916,3771.679579406516,3033.3087768459322,5030.9496190430655,0,0,1,1,443,5568.328646931209,BENIGN
1848.0649861312577,146,2,9550.921482114372,81.58849772206341,60.278337603812304,43.168822343056696,5212213.884318618,80083.76388853265,8.132926223228488,10.716407993717146,7.055506085510169,1,0,0,1,443,196.3320443642216,DDoS
49352.71583789277,19,11,7112.026219079196,10905.218137763954,395.49208133138944,918.5861125818317,365070.980410152,607.8692831928441,1547.3184349725327,1985.7765474558691,2414.5337052657246,0,0,0,1,80,24905.842841754227,BENIGN
55744.01567037742,11,10,2289.223053871341,1652.6811892121912,230.14687817653115,176.9769642996261,70714.39320756138,376.72205253701304,16129.07422259659,13677.443975193526,25304.3858729203,0,0,1,1,8080,7852.923342797078,Botnet
89109.45309236085,9,15,4163.193490283291,10686.261818510824,428.7068355509243,689.1724593042823,166642.87338182668,269.33169452992036,3333.850039365782,3415.704445619471,5014.486607340826,1,0,0,1,8080,13646.011711627447,BENIGN
418.9309522788334,1,0,48.99201586295527,0.0,47.12582275198425,0.0,116945.32379729013,2387.028207298507,6.858310252111264,9.153212136883543,6.659331929801312,1,0,0,0,14563,26.95979734652586,Port Scan
384.2555968922627,1,0,46.555779027937945,0.0,45.46866463374849,0.0,121158.36283053861,2602.4344423026823,33.95004996738038,33.62104028970951,49.40106521488137,1,0,0,0,58084,8.962566292634433,Port Scan
172488.7442906245,8,11,1733.3774069923916,10422.2698938022,206.81853027745626,888.9773847727758,70472.11892454655,110.1521150156157,6370.688664877025,7618.78867680649,6646.36677383386,0,0,1,0,443,8097.632612215455,BENIGN
1882.4322248959845,138,2,10241.70693483278,113.73658355257687,68.35734684114935,51.89605581356201,5501097.665791158,74371.86749591255,11.70467733384659,9.84353748959251,14.221389495470728,1,1,0,0,80,11.845368971738493,DDoS
72848.66639177772,9,17,4504.846480597451,15092.928175551313,492.2625740342574,818.6768325361122,269020.3627167666,356.9042686405934,2147.1381027675147,2788.8863723108134,2359.090953111305,0,0,1,0,53,4888.244260265586,BENIGN
66308.55676335118,15,15,5708.564512372288,10275.021428118489,396.95028577980725,673.5949625163194,241048.617564316,452.4302965462979,2501.550339009443,2651.338247597028,2224.660840294048,0,0,1,0,443,6026.8889306553065,BENIGN
41642.52375031587,12,14,4080.7391542466708,7249.931587763786,325.46567026950703,489.7312024276988,272093.75709186,624.3617739379396,1890.9668831513268,2136.007461905597,2788.3920958590124,0,0,1,1,80,9596.62038984694,BENIGN
2151.6904563049175,12,14,6911.575954363735,14336.268536582473,546.056793822373,993.2211376591908,9874954.098850714,12083.522480575395,78.81288421371177,93.53170983858737,113.17301866998544,0,0,1,1,443,13893.0655467117,BENIGN
38041.24828029163,16,14,3917.9355058497968,8666.581249221743,222.68143088943984,578.7610057102798,330812.40295659046,788.6176546825454,1286.3794119644558,1797.9091319716788,1836.4962401676898,0,0,1,1,80,4969.944598947225,Port Scan
71655.14818447798,12,12,3544.649278170124,6485.204589869648,307.2611981312323,598.4644420602725,139973.9463550848,334.9375531010193,2772.559326542133,3092.2448208178976,2538.6266528985557,1,0,0,1,53,4200.797505245487,BENIGN
106200.00731370796,10,20,2661.3216942752624,16742.377727074327,266.59244371209604,852.0857750735656,182709.0215166588,282.48585625217464,3390.7839950131224,4204.148157471296,4036.7664278387033,0,0,0,0,80,20487.03607133274,BENIGN
17563.126781719075,11,14,3282.8724734357197,12991.497019446111,300.76669559414427,872.2426296193426,926621.4208406974,1423.4367439641637,497.3597513788752,461.34259631485867,433.866903913721,1,0,0,1,443,21816.63339965218,BENIGN
4354.4281743213905,14,4,6710.142734931667,3381.9444019063194,440.740965194817,829.289787644762,2317660.7198052527,4133.723023874469,200.74819262980816,223.7503819601579,294.9997970284136,1,0,1,1,80,18187.213580358457,BENIGN
302.68728177194765,2,0,87.87930350216689,0.0,40.04803495424381,0.0,290330.3468441644,6607.479469543259,28.999980832303084,37.15443119027773,40.87651630094898,1,0,0,0,46016,22.504643125026064,Port Scan
16435.41153989342,9,27,4866.129518231133,20642.267733881385,539.8565458684002,838.1913675114263,1552038.8516099146,2190.3923678830774,442.47244673553894,618.336646789839,431.29344621502565,1,0,1,1,8080,10862.642554313752,BENIGN
114626.41966603704,9,14,5008.658654289055,14886.012561043406,556.6489219939673,967.0589444591459,173560.9580522134,200.65182238972722,3573.8714863330724,3533.0542866351952,4922.022128533809,0,0,0,0,8080,10376.654980664382,BENIGN
107319.46743748353,17,9,6628.404721219736,6400.1362377059595,422.0863819848767,769.6412291358114,121399.60502986255,242.26732223718588,3864.5462913497395,3750.299322011138,3962.36964425835,0,0,0,1,443,3160.813820771417,BENIGN
43805.96402869039,6,7,1012.1957651079126,1205.9540105061374,165.81016496359916,170.82716034985344,50635.79411610002,296.7632441894384,13660.038355035651,15753.460086983869,16683.98577043442,1,0,1,1,6667,2245.5601396950333,Botnet
5000.344985433274,3,2,423.6655134787579,135.63957312696448,153.7962284321682,70.32244654031669,111853.29976932768,999.9310076736148,387.38473821673443,513.0791251911777,546.4084505411482,1,1,0,1,22,1506.551099693661,Brute Force
41750.865557957746,11,24,2123.842447070538,17923.894538106342,197.92937583143154,723.5616910034618,480175.36204960826,838.3059735950545,1124.513557321513,957.2754631478732,1609.2774761613553,0,0,1,1,80,19176.067551605323,BENIGN
79157.00989886846,17,12,6272.396805983872,10774.676837465484,378.9511906565515,884.2290257756347,215357.7259326598,366.36047820718085,2426.0338333245686,3187.920691458805,2396.2722449293615,0,0,1,1,53,12581.390164709439,BENIGN
28066.960942742364,16,19,5446.458910883277,10747.829519832625,332.15461749399697,600.4747140462352,576987.59989558,1247.0178040081107,736.9052702416537,800.4365801137552,831.7740823520845,0,0,0,1,80,23806.706165383875,BENIGN
31751.85400622648,13,12,4832.829223933603,8899.426414686111,370.26782897808886,775.5938580797182,432486.7340321873,787.3555980415363,1058.679717910581,1229.1402615702625,1490.2383937682787,0,0,0,1,443,10299.035771780458,BENIGN
141814.20010989756,10,13,3614.5089870671272,11906.123872188178,353.1592885976245,899.1596501319942,109443.43265503552,162.1840406826423,6110.714752019973,7059.7346324958025,5922.504232290208,0,0,1,0,443,9454.662018289077,BENIGN
345.76576830837365,1,0,43.26341442104415,0.0,46.992588986970595,0.0,125123.4748677011,2892.131297127548,30.4760262117974,37.871869666586456,31.43366245647697,1,0,0,0,33403,1.4072975310185643,Port Scan
18137.677017175363,10,16,3453.211703358953,6902.764002232022,334.34375396598875,469.9449226246905,570964.8317027835,1433.4801515860856,655.3341985168199,881.5192468274025,640.7443003606896,1,0,0,1,80,24045.077492225122,BENIGN
690.3804227834382,1,1,44.94515513299478,0.0,43.302595426747466,0.0,65102.01281749466,2896.9535259075114,10.179933845536045,13.14555774183038,9.170530424046525,1,0,0,0,61427,33.27559352103711,Port Scan
74757.07456953626,11,18,3217.0904925965715,11632.298312974028,280.7029586972344,623.856223984276,198635.23139550156,387.9231519824291,1531.640889039912,1299.1087484883458,1978.0612338450762,0,0,0,1,443,14246.407858626588,BENIGN
38063.423516341674,13,10,8508.008489065294,3140.99759851133,618.4057815367614,309.2565572823718,306041.9954756667,604.25463280058,1498.4902020209508,1817.6057956624422,1822.5653526698027,0,0,1,1,443,17271.552804766445,BENIGN
72521.15255616231,7,7,1478.1870598673695,450.9551272751552,218.10928977958474,61.814186696912714,26601.096633820667,193.04712496341017,14728.599128330585,13295.843232542851,16357.021419528148,0,0,0,1,1337,6081.814797990945,Botnet
1348.6817554533454,147,1,10802.774271091961,27.328491800892838,68.11197812209878,29.38566280570626,8030139.593052051,109736.78512485795,21.25645310230561,28.041273583754688,19.606745603778297,1,0,1,0,443,282.92964381734316,DDoS
17464.35115954266,14,11,4882.465956345934,8779.124863845707,334.4986109236365,808.5724834095611,782255.84766296,1431.4874782129998,590.4152959054798,688.4471598003739,655.9052725668895,1,0,0,1,80,2766.1339451288427,BENIGN
189621.65945257095,12,16,3522.8840929459193,17939.67170738,306.8314300068436,1050.9116931634853,113186.20384552763,147.66245628708617,7261.373600042289,9763.177602375841,10519.478402112032,0,0,0,1,443,3828.770499987181,BENIGN
33.473395216431854,1,0,47.117953800432566,0.0,43.3279133272702,0.0,1407623.9800527522,29874.471756874755,30.47506171159474,35.584588981196156,38.20725158434998,1,0,0,0,13145,27.378880735807442,Port Scan
42415.12278533256,17,21,5646.921497247905,13111.630806824736,354.90071289188165,689.2854155517371,442260.94544183364,895.9068724690962,919.2265455925692,986.6747350088447,1233.900479833522,0,0,0,1,53,14699.325717022331,BENIGN
8038.575751704019,4,5,489.2257205730934,378.4268773405941,121.00684916633254,72.9619892866495,107936.11016600326,1119.601317197537,266.1479610106693,221.17289360884493,253.09780786258963,1,1,1,1,22,767.226704149061,Brute Force
53506.69048372398,15,21,3155.568949216065,27448.79480214545,205.21257957047874,1271.9827215341716,571972.6537874914,672.8130571063953,1548.9675774519555,1524.18084869869,2227.270764476543,0,0,0,1,53,3439.1133263481875,BENIGN
368.83563226478356,148,1,7545.990363988818,42.54697939125696,46.45085956359075,42.21052418953148,20574306.491983227,403973.9845228249,16.432317072153168,20.01394428723655,21.791537979972585,1,0,0,0,80,326.12848696892706,DDoS
138599.061181477,8,11,3180.7577577173493,8235.324321117962,384.07198451812974,706.8513851557111,82367.67249012944,137.08606564890098,4319.067395112376,4478.775364530077,3527.205270143445,0,0,0,1,53,15226.57571778526,BENIGN
25001.078787834893,18,14,5961.27432791215,9672.672758056324,332.1624478423884,658.5513216987936,625330.8994640539,1279.9447684461786,798.6651367453946,1055.625705880695,750.0031964276064,0,0,1,1,53,15126.580660783733,BENIGN
3793.6940088383326,5,3,521.5661700210125,161.85597494224928,105.02423850161983,52.75542447354525,180146.88147517003,2108.7625890127288,316.03064178977473,347.3803519129546,260.3627563822438,1,0,0,1,22,1342.8828164315216,Brute Force
7006.548165612132,17,19,7618.427024572798,15381.162163685709,412.9258139296336,876.5068709884825,3282584.8969596187,5138.050741831279,156.38975706582798,193.27913895680172,150.92913307438877,0,0,0,1,80,20782.6039500525,BENIGN
710.280821638158,1,0,44.110035957297384,0.0,47.72394594495597,0.0,62102.248312947675,1407.8938492153673,39.24136021632308,48.08630069156016,55.871227217601415,1,0,0,0,38494,22.97168797487042,Port Scan
33974.64958933286,12,23,5035.005625708909,22778.75052948072,390.9576889314211,1001.4689085546568,818662.0463017934,1030.1798671380284,1156.3529726660101,1480.8982359627125,1673.3575957328997,0,0,1,1,443,8035.167186491693,BENIGN
48658.39133846198,12,18,6209.775375160651,16381.65349486813,497.16427030531133,882.0102866426622,464286.3902525155,616.5431937797443,1550.0430441892313,1801.3021110313557,2295.1444747273536,0,0,1,1,80,17858.95191330062,BENIGN
642.1733044375304,1,0,41.58290330971277,0.0,42.178020020002016,0.0,64753.39759900886,1557.2120377627414,22.243758718609094,22.333625940851793,19.098072321094936,1,0,0,0,6740,36.410072444348565,Port Scan
2068.174069549169,6,3,792.7393081759603,230.98051247584044,125.72003709259488,82.29941600204235,494987.26230280823,4351.664655558643,267.4964163660794,346.960662468885,405.38613798539745,1,0,1,1,22,1003.2708448168594,Brute Force
12895.343872973668,8,2,539.5777384181396,144.92126427401703,65.73487783864535,71.84240523476946,53081.09728866898,775.4736979878613,232.9550105978071,241.1330107167239,353.3739917719718,1,1,0,1,21,2421.355631260145,Brute Force
20304.46378315348,15,16,5839.496827154673,13337.836046147859,391.7611695831195,831.1348949823334,944488.5163238775,1526.7578760548486,1106.9645805730893,1309.4121594820733,1005.8003367392057,0,0,1,1,53,2275.5889696352247,BENIGN
14333.694407009361,9,18,2015.3019783637533,19814.462652220802,247.76983582449378,1006.6669992217617,1522968.4693088979,1883.6734782622862,446.1449875854646,575.0826853225467,422.51183320795263,0,0,0,1,80,11891.688163431165,BENIGN
57934.24827427251,13,12,5650.782465511075,6925.381231026149,433.0368704289468,540.0380084690115,217076.49742858676,431.5236797696057,1845.8474693185408,1625.2572136720166,2166.4819404820373,1,0,0,1,22,17551.122382171616,BENIGN
91212.26953862111,16,26,4870.713579818176,12489.451051443997,332.2564990236717,532.8956493353224,190327.07681844852,460.4643674853014,2714.7948848309243,2977.748653834578,3181.4328149117696,1,0,0,1,443,17636.78160856651,BENIGN
464.9147914840031,1,0,41.351531393473394,0.0,40.0,0.0,88944.32302633295,2150.931780010721,45.289181353362764,43.53680131275566,47.54772439598165,1,1,0,0,55843,41.984230840296775,Port Scan
105424.6659805027,10,23,4673.667002146632,16236.4751953639,479.6774299762444,684.290441521744,198342.02938217195,313.01972544170104,2644.4249180576085,3162.2635186181183,3946.2361135293154,0,0,0,1,443,18216.88304287633,BENIGN
799.230276042313,144,1,7541.574705251825,31.966602517110037,49.50747162551475,35.19371562470575,9476044.057379998,181424.55853652293,14.793494338629138,13.708448633831209,19.56471511737756,1,0,0,1,53,368.75603082301075,DDoS
12104.071767861244,16,22,3183.5221577481348,11510.399493476067,185.1190121603489,542.4946685058699,1213965.1790763114,3139.4394158251503,305.0538155439714,287.5667983551423,387.71942474245657,1,0,1,1,443,13250.037886885219,BENIGN
59.910971560933916,1,0,45.996442353923406,0.0,42.167884093959444,0.0,767746.560530096,16691.433537894234,5.316237179692228,4.358738449007895,6.216915809474823,1,0,0,0,16767,10.01005614584501,Port Scan
11191.20419153026,18,13,8131.668207373479,17212.063579274276,443.08230597575897,1231.3060279256201,2264611.685472456,2770.0325603442616,406.6134070729833,401.62594495733055,532.5022338766748,1,0,0,1,8080,22007.405871885243,BENIGN
78446.12394994113,8,18,4100.019846541224,13197.152264994413,560.7754090891151,680.7234737160519,220497.4731775593,331.4376630844297,1965.6631655932808,2611.6117061803466,1653.3494232221926,0,0,1,1,443,16069.193449337397,BENIGN
16672.38656839792,15,10,6398.245086496348,7525.6348402688745,440.60559583451897,750.1942568907959,835146.1783616258,1499.4853854568642,818.7242219180199,806.4218292377411,1003.381363235288,0,0,0,1,443,18859.136483074628,BENIGN
385.87933636415676,1,0,45.3800413470842,0.0,42.74781983639176,0.0,117601.63623858514,2591.483673166406,6.227066187604057,5.634290663164065,9.801531253820848,1,0,0,0,948,10.625184331557163,Port Scan
98729.97641348552,11,15,2809.5318385740275,10871.195908678492,283.6080600019338,659.9026298708902,138567.11248422693,263.34453774313533,2633.382977325382,3632.0770311860106,3458.581468366833,0,0,1,1,443,20440.237943786244,BENIGN
10551.82383195255,11,15,3051.7102180959246,4610.72996707422,266.4506046955147,297.2889754911696,726172.1108314085,2464.029007124625,355.833797875955,482.19287666030027,522.6796724540366,0,0,1,1,443,21852.721572848,BENIGN
44842.27036608854,5,4,594.703441145398,586.7189684631279,110.41926941348706,135.226539933104,26346.17738940273,200.70348638739193,15834.17628951285,16126.601061573847,21109.337207821653,0,0,0,1,4444,5782.788986851393,Botnet
3886.8487685623813,4,3,500.850321442562,239.7201414578391,116.8311958643334,73.2340886590437,190532.3584725716,1800.944779899186,344.3033806820911,479.8606686723973,519.2921147231409,1,0,1,1,80,2472.0096126603466,Brute Force
1289.3243488482606,156,2,11865.429665556072,67.45195570831952,82.0116952455886,32.294824597876406,9255143.309690775,122544.80429314756,41.705820590735385,43.474773108725245,41.15266649824326,1,0,0,1,80,253.31709345222788,DDoS
1109.9708041622705,156,0,11461.936020600997,0.0,76.06503857280606,49.41832391639714,10326340.096171878,140544.23721328244,9.235377922873512,12.8912029656041,14.271054404166957,1,0,1,0,80,102.46912777640993,DDoS
6595.606011933668,8,3,1245.6571940931549,182.53881044718503,166.42201676831286,59.33943077500367,216537.49510753874,1667.776998822747,78.13389818662199,63.95608690554907,65.10187124531433,1,0,0,1,3389,2136.2152870189866,Brute Force
55560.03711691642,9,14,2512.402621039672,11134.500876527925,270.916537815071,755.0989012730503,245624.4488975064,413.96660609856156,1605.481307877374,1776.8520342230313,2375.5293292312003,0,0,0,1,53,16696.910495169523,BENIGN
12341.617689032533,14,16,3541.18375449801,10393.740425909615,249.90415610912086,619.9927640598063,1129100.2955626308,2430.799653327433,363.97425487336255,438.1066994112969,397.62018899250177,0,0,0,1,8080,9598.673471393447,BENIGN
10155.876022256929,3,3,415.0814129996906,186.81619484207798,131.8444952571679,62.631478711772324,59265.946780237435,590.790985125341,205.02098613845186,200.77616025221226,191.19482492164713,1,0,0,1,22,1852.363062544603,Brute Force
5128.898642473847,10,25,2158.8985307498538,18147.219213327662,235.4337677017435,683.3729625963826,3959157.5423068157,6824.077144000311,153.09021251290378,174.2669037107698,225.96591206011118,0,0,0,1,443,9239.780495782503,BENIGN
45330.31842689369,8,17,3079.6006582481923,11882.811917302974,378.59159318040156,667.41813153093,330075.17032296484,551.5072663854912,1520.492386730718,1571.695991068039,2041.3509692670864,0,0,1,1,80,20958.22644118007,BENIGN
16157.440128148728,6,4,735.4597921255612,431.2541269028306,130.52727342874982,111.24184773539149,72209.0819941086,618.9099214162319,383.6084208289555,433.9228737124887,487.85230169423164,1,1,0,1,22,2860.7089174381485,Brute Force
21164.170207104675,18,17,3646.9306613454505,17844.956125652705,210.99762784269694,962.1688623396274,1015484.4993536987,1653.7383539020457,605.6513467088181,682.160274579816,586.7848699212634,1,0,0,1,443,16501.155934153256,BENIGN
493.52805522958613,1,0,52.876459854056996,0.0,48.770326480931594,0.0,107139.72446705021,2026.2272618621578,12.994914010412783,15.073729574856758,15.630446547142345,1,0,0,1,40595,28.247215667079345,Port Scan
153044.30557437002,12,23,3986.3053492515523,28064.009140816146,329.67382300389687,1162.0991983286253,209418.53648055685,228.691945568613,4382.788439408265,4756.8455147333725,4782.1036773241185,0,1,0,1,443,13104.852058299059,BENIGN
15269.501925602648,18,16,3530.055295170105,14459.455483436795,210.3638998424099,852.8633361367175,1178133.4365886268,2226.660710064916,383.09751223524154,410.74232622500057,394.82587185990263,0,0,0,1,53,11549.030763354082,BENIGN
12110.112597810912,15,14,4021.0548110887503,8596.529357236146,275.5891234313949,595.3898098716083,1041904.7772194716,2394.692845815669,410.0362313546258,414.2009108714845,569.2575752370092,1,0,0,1,80,17279.33705907181,BENIGN
145.52060477161157,2,0,87.94814938676716,0.0,40.23410074673299,0.0,604369.048113826,13743.758164961693,49.415128230550266,59.5488915725359,60.14186107551525,1,1,0,0,18482,32.47157571229987,Port Scan
9318.239744047205,12,19,1294.3254571831455,8771.932806727871,117.1788098322705,429.57299937486414,1080274.6592071394,3326.808587405557,350.38246064090373,341.1565002079402,424.2865683211298,0,0,0,1,443,1618.8917455902858,BENIGN
1485.397690195974,119,2,8760.207522532057,62.73317310028571,68.78800027437502,32.37194857165148,5939783.503008072,81459.66618814119,3.0843368454829956,4.069081766926728,4.363659060141637,1,0,0,0,443,135.29044408664788,DDoS
31424.58038591458,8,15,1726.893619685368,7316.105442939922,227.4582487760814,524.8345420176827,287768.3314008109,731.9111255439158,987.6856131136396,985.4909726400624,1402.0510098120847,0,1,0,1,443,6882.446286302814,BENIGN
26046.42086950066,15,16,8005.0054299002595,14723.043026192861,515.3610975097936,978.5078222685692,872597.7580553794,1190.1827185899383,745.7025317022712,973.5574389315898,977.6025425892672,0,0,0,0,443,11640.030424041484,BENIGN
117345.11351073683,9,13,3947.9738888874117,11686.23022861704,416.6274605952026,821.129528827166,133232.68135979053,187.48117703245518,3464.1405880558286,3196.084798140351,2996.735463251708,0,0,1,1,443,4078.3062582638004,Port Scan
38803.76030128471,17,11,5473.669853666858,6571.147900021415,302.0431072682507,543.6803756756929,310403.36452365655,721.5795526670382,1472.6576100561674,1916.896459259175,1790.125850277311,0,0,1,1,443,15957.887884520316,BENIGN
299.4745682282206,96,0,7310.880949147492,0.0,82.8858337930925,25.946900536877237,24412359.928927552,320561.4438914268,59.80464194246689,60.694473547464185,78.66921070807926,1,0,0,1,80,209.126271654319,DDoS
6160.235917370191,11,28,2139.2890552629656,30777.917195336766,200.15228667171223,1074.5841590820469,5343497.666669251,6330.926367613714,152.6082742073489,194.10243244962575,240.1349847416172,0,0,1,1,443,11357.212946395104,BENIGN
18507.999649507994,14,16,5436.41223686803,11391.357974419576,357.2861552144738,672.4327379765481,909216.0433304821,1620.9207136438165,455.2221196351012,492.6571830513788,427.68362224007353,0,0,1,1,80,10907.497111586254,BENIGN
117042.0257649351,12,8,4677.950431598294,5588.743581580488,420.7415548277556,729.9740185283534,87718.01364578401,170.8787922055246,5532.020021335848,7743.3514307576925,5342.865716887233,0,0,0,1,443,7592.9347614665685,BENIGN
208.63767251360673,1,0,41.89152556656298,0.0,41.89222879670735,0.0,200786.00888260457,4792.998253634099,43.31939828098374,45.33545587187953,56.16938413108672,1,0,0,0,27574,26.29809238992662,Port Scan
32122.702228780006,15,18,3404.5843285502947,11625.672104109837,231.32651776224338,612.0215887964644,467901.37160982453,1027.3108334713506,908.2224803864153,744.4711431091777,1124.6036522345562,0,0,1,0,80,24020.347350354426,BENIGN
4891.414632656749,13,11,2494.7130655209603,13033.607848375954,189.4474769693561,1126.8158636072756,3174607.364140541,4906.556037954303,194.06754533986341,196.91166697268213,294.42687852963894,0,0,0,1,8080,16810.30181102406,BENIGN
6065.661959466521,8,18,1542.7635703707524,11492.209783789103,182.37405790043,670.1857410456041,2148977.8759953002,4286.424165036509,208.7445020851554,199.4381648661025,307.22848489432977,0,0,0,1,80,2011.467649463599,BENIGN
10078.948990779574,4,5,400.085137085162,657.4482051947313,108.37950811050848,127.75322222382556,104924.96224034333,892.9502479111048,259.4923569999216,246.39206420473994,219.95453539331263,1,0,1,1,22,2863.408232423032,Brute Force
2349.619655334352,126,2,8558.001977029562,99.91218641188507,72.829664024969,51.46762297281023,3684815.1758457352,54476.90212728729,28.39093031617906,30.471286520641332,43.32421330043872,1,1,0,0,53,10.71776880892715,DDoS
17152.029261414573,11,11,5586.498378852502,3027.8620364037665,481.15739222497814,305.6674190695011,502235.6412739597,1282.647065527779,516.9662399248242,436.1177537309153,688.7699850172453,0,0,0,1,80,17398.61570854097,BENIGN
12212.610110408814,8,3,798.6110888073011,130.6700703297704,109.99489902480327,40.0,76091.93700084183,900.7083580458115,100.01223365818217,131.7179416267103,144.14414483446217,1,0,1,1,22,1765.194097184616,Brute Force
1156.9780906259753,131,2,7041.12843545218,87.92013073459232,49.59793918838365,40.326358810959114,6161783.549703736,114954.64009006537,1.809557893635816,2.503756567748966,2.2379188177252187,1,0,0,0,443,118.74661784899513,DDoS
536.2372893414754,8,13,3281.588496628795,11899.580666839163,426.403357207198,988.4669754244755,28310543.606751308,39161.76740671837,22.550598708013133,20.626446819519497,26.15856643817998,0,0,0,1,443,2798.4379136521516,BENIGN
1279.4080195757788,106,3,7488.358949549445,126.58247779917448,70.14622113811446,46.51535175932853,5951925.664709803,85195.65168595848,7.7300529597183765,9.270477232716424,7.053178595083027,1,0,0,0,80,344.53497999219803,DDoS
26114.349740530382,15,18,7252.499912951427,14313.890438655077,449.6398937733666,772.3487408152074,825844.4328841439,1263.6730505597407,723.0811506946646,611.234670935491,943.6911942973463,0,0,1,1,80,17405.335176788576,BENIGN
641.091726833805,1,0,42.33597477427984,0.0,40.0,0.0,66037.31260636736,1559.83919015576,23.420700095203504,28.36899320156588,28.922175491631837,1,0,0,0,6689,14.094645354092899,Port Scan
2351.732838079791,160,1,10138.018634672111,32.40638235873489,68.92084766913982,34.20020328997298,4324651.530288228,68460.15729042496,2.4953773018890786,2.448903350148499,2.7974845017678676,1,0,0,0,53,107.39607354616516,DDoS
7234.398863201909,9,11,3918.820181934228,12382.24750990651,458.2626517680566,1208.4423280733427,2253271.9027640074,2764.569714524712,327.71234681777645,292.8949321242422,413.07566151671625,0,0,0,1,443,13627.46625577507,BENIGN
74289.00212088379,15,16,6768.87685627745,13962.951791492324,432.73151511948265,890.9944387990238,279069.957273551,417.28922337059396,3446.0019628918762,4619.6513834713205,4064.115480096535,0,0,0,1,443,18846.581424679116,BENIGN
102295.07753036314,15,18,5069.613982184785,12615.42027674407,343.9532698784326,663.4870979535705,172882.55393989605,322.5961678381344,2296.981517990873,2380.664527429084,3235.5803770249213,0,0,1,1,443,22090.051328352503,BENIGN
10921.703845050779,5,3,560.874283119466,253.9473043172729,124.03809822801212,86.52156270846878,74605.72077368488,732.4864429120404,260.55226158952337,291.25938030452454,252.62625067144216,1,0,0,1,22,2280.654922641223,Brute Force
24590.231785701464,11,18,3720.5174921351795,13781.12992749377,341.47108718614805,701.4616190922571,711731.6978608421,1179.3300792253083,1041.7040073343433,1133.5370350048097,954.0118546165778,0,0,1,1,443,13287.581890883617,BENIGN
9869.287746693075,15,15,3134.5136400861097,12005.846721344726,208.14624478768923,868.4119076336659,1534088.4519760762,3039.733035451537,292.5816947732106,237.087952566931,446.2035069839916,0,0,0,1,443,5363.296602836021,BENIGN
2166.094587555538,7,18,2590.030387629204,13697.037813435509,381.4985285705955,702.4923720212148,7519093.715775751,11541.508918229089,87.68870695764289,100.22373608051174,105.24562987111108,1,0,1,1,443,7387.0056199714045,BENIGN
422.9959533854398,164,2,10670.472931531058,80.25619653571746,65.70574793191248,41.882771548905986,25415678.42912805,392438.7424310381,6.164931249923074,7.076905402610215,7.28516340594878,1,0,0,1,80,304.87185731313457,DDoS
920.3979387258736,8,14,2599.064647803837,12018.693420701236,352.31627014696073,952.5616019340971,15881997.833177187,23902.704552397267,36.51425566714961,39.887975856172865,45.16127842746189,0,0,0,0,80,24224.802412378234,BENIGN
12659.090634548058,7,3,811.3082395505411,276.25004281085256,117.86815359680556,95.65291162023964,85911.24858473853,789.9461571677901,91.21421376989795,93.53986237698574,137.54449293830837,1,1,1,1,80,1327.8950849558175,Brute Force
9682.98658034978,5,2,394.6939535012295,150.5789691605871,83.1516959391791,75.85923930932856,56312.47323716931,722.9174534028052,165.69666601857062,199.83000798409864,222.62912176056673,1,1,0,1,21,555.8477774052838,Brute Force
729.4535765030911,14,12,4603.127319876736,9560.029129602732,357.1834597907964,874.0329498155305,19416117.633387808,35643.118133220676,24.327386977614864,20.667673790061492,26.154171752475772,0,0,1,1,443,3068.7535290292394,BENIGN
321.66075613699667,1,0,50.13220278188725,0.0,49.06709617065755,0.0,155854.27138813207,3108.8654146360823,31.16267696228737,31.15676103069024,38.31436573004996,1,1,0,0,10927,30.785954341103565,Port Scan
30862.015612791263,9,15,3926.9041895816545,10743.3581024005,411.1970873858217,764.7269523305573,475350.10272957763,777.6549756540468,1205.1971154211324,1501.790921228208,1919.3562571269538,0,0,0,1,22,18591.99124231887,BENIGN
8495.369641483252,21,9,8795.273714566225,6623.43328455203,405.84062890741365,782.5336198589416,1814954.222100949,3531.3354528458326,325.93964781306994,362.90475561529047,520.1813296591126,0,0,0,1,443,24773.688073261637,BENIGN
13081.323953916532,7,4,910.7411279075703,358.9113963903729,127.38659025743398,88.33181809326109,97058.41157750787,840.8934782711053,56.21292688339163,52.3457290639458,58.12674160696785,1,1,1,1,22,2525.249371126354,Brute Force
34675.59927797653,21,8,9523.432062633634,4862.968178185861,440.434727486643,576.8545115009061,414885.4105012313,836.3229649622446,1039.6559400743108,1276.6008082315504,1564.995567519586,0,0,0,1,53,24372.74163040248,BENIGN
291268.9304581406,11,20,2822.5813296762003,16725.120934716804,243.91808554641142,864.4067788158952,67112.21218701964,106.4308505244267,8502.589408215015,8704.611010776587,10033.455147071483,0,0,0,1,8080,5569.568198289076,BENIGN
62623.26606460745,15,6,2761.3834680436207,1170.6007293681891,169.72763134256607,192.41488303394826,62787.91325503915,335.3386260361225,15287.951027232019,18224.42733197201,14991.314885251913,0,0,1,1,9001,7840.463858763917,Botnet
306.92487278243794,1,0,47.18625728223492,0.0,47.78065336894328,0.0,153738.78582881307,3258.1262995548905,25.917473562534177,27.343256387682615,22.53538257712291,1,0,0,0,41099,42.353801367182314,Port Scan
140255.5020523443,14,18,2311.8492769252116,12890.695197099736,152.54070906140203,789.9300462406263,108391.78678602751,228.15504227461525,3355.207938338418,3012.959639308952,3415.0138507346996,0,0,1,1,443,19616.293381371896,BENIGN
54324.23932381537,18,14,5476.545492350548,9472.719765072503,333.6441685225535,650.9440430669245,275185.9104425489,589.0556480552766,1427.9468990918933,1882.8233515079223,1354.9076970852257,0,1,0,1,443,17997.504586944047,BENIGN
464.87302546718735,1,0,53.47331299097684,0.0,48.755545940288066,0.0,115027.78191364688,2151.1250281623065,7.8715119354452945,7.196501016418305,6.357728451111785,1,0,0,0,25198,47.51182162895654,Port Scan
28045.254156963318,8,25,3777.166573093174,22891.749616702393,468.14751714108024,895.6343252697912,950924.3895789043,1176.66967164234,880.2282705565631,1156.8080422114983,806.9385030943516,0,0,0,1,80,8500.335600748798,BENIGN
72798.13290901581,4,5,798.465419092784,603.6302315275805,188.48186679706828,122.9312313847197,19260.049600073184,123.62954433526934,16599.42695600236,21664.471534433473,26042.396783690117,0,0,1,1,8080,6398.191933613752,Botnet
880.0799227503625,100,0,6406.990941759228,0.0,62.47457096335339,40.538358919183985,7280010.3446702445,113626.04397051486,1.5298520285294845,1.963557140806776,2.407051129728341,1,1,0,0,80,43.10640039207792,DDoS
94971.07629462359,12,15,3323.5276038885977,15617.759989343502,299.6771200219838,1039.0966881133431,199442.697000417,284.2970834218975,3202.215737397119,3791.5505856368914,4688.103308398199,0,0,0,1,80,5213.512213153003,BENIGN
19589.716106868033,6,19,1738.0426036618337,17049.089576902108,316.3594853406807,858.163867601472,959030.3441905057,1276.1798008514863,666.8377341189581,535.8514015824916,1053.1432885644201,0,0,0,1,443,21146.799807336538,BENIGN
141.70665868266389,1,0,49.19889776519193,0.0,48.35290108733447,0.0,347188.3270874894,7056.831410014313,9.075704793926704,9.95760451793809,14.043018130615728,1,1,0,0,7019,18.21462922154699,Port Scan
53724.763582093605,21,13,6206.338992340359,10303.60927841789,318.6517250287567,827.3310721530659,307306.1130465541,632.8552744219456,1398.652395673958,1173.2212460866606,1739.080534030465,0,0,0,1,22,2997.2016516013186,BENIGN
456.6830509917146,1,0,48.81319680308327,0.0,48.69981580966896,0.0,106886.37709913362,2189.702459568929,44.54885865554488,60.51269654097546,61.009178227442426,1,1,0,1,62398,22.780530185180474,Port Scan
218.69004546656376,1,0,48.573014422399446,0.0,44.33622093607039,0.0,222108.94107581102,4572.68184231501,36.57540237470868,36.18186470131956,48.83796134725289,1,1,0,0,324,4.538958956659661,Port Scan
5317.058711681127,6,14,2891.3056263922663,10627.677330206518,468.90029658884765,704.9380638312381,2542567.9289376144,3761.47811873164,247.1506360286582,323.00731186554185,380.73038775432826,0,0,1,1,443,24311.014750786246,BENIGN
113588.61752305202,10,11,2425.0588203833204,9968.667767207797,249.40433074322527,931.9122437038585,109110.63852921616,184.87767927748743,4200.634747874088,5465.940875721055,6719.579291732872,0,0,0,1,80,21452.50873419794,BENIGN
46272.09238733255,21,20,8644.09313083475,14734.418714975849,415.1228551757431,722.372425261042,505239.99758028454,886.0632377891811,892.7753812365928,763.0846033060064,899.5859218439398,0,0,0,1,8080,4042.9969775765358,BENIGN
9510.454904925617,6,16,3767.571735600132,14889.386282264242,576.5023075823541,1018.7111211727085,1961731.4002720981,2313.2437112556886,415.88290030884576,533.070426911953,514.2885542212072,0,0,1,1,80,8580.828955171155,BENIGN
13746.278188868579,5,5,685.7926474176977,410.65801037131706,129.61982525504783,80.9622295188509,79763.45616785897,727.4696366975732,170.90898550129373,231.46336229545648,161.53442920089003,1,0,0,1,80,476.4861032970003,Brute Force
2442.1047840194037,146,1,10227.640848910773,36.574393768061334,66.45317912174336,36.165239599296235,4203019.997276776,60193.97732723659,16.433058129573357,14.482837889273377,19.332748033347293,1,0,0,1,443,404.7907190856306,DDoS
62.77640603754548,1,0,48.050904721038684,0.0,53.07163297523797,0.0,765429.3667640081,15929.551612144178,33.4765570371094,44.384539304954636,39.749246026238616,1,0,0,0,50430,28.629572640328266,Port Scan
21880.36247220295,14,9,3475.6902922070635,5458.552480283244,262.8826965579216,596.7416189024567,408322.429934169,1051.1708857300446,911.162850358348,1066.2942719684445,1004.0149246370604,1,0,0,1,80,10559.842913858349,BENIGN
133588.07938747745,19,18,9172.272236276956,17484.980335803873,515.2453373839492,912.8943956974784,199548.1385338315,276.97082082211875,3984.3844666712507,4883.363837969294,4359.561283943708,0,0,1,1,80,2133.54798767525,BENIGN
15384.386432872272,8,2,855.831364036269,133.3205517246867,114.02261630069367,71.58987876594949,64295.83136623542,650.009673355104,357.73949330168205,309.879453371853,463.33541016627436,1,0,1,1,22,340.68340453020437,Brute Force
200.46025600895896,1,0,40.79498663824549,0.0,40.0,0.0,203506.60749641206,4988.52001842853,45.49463768775204,58.322601002738296,40.95292441237254,1,0,0,0,18144,48.558653384844035,Port Scan
88299.95453814216,14,12,2896.5564706652476,7882.835771516057,219.13010647208205,640.3213994079047,122076.98518717836,294.4508877268901,3061.1900328747233,4050.855566792653,3033.9603539135696,0,0,1,1,443,20538.432147816424,BENIGN
11022.155900410344,6,10,2018.9507963784756,8693.799271451828,306.857128613999,822.7765167031213,971928.7374107527,1451.6216377781716,525.516488139341,735.3309530519225,493.3460750746428,0,0,1,1,80,13058.518153001938,BENIGN
3048.5651849205724,17,6,6576.371861258797,5421.546167489235,415.702062915494,923.158713289186,3935595.042577588,7544.532789971898,107.58344034624406,92.00503734722061,165.01076151069165,0,0,1,1,53,5271.552634489932,BENIGN
44965.91817563714,9,19,3910.972276653583,9863.65821959167,459.43040527060504,545.9896289283259,306334.9099742936,622.6938342642496,1791.7284638912085,2461.1218740930253,2011.7526875660576,0,0,0,0,443,6079.856563844691,BENIGN
36.304909972080374,1,0,43.8501309321232,0.0,46.97556064956477,0.0,1207829.2155481265,27544.483673669252,12.280902870015588,15.400751950090227,13.734923482606199,1,1,0,0,12637,15.544807449373637,Port Scan
30543.777188201453,9,17,4354.895832536194,10263.90344794596,513.1464966792907,581.2340948728412,478617.9256876308,851.2372205898413,1167.5690116440965,1128.4348772887097,1539.1017939315102,0,0,1,1,80,17719.678602756747,BENIGN
46809.28981344038,10,14,2939.8392337384967,11739.943265635868,267.4439575603486,822.1849398324518,313608.31488537876,512.7187380037726,1434.312545069142,1456.682451192194,1404.4790215801554,0,0,1,1,53,20593.152546950074,BENIGN
62181.95140649,6,23,2764.8393367502476,15713.903860732751,485.02663956647484,692.0889810239531,297172.1340278548,466.3732698001697,2529.2326327044857,3183.504285064196,3720.4865248591113,0,0,1,1,443,22508.87883009512,BENIGN
10852.114233862652,17,15,3234.3829991803204,10871.46267505007,207.28700924515135,769.6423765381978,1299824.6581495502,2948.7341646430555,291.42034397867866,405.1493080118763,284.1163268793947,0,0,0,1,53,20721.291873920847,BENIGN
1899.3973289454198,158,4,7908.121027482534,136.85365637366738,53.57710456068725,31.56045562108801,4235540.695596808,85290.21154828378,10.7606596449809,11.524632031200838,8.867905805060026,1,0,0,0,443,190.61014884725208,DDoS
264.3774793880706,1,1,38.93336721450769,0.0,42.25666996027279,0.0,147264.31050263077,7564.940874045739,33.11657149999367,41.291130944772284,49.653421531134306,1,1,0,0,60625,25.516688482200383,Port Scan
24106.20502961097,9,10,1925.499888059316,6474.568267872213,235.8045646934149,650.0229786730994,348460.82764223014,788.1788102549224,864.7196118011184,735.8927570737209,1181.4089835903717,0,0,0,1,443,2836.5405163234673,BENIGN
10713.24627853122,3,3,459.4691197409861,268.8083961739156,144.15892593542642,87.96417289134655,67979.16308283992,560.0543331131744,358.30577958060337,292.81873477344305,334.6233075219539,1,0,0,1,80,2985.4440742107186,BENIGN
829.8908811942173,2,0,89.60890322805085,0.0,44.147301344227444,0.0,107976.7295419648,2409.9553872937963,22.89792478255359,31.01899157433114,33.65769605538298,1,0,0,0,34553,3.6154685455430933,Port Scan
131997.02973201242,14,8,2324.707217571838,5228.106605410934,159.78756814296466,617.2059345716192,57219.5740943331,166.67041708942696,5965.109213179297,5350.676291070269,7238.6760398120905,1,0,0,1,443,7859.040436441415,BENIGN
1056.801936358453,4,2,461.08495353227596,206.62808467590048,125.86147632498944,99.9198417370296,631824.2001987562,5677.506629742662,328.4205812744372,429.03755965560174,373.66096348954324,1,0,1,1,22,1131.8377685064138,Brute Force
290.33091583513817,1,1,41.02522224046915,0.0,40.0,0.0,141305.04194656608,6888.6911138863425,16.821379224967366,19.07694518867563,25.92460747312578,1,1,0,0,19766,3.6747443632466847,Port Scan
58.94437102019193,1,0,44.0439413719487,0.0,41.02816520451777,0.0,747212.0002240934,16965.14837112166,31.833402818636994,37.89043085399688,42.46603943364685,1,1,0,0,36701,28.240414815997823,Port Scan
35923.25056744884,7,12,1805.2598416825529,9660.719558859906,253.1199597412225,771.2275011406507,319179.89656905195,528.9053662982403,1961.7587457208526,2594.6369034637414,2701.7406820852852,0,0,0,1,8080,19540.713954604893,BENIGN
26113.63383724336,20,18,7621.739315720648,10865.366204018806,364.19124088535017,658.0399407194172,707948.4086727554,1455.178556796805,577.4898889198946,507.0894519505669,903.0930570871493,0,0,0,1,443,11813.233209132166,BENIGN
375.788204135267,1,0,43.65212197003571,0.0,46.04554940534809,0.0,116161.50131823427,2661.073415811755,38.24032125009086,31.564381970758234,48.4132929983549,1,0,0,0,28256,34.80647147326608,Port Scan
57886.24212420801,21,10,6419.905348519398,7904.907458025214,320.9437790448238,805.3432617839803,247464.89460841988,535.5331225938367,1764.6511656802807,1978.791620540988,2756.8762741522987,0,0,1,1,8080,22925.223441646925,BENIGN
299195.8562498645,13,18,7053.894840688183,16276.478539177562,546.3922748404825,851.7109373091633,77976.9267940064,103.61106062281583,8476.07182717089,10623.636568893558,13517.991064580727,0,0,1,1,443,8893.530335675256,BENIGN
43593.44916505804,10,13,5745.387591385947,5903.883278488647,523.302862347871,480.35010835510366,267225.2618912286,527.6022072241867,1951.7567840835754,2562.8769167667147,2636.420395862873,0,0,0,0,443,19690.264640828733,BENIGN
1179.8096219320635,140,0,9500.887404195792,0.0,68.59851796626687,37.40105955793809,8052898.728387279,118663.21260436505,22.03833974335488,28.801971920543842,29.509081067614623,1,0,0,0,53,453.39697379182587,DDoS
260.55476882658996,1,0,49.31142710012991,0.0,51.11708477549154,0.0,189255.51553788185,3837.9646801457757,34.43422882390266,44.826331884018835,30.27883197599237,1,1,0,0,39050,45.97562120606766,Port Scan
7962.711230598244,9,15,2684.1031486355405,15887.311291306234,319.6417215949939,1157.0853968039833,2332297.8696725247,3014.0487711993624,306.501520287997,252.9207521319716,297.68687564714924,1,0,0,1,8080,18664.67209258203,BENIGN
21838.16460426572,15,10,5686.760915810388,6669.3344724812005,391.29812524153374,677.2597398673906,565802.8324357456,1144.7848504226708,725.4346826647779,641.4061006266627,1046.2268694489223,0,0,1,1,80,7612.529511720671,BENIGN
262.9811194711187,1,1,38.920601803830614,0.0,40.0,0.0,147997.70372148327,7605.108701423889,49.03758670373665,40.33485097894732,56.19880471184142,1,0,0,1,56359,34.25580983077223,Port Scan
74696.37257991561,7,5,1498.391926409399,656.1478266977671,229.96077848070996,132.77392229305502,28843.96763446689,160.6503714375357,14041.376225048196,13490.44498275175,18405.32679915282,0,0,1,1,1337,5205.75769738157,Botnet
662.5889429926607,1,0,46.63141490479167,0.0,45.693582578487074,0.0,70377.59292235607,1509.2313425626794,49.44647114700832,41.57114490388732,72.62912147687949,1,1,0,0,24201,23.87858531219278,Port Scan
74967.59614950795,7,13,2898.5039059295323,6355.07146079477,429.10947519676927,490.0476589426361,123434.33485942229,266.7819301570505,2853.8940070069516,2828.8065507440906,4255.754459147399,0,0,0,0,443,15319.122144628136,BENIGN
52.24482916670502,1,0,41.39748061318935,0.0,42.58514420778158,0.0,792374.695706182,19140.650203088186,14.578020340324247,18.74832505600817,20.18864033743427,1,1,0,0,50980,28.58644774829341,Port Scan
129082.34263606223,15,14,6507.770199879065,7755.471983402371,431.36350443375,570.474444327119,110497.23681801744,224.66279591596256,3641.08769316642,4483.352319957288,5329.5495441922785,0,0,0,1,53,17089.10644950674,BENIGN
100.10512845325177,1,1,38.492567400030275,0.0,40.0,0.0,384521.43256582477,19978.99639011984,49.867833845638934,56.18064155016028,44.74140158665098,1,1,0,0,64820,43.6579344460255,Port Scan
67563.41698425275,15,14,4469.535445664345,11932.848743259101,321.5648500259609,846.6770627617302,242770.1990375414,429.2263667889849,2498.0131360887676,2302.5753195227553,2218.8306021193484,0,0,1,1,80,6482.348084567597,BENIGN
41683.83378415525,12,15,2323.4543921711124,14675.86634269209,189.11257781446702,976.5703971679251,407815.6731669182,647.7331269434044,1338.7068746563293,1644.7509672568012,1862.2614121393278,0,0,1,1,443,12998.180813885534,BENIGN
584.0155880084386,1,0,51.949877513217096,0.0,50.192450385419875,0.0,88952.89540193995,1712.2830632143173,14.218587323137841,16.2723929443134,16.15467917819945,1,1,0,0,9108,23.189196381381777,Port Scan
197.55762651816997,1,0,60.565482705137185,0.0,55.9972543654054,0.0,306571.2206234002,5061.814203907876,24.89600696826238,24.504721029553135,32.873573259117556,1,1,0,0,54073,44.298054462606984,Port Scan
33440.57394310337,15,20,5184.299276938357,10015.912905249932,326.7380995041474,470.52408165725296,454543.9981996215,1046.632753957808,800.454877305326,719.0835398270215,996.564736121253,0,0,1,1,80,10966.404876185012,BENIGN
3033.656442420551,132,3,9386.22960174795,136.68514158379745,77.74960683960819,47.208936532168,3139088.0688300435,44500.75430831702,37.21617361231457,42.2093362444182,31.02263683784883,1,0,0,0,443,478.9384604605193,DDoS
309.4589448095356,107,1,4750.783958281746,39.20419086321888,40.67463612800989,41.11353218694161,15478590.066585684,348996.21358972625,12.74084900106562,17.411499693157896,19.972450339502167,1,0,0,1,80,279.80225730825447,DDoS
523.0995722633538,151,0,9865.598424215823,0.0,61.73816214015912,34.18430553309614,18859886.238348898,288663.97146273946,31.641011322665456,34.022903030384676,33.89674057845035,1,0,0,1,80,462.34956449119244,DDoS
28008.022500163475,15,17,5719.677603579234,10589.542955572004,378.58798162263764,591.0543960185644,582305.3219503821,1142.529787663989,1017.1239710581077,1261.940742745042,963.8472222245715,0,0,1,1,443,5199.054503088883,BENIGN
763.3748118815346,1,1,53.83504174739472,0.0,51.543086299906456,0.0,70522.42346679521,2619.944971815985,10.618859615001185,10.48877027382638,13.660669146085365,1,0,0,1,19648,0.9299800369554634,Port Scan
1291.9395121397133,144,2,9976.505100876211,97.85533266325645,63.19552960861944,50.68133892435455,7797857.669709544,113008.38671478858,2.4689776683826126,2.4064250099680153,2.746009868446386,1,0,0,0,80,365.2013973481537,DDoS
74725.14464100769,10,16,3575.640143846867,4785.152560141134,376.28520426734156,317.15998635860643,111887.27360990297,347.9417821793243,2699.891697632617,2422.2737276143357,2985.3412163241032,0,0,0,1,443,14779.559463181147,BENIGN
501.09774894965983,1,1,56.66604615564856,0.0,53.14854092963615,0.0,113083.81702856386,3991.2372470085065,23.894333747692166,33.04856365940487,29.846370476699114,1,0,0,0,45032,11.340439613020486,Port Scan
222.4931726418586,1,0,46.20821212625269,0.0,44.73769311231862,0.0,207683.73059533307,4494.519935718089,40.95968886485998,51.81160916164677,58.08900024677441,1,0,0,0,8154,36.54872823845187,Port Scan
6443.545944921035,6,2,615.8973911373112,160.71736879838917,111.50504269183686,73.90398531709195,120525.99090223724,1241.552410486931,346.96022281505617,338.77185413913537,387.13482266991326,1,1,1,1,80,1505.6171574695454,Brute Force
34792.835551580916,11,12,3701.829831778709,10555.117321189846,309.9256912187217,935.1178794047361,409766.7501641943,661.0556350287158,1966.5960890423619,2626.0727148853102,1785.1192018937988,1,0,0,1,8080,24712.367927147523,BENIGN
445135.1461931071,10,20,4764.581940052088,16591.829917725794,475.5845673224198,839.0262667309129,47977.3660660646,67.39526244235384,9770.94374151643,12405.39367369326,10660.14249038519,0,0,1,1,80,880.442214524189,BENIGN
14579.111545147354,7,2,871.6495633202875,188.4143794393126,127.69528303079714,100.26472576807497,72711.14837669526,617.3215680619196,117.36709663082489,117.07126429671679,113.0722676247814,1,1,1,1,22,2250.6513478206366,Brute Force
95642.87935583986,10,13,2449.4747127609553,7610.669946777494,251.28974019409912,582.688295534773,105184.46043546667,240.47791278249136,3106.4536383098252,3971.941770435486,4941.744616853601,0,0,0,1,443,16788.73099817361,BENIGN
33745.97488350948,10,13,1266.5376769815791,9351.024870557396,139.2987898291743,774.9196672590007,314631.9697146287,681.5627665046158,1757.5477619766946,2135.426585093566,1985.371346880612,0,0,0,1,443,18547.236414251696,BENIGN
53638.21338451178,12,12,1750.3924837415336,9829.115225180822,148.3296094781414,808.1708730114935,215881.6817016873,447.4421962557404,1735.945428925814,1478.905268001747,2640.862074420957,0,0,1,1,53,11867.73763752558,BENIGN
89163.51558607377,12,17,4175.874182532325,9839.836556752942,353.69590236486874,595.8705748395776,157191.09601230602,325.24513876984724,3205.600273065863,3721.845589918386,3047.186499513762,0,0,0,1,53,17592.08091740095,BENIGN
43552.27289834383,14,7,5970.881895456922,7076.248991427083,458.9504843429427,951.9292218485042,299574.05248028174,482.17919760505936,1831.6932562383593,1831.9291291506813,1614.8984711809192,0,0,0,1,443,18165.348388637296,BENIGN
92685.40028738968,11,21,3858.8708451940524,12055.207137981775,382.6338780395426,546.9456105041986,171699.9433981084,345.25394399525254,3166.6404926988125,2555.140302037679,3112.5349862283606,1,0,0,1,80,20224.70487810929,BENIGN
13139.051385269328,8,15,2260.6604306405843,10425.522394285497,263.5794978990469,653.9405505395788,965532.6288737273,1750.5068916760722,517.6910877286889,442.5932350477664,640.0662495579093,0,0,0,1,443,24972.683994280454,BENIGN
2244.8479249842994,148,1,5767.560110335805,37.49322719160471,40.0,36.41560621594075,2585945.0312510636,66374.20661849159,3.827721990026483,3.0985049247025502,3.3710456854488084,1,0,1,0,80,366.9176115875938,DDoS
30816.672113382265,18,15,6134.938271453551,5888.4586688376485,354.15767606201416,379.6016691242336,390158.83662110264,1070.8489183577228,1191.3759297610823,1363.507696951172,1239.7027134840885,1,0,1,1,8080,1856.750112112948,BENIGN
66752.32832304508,14,19,3464.150789259191,12996.04801702395,237.21363184296456,657.9362257192765,246586.1374396516,494.36477841338944,2574.486965518151,2801.4419553179728,2786.4298253098195,0,0,1,1,443,9136.220724829278,BENIGN
18282.947139912132,11,16,5061.006875940225,18736.6437807023,482.4589076502093,1065.2678242330915,1301630.9938725173,1476.785979491147,757.3821329555827,1054.4024933110384,1196.962793667245,0,0,0,1,80,11618.327092281907,BENIGN
7440.791818041961,5,1,667.9731687608601,68.55203628174685,141.000537377823,69.43690534923269,98984.78858886055,806.3657936849651,57.245000408576985,67.86235124669993,68.29029799071749,1,0,0,1,3389,639.8171377425905,Brute Force
1157.4605205996033,181,3,8188.756937800252,93.71047831846222,44.73345137187192,33.69847244812509,7155723.472821448,158968.70495823206,29.152668004125157,24.341142684788565,41.004082641903736,1,0,0,0,80,315.47764732900214,DDoS
167723.54174776896,16,12,5071.598499859682,13349.04599633416,318.7636158220799,1018.4617788832988,109827.42377272075,166.9413828746104,3767.9443375637998,3571.5424087780557,4479.477337122552,0,0,0,0,80,1449.1059458060938,Port Scan
1989.5869056692798,154,0,6560.908049206458,0.0,46.969979109252264,43.968832084461134,3297623.255617188,77403.00238264572,32.10271040163339,30.559081511706875,28.415393455409706,1,0,0,0,80,64.21211240313613,DDoS
632.0158507722308,148,1,8751.101598388692,34.10149094531992,55.59053982504032,37.04562670432704,13900289.175658777,235753.58089190934,13.283468806153483,14.24696839875669,10.796268699026994,1,0,0,0,53,233.71248760723321,DDoS
66964.400592979,12,16,5879.399121187301,13801.579045515187,495.7976115034355,805.1411781294138,293902.10309395305,418.132616017707,1814.6162067336884,2236.0862194770166,2378.9079034156775,0,0,0,1,80,17155.770741003365,BENIGN
22921.061084719116,13,15,5321.377914079248,8539.844600047663,375.2843772111535,609.4943883935235,604737.3837927526,1221.5839352510116,770.9586245450146,767.8490255754955,1217.3904509266902,0,0,0,0,80,12833.445366652493,BENIGN
245.93207869953042,1,0,43.93439311660971,0.0,43.87359968412913,0.0,178644.41820250265,4066.1633296799737,22.87139736495579,22.178200099159852,34.36461033300291,1,1,0,0,65132,34.94657262410464,Port Scan
3476.034052390914,8,20,1949.7516140630748,19865.764511920428,258.3865416108422,985.3080876859724,6275978.830235618,8055.156991555021,113.90560409174086,106.46154441336746,106.42256954482038,0,0,1,1,443,8323.304841690962,BENIGN
103.54649286556007,2,0,101.76729754039702,0.0,53.909636926157305,0.0,982817.4255262024,19314.995077589992,31.724298931264325,34.16122815468905,29.396808909598548,1,0,0,1,20129,45.72762817853617,Port Scan
482.3648925596441,1,0,44.71881621333026,0.0,42.83071710873495,0.0,92707.44389383771,2073.119365494351,23.731784737111465,27.559671922914234,19.70540734413802,1,0,0,0,35394,41.797734105036746,Port Scan
105121.09645133132,8,16,2961.1993210308265,12364.92747784978,381.52233365611045,789.3479766361612,145794.96710231,228.3081209213933,4368.138817916286,6039.093337014772,5721.461398094799,0,0,0,1,53,10083.263346723124,BENIGN
1842.6996108952173,110,2,6890.364021742281,81.34936514489786,62.00116338529013,41.34792421488115,3783423.7038234314,60780.38945565758,37.649411567499236,44.78768530616073,32.519652381505246,1,0,0,0,443,25.739773004284615,DDoS
17138.20449959852,15,15,4236.3987112820305,9035.003571126497,301.9036586709212,651.5807553481291,774375.3018421168,1750.4750862730564,529.5047236066662,653.6087761733169,583.5932489848894,0,0,1,1,80,21110.14967811556,BENIGN
41917.82476885915,8,7,1826.9668642739719,1069.4206479718384,225.36583381136703,160.56521287450994,69096.79899224025,357.8429959739594,13922.317227228634,14062.605856985012,17560.13332668187,0,0,1,1,4444,3189.145306280402,Botnet
63126.09822891766,12,15,3381.016499131701,13893.823895184678,299.33942093743383,987.3778638302838,273656.0769473138,427.71533102027644,3414.5517123316563,3734.736981391863,4158.854180944767,0,0,0,1,8080,23256.733889506322,BENIGN
2897.652259295349,9,7,3281.115303824944,3118.53232085108,352.0020257261286,487.2922152629157,2208563.0199920163,5521.711567933579,138.98455167640276,172.50275905106668,212.79224049724914,0,0,0,1,443,19048.301774740936,BENIGN
29930.13809131569,11,15,4761.133190217691,13976.35719060055,474.22991397999317,911.4819951902477,626040.8930841177,868.6896104747332,1007.5279768085817,1311.069549695317,957.68155019899,0,0,0,1,8080,8226.236076011726,BENIGN
36976.15910726462,13,14,4731.293047391542,4178.75466050829,382.9995557446147,296.21941240959444,240967.3671635975,730.2002331198152,1523.4477482843272,2115.988818386393,2160.991741855983,0,0,0,1,8080,6000.783427654418,BENIGN
640.4919735130164,2,1,72.66016158244467,0.0,40.0,0.0,113444.29686435101,4683.899446148223,9.892512550748968,11.781658035506243,11.032841338809778,1,1,0,0,3194,9.313293869154476,Port Scan
178684.4117737116,17,16,9019.875001022443,14153.839242026932,499.9989514241165,856.3374695800259,129690.74365813672,184.68314987538844,5835.160167540218,7512.042461858513,7048.5887869991675,0,0,0,1,80,24698.470065505946,BENIGN
36187.69540057083,16,12,4410.6734063767535,10276.378401324018,306.2403320173797,889.7860646768045,405857.6166601948,773.7436631446368,987.5212241240966,1261.2838824015914,792.82335363655,0,0,1,1,22,5271.461182332522,BENIGN
2454.6245825597766,3,4,350.9459162783095,197.0916972794302,113.24791829275443,50.869721326183566,223267.38575486152,2851.759918700126,346.6217383116921,317.20130903210486,375.6856474786062,1,1,1,1,22,1451.4201176796528,Brute Force
15096.095858487564,10,18,1501.3226375746126,9104.994268993078,152.10147769217807,491.2092561798205,702586.7486529268,1854.7841947000754,542.2428579970923,741.9931233776624,634.365003857689,0,0,1,1,443,3910.9945490641667,BENIGN
572.0573091380514,1,0,38.255323496518415,0.0,40.0,0.0,66873.2360996483,1748.0766070566463,41.82737131814901,45.306702598260955,63.46001582505416,1,1,0,1,14114,23.278717117780406,Port Scan
31718.41783338073,9,19,2415.2484398885435,17436.480337582325,262.6589001857757,970.9512763420147,625873.8655173002,882.7678652537505,714.308303625142,779.9406960036384,657.8754549501359,0,0,1,1,22,18882.682322784913,BENIGN
6132.121769593982,12,12,5111.537752495849,6864.361943694859,467.0091332031652,574.2230850834602,1952978.128316531,3913.8166040673846,211.09949901428192,256.72954555662835,334.87964064196456,0,0,0,1,80,10133.59641317019,BENIGN
60469.08202155573,10,11,3144.843119112593,11697.105329233715,313.72213952623054,1154.2476759435958,245446.89537465642,347.2849148348907,2347.336444327609,2710.089059944713,3330.5685017457977,1,0,0,1,53,17681.309472272933,BENIGN
36167.60825351344,15,11,4932.365349060097,10181.916811254463,309.612660062865,881.2167296947368,417895.5394111887,718.8752935432017,1536.1462297101707,1991.5325730628035,1248.157001520899,0,0,1,0,443,17859.701023714497,BENIGN
27338.079939864783,12,13,4575.212470647256,11346.587106338166,416.94975570550014,794.3156949603458,582403.7244754713,914.4753419037537,935.3286611459079,919.3770701661207,1128.1156491983293,0,0,0,0,443,6881.4230100076775,BENIGN
23425.535118041123,12,10,4910.888631742855,6969.30352577195,410.3050785148942,711.4540290353169,507147.0981410069,939.1461022829208,820.3094072979084,1040.648683517498,879.8297234736152,0,0,0,1,80,780.6933457715329,BENIGN
135971.2336057581,13,11,4706.88456048731,14053.638767885675,384.96342577353136,1167.105394474514,137974.20844741468,176.50792276833215,4082.0815095540006,3777.712758328322,5555.89336489723,0,0,0,1,80,11382.058916601529,BENIGN
1743.605292750969,176,3,8706.368648497368,121.64242232754088,45.92454399268091,40.843521712685444,5063078.844465157,102660.84918656285,6.001898512722878,7.147818964776172,4.842000584556363,1,0,0,0,80,330.91267323384795,DDoS
1979.5080224283154,125,5,6262.334823168529,124.63317539203165,53.341859026561174,23.36544280327708,3226543.12394526,65672.8836291987,1.4288359682291893,1.9400695179859906,1.9431459813093972,1,0,0,0,443,311.62288941504926,DDoS
47049.11171080608,11,17,4651.063794691922,11081.549387745812,427.7675471457298,705.6562457520511,334387.0396351037,595.1228191534391,1301.2527505215407,1202.796712951722,1837.1817354709785,0,0,0,1,53,8184.319703110881,Port Scan
2447.871470513838,108,1,8457.29970054074,35.26766746065513,77.32384767048373,37.92468579482391,3469368.17161348,44528.48170869019,2.5084461113215824,2.4516356224893205,2.311407384147529,1,0,0,0,443,492.77148089530897,DDoS
2974.0547941586865,112,0,6095.062105570068,0.0,56.34222228852697,53.25488917610738,2049411.5029559382,37659.02370728951,51.660875286953626,65.29024651671743,79.93120566441877,1,0,0,0,443,189.16424110307727,DDoS
403.7422479555206,1,0,43.79592338252635,0.0,44.71065420606818,0.0,108474.95798198272,2476.827741124005,27.459995004670002,27.34504767032937,39.984599269838654,1,0,0,0,59380,33.134176170738385,Port Scan
674.1733269987984,1,0,36.63769928331907,0.0,40.0,0.0,54344.62891971455,1483.2980777386679,15.921477957998537,17.072608672528386,23.04857348260222,1,1,0,1,12825,37.566766223350115,Port Scan
75800.6461363959,26,20,9323.602925785252,15019.496006082216,336.6565163781057,829.417568707192,321146.3249015639,606.8549853417802,1727.2640046702838,2413.811268297113,1678.6334808225506,0,0,1,1,80,14874.987999898649,BENIGN
3149.069673480196,149,1,9643.698667613902,50.81730655653998,59.756233923620954,50.18221893651161,3078533.3382149474,47633.11566689708,14.272799224048981,15.344542749043098,16.280805304145883,1,0,0,0,443,133.1116554662105,DDoS
743.29245398628,1,0,50.37753058446013,0.0,46.73899198494711,0.0,67776.18999666318,1345.3654677065488,28.831189578563354,31.039132112639713,40.35970620529676,1,0,0,0,43487,36.21765929932968,Port Scan
59216.97769097974,13,17,7168.076208503678,12477.20866154686,501.89323146520064,716.7068509513838,331750.8869258456,506.61146802447786,1559.4718189860723,1433.2677439920078,1939.8732149637149,0,0,0,1,80,16204.768221304688,BENIGN
821.169708569289,107,1,8054.749758952332,52.854146971039825,83.58512923532268,52.202432125886034,9873237.920635335,131519.70764748091,13.09910471815668,12.179198669595543,10.767110626278223,1,0,0,0,443,206.40410723408607,DDoS
2513.2379117052665,122,4,7783.778764291768,254.19473199696938,70.6837006376887,60.0,3198254.1162745957,50134.52941051142,28.292119910143974,23.42099824988988,43.50416763875427,1,0,0,0,80,420.49589759656243,DDoS
60510.96651881751,16,9,2459.116132727945,1294.155915095335,166.99137087040737,143.9162263356908,62026.3113241812,413.1482512715373,14474.38035861142,12453.021046638743,18739.679733603043,0,0,1,1,1337,6101.870228220602,Botnet
50584.96372031104,11,7,2261.478288532739,939.5005497201556,189.67356559824705,133.67334324128856,63279.25539200549,355.8369656944635,15312.419599449655,16350.070997067836,13250.256541082894,0,0,1,1,9001,3323.318333058426,Botnet
1895.1537213017766,112,0,6292.095537033436,0.0,54.76227555818259,31.04226322837765,3320097.71360996,59098.10837036874,3.794814829263665,3.512379352965299,5.373441910795988,1,0,0,1,53,105.43166898546501,DDoS
1283.9888203436285,128,1,8742.796377290988,33.09111861767387,64.43760196673894,36.52594910533274,6834862.856173474,100468.1644856349,18.913916221994224,21.70579295277687,19.51933717641123,1,0,0,1,443,26.60711207678663,DDoS
217.4071396025985,1,0,45.87686338692413,0.0,46.349635613153104,0.0,211018.20055580087,4599.664950414755,23.617357500099047,22.313616156015023,24.605478543650264,1,1,0,0,29619,8.484069329884209,Port Scan
73594.30624343781,15,11,6324.909365496517,8604.509925522509,395.9812691166792,714.3268358377975,202861.06430074864,353.2882002310925,2266.2584777582406,2772.6589292365566,2358.7003653768475,1,0,0,0,80,14855.217657757688,BENIGN
13457.449517715027,8,4,1081.3406209538116,382.7136215481801,141.79546281348587,98.9079017546855,108791.36054530613,891.6994252293885,94.03003850808791,81.05872811916967,118.326378029185,1,0,0,1,22,2095.758804220314,Brute Force
63718.941628252964,10,5,2228.5972049412185,1195.455613284926,220.82595930972022,239.71653040230618,53736.812488233794,235.40880649764281,13507.685241248542,16933.175477308483,14106.52962572605,0,0,0,1,8080,2984.143564914666,Botnet
8020.279303572504,9,15,2238.69122237797,6625.250462248492,260.66973903529083,426.5123891795571,1105191.1472307655,2992.414489768403,297.64570675102584,334.9518818851195,269.4170182604773,1,0,0,1,80,19393.80189610601,BENIGN
82428.89570762002,9,8,3447.05868647514,3371.732321082364,366.13969135784464,415.58643864202634,82723.30896854597,206.23835675659137,5056.321193547295,6418.832609326974,7991.462898552677,0,0,0,1,443,8572.78193749625,BENIGN
105.82260831676616,1,0,38.35372460636327,0.0,40.0,0.0,362434.1264728271,9449.776526076834,31.814708773082973,44.185920900102474,33.84944424538322,1,1,0,0,31747,31.27872038287024,Port Scan
83117.41168770083,16,16,4791.075925587718,12169.464889662699,297.1314947857743,839.0359986730532,204055.2090213864,384.9975516590244,2126.2673951753964,2885.885180812635,2390.489516349811,0,0,1,1,8080,8348.768839988079,BENIGN
2451.0898119658386,150,1,11747.312429145559,44.97324284250875,75.1139166525849,41.73188357539628,4811037.773654791,61605.24973945937,18.45886755895814,16.190276085550256,20.895746534634384,1,0,0,1,80,152.1767185595707,DDoS
56312.64311021364,8,15,2984.1329363250643,15919.315911433008,412.6753433320599,971.1942506094174,335687.47271835094,408.4340341650275,1854.1829456903245,1860.6199213393952,2138.15188362102,0,0,1,1,443,23915.12793933824,BENIGN
394.95666896470317,1,0,41.52595433378729,0.0,40.0,0.0,105140.53210606356,2531.923318629591,17.59286773804414,18.297525374695695,17.36076919178597,1,0,0,0,27154,49.69104071426817,Port Scan
1549.5883684526707,105,1,6969.26380551955,41.74794538286028,70.22707516089825,39.21918673010556,4524434.936165145,68405.26307373194,11.749961742917739,16.099339226869027,17.770776485689296,1,0,0,0,443,191.1804415827543,DDoS
2470.1654157758053,130,3,9248.264952777432,95.83546142206481,65.70529791957857,32.51843652080733,3782783.2721335357,53842.54801342066,6.043005755539116,5.487426404101135,9.192207945062547,1,0,0,1,80,357.8054402931558,DDoS
2391.972466220231,152,2,9899.59469655588,93.57666415261731,60.70245569609845,46.39573615345891,4177795.314048743,64382.01199002475,12.054218102203006,14.622438433026304,18.76096636289245,1,1,0,0,443,21.853682838758978,DDoS
30216.31234858395,6,16,2793.5291411255475,8950.489364261117,453.47676118091834,524.544267049662,388664.8499626406,728.0835512355632,1155.2607221774147,1499.4213825969937,1248.0856975303825,0,0,0,1,443,13075.694982802464,BENIGN
12425.115015330397,13,19,4312.4067843455005,7284.909784747494,355.7732462515475,380.175167834554,933376.9993101838,2575.4288761526677,385.18548760210655,366.9167297617845,433.1183295712883,0,0,0,1,443,5055.864916993154,BENIGN
73102.78011221893,9,26,1309.5675162808095,23362.52644486212,150.112226386809,831.7906785288088,337498.70966971695,478.7779609239492,1953.6266416372323,2232.641003087135,2356.4174576469486,0,0,0,1,8080,3956.4164639297824,BENIGN
13290.683551394599,4,14,1139.9796841134855,12026.249919653965,310.5352197716004,817.1293267705239,990636.0009892726,1354.332147808248,556.8932009221967,699.4002524500136,468.8114586838775,0,0,0,1,443,22606.897379853606,BENIGN
546.2273188815509,1,0,36.310896091227555,0.0,40.0,0.0,66475.79649728496,1830.7396306131102,40.59218973763667,48.000584063593024,33.65735471041048,1,0,0,0,54711,27.834604374252347,Port Scan
17027.1598086462,15,13,5112.4705214102905,8889.79255387853,315.80712216363423,722.577901310008,822348.7200829952,1644.4316206970652,521.6388563280094,555.7543006806497,624.0652817662376,0,0,0,1,80,20473.721861573955,BENIGN
708.8130755827092,1,0,47.86651289563997,0.0,47.16996027310748,0.0,67530.5162172542,1410.8091885549775,16.557762094996704,16.224373598393907,13.353189589527373,1,0,0,0,19630,15.174295210836004,Port Scan
7685.696202946227,5,2,586.9432134635649,167.06886757322889,116.45316899262421,80.11309098265446,98105.8919226799,910.7828120133902,286.0601929954738,296.5205933029725,240.63387889570055,1,0,0,1,22,1705.412993089952,Brute Force
4980.057724165866,21,17,5897.156556717592,12623.394551697122,285.2903468570087,690.1400423091175,3718943.059343115,7630.433642486505,133.37509811715412,186.37814087970756,141.47937810295574,0,0,1,1,443,22706.372234676954,BENIGN
101223.27516042558,9,21,2293.4568765183017,14826.540332900899,257.8187416477889,676.5483818327205,169131.03416468453,296.3745240652799,3045.600495547424,4250.664089376012,3752.588881860719,0,0,0,0,80,19276.90711165662,BENIGN
467.3364686852965,2,0,86.92735778412296,0.0,40.0,0.0,186005.93706856563,4279.571858850151,19.535266182501484,17.92257707472801,17.869487982863454,1,0,0,0,63153,34.280665807788296,Port Scan
494.00073701625786,1,0,46.09341374561542,0.0,49.28807874190461,0.0,93306.36635082279,2024.2884778673708,37.8299352897847,34.7757981438719,33.287838822922694,1,1,0,0,34366,46.41283098283312,Port Scan
28498.282618748253,11,17,3692.446853784875,17554.290997663033,347.5444329074925,992.9465034648675,745544.4994945151,982.5153457345375,1221.7762315628459,1568.001555230316,1932.0074138243488,1,0,1,1,80,2407.78047419601,BENIGN
16474.719468668598,5,3,752.013641409233,209.19969412649172,144.53600030544735,66.52348583828613,58344.74677178858,485.5924870353206,309.9515083469879,267.50769618041903,379.32915644230667,1,0,1,1,22,2102.9496784330286,Brute Force
14245.673930915784,6,24,2317.605488788356,22080.95211122572,426.6602063173473,890.4158761875591,1712699.4284955962,2105.902475761036,480.1652870533942,642.5563505432773,393.2196269650423,0,0,1,1,443,12187.668503546265,BENIGN
40303.0244844705,9,26,3336.78245238413,25882.48139187782,361.9809476253882,941.2112292956268,724989.3579455971,868.4211780057883,1146.6818220307791,1157.7733946755222,1407.2948175209176,1,0,0,1,443,14368.542925945525,BENIGN
532.1160036286127,1,0,36.04965232731468,0.0,40.0,0.0,67747.73185073255,1879.2894654187928,19.47115288417832,17.778354947394252,18.572046107253726,1,0,0,0,5993,4.921172111865752,Port Scan
1769.2987336887409,13,20,3872.9301798794504,9046.78217132067,296.7483692836851,424.8744958394812,7302165.601093447,18651.457423020704,47.39974690646023,46.67479189668128,44.637308879069444,0,0,1,1,443,4733.47589265344,BENIGN
67.06942856069227,1,0,48.31122343047508,0.0,47.63366877394462,0.0,720316.6102236495,14909.922768986811,17.336935422265018,21.128391451667767,22.4175563035832,1,1,0,0,22113,47.566218893581066,Port Scan
19431.59245943585,14,19,4168.6511911863645,18942.424799346558,277.56257886322925,1046.532617018762,1189355.7380218902,1698.2653412934985,579.7533175034641,575.168490029473,751.9955988914446,0,0,0,1,443,13622.593044261199,BENIGN
7681.764131866676,4,1,520.4112718397629,89.23751029654683,122.14915935103608,88.28511666898537,79363.12176095994,650.8921536992044,177.95064835284836,218.7100638257302,159.1046091669875,1,0,0,1,21,2260.852342475831,Brute Force
21403.214185118402,12,28,5001.247136190884,25111.745560242853,427.5055072747995,929.9747445182629,1406937.8755911912,1868.878181287925,597.6824372263112,800.2057346029935,611.7774008085004,0,0,0,1,443,23659.836304118773,BENIGN
3074.129190912731,7,9,2549.172454091175,7000.324134715223,390.0339893353246,855.6260855494015,3106407.049201171,5204.7259585891015,160.27823682099722,218.11635310583742,246.3107314457555,0,0,1,1,443,18906.932821669918,BENIGN
56601.13829783694,11,18,2077.7865130921186,10625.229769977514,202.9679727547663,622.1284224269384,224430.40308175373,512.3571870127612,1861.6817754399692,1693.326489537447,2540.273470301567,1,0,0,1,80,7053.613162894073,BENIGN
9298.435628970383,7,23,2363.588130893699,4531.9438205822,309.3000017313568,204.12474998399,741579.7911201373,3226.349162060275,325.9893529707555,288.4613408063425,415.76641826568346,0,0,0,1,80,16689.97190697957,BENIGN
37221.829637280265,15,15,4094.9987145694286,15127.5231287483,253.0369259939586,947.3027164256116,516431.40680180397,805.9786499574137,1612.5666858525171,2235.327025115311,1785.7241436910565,0,0,1,1,443,3245.78714915249,Port Scan
992.3220748388958,166,1,9090.124688766999,63.8209054304068,56.25092616941704,60.0,9224772.708682869,168292.13441322724,10.673469901681397,10.472238895850003,12.433904026823802,1,0,1,0,80,92.42680933668191,DDoS
63413.6062768194,7,7,1373.49774815126,923.7044999926308,188.9045879561636,120.82893947269741,36225.6995464966,220.7728092120452,15155.073469524363,17912.77254442198,13840.899478146848,0,0,1,1,6667,5000.000151739129,Botnet
1618.3264128866388,197,1,13860.487877015275,24.92564826437817,74.86947325969999,24.547191649470612,8580106.840443878,122348.61794464798,4.0747064663915955,4.834470860619832,6.156811535267892,1,0,0,0,80,123.97623203354507,DDoS
2604.3791361248313,147,3,6958.776726595408,137.09880104110712,47.263977136376134,47.604169174645236,2724593.907703767,57595.300898928064,8.455324155677431,10.785856304634246,12.72465366066187,1,0,0,0,443,217.8899061027958,DDoS
23839.186873182716,11,29,1136.5941809101737,31613.430672135717,100.07555402814455,1027.2211910780068,1373789.5099890004,1677.9095785769848,543.2573260454989,736.7916274685014,498.5888067010248,0,0,1,1,443,14067.368621896965,BENIGN
1544.1507883647143,123,2,5699.700042384747,98.65731802846149,49.9916629812043,51.585480514725226,3755046.077173448,80950.64351349871,33.84801755290958,29.862987078428343,33.59345561365031,1,0,0,0,80,173.61144623561336,DDoS
222049.13501239,23,20,8437.226073193662,18902.238954581444,387.6888204378321,868.78437737052,123123.49258306998,193.65083317077847,4217.7819884678165,5329.89768434083,4405.6057082497,0,0,0,1,80,21344.292243709242,BENIGN
701.040617086262,165,3,11073.666267190827,130.54653213989778,65.82167435031639,46.29988380531338,15982259.124869024,239643.74660381174,57.102972275175375,58.57488559733125,46.06161398046071,1,0,0,0,53,113.40318504718567,DDoS
23895.168507967326,13,16,5158.324851586197,9847.16340209853,364.0206524206207,576.3437252137339,627971.6440870241,1213.634462980689,797.1783518044537,815.3857306863353,1234.7726214121874,0,0,1,1,8080,19960.551210131354,BENIGN
23776.664033977297,9,16,3100.3454375935084,8096.664184545011,318.3333000872151,525.2908361357502,470924.33177916735,1051.451118806008,821.8837230496167,815.7624975480276,1088.0650685442695,0,0,0,1,8080,17342.95558047914,BENIGN
22627.011216786275,21,13,6831.926240849739,7659.566903692979,333.0811571100519,592.6096431619455,640451.0523153818,1502.6288569113565,670.3593186018919,707.1208134701307,577.999205695208,0,0,0,1,80,13256.050601283414,BENIGN
1104.4233099664598,171,1,11872.74983687533,35.90593513963719,64.87096804031616,34.167946868154914,10782691.44136103,155737.3866051627,27.127557144488264,33.9378060390478,25.026678290261785,1,0,1,0,443,101.99731641574306,BENIGN
17673.68489487217,5,12,418.6537255603736,9727.67804411122,90.47923216246897,888.1150641899583,574092.6032134613,961.8820354170944,900.0345201640035,847.4589315060864,1054.891639475526,0,0,0,1,22,19742.05209305682,BENIGN
2736.158940890181,159,2,9798.19725316863,81.43986089554485,61.0663226815657,38.78851781789811,3610768.7190313353,58841.61098756211,59.849167179805875,73.86402345631373,86.82104292895464,1,0,0,0,443,467.02938142263037,DDoS
2129.227125539477,126,1,8946.351411827969,39.35198614907152,64.64956344107712,36.99735080630917,4220171.38998281,59646.05582780292,15.192445938195771,16.85420037461159,22.91187587319409,1,0,0,0,80,237.8086120996407,DDoS
109179.9379260305,14,13,5319.848134686927,9072.023676575298,411.75104927653945,648.0060453915764,131817.9153116274,247.29818053471072,5415.940747118375,6540.355127432569,7618.443394486877,0,0,0,1,8080,2992.7233352289513,BENIGN
1198.1309945866833,10,15,2632.715677331966,14320.422480754967,288.5315244282782,1005.5177954787077,14149653.280554036,20865.831960739983,55.87714919342036,45.556718713378984,79.86394022352714,1,0,0,1,53,6696.653445510079,BENIGN
51656.717717656786,17,15,5254.855608084741,10212.017558434234,306.4489100124186,722.277545867442,299416.49121140817,619.4741248351147,1569.290203950397,1878.4727669709912,2077.4248431511146,0,0,1,1,443,13394.299051459171,BENIGN
121823.1054708053,16,7,3887.435277009156,5032.190811270632,259.55827709177845,683.8035626131798,73217.85185009392,188.79833928968353,4523.150574008602,5616.8668257697655,6094.270635398883,0,0,0,1,443,6200.608241765825,BENIGN
47801.84980343165,14,15,4595.125458951873,14301.83371131642,332.5472966820452,928.5322634674533,395318.5754939487,606.6710832164933,1555.1018917833462,1678.2248246368652,1512.2351503742627,1,0,0,1,80,24190.56657643164,BENIGN
54660.51991847637,13,25,6072.870151334409,10257.28797656502,469.723033728129,438.7326035240892,298755.9970570185,695.2001198794895,1391.5176210781597,1678.3456169840745,1665.2355100655684,0,0,1,1,53,9139.604799246787,BENIGN
5245.888654856764,12,17,3603.788867580594,14175.323355150651,320.8395388679324,854.2125174877881,3389151.6561776306,5528.138683071577,151.41285866396998,158.24888743994723,209.10599499245012,0,0,1,1,80,23658.662656301825,BENIGN
700.2154462954384,1,0,37.24393320256163,0.0,40.0,0.0,53189.2482515267,1428.1318775394095,12.124254452171941,13.92470924593444,10.214854738847151,1,1,0,0,54993,4.59397312988084,Port Scan
64772.23499079742,10,10,1801.8488792999647,1345.1757718939905,192.52386445913564,145.39824632865586,48586.01299833288,308.7742765529323,13268.097604514729,14759.287579037295,19735.182480803338,0,0,1,1,9001,6720.395706152044,Botnet
1057.2440047944933,176,5,12812.973806670165,194.32061061050644,72.58632177675976,36.860460616923824,12303020.266176892,171199.83577980442,4.412803141452977,4.454883065984901,6.0842096627489965,1,0,0,0,443,475.0404750680107,DDoS
62170.13552924424,7,10,2454.799424881534,5799.6742657745535,345.2995449904471,547.5084749094544,132772.32903526904,273.44318707498013,2709.488932053429,2521.755718081976,3782.4052275110867,0,0,1,1,53,8455.539655621677,Port Scan
66485.04376485744,8,4,2019.7563327996531,560.2483069656655,238.44071631244424,135.30783651651768,38805.789899006624,180.49172145304263,15547.488863019036,13249.296375486605,22311.769377468976,0,0,1,1,8080,1582.630398447454,Botnet
324.68123703740696,1,0,44.54795090809774,0.0,40.86202048759401,0.0,137205.19028010636,3079.943913989673,12.364645530762626,15.324617457299953,14.743638940008536,1,0,0,0,21064,36.4095944219457,Port Scan
582.2594800093473,1,0,40.43753697915396,0.0,40.0,0.0,69449.34065909035,1717.4473483608142,7.48800822090293,7.687569231151708,8.325298155113574,1,0,0,0,58350,42.96818021946145,Port Scan
17247.579841838124,14,16,2677.1330654711905,12577.521543220506,207.3624908831818,767.6499964806635,884451.8911394102,1739.3744673225306,418.2178186672625,499.023667631462,423.28921654416126,0,0,0,0,80,12594.15305445132,BENIGN
3806.120869795065,164,1,14801.46767665741,32.821079983811074,82.99096852196413,35.53090321001237,3897482.3091837205,43351.2244210164,9.284800074558484,11.889551976716072,14.102168379715652,1,0,0,0,80,176.73583097296233,DDoS
3138.0497804321753,136,5,8143.803071455388,178.77983626912885,63.821942603516064,35.621545537010185,2652151.332850533,44932.365598286124,5.776077086067049,5.435576844164642,5.869917989895321,1,0,0,0,443,235.0692270134659,DDoS
65563.93590635998,10,21,3224.1871846995305,7832.868392254287,303.3375922450441,407.17484883572104,168645.39055046623,472.8209124643608,1913.3671735855712,1960.5424936529948,2042.979613440059,0,0,1,0,443,11888.343790914296,BENIGN
8658.824739702664,14,16,6040.100896500147,15496.55885248913,412.2963275071022,888.7923418821173,2487249.759224117,3464.673428767213,267.59569103303113,253.27609207989715,321.0852030250972,0,0,0,1,80,24830.33284091417,BENIGN
99017.47743301281,21,18,7764.739818001982,12870.700937559872,406.57892862418856,676.331935160051,208402.00427770053,393.8698602616314,2318.7505730460584,1933.0387571382764,3009.1876192589775,0,0,1,1,80,3640.4493897138477,BENIGN
2969.1862447743883,162,1,9215.660475760713,59.84112599474989,59.30675776971664,55.934223240075085,3123920.440517956,54897.1962560016,9.545651500142899,13.085862323863713,9.30698877940118,1,0,0,0,443,414.2580867717215,DDoS
1632.1109642171548,149,1,7383.570912953176,25.65564170163562,46.889373595448234,25.929047846414644,4539658.587618558,91905.51579435519,10.311832435249821,13.56806394875068,15.441203836714239,1,0,0,0,443,81.17373473620881,DDoS
1559.4639730374595,7,14,2592.3958252198254,9110.423417146329,404.26109726905565,676.4542945335038,7504385.766329623,13466.165530645167,62.66702641575542,63.52597532476292,80.90155789820724,0,0,0,0,80,16418.361338999443,BENIGN
295.3148342455215,1,0,52.618216854185874,0.0,53.73339370806299,0.0,178176.68045229203,3386.216620491915,36.685030337445355,38.492209670297264,57.34660012293979,1,0,0,0,24845,7.6454345407035,Port Scan
6705.032858828303,5,2,500.3015562462649,115.46780412545584,93.39077416248152,63.31073904287473,91836.88929442858,1043.9919009171333,161.27234067756604,224.93794530482552,256.2823061080879,1,1,1,1,21,1859.566090650186,Brute Force
6742.0857424588,15,13,5249.944424857202,11327.113010535455,364.2060705978285,802.1840513421887,2458743.1944090193,4153.017488885948,222.3746523665229,255.80593849899373,193.26148722861925,0,0,0,1,443,4106.79573340723,BENIGN
52449.30677089785,10,17,3475.161084971795,8990.673055933283,357.2640502648461,546.6256047099325,237673.95430709296,514.7827809800774,1500.4940220355184,2057.8309117346453,1218.5257449189621,1,0,1,1,80,12652.425678157544,BENIGN
48924.776054837406,11,18,4829.620604560612,8970.572754083862,400.7433729777521,542.0514440495919,282069.62752729835,592.7467091008308,1574.9472265632874,2181.2581254517545,2262.657746969425,0,0,0,1,443,24346.329772000638,BENIGN
78184.51366114292,5,16,2093.0528333826082,6475.689939143684,438.4147430384641,416.73784610166234,109596.41969078191,268.59539078308336,2330.382782818041,2252.6792174116063,3283.5722447883973,0,0,0,1,443,10373.561717099266,BENIGN
96114.19212232137,13,4,2388.10952840605,356.94449797371215,175.33034954523663,92.3255779543577,28560.34021371393,176.8729427425729,13841.386923083992,12436.561849445763,19204.594758510662,0,0,0,1,4444,1258.6916604978953,Botnet
44200.4787501821,19,24,7872.207837484906,16847.017434466605,457.98771903631416,664.5933803483194,559252.4327997165,972.8401414616544,1018.6631147722989,1274.3397237179167,1392.3079899383488,1,0,0,1,8080,14095.580849160293,BENIGN
25650.08780034856,11,17,3653.1804919732563,8391.21924270904,325.8861285929477,525.9994851345625,469565.6337877574,1091.6141971108382,834.9056963329816,984.2314738816433,794.4724664931737,0,0,0,1,80,9586.517810320518,BENIGN
21289.482640192866,7,10,1636.6759158991379,10439.345255773766,233.79574975805963,960.7181167607306,567229.4332260722,798.5163513511286,1402.7875947737793,1771.606428873124,1578.8053000149039,0,0,1,1,22,24477.8331018363,BENIGN
31269.898325630875,16,20,6930.301390983903,12253.094289043624,424.27068457256456,628.6740065657589,613478.0318202553,1151.2669349005214,903.5837583757921,1079.3660333057921,996.4073789276418,0,0,0,1,8080,13512.243721260751,BENIGN
3674.2295035442307,112,1,8723.842952257579,33.958713579864174,76.86376120352263,31.960097921372082,2383575.0209369077,30754.7473262076,13.473828330839446,15.899334544563354,15.6519699856507,1,0,0,0,80,88.73792661136837,DDoS
7897.732927802738,8,4,821.2302902738841,304.8141473383707,111.65170449740421,83.89484569769546,142578.18641197536,1519.423372466277,183.575068706133,237.26311620818586,155.40380783158437,1,0,0,1,21,2676.5312242043706,BENIGN
667.1481263574386,2,0,98.18452450788712,0.0,46.89291226463913,0.0,147170.5017654246,2997.8349949355293,25.638865577274178,24.191624884467394,21.348320155686707,1,1,0,0,25000,6.654589014369061,Port Scan
41771.36816157373,16,17,4901.801527782577,15940.35428179754,309.75506837553723,914.8412767997157,498957.9400167507,790.0148224102777,1359.8542289869995,1502.4007195540676,1779.5528531169498,0,0,0,1,443,23169.574482256452,BENIGN
677.7317402282005,1,0,41.95837890574877,0.0,46.22945805087866,0.0,61910.010134129,1475.5100589848248,35.89836907335293,48.02090362347998,41.17093964906736,1,0,0,0,65320,1.257680971566033,Port Scan
33132.889920973634,12,12,5607.923455379328,5356.593248682858,430.47522776538153,463.0995467724711,330925.4559506889,724.3557702706646,1140.7792974060455,1388.9012733508548,1187.0684238634406,0,0,0,0,443,1089.601598868554,BENIGN
129840.97361253403,10,10,4197.567437222678,10294.280502977004,392.3162657604594,952.3087502340926,111612.28645316265,154.03458125385873,5077.056788091808,5879.221596569765,6356.779132255333,0,0,1,1,443,24617.468313030866,BENIGN
1820.214206967854,144,2,7697.369623428677,69.96308579657396,56.447999514135645,33.21752414946463,4267262.984483686,80210.33977270701,36.18882865191711,30.40284708708296,45.87412290224042,1,0,0,1,443,365.3364422329766,DDoS
1311.340757792367,123,0,8692.521757983792,0.0,72.65652559185281,47.34365598448467,6628728.426482826,93797.13035616284,44.30581404770782,35.757571434256185,68.21186399872043,1,0,0,0,443,342.3737910609277,DDoS
68189.0610111806,15,17,4060.739552979987,12118.242913263972,292.36413398603315,775.0463069287888,237266.53844949082,469.2834822106309,1854.4244667426292,1626.2176605115246,2539.8929806274123,0,0,0,1,443,15251.964516597915,BENIGN
534.7602800452288,1,0,47.82816889998309,0.0,48.46857821689728,0.0,89438.5216791679,1869.9967767153955,41.726113163599734,37.348896941727745,64.39477303970003,1,0,0,0,14144,23.592265304764563,Port Scan
148.017364919311,1,0,47.1394591634881,0.0,43.02718145970941,0.0,318472.49266452837,6755.964075871313,46.972824966435624,55.21851549299745,42.2707407457538,1,0,0,0,24268,9.368849934473767,Port Scan
167757.00570626784,16,12,7079.9525361380665,6840.207972474944,450.13299697080197,557.1393297071788,82978.11736689169,166.90808161553784,5722.651816153577,5082.7483985826975,7387.02559875124,0,0,1,1,80,5331.6757184114085,BENIGN
160121.607705017,9,18,3363.7734441515818,13771.442760339422,384.3098437067682,793.2525195873523,107013.76566277206,168.62183928193238,4729.073656820501,4521.866912312617,7176.508161665692,0,0,1,0,443,6571.68921727213,BENIGN
281.9779333966841,1,0,54.79930639348194,0.0,51.978249680626,0.0,194338.9886342303,3546.376796063714,21.04657040385691,20.631940871427002,23.3760567189161,1,1,0,0,24934,22.514931683485518,Port Scan
9759.884621506973,14,16,3570.8761335620666,12008.588028617492,265.01816231984327,760.4207442464058,1596275.4444707783,3073.8068290163715,248.9154451181666,268.83901390212566,223.8132017472466,0,0,0,0,443,11818.796624980323,BENIGN
12979.450313207017,11,18,4240.619638108228,10543.63546574096,397.56496589088044,598.8756829786246,1139050.9418419455,2234.301091356045,519.5614946389262,625.7591445922053,514.8846935394291,0,0,0,0,80,15747.69733646962,BENIGN
15705.388252608147,9,18,3645.6266133513072,15396.29331551242,445.5872424424036,798.5657867936653,1212445.029857921,1719.1552074821323,759.7677660274666,874.1732906927674,987.7886678735777,1,0,1,1,443,2266.350412893512,BENIGN
50581.06592880032,14,17,4939.86739440149,10557.779111015212,372.50305406950247,667.9241759591689,306392.2481829808,612.8775546888768,1567.0172483869433,2124.365053527867,1670.2404532894398,0,0,0,1,80,24416.893211462524,BENIGN
23522.772947803187,11,15,5044.092469614413,12289.066648216038,440.12310861943774,804.3833814639058,736867.1693721046,1105.311863430972,773.6366695976536,954.0217192884953,809.1692241482231,0,0,1,1,443,18110.666144361054,BENIGN
38300.3270112388,10,17,2914.963796311602,13897.635903077982,272.8873569677646,773.2980361845665,438967.52355289593,704.9548164974454,1130.840245892965,1245.122053587336,1100.035733251614,0,0,0,1,443,19341.001018361792,BENIGN
1949.9475281314074,12,15,1917.0718834250224,11511.530195210047,175.14675585448876,739.7329060242247,6886647.914830512,13846.526437495228,80.32656217137827,73.64603061182758,124.48983474068386,0,0,1,1,443,15600.536236764481,BENIGN
4388.962428203668,3,3,363.7023659582869,197.54891536071875,122.79232248592996,67.02098873986296,127877.8960859587,1367.0657013246985,68.4520165883489,61.83606541436964,83.67111173152573,1,1,0,1,22,1305.0966067773963,Brute Force
114428.02663359941,11,13,4430.241262035691,9059.78754425903,385.6768790339482,707.5332065019588,117890.95034811739,209.73882628290383,3580.3408502369584,4301.867246548603,4223.577495547913,0,0,1,1,80,2446.0581683393234,BENIGN
6939.484280164628,11,16,4151.837100974946,13298.575325219786,372.7029719783492,900.4376244489514,2514655.516415515,3890.779042064415,211.28293365597247,223.7563800989371,336.3150274449627,0,0,1,1,443,4682.757461099854,BENIGN
523.8682501808961,1,1,38.84070198204063,0.0,43.08831012117796,0.0,74142.11868848438,3817.753794602714,38.23020402575161,36.030984951963305,43.434384310058554,1,0,0,0,18925,26.881115927481186,Port Scan
35144.49595418173,13,16,3755.47366444707,11152.729091285963,302.6610350261579,705.9537444479255,424197.370056723,825.1647722536019,1099.7970854063408,1006.2754283651177,1189.497339275083,0,0,0,1,53,2334.855581592946,BENIGN
30996.68846434595,11,20,4679.3606073091405,19398.220375014604,466.36158094751863,962.668597060208,776779.1391657552,1000.1068351433045,1083.6396056971964,940.0979031984591,1280.604384922092,0,0,0,1,80,4123.2126614848175,BENIGN
398.0916355149297,158,4,12518.067368998423,153.8192601764734,74.34278597470339,41.55736043110734,31831582.22549406,406941.4816778397,9.661298178998269,11.902437101037842,12.477467954238914,1,0,0,0,80,130.67034195317822,DDoS
716.9063682989582,1,0,39.4903485637126,0.0,40.705385390480686,0.0,55084.38801766185,1394.8822945634492,26.649451520209443,34.999537071320454,41.61442732833946,1,1,0,0,42841,45.81158876446454,Port Scan
22941.080820141706,14,22,5759.340518149918,13538.43779258908,388.7767518669391,581.542452040299,841188.7156509218,1569.2373119749825,471.1791818108688,449.66152085844533,738.3647867439656,1,0,0,0,80,13682.145465620199,BENIGN
29862.676775533822,10,15,6367.4429694342625,13267.043796173617,642.7645235868831,981.0122962304893,657492.525308187,837.1654084432993,1144.031142474581,1044.5329811290792,1811.4761007704544,0,0,1,1,443,13454.4832320288,BENIGN
2607.974393653537,144,4,10326.231006631831,144.31586971115422,71.64956011061372,37.50222428746188,4014819.663039212,56749.023441394056,11.033150105726337,9.077491411131337,10.196652049394327,1,0,0,0,443,497.5618544064773,DDoS
396.55309038807235,1,0,39.014196698213325,0.0,40.0,0.0,98383.28749382205,2521.730442250207,43.47133982786231,55.25873390718708,48.8304255585641,1,1,0,0,1288,19.204868928023348,Port Scan
21980.00507999703,12,13,4062.952422257508,7922.432477451459,327.08182990551114,580.8297371810638,545285.8111764634,1137.3973713387047,739.0735597164789,947.514056637849,778.134370881803,0,0,1,0,80,9505.476688855182,BENIGN
103.2196883727606,1,0,48.06737572327065,0.0,45.86227674996108,0.0,465680.302673298,9688.07420139332,49.80823065797398,66.88643914975616,52.87050190418527,1,1,0,1,50828,26.540365111041602,Port Scan
29646.718826086926,24,20,10128.500797952327,7983.217707492787,426.46018063566356,370.1879234941767,610918.14617637,1484.1440045393233,699.3064300616886,909.9632952787368,600.3005312252742,0,0,0,0,443,10451.085373900147,BENIGN
28114.4828050187,11,11,3577.13428183688,7257.6252984615585,351.3140757256196,653.8292489408159,385380.0070035196,782.5148395073018,1161.004773486936,1359.4430982504543,1843.0512195847623,1,0,0,1,22,23999.372029846883,BENIGN
172.37341407004723,1,0,37.897311975384014,0.0,40.0,0.0,219855.89935570757,5801.35866888168,32.91871241032071,34.64910119814494,30.115437739332986,1,0,0,0,36793,18.9366510553471,Port Scan
210.77034479714231,1,0,39.60839996519681,0.0,42.63365169607015,0.0,187922.07225982498,4744.500470227244,32.544933867594146,44.584480615852655,42.174076909625605,1,0,0,0,698,2.960623963611991,Port Scan
24714.03052676837,15,14,4861.944554499527,8407.954792665563,323.4090723382965,650.9771914730171,536937.8876825509,1173.4225208061223,749.6363963282498,944.9703103455214,678.114116303147,0,0,0,0,80,10433.302222712122,BENIGN
97345.41157292508,14,25,4591.265941937068,15643.543780970434,363.2946268455517,691.1377373269963,207866.08629980317,400.6352160808694,2120.716602578775,2887.2845832097087,3283.942281019508,0,0,0,1,443,4726.9033188594885,BENIGN
623.9850687166423,1,0,40.1740078283102,0.0,43.44698254107941,0.0,64382.96337913433,1602.6024501783545,42.89451558998746,53.441717243167794,43.554448048549766,1,1,0,0,47060,9.595514645322083,Port Scan
1193.4841477549264,152,0,7564.841185120928,0.0,47.65337278354495,51.88525993462466,6338451.33121476,127358.20604398353,87.31374547633213,87.74581709736088,70.52895442129933,1,0,0,1,80,177.0061764365122,DDoS
98101.05439630516,17,13,5650.20240031475,5823.38147133171,339.9752410101365,484.6761275721526,116956.78443267167,305.80711068412234,4243.540674885483,5834.9358896632975,6784.388399985244,0,0,0,0,80,13011.658754525939,BENIGN
27444.632996198103,15,9,5894.509996694955,6706.3080133921085,406.52910448865055,792.785193404,459135.9633715142,874.487919125197,833.3471694882479,993.1491167009481,1052.3603298748862,0,0,0,1,8080,14326.168711918104,BENIGN
14996.567889564929,5,3,743.0299557453334,394.73514932030605,153.64104198688807,120.11387903537243,75868.36624514141,533.4553918544685,270.42242845736905,273.4604705239283,423.5214335597434,1,1,0,1,21,384.0894424469431,BENIGN
62902.28341651133,13,16,3157.6667838659205,14565.479215846204,251.32362451666205,915.2935726839421,281756.7985943726,461.032548023332,2763.716524745624,2940.976444255779,4165.246271047619,0,0,0,1,443,24802.778171070408,Port Scan
32264.412514640553,17,15,6014.038639582134,12391.538482045107,345.7919668648789,797.4484131211839,570460.6309901159,991.8048247579103,901.0961637025844,1167.1959451363455,895.7566707597059,0,0,0,1,53,22026.71355394263,BENIGN
17237.53923595073,9,13,2446.181644091775,3117.39548456678,275.4973771854921,240.69831868004457,322759.35981947585,1276.284259537269,630.9879366227232,662.5837385256422,761.876703226778,0,0,1,0,80,9539.325772677792,BENIGN
44891.75257453288,16,11,2681.341808428094,8524.951051682054,167.60402150408947,731.1703349100158,249629.21288280212,601.4467792312728,1393.845494884423,1765.976733081747,1843.7388513762564,0,0,0,1,53,8112.51802869564,BENIGN
599.415665457182,1,0,43.24081117944012,0.0,43.774296088610065,0.0,72138.27344078472,1668.2914004879858,31.040683799715545,30.8593541027993,31.8215164323862,1,0,0,0,137,37.80596796247844,Port Scan
57102.00875274851,15,20,1459.3708166444374,16682.85480024123,90.98467508314826,859.3662481692271,317716.0666175763,612.9381568965441,1620.7212312424856,1840.275817776552,1559.012742076837,0,0,0,1,80,5424.483819280381,BENIGN
2728.2961309705993,173,0,9642.386857566593,0.0,59.77401481410749,49.968689585459146,3534215.6403441024,63409.53902920162,17.044381193429533,17.436630985915347,25.741348412548977,1,0,0,0,443,86.96121639571008,DDoS
230766.6068882125,15,12,5780.037584875537,8875.871142992835,412.2042268748309,818.712070284696,63509.659935191405,117.00133032280223,6024.241368726363,5874.712468968664,5270.1401517956,0,0,0,1,53,13490.126273872289,BENIGN
62728.670335127936,4,5,994.6313789476499,850.140439269174,234.47216799545862,169.12992381115401,29408.750549965906,143.47506414399504,13107.147320418577,15546.3632585081,12244.958656724613,0,0,0,1,1337,6007.72607141466,Botnet
536.4619875852057,118,1,7180.99619741944,46.89304216475641,67.39187642826387,46.99315131538715,13473255.15479547,221823.7316974846,9.582246613965562,10.817266778772954,8.26007367073831,1,0,0,1,443,490.3280836969475,DDoS
71384.33807199285,15,17,7057.144453766325,5120.365816759135,450.2221681208341,313.57399800045886,170590.78502968175,448.27760352315966,1804.0080605721373,1933.8147509758599,2165.721527637095,0,0,0,0,443,2891.4848126002876,BENIGN
51405.46845866152,18,18,8487.237391423887,18535.33079733357,465.6484055118634,999.8448338748996,525674.971924204,700.3145984157296,1162.652927902284,1098.098801654342,1090.030812036558,0,0,1,1,80,9136.615327402078,BENIGN
75009.18667428297,16,3,3317.4278795919236,556.0835788485499,214.98298988160607,184.8660455275056,51640.49405389052,253.30230658952317,16242.859422319065,21693.558411587044,15475.512500461424,0,0,1,1,1337,3363.098697407895,Botnet
775.2707097735304,2,0,103.69108142633213,0.0,47.83731969962737,0.0,133748.2251285129,2579.7440491260577,17.396444557889126,17.0837490761726,20.511259597002972,1,0,0,0,51253,30.370659478148166,Port Scan
4145.270231295649,14,10,3569.976244895648,5939.921851428671,249.48708599837227,553.5446286604429,2294156.3675456443,5789.731105780899,217.7544876634772,261.12953180492184,222.68934049395057,0,0,1,1,80,1571.1233848690126,BENIGN
61448.77842840809,9,4,2303.9259194997735,826.2446871760411,264.35675209955804,207.69577659628996,50939.509079463176,211.55831462371322,15650.9479506779,19492.243765138843,15692.045744390804,0,0,0,1,9001,5141.504019639845,Botnet
62216.71400368697,12,9,2236.9266638508775,1870.7026325832423,189.16287824727954,222.09193313869503,66021.31536857928,337.52987981261015,16484.709315867258,21818.531564702167,19326.269904899214,1,0,1,1,9001,7474.245205228793,Botnet
499.51178265090715,1,0,37.38033586131045,0.0,41.158416937398734,0.0,74833.74198489002,2001.9547781095446,36.78859943016808,43.78889177085544,57.87957942917233,1,0,0,0,35470,6.323095992317257,Port Scan
2430.202291010763,156,1,10471.960075686444,34.09703556739623,71.80676690906635,34.870328808335415,4323120.404468136,64603.67541448617,23.93275196810715,26.66151888461697,27.977743095732308,1,0,0,0,80,407.69055231030086,DDoS
33608.22548138088,14,14,5682.309891308566,16215.133669743596,374.7986322096716,1095.9079548696293,651550.1264172203,833.1293782681901,1140.0526845969414,1393.8253004837698,1264.8938375056105,0,0,0,1,53,9261.624587314824,BENIGN
2276.705843068272,168,0,7237.616768047816,0.0,46.536210490840205,47.39074370144967,3178986.3368092477,73790.82392725346,17.83144837204094,18.988771250406163,20.797531480969617,1,0,0,0,443,158.542506323566,DDoS
705.3863631523292,171,2,12410.38897486544,100.73298722331947,67.2393050606184,50.544586266136896,17736552.07364275,245255.66276454992,22.282234069410244,20.41401814621838,35.437010462160906,1,0,0,0,80,351.09610782830816,DDoS
19583.753693102884,13,15,4417.78504561783,10881.288253882632,311.75606427902653,755.0620196481522,781212.5060012665,1429.7565440613766,557.6424936590208,520.7414047711565,498.6703900743792,0,0,0,1,80,6938.057541165234,BENIGN
1069.5849597878866,160,1,5811.602199251216,15.726393169857538,40.0,16.95011776829876,5448214.785646118,150525.67683069187,11.118184025905396,9.839883445410308,8.975698790245257,1,0,0,0,443,79.55561066989829,DDoS
34970.225852120275,8,20,2784.9534113305326,17045.730716908132,321.8486542812797,899.8557600284532,567073.3787107158,800.6811313831515,1027.8663785888027,954.6594815979932,1613.039008028298,1,0,0,1,443,6569.166895992731,BENIGN
76606.29996805522,8,8,1619.4314326163428,1840.0547204976422,213.02302241236282,211.20946724791347,45159.29048337524,208.86010689293164,16400.409417857834,19494.938780089695,18436.652499766155,0,0,1,1,9001,1131.2806096287077,Botnet
51178.09985720488,11,19,4412.22392262662,6799.448213538732,404.5726875651093,390.8359201837191,219071.6765070942,586.188234492973,1234.610337899163,1578.844521369978,1546.4443206861713,0,0,0,1,443,1397.942809797282,BENIGN
8856.425321382021,13,17,4941.375010149273,16003.790761923903,391.09704405190683,962.6765113816043,2364968.371776971,3387.3711922541884,299.6640493199516,346.5033272318092,340.00524108748965,0,0,1,1,53,23283.911752769185,BENIGN
31999.592673999156,6,16,2203.732198802841,13436.444457447877,371.43736476499083,769.8932556736545,488761.7419255132,687.5087512559436,899.6869079090794,890.1540863290145,1314.2947844506407,0,0,0,1,8080,4255.220216636848,Port Scan
27634.193735147106,13,17,2383.899122790362,12660.180787456027,180.14439314096512,709.1650484482504,544400.8989164853,1085.6115538425822,1045.6034404931254,1344.968531699314,1114.1762022995256,0,0,0,1,443,24853.7381593421,BENIGN
1985.2940223715925,151,1,7978.511431430218,39.64314861247111,57.3497234756247,41.05129245758986,4038774.352659543,76562.96663726606,23.214250394449387,22.808034030303023,34.32248170672683,1,0,0,0,80,452.92688066758126,BENIGN
566.2846783440315,1,0,47.72331955262252,0.0,46.31798392644854,0.0,84274.43188499878,1765.896267799914,5.153660540057949,5.692839732063653,4.40004265830989,1,0,0,1,60713,0.020963678315999434,Port Scan
73640.80732435729,13,13,5290.005251153038,12472.79878761946,429.13219541298577,997.1176530421155,241208.70865164057,353.06511355152253,2866.780125900046,3918.3598264413067,4258.08583585909,0,0,0,1,443,23947.4481782157,BENIGN
3879.1490922972303,18,22,5284.4094368506385,18439.681866610754,294.6166976701494,810.6402809926118,6115797.753319142,10311.539734171965,97.50989273741006,119.19459414896232,118.00317337354998,0,0,0,1,53,564.4744064783738,BENIGN
22208.55739956321,6,8,2646.387268395918,3649.398350090524,432.1607085528585,443.5481561994963,283484.67238174885,630.3876360864099,1482.147060004544,1640.882260709958,1478.3292566688656,0,0,1,1,80,20880.517182170814,BENIGN
2008.2812317765877,142,1,7435.7748362835755,45.91623687662629,55.453301990744656,49.265123788595545,3725420.0033237706,71205.16675520479,19.553788499411525,21.781900401266824,26.570785294979597,1,0,0,0,443,258.07158488874495,DDoS
41778.646368598434,12,19,5436.172963952712,20295.561220903986,463.4232446706742,1040.377354063127,615906.3641706957,742.0058497467296,1185.4975552748106,1360.6975880853408,1386.3976686510523,0,0,0,1,80,8630.301478434918,BENIGN
94174.74525636072,10,16,2788.0176700387083,9789.678619093169,287.3611425284273,661.6205973530598,133556.99826841164,276.08250947983225,3216.8547059517655,3373.412753843586,3569.198494969256,1,0,1,1,443,16630.68162514965,BENIGN
61543.27005539787,15,15,1929.8528476682066,12477.372818793841,117.70381216842276,756.8892516274171,234099.12494889295,487.4619105061471,2132.469707422835,1882.2747985748852,2964.734340008755,0,0,0,0,443,15407.157358589486,BENIGN
978.0900503904638,142,0,10926.355034653088,0.0,75.04599844079969,42.120331356438356,11171113.570055408,145180.90634222495,3.4906279980495816,4.541585364240971,3.6180283398109037,1,0,1,0,53,364.068821908737,DDoS
662.6606464708448,1,0,44.79959300150218,0.0,40.99618271009064,0.0,67605.63380380736,1509.068035540869,33.4888917634531,33.15236999177505,39.47512586809553,1,0,0,0,29700,21.549056371308172,Port Scan
71625.5405533047,8,16,3061.717709749947,13656.599504136531,359.3354566740022,810.8320589886699,233412.78941475466,335.0760052154703,2294.8559713715467,2138.585505178836,2729.2655972319913,0,0,1,0,443,16560.872141998545,BENIGN
358505.2798837411,11,17,3392.892563409438,4820.605629150962,299.5009587389387,269.160519676045,22910.39673174113,78.10205754593088,12425.214810516867,13306.327182207033,12338.951925244723,0,0,0,1,8080,21820.56046701651,BENIGN
78855.05416605229,10,16,6115.082594081268,14137.665786909654,583.9696348580927,970.5214837571342,256835.13371689356,329.7188781996069,3040.121030539254,2841.5702584547466,3039.3122281958886,0,0,0,1,443,3324.199837199852,BENIGN
13277.694631260836,12,17,4738.20817714506,13058.753437723315,424.52921846797597,809.6456251074388,1340365.3351815632,2184.114095508927,432.6224931759072,583.0244165290719,677.4867324502271,0,0,0,0,443,5923.228925433335,BENIGN
1791.5736992705156,173,0,9826.859044041372,0.0,58.54776241157806,24.575779208009298,5485043.148402226,96563.15007886158,15.193552750611474,17.77029894174011,21.009086302192824,1,0,0,0,80,416.8322531798921,DDoS
233.00090853566593,1,0,42.646850516629435,0.0,44.94718722449518,0.0,183032.97950489062,4291.828758457085,11.908344274973317,9.946179042112478,14.886349105053407,1,0,0,0,38893,36.005759514072935,Port Scan
775.4017650770109,102,2,7384.556571273491,68.7934418884631,66.67560632114011,33.51033841676283,9612242.773811208,134124.01761771974,12.243215382022386,12.324961931314622,18.238125876408027,1,0,0,0,443,197.70331258842504,DDoS
643.2377116700969,1,0,41.24709551385497,0.0,42.81403248704546,0.0,64124.18731911934,1554.6352178320026,47.77372310434938,59.352213137968285,66.84149416565829,1,0,0,0,2760,45.23909575340244,Port Scan
1470.9283744818958,136,4,8375.927458980903,160.03183723668963,65.81297256549007,41.828445610337084,5803110.093123472,95177.98584129708,55.480262610878924,74.32679472933968,79.38103635724025,1,0,0,0,80,205.00849137841715,DDoS
2412.5111956749565,178,3,14454.976930143117,143.80582163604683,78.57332318420393,44.71551119986047,6051280.830510223,75025.55856507062,42.31526359457797,41.62735491106117,37.736334588319515,1,0,0,0,443,74.4353521516764,DDoS
16193.981777308374,12,11,4291.2029332775855,8312.124339177917,332.7607705271757,701.5957117774127,778272.2894078939,1420.2807139272245,600.7989094570632,488.97979039906437,774.4661347539301,0,0,0,1,80,4572.410590595884,BENIGN
123744.1849897166,12,19,3512.4141968219583,17117.51482489745,275.7251238484679,822.1947391411804,166714.33104863716,250.5168222860425,4873.124936177766,5513.758776715312,6506.763142966865,0,0,0,0,80,19771.977524611193,BENIGN
70472.51596219384,15,4,3364.088724912329,610.9830238854461,218.86547127409074,141.10476865349938,56405.9860007023,269.6086515513774,15823.235306444712,16095.9879109191,15275.021032260827,1,0,1,1,4444,4267.362393741266,Botnet
27.997048820506016,1,0,38.405486112757735,0.0,40.0,0.0,1371769.087484257,35718.05037063639,30.405034795714876,39.08318168053751,35.147419786632675,1,1,0,0,8470,38.61891498185302,Port Scan
669.9776813455807,1,0,40.92027648695444,0.0,45.33249221975265,0.0,61077.074097110686,1492.587033633126,12.314360155837416,17.061956891356502,15.714005612402506,1,1,0,0,12120,7.472276342606326,Port Scan
1200.0612585585295,117,0,7991.287516393718,0.0,72.67413694752237,43.73565528545787,6659066.326324512,97495.02299618954,12.040407706813472,12.614578130329711,18.960663508091887,1,0,0,0,53,322.1090570467223,DDoS
13079.838688063652,4,3,407.70570671041634,218.3989879257858,105.03807200429,76.58553682796116,47867.92173572984,535.1747958778752,345.97436716495736,320.0201691263665,359.67794150018216,1,1,1,1,22,187.4056180537689,Brute Force
3473.9015143026436,7,23,2120.3079525080116,21809.46915055097,322.7590620900988,888.324847164679,6888444.305210155,8635.823403883183,113.1979323935159,143.4381458032172,162.1361388353254,0,0,0,1,80,12090.749617700556,BENIGN
1711.6654566173127,149,2,8078.946629636032,101.78696956121239,59.421760258416384,53.69226089819099,4779399.83398652,88218.17336806838,1.7655576721249862,1.7612591701865052,1.6141418698290837,1,0,1,0,80,30.499380372674846,DDoS
11647.732500001826,11,20,3695.638288318222,15071.713236272975,342.27781926542417,784.8406951025597,1611245.0663327181,2661.462220221416,318.9591900476751,296.37000116246054,468.2756003258819,0,0,0,1,443,3068.9957014689135,BENIGN
87774.63324790917,9,20,2101.6047026438423,11111.031408623565,229.09125363286074,549.8202785943043,150529.09505129876,330.39158270354596,3019.375455849467,3347.4280528265867,4641.097927858671,0,0,1,1,443,4462.9139231388845,BENIGN
16901.968952881914,16,10,9118.957098246068,4188.325501997886,566.787268644344,391.6076289723717,787321.4438708905,1538.2823192067692,545.9497308940338,571.2361876262048,461.99176697422536,1,0,1,0,53,3579.70548676549,BENIGN
47419.48035799442,12,10,2520.546777631466,1856.070723217383,197.1372325828775,200.61912138691798,92295.77101662604,463.94435016812736,14974.029529940302,14371.69232501453,23376.954562239393,0,0,1,1,1337,6991.497578526677,Botnet
646.7431685627441,1,0,45.349316235998245,0.0,42.20307324275088,0.0,70119.51334063246,1546.2088331327839,21.58729965131641,21.709842667807795,33.34759814812356,1,1,0,0,16082,33.898069313629804,Port Scan
4729.018906551282,5,1,718.209745905888,113.32975525493728,151.67281002429152,103.64280357528314,175837.63516125156,1268.7621087088446,307.88464579064384,271.3266868026101,456.9306579512273,1,0,1,1,22,2674.7491495521117,Brute Force
61134.96277527784,8,16,1909.4249416978362,13141.27455193734,252.0074519310063,807.2651712290044,246188.0863321876,392.5740510911913,2423.3920966867195,2389.412865175434,3869.4484747915276,0,0,0,1,80,22126.303208164067,BENIGN
4261.236982561986,4,4,574.0886362548146,330.6921148213794,152.12713233656808,76.31607643049345,212328.19361579182,1877.3891320144683,285.80407186379193,388.17740220771924,374.5425606793055,1,0,0,1,3389,1360.3928480396692,Brute Force
615.6811555326562,1,0,39.773344794619796,0.0,40.308086769920855,0.0,64600.55572142679,1624.2173258248426,10.90547400304641,12.014534014689843,12.01977977228109,1,1,0,0,60215,46.91976594946937,Port Scan
33286.19699127676,9,8,1414.1362943288843,3839.314803652158,150.94820510568448,509.280584784734,157826.7141589591,510.7222072997751,2525.904023344666,2865.851871700398,3452.3115999760353,0,0,1,1,443,18747.17387544639,BENIGN
62596.0266745412,9,14,3067.865746072869,15576.229128494586,358.3854113950356,1116.7104309864944,297847.89650475216,367.4354623111321,3227.707937709516,4245.148633424278,4951.31244358855,1,0,0,1,443,23695.851816295446,BENIGN
407.529758588858,2,1,101.45844918049018,0.0,47.02703488411335,0.0,248959.60857388072,7361.425605796291,6.327564050973779,7.0999506188195785,6.66250177601187,1,1,0,0,40296,19.005716310004754,Port Scan
13084.236895661752,9,5,954.9050444755575,436.51109358412884,109.99467035033388,85.14712276198571,106342.9338031191,1069.9897985370383,162.346844549436,188.06187258281741,233.28514740039645,1,0,1,1,22,1643.799265113032,Brute Force
46597.015681221696,7,8,1127.8773875623122,5880.432882767382,172.39101194378492,777.1663163643107,150402.5562125001,321.90902744968935,2588.672915523054,2331.3547563667676,3564.931809996026,0,0,0,1,53,9746.999952099537,BENIGN
72656.3970481959,17,14,5792.7203806591815,15344.023002616535,374.6672709908853,1010.477353257462,290913.72875611857,426.6658031423779,2761.648178773569,2280.458725237503,4341.306952657208,0,0,0,1,53,18084.217027110528,BENIGN
60108.38557046073,16,18,5765.565594608768,10456.915644627228,344.90929963840705,636.1608200507097,269887.15609770536,565.6448709663688,1607.9194831770778,1462.863787139605,2143.9122958914945,0,0,1,1,443,23032.44117421328,BENIGN
10533.587240820547,10,12,2543.8455328118553,10922.734744927282,281.52962438046353,975.4040477173439,1278441.9941529925,2088.5572499693126,567.8890754247828,702.0731279395217,644.3214926735087,1,0,0,1,80,20059.94016020785,BENIGN
1918.7988329976674,129,2,11330.266901629182,71.01038720588355,83.01724100757116,35.22580469030779,5941882.542748516,68271.87808705492,32.3226668716989,31.917917142488463,38.52967325827514,1,0,0,0,443,468.1203116457415,DDoS
235.68987939085008,2,0,76.38022928430141,0.0,40.309517830205266,0.0,324070.8912988083,8485.727113820416,42.010006137842915,56.7314524084961,39.88699920338888,1,1,0,0,15865,11.852622537799318,Port Scan
99455.5238139882,10,21,3394.220663981909,11386.441862589769,356.7553259018963,544.705500992321,148615.80292127334,311.6971165722212,3707.5930388589923,4630.423214738048,4783.805806485815,1,1,1,1,443,5814.265038110602,BENIGN
26551.72505008652,15,13,4144.66584327531,10184.201120960044,295.5065713095923,721.036398275724,539658.6073863651,1054.5454183176985,898.0853170952647,1006.2805948193774,1183.4659660836874,0,0,1,1,443,12875.893183934882,BENIGN
116339.11009978996,16,20,5630.928185817318,16371.975920236782,344.775914085969,746.9259640186538,189127.32001457713,309.44022151382256,2861.195386820013,3034.596611819668,2509.483517637803,1,0,1,1,53,2318.2119809570154,BENIGN
1157.207999803526,120,0,6605.236720315911,0.0,57.65791342882973,59.484934871974765,5707907.931363564,103697.86591552594,2.305057968351565,3.1154173269857,2.727951085502943,1,0,0,0,443,119.85737324716304,DDoS
38668.040790393374,10,23,2515.330556054752,15370.968853830402,247.83820454938456,664.7953413581439,462560.2705562676,853.4179473659411,983.2325514267277,1286.5624347161806,869.4861404212194,0,0,0,1,443,23961.27922588725,Port Scan
1985.4889456240257,9,19,1936.6842867696723,16407.448002491008,215.1389533817838,934.1846802653881,9239100.69088561,14102.319764464763,85.78762539041553,99.61143115349726,99.97014429594802,0,0,0,1,443,15309.649987346591,BENIGN
3265.0240032703246,14,11,5305.921850075757,4346.51488627637,416.13830877738917,421.303702490655,2956314.1730915364,7656.911549489197,112.68998638834911,143.68036175099766,104.25849124872742,0,0,0,1,8080,6275.815435277637,BENIGN
62450.83830441055,6,13,2468.365713313505,11544.591056791516,434.20940669579215,963.351081973429,224383.80573532457,304.23931072608417,2184.458272670622,2814.4496115011484,3393.4173442852616,0,0,0,1,443,20371.305289372547,BENIGN
53726.11936805911,7,9,1927.0535016127146,1934.6790365066563,261.7743088802217,230.16012759259218,71878.12154576015,297.8067314035752,15611.685798167457,18904.272131604328,19053.10026743706,0,0,1,1,4444,5627.551373189576,Botnet
1401.8461455321706,122,2,8274.576571986014,73.08743119016977,68.16284476954539,40.45160219475448,5954764.743464222,88454.78542363647,7.43811225034634,9.767283108831212,11.818527964708728,1,0,0,0,443,55.680528637420565,DDoS
25991.46662500025,8,19,2504.1569960854013,10233.668793804944,337.0344889649989,562.951377075641,490077.2231774829,1038.8024804275447,1059.0128997791924,1269.600488294303,1561.6288102379617,0,0,0,1,443,18682.628246885983,BENIGN
1620.9596905763178,169,0,15247.193761042729,0.0,82.9949660728182,34.262797226296875,9406275.707955282,104259.22432402594,17.76367612711614,23.684853760355416,14.711713910352163,1,1,0,0,443,332.2305120095621,DDoS
67372.68720042752,14,14,5351.996351213405,11790.820807940197,396.9126953303527,890.3014367010077,254447.57915259196,415.59868195107885,2154.7984239628436,2790.5318937720813,2434.663742972188,0,0,1,1,443,3425.2233186708304,BENIGN
409.69738038701985,2,0,96.36950042851615,0.0,47.838672030131036,0.0,235221.17797648814,4881.6519112489905,21.81681301303918,22.06892100895449,33.74867971990309,1,1,0,0,40631,9.306762795503538,Port Scan
55571.599964180685,13,14,4316.944493054343,13963.076012035726,347.5312750772345,917.3871320872266,328945.3698808864,485.85968403650713,1980.1375607055065,2097.1093468214985,1637.1523000519785,0,0,1,1,443,13902.705029058823,BENIGN
35536.0303203332,15,16,8971.623573930437,14894.176589322786,554.2460873033647,1006.3409327403333,671594.4338216517,872.354050819859,1367.6480233271047,1856.9803144598795,1783.1574950640995,0,0,0,1,443,14671.667033724585,BENIGN
5707.1356559191,14,16,3885.7279611276895,16536.41365026822,259.7902602635032,1033.8715606025419,3578352.231774145,5256.577346095812,168.8248876036883,176.15233777059035,169.3329907144157,0,0,1,1,443,15387.020571387444,BENIGN
62601.635512997,15,5,2692.6040701254196,852.9839036761496,177.9864813162965,156.69966759923625,56637.30579475761,319.4804710149739,15715.869454154505,20425.48347548928,23490.03173567386,0,0,0,1,1337,4388.021759011268,Botnet
577.0972266626798,1,1,47.71300643980997,0.0,52.680945458358806,0.0,82677.58747643193,3465.62053601589,41.269572826240065,33.499896964712235,54.46039654891487,1,0,0,0,60741,4.143930001459134,Port Scan
36.33662006066123,1,0,38.4528517000705,0.0,42.103669550485904,0.0,1058239.6391264892,27520.446269646865,22.292777524069226,27.329356662284876,27.51076096196972,1,0,0,0,51996,45.063934458836776,Port Scan
66991.34502307134,12,20,2797.8940657267535,16748.878927003076,212.9486817845806,863.0647578031768,291780.57234106975,477.673645587791,2286.9055031118596,2131.2891722941094,3431.661863118308,0,0,1,1,80,12564.32226035405,BENIGN
8642.214698797763,11,9,2814.6452111348326,5488.666796084039,244.79727307732105,669.6186807590482,960785.2034009249,2314.2216083548865,360.95821224122545,395.6218794283198,392.31781379184713,0,0,1,1,22,14016.904797422521,BENIGN
49300.813170048496,12,7,2040.8787405040446,4667.418050344755,158.99754382061957,651.5182257793433,136068.68445983893,385.38918079231576,1883.563894871176,2611.6075546960155,2450.2767198837128,1,0,0,1,443,14353.354015763156,BENIGN
1786.6188084785158,137,0,8023.872077902465,0.0,61.48207873117659,39.53440848943299,4491093.477704734,76681.15848207664,10.456817013516241,10.61428056623549,8.912623485871787,1,0,0,0,443,260.72581615242075,DDoS
3022.760509945381,5,2,647.6927678597009,142.06313258835678,125.95472637821466,77.2329150524912,261269.75585714795,2315.76401007253,176.90177913889926,157.07967663374976,274.6271596859227,1,0,0,1,22,1864.3877359321189,Brute Force
142146.52108167,18,12,7310.834339823128,4744.687401236259,412.47919824646135,423.3922573182968,84810.52965153407,211.04983626552183,3997.268524021481,3948.278486616774,6026.850489389766,0,0,1,1,443,12907.018552317963,BENIGN
218.28644120226116,1,0,46.29747962356032,0.0,46.53855735375108,0.0,212095.0773147734,4581.136576748778,14.606392625237314,18.511194962811665,14.605480695148584,1,0,0,1,59500,3.224808266362672,Port Scan
162568.6811543697,10,12,3482.337052848383,9353.873806705815,333.38948058427695,821.441980350929,78958.6946784994,135.32741881020456,6532.245358233535,8838.632760780943,9573.65417600169,0,0,0,1,80,17866.575944482738,BENIGN
2972.5027574994288,7,3,674.110368234866,242.2659615901037,106.16705975242377,73.65107692166386,308284.43388757587,3364.168451911662,306.7813899468523,383.20703104010573,327.8843831969439,1,0,1,1,3389,220.59996305086122,Brute Force
82257.7876464471,16,16,6345.794067864356,15008.63584224035,423.07487092591487,950.2483743992603,259603.7472085727,389.0209172356965,1963.883128130184,1873.02496118395,2409.600108832942,1,0,1,1,443,15048.292260444203,BENIGN
21645.582194036313,7,15,3160.9625210757436,10672.02377595133,472.01202527056245,730.1628099524391,639067.4167608332,1016.3736786003999,1137.0372621805147,1221.3567557685126,1132.3866330594212,1,0,1,1,443,3225.0219759510173,BENIGN
3259.170455747452,158,5,10305.153033132132,270.14538011837266,64.70671929425109,49.29284661002921,3244782.240401472,50012.72630971303,4.883757697510536,6.672272308065766,4.252656776570525,1,0,0,0,80,252.87177151797835,DDoS
1910.826735675633,140,2,11973.503057888176,52.00199827890777,78.77204991765075,26.793682090861076,6293351.894050764,74313.38349460105,20.303112583638665,17.15847493788564,25.514756735837565,1,0,0,0,80,56.26989629540605,DDoS
861.7401224813578,154,2,11917.699406522584,70.56387619651291,71.61293242354783,33.46059208163098,13911692.133121539,181029.05496706147,30.619872710050476,36.99345744822318,31.749426479812268,1,0,0,0,80,294.5510996577849,DDoS
39637.82104892679,11,13,4189.598199844455,12626.821740185955,354.7265384503398,950.2618542463254,424251.87598665245,605.4823238233931,1371.3388392107543,1143.013253755482,1882.9151433582053,1,0,0,1,443,6071.240315689451,BENIGN
119584.01379305833,15,19,5565.362661848753,16008.411208082092,385.0079217215658,802.4978500492733,180406.83855339175,284.31893964386774,3342.6191882642315,3375.5505245732325,3860.9140677242135,0,0,0,1,80,8625.218933143711,BENIGN
3141.652366890005,12,24,3021.3208782802,16371.075614651812,246.58902997068805,665.3494751641808,6172674.194417316,11458.938098755096,78.33883232504827,97.32494467475404,83.79541483120985,1,0,1,1,443,5427.296270809989,BENIGN
3048.7893665467045,133,2,7958.024478091953,76.0671874800427,63.67163987207978,37.78114696397973,2635174.3920807596,44279.871046949855,19.97315946844469,18.560855605836164,25.309194669672106,1,0,0,1,443,74.18669329612416,DDoS
39055.89453704184,15,14,5886.341311591044,10623.313447684071,417.44991405278756,842.0110384487634,422718.6434973815,742.5255609622637,1309.1679159529087,1144.0572969947602,1548.224975636328,0,0,1,1,443,21028.8719811696,BENIGN
795.3513832074913,1,0,45.14353377345922,0.0,49.32868635148321,0.0,56759.23211625593,1257.3059167473907,8.635172930548922,10.65692382005039,10.228579260593353,1,1,0,0,64244,13.417586390873176,Port Scan
14418.87975418863,9,13,3384.1044477181163,9138.090024239726,355.38886068225696,700.4489183012183,868458.2079492126,1525.777340199337,587.6607089748254,592.399268363026,871.8060709641825,0,0,1,1,443,7421.928458786353,BENIGN
3458.7987589602094,9,20,2093.056715368394,18047.845372559434,221.5822513641466,875.8460864968599,5823091.625597387,8384.41378668646,105.7600846567531,122.45275665091398,159.95118486038407,0,0,0,1,53,22810.768367953264,BENIGN
5548.493364843344,12,21,4712.495341906469,16379.060726508667,384.8532086999954,810.464770181227,3801312.2989488575,5947.5605051808,190.33021800109805,174.36548126855598,159.32376669246395,0,0,0,0,53,24462.271209004364,BENIGN
7012.397683213666,4,2,413.07596127204624,243.08890781027785,112.23141479877907,121.12819462613189,93572.11309521947,855.6274574048828,394.7667558516077,384.34788535217155,334.97838101437503,1,1,0,1,22,865.4330077309389,Brute Force
39086.01429801241,17,15,4080.3768021056644,9512.471200590879,256.2315169160416,578.9032838797852,347767.56460910785,818.7071660982136,1005.2623190079571,861.3174258969358,1373.3362705086859,0,0,0,1,443,13514.507845230675,BENIGN
47126.212174188884,16,26,4471.2179010140135,27784.975767833817,259.5128823159897,987.1805059995434,684463.9571205472,891.2237598209406,1112.0000346892757,1544.601710798368,1599.1893605083103,1,0,1,0,53,18064.117262341188,BENIGN
1084.3350921861227,95,2,6276.811020424096,73.07706464819542,63.08348513651028,38.20154019220228,5856020.090865373,89455.74177115191,18.863641929526377,16.970174961607324,24.778384698858275,1,1,0,0,80,398.65144943104565,DDoS
287.78803344757506,124,1,8607.368720753439,52.28305974089017,64.21078002311438,51.11071684220825,30090381.71864021,434347.455321733,21.851231701261746,26.231918815187456,21.181133420698334,1,1,0,0,443,361.1248798297408,DDoS
604.4066159885616,1,0,48.24395734192947,0.0,45.54330110980302,0.0,79820.36606767138,1654.5153106314192,14.037683498357598,12.696835862921269,17.097405094941944,1,0,0,0,1551,47.279234149194465,Port Scan
2082.5619033851144,114,1,10128.76823108778,39.07088553346159,89.21863837638695,37.432119445133196,4882370.651308784,55220.447379293975,8.280679339429893,8.87471125727471,7.6989983510762485,1,0,0,0,80,451.98471009012474,DDoS
12357.878823049377,8,1,786.3704316492734,87.56624730122041,96.89678797614201,94.84374370590947,70718.98757580186,728.2803245500022,352.29208201007003,411.81343736725245,347.17129717587915,1,0,0,1,22,847.284806380671,Brute Force
7789.569860772696,8,15,2499.1119442056215,10950.330561038098,312.890927629423,771.0389312117879,1726596.3006472841,2952.666246158871,249.96876994017117,333.33844641538036,245.34325950759938,1,0,0,1,53,18681.365018407032,BENIGN
91705.46664832102,8,13,2318.322879545059,11062.281539237918,314.8873755015104,931.0380072186368,145908.47097584617,228.9939822293514,4011.6358487206808,3992.438612958682,5413.397169640062,0,0,0,1,80,6509.096427501241,BENIGN
43113.77072036311,7,12,3332.2559462725426,7633.690621849118,461.2756301077419,645.9023602141755,254349.0486890381,440.6944621762367,1531.8671131999847,1696.7847548391476,1623.5761871362006,0,1,0,1,80,865.5617564804477,BENIGN
90551.19421011777,9,10,3581.833888013997,2753.5322538711976,394.65399694825135,286.6227737785996,69964.4681348367,209.8260565831061,3536.336442786385,3947.0106970374804,5593.579689135642,1,0,0,1,443,13082.03955032097,BENIGN
27400.87301511079,12,16,6820.162897406659,16883.587922897408,529.9680272842922,1050.7400636870586,865072.8320675088,1021.8652516859157,937.7370373980884,758.0012398480102,1117.2832022557072,0,1,0,1,443,20970.30868962802,BENIGN
46939.8699366366,15,15,7783.947143166252,9690.283019809394,537.4996445935751,619.1046689288851,372268.3975597683,639.1155331383861,1481.643791824043,1777.0006872376373,1345.792784910782,0,0,1,1,80,13147.192803974896,BENIGN
2944.022765901409,154,1,8536.047446682795,29.02200862497548,56.4806120342757,31.70369836023137,2909308.159743559,52649.04938754496,2.989837746672043,3.8692417760071725,2.6087231262484476,1,0,0,0,443,305.96378185951744,DDoS
9762.147762163013,15,16,7362.336414662416,11358.190128773405,453.0692299097351,679.2033873786917,1917664.7393101833,3175.5307085345007,341.10241677727157,317.6569386246415,441.10224856759146,0,0,0,1,80,15940.99505288991,BENIGN
28011.51503349964,12,15,4535.319104250431,7214.51953116115,399.5740512548837,509.316602140618,419464.5888078409,963.8893136522624,893.8400158102994,756.8091165418028,1239.5858886922558,0,0,0,1,443,9272.482744900562,BENIGN
127607.96049221595,8,19,2820.8912627376562,19222.20110043222,358.539778307506,926.0605904571844,172740.73089283874,211.58554604159661,4593.944790722181,5864.988927237443,6719.064613770311,0,0,0,0,53,19675.601647322193,BENIGN
2268.565182590554,164,1,10372.27098283642,45.926622097154876,64.28459771109307,50.38310273439127,4592417.129948487,72733.19773495806,1.8465354534990874,2.5494016495965637,1.5227614224691826,1,0,0,1,443,46.11395382974561,DDoS
652.2236773639097,152,2,7208.9208396603,73.44616378178958,51.848772826672686,33.913512922729204,11165444.08948048,236115.31648532188,16.220652181314193,13.951067127893683,23.966436884241578,1,0,0,0,80,163.77226820961496,DDoS
86328.32583733017,9,16,3187.687028524613,10038.078206763486,392.36789893652053,595.4207399967993,153203.07798172318,289.5920864619557,2966.4361465814472,3595.364117164469,4010.3569253131773,0,0,0,1,80,10923.147333108662,BENIGN
75080.7214408369,11,5,2054.4037215344856,876.0010813090107,172.5063543255832,170.13216422060324,39030.056539249366,213.1039725371831,14953.397921719845,12221.583559317098,23523.359703137186,0,0,1,1,8080,4520.336834157675,Botnet
139446.20709926443,12,22,3695.3249380694956,6591.757586086521,313.2813467042826,314.3309369449222,73770.97404186249,243.82161915524307,3432.681841147887,3198.710318860667,4303.750019702469,0,0,0,1,8080,8532.214280153614,BENIGN
481.41904133637433,1,0,55.62672942031294,0.0,55.2650611656585,0.0,115547.42260692126,2077.192454257923,37.64290606573471,47.690227377522326,36.65611365757287,1,0,0,0,29083,14.989232506563166,Port Scan
32458.85813911438,24,10,13673.095379223918,3538.9432450611594,596.1049780614119,369.00335058461127,530272.4621586056,1047.4798544754867,829.8492863772882,1057.1559847258327,1102.6134663817713,0,0,1,1,80,683.144922430929,BENIGN
15799.172930697192,17,7,7239.567944268939,5786.84220798435,467.8316877433109,870.2072433204561,824499.4981315426,1519.0668590865862,847.6078139336855,710.3714127309092,866.2930297480094,0,0,1,1,443,13249.646743260351,BENIGN
14344.79945697563,17,21,9146.319620205923,10105.255533448071,536.4047943611504,465.0941107510331,1342059.553456656,2649.043656132903,341.662201888072,470.2469969467182,378.88120078768515,0,0,0,1,443,1456.3567067965803,BENIGN
441.7921836846961,1,1,38.63795975076413,0.0,40.3638628111985,0.0,87457.3185711673,4527.015356675902,36.46188901785848,44.744372779736686,57.94356335244107,1,0,0,0,26624,5.631933338756722,Port Scan
644.7523461582676,1,0,41.53507285023522,0.0,44.976553580374045,0.0,64420.19652618616,1550.983111513222,42.8732825806608,49.30431421415408,38.82719934222871,1,1,0,0,7453,4.952258378423635,Port Scan
2326.593976641231,147,1,12262.134484324079,50.682526385839765,83.57287018523587,49.938655940756995,5292207.034974456,63612.30257015409,6.427150424577714,5.645109155321398,5.975613167075625,1,0,0,0,80,354.17656318480107,DDoS
25970.792060974723,19,19,10063.164599798936,16708.28820872303,492.68355402306327,870.557090142962,1030829.2771998418,1463.182174451317,788.275549146407,810.5214618219816,1028.549663280036,1,0,0,0,80,8482.404424011935,BENIGN
4605.553296031059,7,1,921.0129867900189,56.02090057217353,131.26505253802947,56.606014783362674,212142.5645435856,1737.033421563959,307.89524514386426,357.0845911503229,349.35641894812557,1,1,1,1,3389,2840.9844024114273,Brute Force
389.64187785504663,143,1,8363.610258297718,50.819411698707306,59.10523920928419,46.60920896084514,21595290.82530173,369570.13140556327,10.349181013173627,11.737559338421066,15.013466639156952,1,0,0,1,80,431.8734393458701,DDoS
40922.9573005069,13,20,6968.702533310663,14736.378505342542,541.1988238197481,798.3382934524112,530388.8689976066,806.3933346183474,1248.6020750858781,1121.458343592563,1304.9374946128985,0,0,1,1,53,7450.997761797805,BENIGN
10066.318933990015,10,1,875.8041425689219,135.30856130740906,90.40444571392338,123.29805373020693,100445.1289996584,1092.7529787335975,399.6179990289856,372.22303044865237,550.6802347479004,1,0,0,1,3389,423.4917063493888,BENIGN
113109.16011092177,19,16,5455.864208076731,14855.888835072947,274.7745258939096,981.6227317075321,179576.55262607138,309.43559271129635,3301.3935346920352,3237.9382099966515,3677.487375583689,0,0,0,1,443,9394.409755812354,BENIGN
9937.921847270993,7,1,821.5255772886626,106.45096939157368,125.4439019853914,106.79886408361983,93377.32384513205,804.9972743745055,275.4242941414868,328.99673622177147,430.9045511771485,1,0,1,1,3389,442.4792593068652,BENIGN
6518.424697033054,12,15,1505.739706587989,13304.684799958868,122.05032947146043,971.8883710031655,2272086.461823823,4142.105072148705,313.4035407273126,351.0348972022039,332.3426060569726,0,0,1,1,443,24897.422061358295,BENIGN
27504.796962080134,16,7,5072.761939936801,3415.094327360129,294.28673086001845,517.9786598128386,308595.4889613921,836.2177707295664,1045.0971288951139,1267.6245909502177,1457.0875201933723,0,0,0,1,443,10630.958496207315,BENIGN
1036.2408054823538,96,0,5038.360429775896,0.0,51.802378748882745,22.791750358406617,4862152.120549449,92642.5590384983,22.232975022270068,20.06724896613983,31.908415447145245,1,0,0,0,80,491.7369290685403,DDoS
15872.986473809051,3,1,308.66939576322693,60.94460974025594,108.82604135405441,66.96790659770303,23285.725475376556,252.00046674267202,96.10470485301137,97.38686262458833,125.40501258198434,1,0,1,1,22,1346.0602570587246,Brute Force
64305.369795760445,12,14,3479.729692741755,10459.580708033629,269.13856457805326,790.9916364334533,216767.44018497787,404.3208223913229,2381.181156348802,2010.2035954093722,2386.0334602475937,0,0,0,1,8080,22978.169429019366,BENIGN
7879.676601074657,10,2,1179.066634370216,172.3433968556125,118.07302134092019,80.81844043024257,171505.7736051653,1522.9051403408357,266.87340547262,283.8626614927405,280.2679308302965,1,0,1,1,22,1914.2207577195948,Brute Force
70491.70458994216,9,17,2493.79741696334,10498.421825845931,282.1952356553602,621.4654289445675,184308.48450021757,368.8377256763019,2078.0314806004562,2704.7654461082257,2230.6590723743834,0,0,1,1,443,12984.382208778437,BENIGN
1020.9351143723449,160,0,8838.3575832474,0.0,56.684717630565146,35.931491326027,8657119.79030233,156719.06837915504,15.069975624089363,13.008746229427372,15.232543589988115,1,0,1,0,80,439.99992210379634,DDoS
60555.36523470421,13,22,2543.8850391125316,10680.736895270737,203.68463400377,463.23576275389524,218388.9385048949,577.9834679279837,1415.2561695333231,1230.2219476519283,1570.722331201307,0,0,0,1,443,3478.751068451883,BENIGN
11138.239098273823,6,5,762.630119509457,220.62745975313155,126.10215601633426,46.1428818927147,88277.65058616595,987.5887833746318,341.8728472863382,437.9975575717109,542.051199264647,1,0,1,1,22,2004.7029789466158,Brute Force
663.301845497012,1,0,42.534342846106064,0.0,40.17108585207092,0.0,64125.1688576791,1507.6092532965895,41.237464204245796,35.000023768479686,60.62214263629907,1,0,0,0,48780,3.5709151011407867,Port Scan
9628.29916392804,7,11,3418.905122067682,9492.115659574709,445.4874088964724,884.3222433029915,1340945.120402252,1869.489064842951,476.4506971685183,609.6712960381935,395.885395341145,0,0,1,1,443,14871.137425942208,BENIGN
474.9844819016575,112,2,5649.885169670256,106.50921766962804,52.96299068010234,53.21076031465738,12119120.953790883,240007.84097953537,7.331151816835747,7.629852817220174,10.05675711536954,1,0,0,0,443,392.06477301429607,DDoS
1842.1472812510194,108,3,4734.415435794377,89.35885343063053,42.928976813584896,31.36185277366294,2618560.599535309,60255.7684337915,24.489108401263497,22.260251107465955,38.97754788103142,1,0,0,1,53,94.49665541259436,DDoS
150377.50429135477,9,10,1988.898757017732,6525.449410336966,222.35915772287655,677.7679621011846,56619.82626642241,126.34868552671088,8161.2606934987925,10245.713071868506,8608.984696890078,0,0,1,1,443,24937.922210225697,BENIGN
23534.989704315358,16,14,8124.28186666124,7084.528590197329,490.39732563113876,555.2865604788567,646221.2496345342,1274.6978170336408,1152.5666775421769,1108.6152025388224,1049.8236458075219,0,0,1,1,443,4082.270705819085,BENIGN
6295.852456761253,7,2,878.4406343456768,155.5416067250074,125.48845946350266,71.0719402812998,164232.2859647494,1429.5125341342305,394.89139127597343,353.5951116495789,488.5810032407735,1,0,1,1,3389,1667.991016136627,Brute Force
28007.68927257193,16,8,4979.073884373804,4752.567369419088,294.86214419353723,587.902346952982,347463.1969486728,856.907535870991,1491.3395161045328,1899.9936338196578,2067.019039193257,0,0,0,1,443,23934.352199843393,BENIGN
26315.110962488,7,9,1193.040571300432,6172.027727691714,164.29438093903872,732.269504166437,279879.8116219611,608.0156767268769,1381.907095440358,1917.036976312553,1835.4967781468015,0,0,1,1,443,18265.947432889097,BENIGN
200668.41468887916,12,12,3604.8325048469133,4539.928537141343,277.9654167296203,383.46965278273484,40588.156609579426,119.60028705668573,6351.5861461597915,8849.905269680936,5859.932314467248,0,0,0,1,80,1159.3183363488893,BENIGN
68655.70142825744,7,3,1185.9312030174042,519.1180999646939,185.1487779862882,160.16177109049883,24834.780906925975,145.6543272003362,15023.535043030115,12467.316139332532,16675.75555418789,1,0,1,1,9001,4442.790979448875,Botnet
871.0458325377343,10,21,2068.786252899593,7604.013752196476,205.75555791007594,359.8626333948844,11104811.760496007,35589.401661774275,27.97820179284318,28.185601593927583,36.04296306652884,0,0,1,1,80,4623.964971184116,BENIGN
147.14827939790197,1,0,49.705104880532296,0.0,47.77443329815302,0.0,337789.2360271865,6795.8660753070135,34.041214333163154,42.55449429159219,39.7963229779444,1,0,0,0,33945,0.9545102059655419,Port Scan
50.510331761873125,1,0,39.71746870252514,0.0,40.0,0.0,786323.6553220425,19797.929752558728,47.97230182200104,62.009194531005086,48.47207504354583,1,1,0,0,4263,30.06324861415853,Port Scan
78.3077652912625,1,0,38.06121051720023,0.0,40.0,0.0,486046.4396555454,12770.125622670259,11.129122627128016,10.456639247855621,16.972130565002047,1,1,0,0,34934,45.013280722246925,Port Scan
19588.435901266883,11,14,2994.1066611615597,16624.527150027116,298.7324171814655,1132.0505646791878,1001541.6192530125,1276.2632058021093,720.657113040953,775.6225568565632,697.7648417914297,0,0,0,0,443,2878.698528657668,BENIGN
56.41864963312551,1,0,47.73582985448228,0.0,46.88048158658261,0.0,846100.1843343443,17724.635497352676,48.613346243082525,58.772083779623536,47.76202580296869,1,0,0,0,58932,27.641245194108492,Port Scan
53507.77501832188,10,12,2518.039458212535,6584.294485484387,275.2762620264399,512.8159361837385,170112.36106491333,411.155201136038,2347.749344937395,2517.599599105802,2718.912679830184,0,0,1,1,443,12411.00011586638,BENIGN
559.4829200961967,154,3,7558.566065608339,129.85695713938156,48.39735785566626,41.63488074887899,13742015.612247437,280616.25182946713,8.56692960616451,7.819854779331301,7.626104074677497,1,0,0,1,443,407.0538676195958,DDoS
98438.60506841021,13,11,4655.130628943918,8286.203867283602,338.9773606708826,722.4765743363591,131466.0491911065,243.80678681215696,3455.8443727939803,4138.199621730781,3385.212762052759,0,0,1,1,443,19890.807048580464,BENIGN
571.5500477499324,1,0,42.42025556772016,0.0,45.02719362990004,0.0,74219.66936179854,1749.6280578346223,36.313895050738935,37.83721800876842,32.40204654562175,1,1,0,0,33086,39.65316856437632,Port Scan
832.1881764349858,1,0,43.53751572843656,0.0,40.0,0.0,52316.91216155833,1201.6512951240234,39.31716349918588,43.90596304158364,44.349737846029996,1,1,0,0,7326,18.757379884771797,Port Scan
34512.92961025211,12,10,3702.1097048246816,8134.863755209829,335.9545920810799,811.4261154844762,342972.1438807769,637.442264346776,2196.756007642882,2493.440809604691,2101.9885804108912,1,0,0,1,80,10514.26587863001,BENIGN
2300.587232328016,11,17,4660.693156256305,14218.78338091889,470.7668004926862,802.3786419452202,8206372.821634166,12170.805612820066,66.43354489146282,79.3905367039148,54.303577807331195,1,0,0,1,53,13050.524227533857,BENIGN
2572.786913871893,10,15,4827.648395194138,14914.106990921111,448.7495742461291,922.0142360201447,7673295.942105469,9717.089225386519,82.82665113955406,68.21850210362047,101.51702310633839,0,0,0,1,80,9325.910779127713,BENIGN
2045.5457110756108,10,7,2938.9547527822524,5036.529792876093,284.00552098490186,696.9789067605137,3898952.002135699,8310.740702568253,143.0697155659979,148.9616434223922,129.39280251764413,0,0,0,1,22,4972.985765431156,BENIGN
2328.782532950995,166,4,9981.21684572071,169.50209588122735,64.03346721846486,43.86879921735185,4358809.291110197,72999.51695557368,18.347264339357544,24.008352540156427,20.137016745644512,1,0,0,0,80,14.963456720260393,DDoS
395.2262951378409,1,0,45.08724423610764,0.0,43.48018573382026,0.0,114079.56603793988,2530.196022638715,49.97736273576149,62.580983642447706,66.3235648606216,1,0,0,0,28608,32.70079059435753,Port Scan
1954.6333444041204,13,13,3470.392343554169,14405.35293472519,245.68531177424407,1077.3867721757476,9145318.905694237,13301.727443888576,65.96119622232335,87.63236524689461,94.96102878426949,0,0,1,1,443,20120.83574751171,BENIGN
3035.796882527401,7,13,1430.81536282398,12801.090860274873,205.27205902795905,1043.965438156401,4688029.790468169,6588.056043904144,90.72001407657808,117.3597227249451,75.04695541833816,1,0,1,1,443,24555.757595344392,BENIGN
9327.77625066853,5,4,488.65840027418164,234.83190188478216,105.60344091534303,64.86403906812602,77562.9992311523,964.860193698896,319.72526318453237,367.24552254343683,380.6683724245097,1,0,1,1,22,893.7609228868504,Brute Force
146353.5400154647,9,17,3546.155441370864,17401.32611416038,424.4795441131278,962.854656803488,143129.31243971133,177.6520062121672,4219.091968134663,5877.055794240192,4237.034966261889,0,0,0,1,80,10392.831810520827,BENIGN
4447.320157563942,16,22,3997.804921447459,17677.847139153117,277.43891274763155,815.9391090632819,4873868.14815545,8544.47142407099,107.91012245409284,107.11932614054466,100.64020974938924,0,0,0,1,443,9135.452942958673,BENIGN
7970.706377509986,12,22,4578.924103938838,24974.263457504545,389.2971613096819,1133.0546154567346,3707725.0323547446,4265.619430660981,293.13347033517164,334.4733717564935,392.70532427726926,0,0,0,1,443,18686.741305653868,BENIGN
70841.1108872894,16,12,4935.431471831268,10657.966811534858,315.81764345393105,949.8529612765637,220117.9242964689,395.25071881705736,2445.3162911087766,2221.034959783647,3070.8004520621207,1,0,1,1,443,8166.958604114467,BENIGN
55142.86382506253,6,20,2861.693148716035,18650.58233864768,496.6286421296742,848.0597122272882,390118.9382475697,471.5025335369497,2390.210706382819,2496.517217600219,2712.160605980772,0,0,1,1,443,12804.171985165893,Port Scan
133068.13602940767,10,23,4248.477755497787,13171.729930477895,469.45563195051807,528.8759762961641,130911.93884406607,247.99325356678247,3865.1159826059757,4081.681290888396,4387.968638309188,0,0,1,1,8080,23461.092789226434,BENIGN
49777.52842148989,12,10,3496.150632074099,8646.724476717607,297.0996319471375,788.1476266829143,243942.90945850578,441.96649969672234,1733.781799453505,2389.1025039207047,2058.9894719774065,0,0,1,1,443,2373.4658403096846,BENIGN
50538.47952680764,17,18,7154.56699647932,12758.71390339266,384.22908729851395,777.3607348458709,394022.16066490824,692.5416104264591,1459.3567170613803,1681.9290266302673,2173.6936064541997,0,0,1,1,443,16953.068880211853,BENIGN
57779.263937890806,7,11,986.857315413193,1332.9422845699028,155.70652887512006,114.52643515271478,40149.34497048524,311.53044835165963,16923.69884710147,21381.67504822568,15949.255382161398,1,0,0,1,9001,6271.320327341225,Botnet
261.10911283544783,130,0,6917.375531887661,0.0,58.26915862321114,46.29830635487508,26492279.249736577,497876.1506570879,14.483545947195033,19.12836851101334,11.938752971921277,1,0,0,0,443,162.01030187454703,DDoS
405.37875021151854,1,0,45.82010746398218,0.0,45.122051269221274,0.0,113030.36343191193,2466.8288593771135,24.959339118563946,30.24036512615502,39.19163321475048,1,0,0,1,48076,10.537913900611805,Port Scan
8537.379380477963,19,15,5815.486404081404,11994.587785680089,316.0738161761099,758.1454664426407,2086128.9391082912,3982.4867192555894,247.4426864140373,265.64009611242477,395.72904781572845,0,0,0,1,443,18855.850123047567,BENIGN
2208.9070038477025,118,1,8919.782830918388,47.190561635467915,70.55392690446085,50.386334808822355,4059461.7052389504,53872.79762919557,5.291415185298442,7.07581069274815,5.5263307409608196,1,1,0,0,443,369.95823305895436,DDoS
139007.35500488812,15,15,6484.828166115028,6626.702811068315,406.18167175300795,456.1792008297911,94322.57003035762,215.81591850981602,3167.092395995437,3025.097584403818,3246.043426230657,0,0,0,1,443,24191.78710551106,BENIGN
703.6214474107044,110,4,9291.424403831395,220.1796836107799,79.27288365388057,50.8993523155185,13518070.15326843,162018.93847823277,3.7951532960323036,5.015581719052377,3.3800642784049537,1,0,0,0,443,175.3513436958673,DDoS
141579.46801917301,12,12,4760.389946519883,7509.986899459739,367.5293575558127,647.8226109317989,86667.7705295371,169.51610523603512,4367.326029620867,4183.907454672081,4265.541829467549,1,0,0,1,443,18813.45787577463,BENIGN
96011.0433253485,10,13,3525.28246656406,9713.620264921456,347.50414146540965,751.9634284748471,137889.3747318568,239.55577612109568,3261.80094743042,3188.365547029379,2909.9511703817952,0,0,0,1,8080,20080.817858089376,BENIGN
18728.034490235877,11,11,3779.952081640161,7998.942703430007,375.90952031485267,754.548699952305,628944.526517786,1174.7094982909182,777.6195949115765,889.9026919722097,1050.9244723649272,0,0,1,0,443,22692.51214391517,BENIGN
143474.08666271297,9,19,1815.4975033638905,13472.235033660849,221.19953750068666,745.8402721299316,106553.96310668984,195.15719285130555,4214.007894426895,5088.317068167001,3869.1086406586614,0,0,0,1,53,6969.941376428412,BENIGN
122317.33779901607,9,21,2206.9614475172025,9992.34884519626,223.45255071507117,434.46811483915315,99734.92321062922,245.26367675933284,4979.363030186428,5531.72204324415,4849.661659262312,0,0,1,1,443,4934.915238876224,BENIGN
2332.522640928124,138,1,9004.417212675771,52.044969056623195,69.15687871469035,48.66371546718388,3882689.9352748734,59592.13323849715,10.383780140708426,13.937539264771635,14.259370710612473,1,0,0,0,443,212.99928149909223,BENIGN
3046.250810164894,9,14,3213.0549169410083,7211.674536765491,391.8892868422754,523.7522730574701,3422150.736544968,7550.264713349393,106.41107315428086,134.57192637930638,148.8525872103084,1,0,0,0,443,13359.985380649952,BENIGN
23281.061962123124,17,7,8792.063575825498,5468.01276869506,518.7939489503306,802.0818578120305,612518.2935263364,1030.8808094341464,782.3606362656848,994.0974422760438,1041.320913412093,0,0,1,1,443,21979.14297686567,BENIGN
80042.03568606862,8,9,2248.1930677829137,4845.692160827149,268.2654799099,506.83913064781615,88626.99665002097,212.38840134795402,4190.307571669116,4266.4119191201635,6631.615759931798,0,0,1,0,443,5508.298743159455,BENIGN
72.51266185398883,1,0,36.442634963864414,0.0,40.05784963277758,0.0,502569.26214135037,13790.694954952769,45.14670048177126,43.14601950979725,51.11182351855441,1,1,0,0,50089,4.894423056204827,Port Scan
793.9909359044606,154,2,11168.565876470573,77.84509314202823,73.26534162350057,37.946677282914145,14164407.250822648,196475.79455336652,43.744765458831054,58.57907890711998,51.21804718727183,1,0,0,0,443,338.8075095824812,DDoS
2407.797331489125,154,1,9100.154464227973,33.53435917850589,58.99757778073021,36.01353280224889,3793379.411114167,64374.18879608891,8.90995454141044,11.671652254828164,11.271502640616593,1,0,0,1,443,257.9991234749897,DDoS
46294.90518253128,12,18,3005.335077468818,19879.69596225423,235.18476698486475,1144.3441732077931,494331.5241599931,648.0194717262337,1192.8685108654568,978.4968864003405,1703.085968174043,0,0,1,1,443,11470.49303868238,BENIGN
35083.34362329378,9,14,2789.0996822349343,13132.675713222407,332.3573686452011,937.0343833358748,453827.1940786736,655.5817554609881,1173.1785806844148,1102.7119138628466,1738.8296823096211,0,0,0,1,443,11050.65578208115,BENIGN
15.342924372383074,1,0,44.809053426749315,0.0,44.57365699100229,0.0,2920502.789377273,65176.623160574134,38.65889298890542,42.17781027253064,49.41968076128156,1,0,0,1,30987,6.5824018666578,Port Scan
2324.713241398962,121,2,8504.888985648924,116.21517998088751,69.26047838210852,60.0,3708459.182020152,52909.75153820747,1.4486575727332698,1.2700336744431993,1.2099879929738482,1,0,0,0,80,86.29893771755661,DDoS
133.32702098101026,1,0,48.53037324195848,0.0,53.60801617294275,0.0,363995.03180132294,7500.355086628912,15.755329131764423,20.243062561494312,22.922404539013648,1,0,0,0,23933,49.04489081189614,Port Scan
173.80438328437026,1,0,41.70119339371476,0.0,43.634758902354,0.0,239931.77045187232,5753.594823692385,11.296312225296331,14.669877044904789,13.585633272792649,1,0,0,1,32893,10.888237415925527,Port Scan
11757.130381825513,15,7,3731.650501326463,3829.036122370341,273.7857273062376,591.9189696099012,643072.4486465096,1871.2049016661574,506.5027327452166,482.2935612032449,754.3532108939717,0,0,0,1,22,23202.45105166034,BENIGN
424.4541860297805,1,0,45.83890531139682,0.0,48.93151917035682,0.0,107994.94225786874,2355.9668697196876,29.929462102321644,35.45135077086029,41.73448042089087,1,0,0,0,3618,49.118555851185604,Port Scan
181.22708240991213,1,0,44.4275479277303,0.0,48.57049299295073,0.0,245148.50284485053,5517.93907788092,26.505330490540466,36.275310087763756,39.955911181042325,1,1,0,0,32413,27.348593091646983,Port Scan
50371.41879690714,12,4,3012.5961857317347,743.2552459904979,229.6786985666588,176.14908731020338,74563.14555810855,317.64044734396913,15741.21399404703,19456.20672529196,15747.576467145162,1,0,1,1,9001,4821.0369551353515,Botnet
44237.5083780516,11,11,3905.2418717051714,8129.883182054717,343.4168357554003,749.9109153575049,272057.02796161786,497.31553169742443,1539.5391765404243,1962.8529614255679,1617.923904915666,0,0,0,1,443,6082.059918704775,BENIGN
50024.17201172501,14,17,5121.174508943818,10046.487273395827,342.5086668235739,577.285479422668,303206.65335119475,619.7004118875573,1517.4055483913633,1692.0724293217609,1761.1915314884943,0,0,0,1,443,5294.743225620039,BENIGN
162678.47416518404,15,15,3758.5309931615643,12964.417102132871,254.76548192275754,898.0004449678011,102797.54700867136,184.4128435181777,5298.353266083015,6866.118648118469,4401.4710712426195,0,0,1,1,443,17365.282527077507,BENIGN
93.26599698265905,1,0,41.35300566913825,0.0,44.47208418307753,0.0,443387.80484839523,10722.021233375439,22.07722362616431,29.167407665211744,18.424249209387227,1,1,0,0,53137,29.228971437482503,BENIGN
89565.23702155729,13,20,5568.357353748915,21162.697771670668,419.3606125501159,970.8056623480454,298453.46268648555,368.44652118831874,2273.523677759154,2788.289663999101,3609.159239845085,0,0,0,1,443,22870.13101814802,BENIGN
176.91496803263738,1,0,43.09163819151825,0.0,42.4827599072761,0.0,243572.59688489826,5652.432980207302,8.762950269627007,8.165369190633303,12.008089013507478,1,0,0,0,34052,40.77635839721687,Port Scan
16854.99734039357,9,11,3949.164330832903,8043.469427220298,406.32869049893105,740.5176482717332,711517.9857852871,1186.5917031069075,733.2251308766542,823.1884246116787,601.6964858984624,0,0,0,1,443,5728.685483708379,BENIGN
33899.1516937187,15,10,6439.225151491199,6502.43355430145,426.15140342617116,687.7747019155034,381769.39714366535,737.4815814235359,1315.4066485855594,1807.750731739604,1745.667767248807,0,1,0,1,8080,12130.298610784474,BENIGN
2424.935130087475,125,0,9387.237294287379,0.0,78.16061461285746,31.381115322611244,3871129.242928965,51547.77068015459,3.5350806770597236,3.1740326679826505,3.683983212461356,1,0,0,1,53,45.3959178147702,DDoS
106932.13640609778,23,12,9119.540508529752,9432.244114726545,411.64883747881817,803.8248571079262,173491.19962217816,327.31039682102653,4225.255593265941,4671.238503189929,4772.234309161282,0,0,1,1,80,2353.7345839221207,BENIGN
53822.565005337136,13,12,5402.4072187152,10845.415642856848,425.96079676254243,929.2847122288287,301877.52776109584,464.48919700354224,2138.1014670127174,2748.275094699174,2532.941978924645,0,0,0,1,8080,15373.391331309003,BENIGN
1724.881452340848,129,1,9605.622882775262,49.220743510799956,75.10676160516533,44.826801858239804,5597395.4692268325,75367.49834232152,15.355468326301999,17.072619043861902,14.878154105375678,1,0,0,1,443,418.6270394915566,DDoS
50396.20071920758,10,14,3681.338576251672,10524.499846432447,358.8787314611973,824.0617955127541,281883.1225360571,476.22637535160146,1746.7697315604141,2204.6983111079353,1563.2751452194025,1,0,0,1,80,11453.819364067502,BENIGN
23947.53666493836,12,11,5392.326305479842,10063.17672853479,476.15832941550184,959.4679553130411,645390.0979570508,960.4328128527036,766.4309773084085,721.5972625734477,703.2239121935171,0,0,0,1,80,21340.113216191312,BENIGN
37242.918851399096,15,18,3883.2616461908933,8487.390373571556,270.8353757118161,431.53248002310164,332161.1839588057,886.0744812100112,940.3818466124396,1232.1317316182958,970.7751433680503,1,0,1,1,443,14552.627162819623,BENIGN
36446.81464107339,13,28,4398.428065464701,11579.664850059267,357.5378690592734,400.1660518140997,438394.76982763835,1124.9268393895647,759.7247888254977,629.4422193348498,804.20991951572,0,0,0,1,80,543.2061229384402,BENIGN
88229.2714618414,18,20,7171.42272019014,14621.443788741428,362.41297303465217,702.8038869161826,247002.68003864054,430.6960645870771,1993.8761012651473,2488.2665071591437,1641.5673947225403,0,0,1,1,443,18039.327204302816,BENIGN
64427.9516737488,10,13,3096.2086721656988,12213.259247685875,320.85367698537146,1006.7773724686745,237621.52174844668,356.98791289326925,2810.4292813058582,3726.546400151062,3133.7880745667976,0,0,1,1,443,7772.395615836497,BENIGN
13753.852166772282,13,15,5952.03405257242,8404.602258246667,439.33748097275014,598.7197016562263,1043826.5684942477,2035.793293434167,452.2624295321838,497.2900216054461,527.5102392246217,0,0,1,1,443,22076.99461092975,BENIGN
252.73698873319333,1,1,39.66967349564047,0.0,40.0,0.0,156960.29969526353,7913.364838382792,17.60420192999841,21.034417418869,26.944755122905985,1,0,0,0,2517,33.39405931434415,Port Scan
34062.70149772629,17,10,3566.401052611071,6401.549352177226,230.5534750656085,657.3873063752931,292635.3450108373,792.655861479521,1542.314796091974,2021.5070850408974,2086.252974821864,0,0,1,1,8080,11774.212979802867,BENIGN
1679.7847406888511,165,0,12632.009900488072,0.0,77.39362941593862,30.335219271598504,7520017.056059159,98226.87157661423,7.173176615794146,7.297462796521743,8.171733226567834,1,0,0,0,80,162.2586889343991,DDoS
8958.790485712667,10,21,3102.0289016785964,28646.847891443904,318.79019382193337,1311.339991632071,3543879.817677966,3460.2885344219503,269.2358203795226,247.61712467478014,370.58181206439235,1,0,0,1,443,10902.622782717035,BENIGN
159130.3124020556,8,16,2715.028209685484,12913.343792260936,312.20461647709874,809.4525179696856,98211.1564166359,150.81978812033032,5807.652227866521,5522.263563488059,6006.834056974402,0,0,0,1,443,12773.9950080787,BENIGN
723.0118106075962,139,3,8712.645172069788,132.1576344952226,61.484367734740616,47.907257462110245,12233275.690382041,196400.6644382029,4.270299186856825,3.74368354061109,5.477331549586747,1,0,0,0,53,36.59615923247124,DDoS
138.40393295179365,1,0,43.95318267555545,0.0,40.0,0.0,317571.7751522598,7225.228204665989,5.931213012046336,6.701885305165855,7.192184830551903,1,0,0,0,4134,15.084560408666508,Port Scan
50327.64283550189,14,9,2811.037808952896,1776.9056422834653,209.32504421705679,204.81696635443882,91161.50077269178,457.0053096898758,15201.600372693441,12478.726187318218,20146.844753630496,0,0,0,1,6667,6457.1065569930815,Botnet
47441.83694191737,13,10,5115.565926532372,8452.312785520437,380.9952470639496,810.429963080718,285989.742105978,484.8041619501096,1518.4392757761282,1890.9929754483983,1666.9002854312023,1,0,0,1,443,22632.06340394881,BENIGN
96935.34612177084,17,14,3635.195187503844,9919.915796997419,210.73676554473712,784.8525025220204,139836.61818747973,319.80078722840267,2586.7776465910633,2207.625973055368,3633.3096898786766,0,0,1,1,22,22515.418405691547,BENIGN
383.83800754039424,1,1,52.44318033423391,0.0,50.066926331095836,0.0,136628.4195520031,5210.531423961512,41.95685865150414,54.14922087383912,43.27046400619657,1,1,0,0,3912,49.53664536695701,Port Scan
43338.983280719556,10,16,4384.818577222364,9371.71389713322,465.7594256636354,603.6838316829375,317417.0558005574,599.9217801578368,1896.566089500659,2128.857918166537,2160.837713153907,0,0,1,0,443,5051.878200060535,BENIGN
2263.285595633458,11,14,4543.38457113422,6743.534078775667,451.1907066492379,441.79035500661536,4986961.730188035,11045.88835285849,86.69969938979186,103.64659618352775,92.65425436168958,0,0,1,1,53,22598.082536950296,BENIGN
124767.07262235427,11,9,3219.7322479123814,4702.36151290403,288.94863333246553,548.4335895302777,63495.06800400016,160.29870365345607,7164.214632771033,6133.466203242115,10385.710077263424,0,0,1,1,80,575.3807064816564,BENIGN
185.0566598167728,138,0,8329.10689425991,0.0,55.952918596482576,43.04498608096126,45008414.73366415,745717.5555672287,14.293357549809738,12.937363327494754,20.88193524684823,1,0,0,0,80,493.47158853618873,BENIGN
77649.91677847001,14,6,2625.0277238322233,1097.1821086001348,200.92934513628038,170.91400660057263,47935.78649995945,257.5662773349604,14998.659535302824,20403.34825547191,23869.504205018806,0,0,1,1,9001,3969.301588146081,Botnet
7643.270119369457,13,8,4746.4509205656,8551.55524190584,380.1972493611754,997.2242394560865,1739832.0293262748,2747.5150913196335,329.96383129912897,338.72432384530924,296.5801402255156,0,0,1,1,53,675.7641753295301,BENIGN
758.4419334216021,2,0,90.29800199372946,0.0,47.21463287800559,0.0,119057.23828634179,2636.984997621751,12.09016086884596,14.972889420083817,11.110469838608696,1,1,0,0,58104,15.321756262653441,Port Scan
5243.643655998334,3,2,304.64066476087294,196.35467836564868,97.62084777424243,106.704465197849,95543.36182883455,953.5354284192016,338.6853629553417,313.74829290259106,385.00868349812094,1,0,0,1,22,2717.068546789883,Brute Force
52587.73695746518,13,10,4577.266661863806,8287.861281098913,359.79685463006064,781.1679499359086,244641.21651343332,437.3643235228626,1801.8193745742028,1924.9038802801851,1892.4185436606983,0,0,0,1,443,8235.161171364034,BENIGN
31778.855367801752,12,14,4424.129434751832,9184.015508519817,366.9532383128002,695.4524933703802,428213.8165699758,818.1540744335031,1092.261636246209,1416.5021231807002,1115.9975802604527,1,0,1,1,8080,10621.340652878305,BENIGN
462.31425231117277,1,0,47.07133502883886,0.0,48.64065259347574,0.0,101816.75082159539,2163.0308713193717,24.84865618730505,29.957626356292185,19.95458287718465,1,0,0,0,33069,2.064953549799975,Port Scan
2290.2488257323826,135,1,7592.210459081404,36.164750905108065,56.71058356779219,39.87697104709351,3330806.296799252,59382.193965980754,34.01415145331048,32.8305875239225,47.08954162652281,1,1,0,0,53,132.3121721343051,DDoS
916.438477006892,123,0,7042.752482352244,0.0,56.66703572288261,26.21040324439089,7684915.746176467,134215.22893901257,10.390844004660458,12.73959737978327,12.211459847274005,1,0,0,0,443,293.3739149396578,DDoS
106982.34257758598,10,11,2476.6543578072396,4932.8557245543025,249.18836802117707,456.3144809962315,69259.18711293876,196.29407520937704,3588.067648670973,3614.618264001494,4182.835297401415,0,0,1,1,80,17610.6732419101,BENIGN
4092.1931807973947,3,5,492.6888514792683,452.7593537142107,171.85092094719695,82.8122543531134,231037.04136695995,1954.9419214957834,328.3704046360454,423.9005485117647,430.67949332531776,1,0,0,1,443,1739.9771472197808,Brute Force
15394.55945916613,12,14,3594.545264475611,14074.881593754504,309.3661269299864,1002.6625572247067,1147770.8670454677,1688.9083490154208,721.2136275852051,723.791870207195,867.0041436738193,0,0,0,1,8080,19673.637305877437,BENIGN
155690.13051859484,12,12,4304.224607421783,7758.046686879302,370.2086084962041,672.4815243347953,77476.14607375789,154.15235326772086,6037.938729720944,7377.779539071303,7367.696937315047,0,0,1,0,443,15791.95276452501,BENIGN
1722.716474318269,104,1,8575.15065894092,28.000015544933156,82.16794715794852,27.04862586621118,4993944.623354449,60950.25012258716,38.95635650564872,33.100534246742384,53.130272890293284,1,0,0,0,80,181.30898422697797,DDoS
18614.129907175262,14,13,6254.92671625672,15403.684704877638,414.8612229063066,1154.9584871353431,1163557.5516632409,1450.5109900190503,651.3056375781648,715.4839136943087,788.8636795672211,0,0,0,1,80,2031.3110585366,BENIGN
839.6306497381737,181,4,8066.595206380763,182.35113861809896,48.00455868754291,44.85629864146333,9824494.076736208,220334.97712082032,3.889666136879821,3.7323592669138534,6.114925387504307,1,0,0,1,443,30.20693882969581,DDoS
114362.34781162845,11,12,3177.4958692040846,11312.881556199192,283.6381720570023,987.2674606765479,126705.8407131607,201.11514357753805,5390.574769754964,6421.949991710094,7931.588651773733,0,0,0,1,443,14408.84573034237,BENIGN
45220.66940681404,11,10,4905.283705830937,8857.750651670282,490.1030628051152,928.3541991212551,304352.7337838866,464.3894103176552,2035.5514964382382,2161.6560940770455,2398.762142037882,0,0,0,0,443,13770.15119179569,BENIGN
226.94986531059047,1,0,41.27697250803042,0.0,40.0,0.0,181877.05223592508,4406.259499786253,30.807981204344536,31.338820758944482,34.819116087307286,1,0,0,0,58929,6.6762734466878975,Port Scan
94712.05865471225,14,10,4100.4737812275725,8321.391091683838,311.0933071101646,818.2008733186424,131153.9950598823,253.39962345761893,3265.157338654361,3901.2842705092526,5006.552803020883,0,0,0,0,80,6410.420825459659,BENIGN
776.9991338190697,172,1,8667.002235350361,59.83792662191414,52.27880423336244,56.9912684205262,11231467.040482426,222651.47085773252,12.656829200625697,16.039024312810618,11.782001636682592,1,1,0,0,80,89.16218244760069,DDoS
908.583660273704,162,1,10217.958783576512,27.602671455540726,58.56842852684646,27.082602813932724,11276409.540477159,179400.10053768463,49.677615990691145,62.26987030242744,51.56447235290273,1,1,0,0,443,37.26831943945463,DDoS
2912.475511434441,7,4,442.24309215143967,386.4060469069447,69.85869554572923,95.69983787365257,284517.11810282705,3776.8557904826203,321.8485430711477,364.8123118185955,366.84590118005815,1,1,1,1,3389,2150.0576928309692,Brute Force
25929.442385025286,16,16,5875.907829581162,990.7293637876123,339.17137616707447,65.7240757566559,264820.08719687624,1234.11832483064,715.541021228054,919.296864341057,661.1917788043551,0,0,0,0,443,20619.47047734606,BENIGN
1031.5968419298388,1,1,39.79086570681873,0.0,40.0,0.0,38572.10887964796,1938.7418792970911,27.591861531338022,33.017124554406074,25.691205065969566,1,1,0,0,32705,6.363721572663955,Port Scan
2869.92492892929,10,11,3671.1871546796033,9505.823737786259,386.9023366124976,812.1656530527048,4591413.092251835,7317.264569646659,106.5143850492233,130.44128528906498,155.57405064199511,0,0,1,1,443,13326.555169567851,BENIGN
2632.6532530418467,9,14,5403.394385530182,12458.061236274743,601.8158955015521,982.1896789466351,6784583.424029452,8736.433471983106,127.19186994854259,119.55016408271923,184.96763671998443,1,0,0,1,443,12743.272719276516,BENIGN
1484.0312897024191,7,17,1711.1575412545992,10135.034544741024,229.74700551911565,661.4142660440804,7982440.914956075,16172.165753198185,64.82850417880871,55.06159966890986,54.39339224346404,0,0,1,1,53,20515.472403115906,Port Scan
47722.4992296077,9,15,2299.616783877893,9512.856521458947,276.29160902249424,614.6203125957961,247524.19709838284,502.90744171902185,2552.2280553511873,3021.758491674583,2785.3719283685136,0,0,0,1,443,7322.093051910973,BENIGN
48952.35572048987,12,8,2178.690860043092,1228.1495522977416,167.70407551126914,144.51580868994253,69595.02483993515,408.5605218714459,15278.024065792773,17403.533887284146,21822.77433011804,0,0,1,1,9001,4416.978010451909,Botnet
882.0998202332619,134,3,10856.049239540012,168.09498450453376,77.01697062075449,60.0,12497615.3165175,155311.2208590767,9.619314198506228,12.82006160214726,9.916692438657964,1,0,0,0,53,47.03694712174799,DDoS
135.01624965103403,1,0,38.580736495040384,0.0,41.818585450419285,0.0,285748.838341733,7406.515901490538,47.13417167162184,39.930147808735235,43.596275753086566,1,1,0,0,26459,5.4827622205433695,Port Scan
2323.620293694602,14,12,3855.7304940601903,5124.251930260352,283.2165663951653,426.5077694970553,3864651.4013880445,11189.435757018411,84.63426627229185,116.25431466009508,92.92149646796676,0,0,1,1,443,4155.034157568993,BENIGN
494.6196552054502,1,0,45.296131593780416,0.0,49.76593407381346,0.0,91577.70241654824,2021.7554831795553,23.470713573955006,21.428617750396086,20.572523790896735,1,0,0,1,20243,47.853507568567025,Port Scan
99350.28005235746,12,10,5037.470133804701,9383.59350456179,450.59814772731704,1007.6436487633675,145153.7291164817,221.43873161108385,3915.631780765822,4197.686948137509,6118.013596683303,0,0,0,1,443,6819.689055906161,BENIGN
184060.3453764912,17,14,6154.415487133509,13051.493680532747,374.71960179147493,901.3440367136382,104345.71948879599,168.4230241804133,4677.054290269529,5326.889424890244,4544.907240194959,0,0,0,1,80,8707.1400446691,BENIGN
3929.9217384192907,5,2,594.6377896676481,249.76305250729536,128.42475116073027,127.1890883266197,214864.54397297537,1781.2059541968308,354.2705768520301,352.5210117146717,526.7755735110612,1,1,1,1,21,2524.642783668613,Brute Force
73540.09095050282,6,4,1793.6237298814433,690.5454888792042,297.83060080084556,187.95664771271862,33779.79530148599,135.9802506462854,15089.920408994794,17922.255001659512,23524.308948841895,0,0,1,1,8080,5334.5930012921535,Botnet
64274.770545259504,10,5,2150.6457819356533,817.8041775370149,226.2194038143043,167.7591519717224,46183.750393669856,233.37306182116438,13457.910084112184,11129.629011052197,17929.599519508014,0,0,1,1,6667,6345.628419501737,Botnet
327.9600435947134,1,0,46.16720001580047,0.0,44.03573933144702,0.0,140770.8070464004,3049.1519303363075,7.796292208055269,8.508373353947182,11.814760331992128,1,0,0,0,49233,44.954446624488284,Port Scan
198.2445103914143,152,0,7379.471514578365,0.0,50.4115976239348,32.357642407269566,37224090.08959857,766729.9321423374,13.74045855579487,18.376991850348837,14.561641671264507,1,0,0,0,443,80.48926199891935,DDoS
22825.853917693243,11,16,2148.902361661583,15972.137206670168,199.0457828211994,923.0203124327427,793882.219419857,1182.8692191476441,958.2859446745487,1059.0896685245623,847.2091171145003,0,0,0,1,443,638.3943604768774,BENIGN
60964.99452971518,13,8,2767.024146571258,988.5130488735159,204.66203235831063,136.67274074897597,61601.53419868304,344.4599669366707,14337.591717011706,12600.801180874501,22579.638021196246,0,0,1,1,8080,4203.413687480128,Botnet
8414.222800753168,13,11,3959.0299184669234,9898.192885617338,306.6340306443862,852.4005486235142,1646880.8982386207,2852.313347092702,269.1977231041125,363.4105746260406,372.60896780263545,0,0,1,0,443,15046.780218712534,BENIGN
70316.95164906047,12,9,5161.772837493078,8992.007034046204,450.5167111592857,953.7275889537784,201285.45876360376,298.6477585775803,3068.2150552065555,3789.204837101779,4891.717970836772,0,0,1,1,443,9303.708744399632,BENIGN
234.90026525090616,1,0,37.96409791431097,0.0,40.0,0.0,161617.94399746647,4257.125886732656,12.341634640289552,12.8857217774079,15.750962786738784,1,0,0,0,8368,17.39815203904003,Port Scan
768.2343943042168,1,0,50.01313401463833,0.0,48.58825009674473,0.0,65101.399241483836,1301.6860575549879,5.85620383902758,5.017238730582954,5.149549302579522,1,0,0,0,57322,37.561704463405256,Port Scan
52212.96403250309,13,16,3238.560299837121,16813.1510634875,237.12145730604595,1043.8289492755382,384037.02480560634,555.4176158615935,1437.5824642742336,1192.8032460695563,2280.684475348919,0,1,0,1,53,870.2577488068976,BENIGN
31153.127920252828,12,18,5630.939070796055,12300.05528703883,461.6223347587762,651.8794401691696,575576.0514236466,962.9851640193352,989.7960250424874,1250.6764419701171,1459.529041063368,1,0,0,1,443,4187.287080288728,BENIGN
11011.401460576222,14,15,6358.381194718879,8800.166918588837,427.3407212708614,595.2977901998484,1376622.9637144185,2633.6338842814694,350.22678156036983,357.7765173064165,535.2805675278369,0,0,0,1,443,12983.231106634841,BENIGN
64.31889418584063,1,0,46.82867143290046,0.0,44.7038224381861,0.0,728070.2198889711,15547.530980719863,13.656992999035591,17.89462000641479,15.022126586989033,1,1,0,0,32099,24.336671672979755,Port Scan
313.6410254012746,1,1,40.82079746157602,0.0,40.0,0.0,130151.3327516692,6376.716813245926,38.639711032141626,35.734017917029,56.678846029483324,1,0,0,0,54708,13.131264643877639,Port Scan
18551.43531418282,10,12,4177.528751025353,10794.336923788404,397.10911755946177,982.2105058253218,807046.2161689217,1185.8920685873134,962.3065946186506,1239.010829196704,1302.5115588841634,0,0,0,1,443,9870.004646692705,BENIGN
2245.5483714585916,15,10,7137.7780526981105,6729.085893923504,441.7291979072182,657.2243387431402,6175268.421233973,11133.13804225081,101.07614962044401,89.43154660734022,106.82172116689179,0,0,1,1,443,1931.0891252625022,Port Scan
469.1956173894282,1,0,52.11084855874136,0.0,53.11359373831069,0.0,111064.22700340318,2131.3072052205657,46.210574861789645,61.109053042281644,50.57770539467093,1,0,0,0,60572,7.5228075818488005,Port Scan
41599.80869670657,15,13,3612.150255232879,8378.581120966186,257.581501128369,684.3279547847769,288240.0605161524,673.080018327506,1373.3860404256316,1556.334414846134,1723.4030481236828,1,0,0,0,443,6947.435308860633,BENIGN
672.9934217110499,1,0,43.95778628786589,0.0,48.035021986789,0.0,65316.81420615609,1485.898625067617,11.391678163008937,13.016071161469867,14.251532133295385,1,1,0,0,21460,30.109032772339344,Port Scan
31265.719496208305,10,11,4548.800636290811,11554.55976364722,474.5467924339199,1057.3899635077373,515048.4511284295,671.6621379062374,1117.4200863226763,1472.5796244573048,1040.1815779232506,0,0,1,1,443,13410.805414315511,BENIGN
115431.53473206243,12,9,3521.8254199276907,5347.151062056158,313.1229501115376,647.7392552689189,76833.21981788041,181.92602263103248,4048.6299325493997,4046.444616573287,5877.89476430964,0,0,0,1,443,22136.802619278333,BENIGN
70707.15817397778,12,16,5879.752300381629,11119.226875406002,452.2036055656248,698.2082161061983,240413.8366579656,395.99951013594534,3144.073160125424,3785.8404067153183,3559.5934611815014,1,0,0,1,443,20886.459167626854,BENIGN
996.2719630087863,170,0,12778.55901270249,0.0,70.90704810036519,33.99974338966601,12826376.217705317,170636.13783388253,3.071918959398528,2.5414123118669383,3.815217988226495,1,0,0,0,443,159.34559265202944,DDoS
548.610327281389,1,0,40.078765971145,0.0,41.46298938708667,0.0,73055.0701984655,1822.7874144394073,30.3624116942977,27.989802624984563,29.82190368694721,1,1,0,0,2636,7.555989722013806,Port Scan
738.7909651613014,1,0,37.71439627324009,0.0,40.0,0.0,51048.80548316647,1353.5628441011977,16.191476222364926,21.001660761708404,24.64214530935567,1,0,0,0,40213,20.344299880331455,Port Scan
282.4053724977355,2,0,96.6632101547953,0.0,47.27136378687894,0.0,342285.308880129,7082.018243176436,6.069088417390374,6.496022717058946,7.6247795043244615,1,0,0,0,27022,21.698352073902544,Port Scan
109771.16060450856,17,21,4593.567406496217,7607.8216056618885,290.8705216290961,377.8814106810982,111152.95624975806,346.17471283654487,2471.0447877829315,1988.9851641446087,3520.851087942791,0,0,1,0,80,4914.86516909901,BENIGN
596.1243834636487,1,0,43.63355909154386,0.0,40.0,0.0,73195.39395120986,1677.5022591589384,49.059938456667474,58.959606902453416,71.49631395029985,1,1,0,0,34409,36.956053558918896,BENIGN
50183.1354055839,12,21,4275.120530979103,12595.714729698177,349.11455912109074,634.9058586261705,336185.356381699,657.5914345186187,1307.917579226463,1103.9732284620163,1821.057316729712,0,0,1,1,80,24321.331361124394,BENIGN
104995.15311547345,5,21,2398.2316523552768,18400.22637342834,506.0801156830091,870.2137565593108,198089.69660637112,247.63047844127863,3135.4289613984965,4301.5974197900805,4244.004476395028,0,0,0,1,443,16883.420505811406,BENIGN
64987.96193856271,10,13,2603.514613539264,5013.559192565807,272.88514160912354,423.39439626137283,117207.4577951218,353.9116986272531,2072.18922580046,2383.429372664279,2378.225577210117,0,0,0,1,443,11703.074655388442,BENIGN
136137.8410237509,11,11,3146.9862385245783,9640.362565967456,266.80850787192645,820.112016117915,93929.42262292176,161.6009173831531,4710.502409531367,4422.968608960251,6697.249151218179,0,0,0,1,443,17151.343590160093,BENIGN
4983.352331643471,12,13,5561.144102127369,9638.247386822817,501.7815324199256,809.8882106067791,3050033.486983559,5016.703282498027,166.49718755040175,186.25782517363638,178.94169109664986,0,0,0,1,443,2376.0561559559246,BENIGN
2236.2505594244412,4,2,591.0428362698796,119.98496681346342,152.17438251061273,61.946788085443174,317955.3382722663,2683.0624925787656,198.0044535059646,214.4872645316984,268.34395436612857,1,0,0,1,22,1214.4721203791996,Brute Force
84769.06081888198,13,18,3086.3988956755297,23664.129892830322,252.0897031516991,1257.4380459796496,315569.4840793527,365.6994627584086,2725.892993786039,3635.18641102849,3281.331696417191,0,0,1,1,8080,16743.553309246967,BENIGN
24357.25698200235,10,23,2637.8597655247754,33204.83864660981,277.9175287103716,1322.8782531439692,1471540.8405231698,1354.8323616400567,797.5187247545587,927.2117886368708,806.7987224917621,0,0,1,1,443,13488.63284365593,BENIGN
44175.06127294538,10,16,3275.256331982136,13230.924111160559,309.7098673447883,853.3770232577854,373653.8211267124,588.567378307712,1352.7216594272113,1426.0073217893469,1458.021491282924,0,0,0,1,443,14928.907656458834,BENIGN
76708.86687843705,9,13,3388.791838608709,7987.11310332507,350.5680216139648,653.3753182189524,148299.73906356265,286.79865699051567,2590.6244404492786,2845.918350150331,2630.2461032541632,0,0,0,1,443,24540.368444404357,BENIGN
159658.7566518309,6,23,2213.401128665479,19318.795471267447,352.45321455962164,901.1950721661258,134863.86247444202,181.63739094649554,6030.024231434331,7639.414300814842,6986.640387211143,1,0,0,1,443,10780.930466758862,BENIGN
21081.364156448933,8,12,2627.2739507490337,11876.831059112368,302.1266335408975,984.402506972413,688005.9991480437,948.7052095668992,825.0718071550455,731.6732961067313,1294.2665135738716,1,0,1,0,443,14353.753179479483,BENIGN
9934.239092657515,20,19,2278.4635207966203,17226.794420693615,126.34548926154358,929.4089921616463,1963437.537546962,3925.8165256788766,311.90500558774187,427.27221116554466,333.6967420615534,0,0,0,1,22,17582.103069610723,BENIGN
113969.72681789871,11,18,1451.4562381363323,15267.400434633018,122.75482829024068,793.9511614458431,146695.59311555434,254.45353612487213,3701.66465008071,4784.129265026819,3445.3300636219446,0,0,1,1,443,2062.597449703982,BENIGN
1157.4203677025114,143,2,9414.234059708224,69.94875398727115,61.751289703417775,33.0488609686929,8194242.194408306,125278.59716848267,5.768001997745801,6.96418929753024,5.512603888499296,1,0,0,1,80,117.1726704737107,DDoS
1571.900276428354,122,1,6844.620292481138,47.00069730941929,61.795467668129746,46.60251991648956,4384260.943989135,78249.23873636474,36.833107665177096,30.24185639924847,46.79665723484767,1,0,0,0,443,328.1867409544405,DDoS
2611.336134375372,158,1,11735.303225816362,37.4092192095361,69.88743060830349,40.909970533152716,4508309.861013705,60888.36971500515,13.087989168936204,17.55195279016973,15.930124692700506,1,1,0,0,80,154.17719378636343,DDoS
26896.950408251974,8,13,2542.396424364088,7042.280195939937,306.3433663755037,571.7043878766306,356348.07942254486,780.7576576992612,1111.6287630888235,1495.778417035691,1536.7431883060333,0,0,0,1,80,21483.059063968187,BENIGN
18317.30739998094,14,16,2962.3788873000753,10278.38661819754,211.31732393348756,706.0411393124926,722855.4512062944,1637.7953017282016,672.8960460551127,617.2010939537324,1021.4016537402533,0,0,0,1,443,5747.782684235885,BENIGN
4889.44434143763,4,2,416.48552163685343,155.23993361760515,113.04288865698042,85.18880459896822,116930.55802049597,1227.1333061612959,350.27692437681765,314.1019925602003,375.38231340685047,1,0,1,1,443,1138.9062883941965,Brute Force
1676.1801993054255,158,0,10541.11975862164,0.0,61.18986562673444,50.058787135939646,6288774.776715334,94261.94156539491,8.528112627276204,9.928436053639969,12.924016595958271,1,0,0,1,80,468.11070287513365,DDoS
2286.657498892462,144,3,6968.256492463051,98.86794700967367,53.574266594900585,32.49491719727024,3090591.5918302904,64285.97202300701,11.001345196488542,14.630445955235547,14.18994851689709,1,0,0,0,80,156.26342454861762,BENIGN
762.0437266816322,1,0,52.840842619578595,0.0,53.98078564384843,0.0,69340.95875269179,1312.2606551130123,24.38078171731262,28.33423329289967,34.156333638674816,1,1,0,0,64510,7.426410769504499,Port Scan
6687.550693931366,4,4,399.41499478198784,269.64235537362913,105.53405407314011,70.14176693757946,100045.20051904125,1196.2526141685353,171.1877913509466,171.53608962236586,162.7370170254279,1,1,1,1,80,855.0155180887605,Brute Force
681.6050110359854,1,0,36.03527327189709,0.0,40.0,0.0,52868.26342008011,1467.1253641167918,46.87443085675613,51.292765847580434,56.75490532542955,1,0,0,0,18945,22.39877950237223,Port Scan
7557.040523896652,17,7,5405.039782962604,6551.449105408916,330.3700257203429,883.49685063219,1582165.5118247757,3175.8464076125965,261.53938988284807,282.3036087707987,320.57169021716305,0,0,0,1,80,24045.422263318666,BENIGN
26640.705066412847,11,15,3448.590721922515,10483.814537616732,337.5012214686143,637.1954537150608,522974.3441401807,975.9501460334616,829.9297083061384,899.7724819917036,1082.8333044217302,0,0,1,1,22,19903.917653476143,BENIGN
143706.82841181036,13,22,4764.719456023498,18398.558072805885,355.2414882820831,786.5672318090873,161184.2511926576,243.55140522413456,5926.28036420635,8289.875649016554,5645.055883817107,0,0,0,1,80,7401.112543380377,BENIGN
902.1725766435502,1,0,45.82561751521284,0.0,44.995818686351285,0.0,50794.73562109682,1108.4353768770136,40.38066223331737,42.61840516961856,46.831084121114955,1,1,0,0,43380,7.381639483676134,Port Scan
640.8430489423347,111,3,5370.099816071305,28.615096293287174,47.42017639375841,9.587334245535462,8424394.89868039,177890.6710280291,7.439288905882529,8.619516118320334,10.626404127816327,1,0,0,0,443,32.08846083688188,DDoS
692.4570319920821,1,0,45.49675716782861,0.0,44.52415182275837,0.0,65703.3650693706,1444.1329263754728,48.35030769882162,66.27041107120051,46.67991736842321,1,1,0,0,7556,40.30695670577614,Port Scan
20368.280862829855,21,10,7039.960799619164,5204.149081104357,310.13626861858506,500.1282653869576,601136.1470897546,1521.9742995871588,672.3001128359866,913.8617647359677,550.6010662991637,1,0,0,1,53,2517.52926759778,BENIGN
147562.40971056718,16,19,7849.118326925207,12190.795166625472,486.2324949014687,609.7715615558794,135806.35835954087,237.18777748784345,3771.0009281932153,4873.541408458154,4339.179576643983,1,1,0,1,443,13315.446812233926,BENIGN
100742.68495119852,15,27,4428.052492593702,15716.60012638191,286.7085613944317,548.7696832521029,199961.44264701725,416.90371881934175,3123.617275728017,3069.7495578244852,2697.96066928029,0,0,1,1,8080,19443.318759828187,BENIGN
19623.5353641047,18,13,6759.016630112214,11135.400912336729,360.8321369354089,782.5213339576027,911885.5094368648,1579.7357318551828,632.9593184540445,533.5556652510413,999.5871131660383,0,0,1,1,443,17362.549985849924,BENIGN
140.04855978983184,1,0,53.12426119728117,0.0,52.73303859123743,0.0,379327.4366905573,7140.380461610463,11.944064532456432,12.983161071023208,10.624295349058778,1,0,0,0,13093,41.0797183047112,Port Scan
124824.17945017283,10,18,4041.209618061392,11337.044097028866,379.365058106355,694.6926698750525,123199.31749464398,224.31551421635427,4903.354484080879,6384.122223168644,5265.0433915358235,0,0,0,1,443,16497.68308073459,BENIGN
481.2499603820203,1,0,40.53917746158689,0.0,44.1568696630645,0.0,84237.25880290265,2077.9222489830267,49.97237304681305,52.784125243866335,78.96239452073515,1,1,0,1,42246,34.786734560811375,Port Scan
1808.6478777982463,134,0,6578.949856653016,0.0,49.24005762487906,50.856367147491746,3637496.240927718,74088.49541411268,7.900134754130362,10.910048084461069,12.308902851329064,1,0,0,0,443,375.41570304061275,DDoS
10841.517892449552,10,21,2788.260022872435,10415.76279563769,278.16929427132163,499.20655425049017,1217912.7451983371,2859.3782076944767,415.46848087870507,505.46930390392976,554.559282243725,1,0,1,0,443,5464.752747793978,BENIGN
829.2099065146555,1,0,37.436392769846435,0.0,40.0,0.0,45147.064061498626,1205.9672612972165,20.904229459600035,17.6503811777265,25.84724291757257,1,0,0,0,31315,7.131829009894741,Port Scan
2767.027981087678,11,20,2146.435614422474,14214.552073557996,206.52035792945796,703.134079757976,5912837.817255901,11203.356168380471,97.63312880448112,130.19707461238568,129.31254869026475,0,0,0,1,443,6095.936298229704,BENIGN
4203.427983067495,12,10,3685.150837805758,7424.240193709121,298.91677963293375,733.8597040261233,2642935.9742254196,5233.823462331636,162.7288880865018,130.89753755909064,189.32528513322276,0,0,0,0,80,7449.6408424072715,BENIGN
46045.30308550608,14,17,5584.226275425359,16649.227067552918,436.7963687413573,987.1003272337153,482860.3973284914,673.2499934343582,1671.2894799462617,2048.4388515331957,2389.0397443842558,0,0,0,1,443,15533.84126926981,BENIGN
453.72903099144446,131,1,10455.107226801712,34.08636281482341,79.55912161449298,36.358985751308225,23117748.420674276,290922.53522232524,21.874262721467627,17.587021917548082,32.324232264614906,1,0,0,0,80,94.53082840725445,DDoS
240.73746431255333,1,0,46.40047306558995,0.0,46.850700968519256,0.0,192743.04977038168,4153.90268754216,21.166887410407874,25.69815482369162,28.909876800392837,1,0,0,1,48359,42.96808681635223,Port Scan
57041.77925190395,12,21,3625.437565168446,14851.673446079234,323.7065624726444,709.1743208291732,323922.41710501956,578.5233285635725,2808.0215544440157,2298.9131559460952,3502.199127257912,1,0,1,1,443,1598.311378918802,BENIGN
2270.441915133951,120,3,7988.266956710972,85.38597475062149,70.92759695996057,30.041365963329746,3555983.0346883223,54174.47554157899,6.112248355994031,5.445267870309302,9.362035892652836,1,0,0,0,80,74.14012568112365,DDoS
1561.1800687807565,7,12,3726.7512376892405,9715.459611322365,546.0973123098572,870.2262271990635,8610288.536100544,12170.280917587255,67.73947823563807,91.64980893551171,107.90676796476346,1,0,1,1,443,15733.318795732326,BENIGN
176118.96774415462,15,17,4533.732784660055,12300.617647569772,283.31993186178477,735.8619034571839,95585.107316123,181.6953642749367,4262.113737096598,5505.375314534636,6521.825149303831,0,0,0,1,443,4012.069204539839,BENIGN
327.49123597820085,1,0,54.54028384666663,0.0,50.02308351389896,0.0,166539.67451604432,3053.516827749748,12.382665086814207,13.645201616526974,13.29096025871784,1,0,0,0,49595,19.30174909984682,Port Scan
256.5570640849384,1,0,46.90451849862434,0.0,48.61947619498506,0.0,182822.94687896667,3897.7683330088694,34.729158762135526,30.790222419746073,50.2714867975811,1,1,0,0,3369,5.095825725213937,Port Scan
23977.457515243044,12,17,6658.822080362276,14962.201522417727,505.03725650539565,804.3040512861094,901722.9449383864,1209.4693518511713,1090.7358181587053,877.267069982214,1077.7469283481296,0,0,0,1,443,17616.277686231722,BENIGN
1502.7569459206968,133,1,8566.06589957065,43.49602738239383,64.2905081059792,44.643967539402006,5729177.928822155,89169.44311170824,10.967352949882132,12.425098555891681,14.197771024271264,1,0,0,0,443,367.51391627092426,DDoS
94163.08248909778,12,11,5210.97133934836,8758.065394727968,402.76704722747587,743.6146227745398,148349.39941238292,244.25708453908084,3486.923871191806,4300.641367509281,3514.7871892481216,0,0,1,1,80,23490.370529321295,BENIGN
76864.1140503884,13,20,4754.887796559937,9218.1195594343,356.2361964269939,502.8815026330515,181788.43962000537,429.3290881927917,2035.2460999827686,1728.1327070416376,3203.054717119527,0,0,1,0,443,24059.058568340835,BENIGN
554.7274896925418,1,1,40.611724631692,0.0,41.60944327370118,0.0,73210.22553650818,3605.3738766551874,22.674603101380054,23.043758427788937,20.250230712684058,1,1,0,0,7826,4.145840019615704,Port Scan
18891.500993137295,14,10,3170.2632443355337,9348.985555381589,251.0017894961474,858.0532516556905,662692.1177022929,1270.4125526456826,721.7446207408829,937.9020551408155,873.9163786211161,1,0,1,0,443,20427.787038949762,BENIGN
91590.5296242376,10,17,3354.8772233907935,16530.360470039042,309.5824761574241,982.6563864010808,217110.19441651535,294.7903032198974,3232.968820226264,4460.789343082572,2922.727014954909,1,0,1,1,80,23298.413728193602,BENIGN
40596.68431565554,6,21,1123.8737485171282,12187.397649119643,204.8444500718871,601.0965863448732,327890.60540354194,665.0789456120148,1815.8724681971837,1461.95662805183,1653.4539965434558,1,0,0,1,443,19513.226648713076,BENIGN
1068.2018999497438,147,4,10668.04159991134,183.46262373881905,71.12940586481584,44.921973255881554,10158664.035479335,141359.0445842721,2.999656783012443,2.4988175398439494,3.3249221508890834,1,0,0,0,53,253.95652026774658,DDoS
53835.09502103001,12,13,4440.304403151918,12836.886025386597,358.29173897511964,926.6660610099669,320928.0195714227,464.3810880288047,1807.7369598996859,1791.9342271070714,1937.5929991724217,0,0,0,1,80,8244.752742345974,BENIGN
40451.06021205917,9,15,3358.464115629778,12453.67526593463,358.5308864641938,757.9663193608189,390895.54881062254,593.3095418064019,1104.8482624969529,1461.8300061628327,1183.0393972552738,0,0,1,1,443,12578.905214811257,BENIGN
126583.14012648388,12,16,4390.49699515208,13290.546747955023,343.9814148124075,792.6396359830304,139679.29477369518,221.19849430202123,4133.1968583732205,3732.561806218506,4989.295052480565,0,0,0,1,80,16624.044100203733,BENIGN
28068.782356730357,11,12,3572.555752586234,11174.47058607652,306.20443644527484,941.0161244165583,525388.8875990625,819.4156664043903,992.9255227904367,1209.3124408875901,1522.7493627372723,0,0,0,1,80,14103.437211298116,BENIGN
55888.986240803315,9,14,3909.4544439512338,10979.550480364533,473.38147298388066,866.1515967951384,266403.2025946041,411.5300982719956,1951.344741552776,1650.025836940042,3010.7498821515237,0,0,1,1,80,1129.0162081021122,BENIGN
188480.1446481899,8,10,2382.8137114005954,9082.749236497952,328.41382499333304,827.2164316996501,60831.67523719671,95.50077560476272,7777.8199564649185,10545.39513222641,10824.515459627482,0,0,0,0,443,4194.331407237922,BENIGN
103.53090520775193,1,0,42.46952766763868,0.0,42.85183519037958,0.0,410211.1111886497,9658.951575795983,20.430707558462885,24.88347786779631,30.08597173552972,1,1,0,0,12752,16.906561134837595,Port Scan
46256.661769329396,12,10,2316.36400580014,10558.270521398861,208.6195154786361,1108.7917889182258,278330.38604042894,475.60717004846987,2466.027877607723,3433.4471683443785,2637.4850864683035,0,0,0,1,8080,23371.149792877946,BENIGN
26853.105070030764,13,16,3570.132791180243,16091.146544941923,278.08504777390397,988.0488296341251,732178.9895376014,1079.9495970529406,696.1409374130736,774.3840349582129,922.3075619051533,1,0,0,0,22,4857.832403605764,BENIGN
37567.62542247497,12,13,4113.357704675472,8686.960745293934,329.5602480210195,667.3406024097172,340727.3764583366,665.4666010655988,1474.8452129423397,1896.8852951503786,1611.9865201375478,0,1,0,1,443,2043.3684460669642,BENIGN
26956.175629615223,4,14,1404.1973954335335,13831.627270960695,334.54668736354853,971.5390445475246,565207.2043059213,667.7505090976043,1023.4451122791996,1389.6067485966373,1561.5915642599914,0,0,0,1,80,8432.621717227992,BENIGN
66215.52232413247,10,10,2010.7951786691845,2339.0612962457253,184.8540353728679,219.94944500022763,65692.39843222668,302.04398150176536,15124.773976518376,16103.538833859013,13502.635933118858,0,0,1,1,9001,1609.1942208510186,Botnet
15740.862452119341,13,8,3425.5913793025225,6802.822414505477,276.83985208232144,886.1788434256783,649800.0871884153,1334.1073314043585,759.9669725612436,734.3084261553552,657.7954550298439,0,0,0,1,8080,1490.3423895852075,BENIGN
1150.085241243146,150,2,8515.281748455835,84.38718804861969,58.327729958439164,45.324919035090176,7477418.740900399,132164.11666643136,2.1537781510723577,2.9943991507681296,1.7671892751251659,1,1,0,1,443,59.20585558027296,DDoS
657.9818656983468,15,16,5673.672327907678,13426.321733949364,357.9172483050308,846.1571019017086,29028146.606419504,47113.760448547095,20.78778659323405,28.79398522861566,26.03030772319123,0,0,1,1,53,12704.820704588123,BENIGN
52487.735740688746,23,17,8939.94072080377,14506.81494070062,420.40154026667744,866.7462942373677,446709.2232238997,762.0827882082139,1284.3746834896344,1554.7074381221294,1780.7026893743948,0,0,0,1,443,4896.700498467505,BENIGN
164.15598011315254,2,1,96.7674922929108,0.0,44.48717761339829,0.0,589485.0265351837,18275.301319708873,9.752716656130517,13.512804821769693,12.546616919859106,1,1,0,0,20260,8.612215699069543,BENIGN
53266.94765425767,11,17,3507.12212677041,17611.432720739278,309.9998367629099,960.851678721519,396466.39759771683,525.6542984542863,2025.3463438255828,2450.5218812655403,2665.918355746204,0,0,0,1,443,7013.216131259118,BENIGN
57653.65873230097,7,7,1956.151483694981,1280.8536589576404,260.7521577426155,169.86348870529756,56145.702004495004,242.82934175964752,13851.286939563754,14385.919516008307,18761.229108863863,0,0,1,1,9001,5622.809177692245,BENIGN
50136.2894818686,11,18,4710.987328663866,14777.790040157895,428.46885920322507,857.6645617061004,388715.98936075484,578.423339654755,1930.0762575614935,2246.4389923409153,2957.958164797636,1,0,1,1,443,23310.792294761748,BENIGN
78333.84060890219,7,20,3163.79162499156,20475.940518127536,470.61355599973024,939.0180299694537,301781.86029643717,344.6786189739253,3142.338742544924,2774.908904245539,4626.9538424628,0,0,1,1,443,13508.670159891975,BENIGN
1295.843892573543,115,0,8156.7642125149505,0.0,73.88877972234589,37.50473173489608,6294557.746701755,88745.25755691936,36.28647713992316,30.233042027382638,47.772831463981674,1,0,0,1,443,146.10406484442663,DDoS
751.8469498737629,1,0,42.62992781689563,0.0,40.0,0.0,56700.27367146107,1330.0579328916644,32.03059757468917,40.42192903403679,28.729894025885326,1,1,0,0,35996,26.401641713940883,Port Scan
9173.883155469477,18,8,8062.773118446592,9615.033534280194,450.6123664051851,1094.8890204210356,1926970.984166859,2834.1324561670244,346.54758016885904,285.6131051323151,404.74352903298364,0,0,1,1,80,4545.968569471435,BENIGN
4813.497577017813,4,2,463.20845570346154,136.09678774387655,127.04667983209082,74.95608799291485,124505.15116258472,1246.494862415051,399.4971981839177,552.697125346559,427.7459698569438,1,1,0,1,22,1847.9895725795652,Brute Force
2081.5562642181526,5,4,615.3630116392304,339.011726666248,129.38452818483523,82.09253922730382,458490.9640498949,4323.6880764212565,124.39939313933608,119.80055815267119,161.3242584905769,1,0,1,1,80,1381.2216045949617,Brute Force
11938.745614722095,6,11,1727.155714871581,3713.142911722998,282.0608564950048,368.3453671844931,455684.27388937346,1423.935189559336,760.9399082515085,840.2988727511292,656.8554320072549,0,0,1,1,53,11362.712997466579,BENIGN
43689.21802275378,7,16,2228.2939352834446,5828.098700329135,338.04550543093745,399.63764033797446,184402.30794281393,526.4456779249601,2021.1882701922077,2627.565247200198,1836.6295464763236,0,0,1,1,80,5823.746333485374,BENIGN
13238.11205303994,7,5,978.2340457068394,301.9307032622885,147.79367107293507,56.25317228985255,96702.96971652817,906.4736687467738,270.4183123373252,364.26413033539177,395.5464413562568,1,0,1,1,21,158.8558720303469,Brute Force
13186.026653994828,13,23,5448.275765461145,5058.461357326689,391.51241640959904,227.5267246971564,796808.424439573,2730.162841669478,336.5116546961698,331.5258659057782,292.2355319569612,0,0,1,0,443,2432.358215982203,BENIGN
140449.188726925,11,16,1848.9652693712505,11915.832206841103,177.06189939413673,725.6075977020604,98005.53211435927,192.24034146965442,6022.368020920969,8392.963440175821,6980.730975413553,0,0,0,1,443,11008.355722853044,BENIGN
359.57558505241803,1,0,45.92272486021252,0.0,47.531654139965994,0.0,127713.69016480366,2781.0564497982323,46.69026031012996,54.0345792242508,38.574450178626044,1,0,0,0,31367,37.88626635286536,Port Scan
142158.54717984446,8,22,2713.0408636097827,17414.93965244084,341.51515272343363,801.2903430350391,141588.25420877972,211.03198221382402,4006.2193226675436,3837.285375343257,3453.7196719672897,0,0,1,1,443,20500.121027597237,BENIGN
760.7931536324185,1,0,41.62462202226742,0.0,40.0,0.0,54712.140643655934,1314.417716859681,34.76452694978846,48.48077940063757,41.50856436528403,1,0,0,0,21856,0.8934965422248087,Port Scan
17868.948159372725,9,16,3186.1621569326903,9065.730530685336,341.08560882588705,620.5699922826607,685652.7076100779,1399.0750757697426,614.3156103827275,514.9522308966075,785.7787070612336,0,0,1,1,80,4931.591942562448,BENIGN
111654.09063463761,12,11,3193.0382605697164,8166.126784112136,270.59543183899007,751.5921365234286,101735.32362421107,205.993348468192,3747.6206923108552,5106.1013977455605,4612.994423223625,1,0,1,1,22,17394.79289693918,BENIGN
10940.826573638298,7,2,708.7377790536661,189.4850429372389,94.56998234120309,87.63700950058117,82098.25975627424,822.6069519907498,302.60669417597944,329.4602933699337,388.7243387723265,1,1,0,1,3389,839.8394534534755,Brute Force
1416.246176203432,143,1,12452.157006288875,42.380501247212585,86.55812202013782,38.70140254796759,8822292.139231415,101677.23833579876,24.081011385056122,23.498466112544396,32.437115800814944,1,0,0,0,80,326.27386025211456,DDoS
47290.97901668304,14,18,6122.789042869544,10979.912980061608,474.2702871261137,615.595099078729,361648.29695950594,676.6618214588289,1265.5718331414498,1421.2211173884068,1401.9457688009004,0,0,0,1,443,10958.252113031294,Port Scan
70843.60269763463,15,15,3759.5245151676904,6572.768655551741,254.0383620007982,472.0169932807178,145846.52357134304,423.4680176845616,1926.0393351367277,1854.0913943481407,1593.4203279106418,0,0,0,0,443,14565.336140019832,BENIGN
211.21107348814175,163,0,11194.088559635,0.0,68.14701990981176,43.026592066447506,52999534.42196525,771739.8397160814,33.84667871700452,43.133472206526704,48.926404952720056,1,0,0,0,80,164.5276235873067,DDoS
141844.74125888967,20,10,4202.614622246027,6447.575590996511,194.3662650040996,611.0488289719352,75083.43361002163,211.49885243362766,4616.132060104117,4698.192332287615,5284.742900039159,0,0,0,1,443,13529.879663731184,BENIGN
27.48385907689306,1,0,46.34900194967263,0.0,46.86231931823882,0.0,1686408.0775556138,36384.99226772509,13.748063658918907,18.9442455961017,21.28741987284087,1,1,0,0,33549,33.9163321174709,Port Scan
5822.852689389577,19,17,7573.094800132752,15847.948912941732,387.87589527446414,1024.694421674766,4022262.791526977,6182.536622573216,127.48022376595254,135.53645118734107,169.29799393877775,0,0,0,1,443,11746.539449850508,BENIGN
12504.188433884485,6,9,1337.0982791474312,9208.89770803576,213.68434021846247,1064.3695055395672,843397.0779427087,1199.598045032034,686.6368864634355,576.4597086703648,998.3685466419018,0,0,1,1,443,7386.1920817743685,BENIGN
14489.454104300648,13,17,4783.95814938743,10564.971633544537,373.75444227732373,689.0936502431449,1059317.3264116428,2070.4713775997698,469.7081969542922,411.8644780451733,622.3680363370752,0,0,0,1,443,13102.73336423061,BENIGN
985.0660418410413,2,1,83.9979756405723,0.0,46.44386087163881,0.0,85271.41539016421,3045.481087129086,37.09302936359596,35.91976374661852,39.45391123848444,1,1,0,0,40854,45.76738855328524,Port Scan
44910.880123865645,13,22,7601.55022860688,22889.081099105973,542.0921434775173,959.221003428534,678914.1349182808,779.321177929911,1712.0814732964286,1445.1665018310796,2261.558043188216,0,0,1,1,443,23484.92568190566,BENIGN
3542.9710463926167,9,4,1348.2449809038212,180.3739784601974,144.31170932227127,49.894890194007715,431451.15761542233,3669.2368720417135,176.70555181172844,218.29462045982254,186.72312700434,1,0,0,1,22,166.09322528250883,Brute Force
52822.82908140053,13,17,6475.9506172596475,6524.85272844935,476.94058119351064,425.01679814165055,246120.92104485023,567.9362601683011,3322.782144711417,4490.092337348155,4213.834829136822,0,0,0,1,443,4929.27950363013,Port Scan
7010.591092431304,10,25,3733.4882135138464,25113.085196636428,382.1456104173861,996.1323139756557,4114713.4428212894,4992.44636273057,241.82979988650496,262.53093320280414,256.13332308640213,0,0,0,0,443,24556.01634054472,BENIGN
587.615268714311,175,3,11216.00965802945,162.2805284105966,59.4648588090158,53.301094826309196,19363503.28563703,302919.29001344705,2.884845926913372,2.6041450773079684,2.9189263354847275,1,0,0,0,443,326.9024853239877,DDoS
12066.381944530629,3,4,344.82595086834385,380.58184291096774,111.82194914998159,91.10948772039032,60118.08652452939,580.1241857069604,387.20057827453,445.3804006958065,617.4227781288162,1,1,1,1,22,1983.6372387815552,Brute Force
65178.62843953253,9,19,2298.1217229439562,17875.06206515489,280.8524819827488,868.7263782535924,309506.11068494484,429.58866533953136,2316.8242946224113,2641.6376022391382,3117.168770666415,0,0,0,1,443,3260.5211022214826,BENIGN
31075.09789923733,13,15,3296.927972558912,7839.833371506748,238.07326968845678,571.7777404649883,358382.180489896,901.0430181359847,925.5930651442674,1085.5338411008365,984.6405306786459,0,0,1,0,443,12715.88377161049,BENIGN
2312.7444964714387,8,14,2612.551665001359,11494.087354976096,350.98425852966284,798.0268307339393,6099523.3332086615,9512.507773152403,98.29190260785579,119.19803741275881,131.05453487942378,1,0,0,1,22,10431.683532402232,BENIGN
53950.89795265046,16,16,3324.145354086112,13312.051845915432,218.10312781486468,866.6903863802833,308358.115088319,593.1319257759995,2152.991555520087,2037.5704868124326,3117.9827343114284,0,0,0,0,80,16079.540078321055,BENIGN
12.371607504891957,1,0,46.43922973015016,0.0,43.43316715592199,0.0,3753694.0702157947,80830.23969234248,34.855952701583576,42.96174925948493,34.481598624285354,1,1,0,0,27676,44.97768134798803,Port Scan
54661.420370669875,13,18,5894.430310746101,15276.0931430529,416.9081112261899,866.7715153564614,387302.8419356377,567.127597303233,1768.1272222362884,2277.608804864663,2302.356824888995,1,0,0,1,22,24379.411397344436,BENIGN
10474.014922503677,23,10,8016.20672318602,6828.06742485615,355.5143845970812,701.6520372128549,1417247.7562686,3150.6542853112323,328.2549018344081,403.3327775464943,378.6948218304357,0,0,0,1,22,15712.810107464979,BENIGN
18043.63339844218,25,17,11894.964020581252,8016.551393756707,438.33951060241765,511.9334149791299,1103520.2818993789,2327.6908299204374,462.029259152342,475.6715205545469,435.05187463833545,0,0,0,0,443,5975.93694902579,BENIGN
575.6183069690501,146,1,12017.975210221535,30.594007787441523,83.50022317515779,30.397367252006262,20931525.40865384,255377.5622148583,2.717666399564064,3.6639564672033478,2.663070858222202,1,1,0,1,443,97.21260031879032,DDoS
96.47047437743804,1,0,44.46815486773911,0.0,41.5206764691027,0.0,460950.9298540266,10365.865892682645,6.2231126151882235,8.673203796998111,8.071052734602686,1,1,0,0,46140,20.464245394869586,BENIGN
50482.13963596246,14,20,7735.770794709423,17440.804057521582,526.2534547467354,900.6118138039353,498722.4201229323,673.5055258192559,1204.0087418813573,1336.1088378992295,1637.618724178671,0,0,0,1,443,8369.475483735723,BENIGN
2305.303664042587,147,1,8327.443644074583,50.515218422083194,62.148327895351706,51.36068803534055,3634210.535112347,64199.78517731012,3.6865146961386244,3.72655286924213,4.65014378739725,1,0,0,1,80,46.880989219830006,DDoS
262.06476181849075,1,1,37.43026891204633,0.0,41.25204298071773,0.0,142828.3171392993,7631.7013631356685,46.95316543517537,40.65751744099013,75.06556596987917,1,1,0,0,47635,21.123921609056644,Port Scan
17615.439086137016,12,15,3218.122730868855,8715.769202121184,294.37176433354796,530.6815484262861,677467.7528408454,1532.7463521047534,483.75706120001263,389.43884855998397,466.8010100067689,0,1,0,1,80,23032.372064631763,BENIGN
10497.162442586025,6,16,1723.0964249627748,11845.93980954775,299.87207414821046,676.8463163667202,1292638.4924236469,2095.804472906699,385.8854736845945,505.4366732771791,450.1991638791299,0,0,1,1,443,21275.159891502117,BENIGN
12403.126740524365,10,17,3933.5317038122744,11384.433010872208,361.96421879609954,626.7334558583473,1235008.31968737,2176.8704428201727,334.0031719143079,310.5659799090435,363.386138021743,0,0,0,1,443,21347.982651183705,BENIGN
180276.44255716895,22,15,6846.851667005022,13950.928643774225,335.766416164892,856.7815579692867,115366.04570052956,205.24034907260068,4223.608010245515,3914.6739362529356,5581.59030147887,0,0,0,1,443,18892.328003395916,BENIGN
58994.62978776052,13,8,2985.4032231008005,7726.191660124845,250.65198596987244,1036.8038640128714,181568.9821558632,355.96460348254993,2310.75893930919,2156.3054026354152,3440.134451534454,0,0,1,0,80,17941.62562392633,Port Scan
2494.570108268549,177,3,12307.989470160404,87.7636918612174,69.02901735883164,26.757529121907222,4969093.921607745,72156.72127368503,10.205709399669367,10.056056038038806,9.245231101581746,1,0,0,0,443,267.0741407362601,DDoS
103353.14335462518,15,20,4751.537180737492,14494.980127259567,301.50959182399623,788.2489738798444,186220.91871902175,338.6447558726689,2568.432734880629,2603.98569191564,3126.9392280786146,0,0,0,1,443,8907.03132990052,BENIGN
14199.556058840099,7,5,932.2591432128124,298.6042303048516,130.04620820164124,65.87828042500755,86683.2292796489,845.096843188225,256.5752113384656,273.441023282682,376.47814296115274,1,0,0,1,80,849.5227579277092,Brute Force
139436.85406228885,12,7,5205.884564697278,7719.604943602525,400.207873341801,1011.6354375161434,92697.79926708445,136.26239725340022,4703.062069321922,3919.368888613377,5967.830562843902,0,0,0,1,8080,12833.699988749853,BENIGN
165.4002962074817,1,0,53.005158651032495,0.0,48.42514536727112,0.0,320465.9233774387,6045.938386625247,12.541223544852642,12.893836491374877,18.527061137626774,1,0,0,0,41523,19.426389232215392,Port Scan
71.99523157952352,1,0,48.075416254869936,0.0,43.757375567367184,0.0,667758.3389917628,13889.808784008612,24.104098987021413,33.00635789542013,36.342333616076225,1,0,0,0,41360,25.256092352503707,Port Scan
53542.01028008887,11,19,3093.603707800789,11091.917619595031,300.23676454908474,616.3476161865833,264941.8886812159,560.3076881697951,1742.3179766515761,2087.7627409469937,2562.974775509804,1,0,1,1,80,18317.40327418798,BENIGN
41957.5461032537,10,8,1511.215326883897,1393.3610508695792,145.64782434144917,171.66608655568143,69226.55511372325,429.00506992719835,16001.14098270308,17167.368759949055,13971.613801261761,0,0,1,1,4444,2889.025722965174,Botnet
91931.08648427822,11,22,3523.1277243418144,10797.063587267863,297.5956427683808,461.36367598744863,155770.9351565063,358.9645381341551,2857.424604692498,2700.044374066998,3342.126167088417,0,0,1,0,22,9067.399685411714,BENIGN
16577.452233841657,6,11,1367.8801119995383,9135.06545092533,241.008148105842,773.6571199331253,633568.1391066761,1025.4893068125234,653.2466806233265,525.6437667515512,836.3630270890064,0,0,0,1,8080,9738.035567806664,BENIGN
1757.1686826578173,11,10,1839.9802420381448,7021.238359734276,159.17305945212036,711.4674003496991,5042895.818271314,11951.043862354927,84.88926485214554,110.53549670019171,98.54183535442594,0,0,0,0,443,24975.36198498201,BENIGN
620.7480873060387,1,0,39.997602378954305,0.0,40.0,0.0,64434.515702719924,1610.9594543252842,41.748029847219705,39.62149560879556,64.2571928995744,1,0,0,0,8838,28.96158365907102,Port Scan
6330.2372368503175,10,3,912.7852961490335,127.23469479006366,91.27738142050075,40.45120162028396,164293.99910714422,2053.6355137407613,215.35736102771673,253.9885895749069,179.33846279981097,1,1,1,1,3389,267.441068203687,Brute Force
533.1072992312867,1,0,52.16846138297617,0.0,49.820387762713295,0.0,97857.3383973553,1875.7949880670337,48.98337406678629,54.73212479226868,61.50808753965639,1,0,0,0,51557,19.52725704714528,Port Scan
26460.342748105206,15,12,4742.581473668222,5161.199512566699,339.69594183094443,395.3323879193085,374287.70596496214,1020.3949456374081,786.7351326211967,705.0067894243455,761.3508366993312,0,1,1,1,80,9811.465263795111,BENIGN
384.69254707461556,1,1,42.42114506304094,0.0,43.42340947145649,0.0,110272.85395995174,5198.95697280581,48.394858189301665,60.05502519745038,39.48639386201663,1,1,0,0,12248,16.941698506319064,Port Scan
16829.445410645345,12,14,3049.9803653604276,9667.368334549508,266.02451143495864,654.1514346353181,755660.5930618289,1544.9112769666126,807.1580084562065,904.9506955991138,984.9113934472887,1,0,1,1,53,8674.298845519728,BENIGN
9482.573693379956,15,23,5352.39781180274,16442.151855500186,372.49870606573825,658.0073163935864,2298379.1502214526,4007.3508763268387,262.89404243137614,338.13182473764317,394.0240076625047,0,0,1,1,80,5961.204990949854,BENIGN
61.639925248014364,2,0,81.57075045193474,0.0,41.35390041138302,0.0,1323342.7867364653,32446.5026839796,49.38582815908118,49.1108451251306,77.84512140801843,1,0,0,0,47364,6.535776692949136,Port Scan
132148.5136362564,15,21,3247.9035269601004,11774.463253691552,234.7178644111693,557.809292023917,113677.90955259069,272.420771217233,3468.675082892734,4851.360106405116,5110.3212582647175,0,0,1,0,80,21322.720202293993,BENIGN
2071.4636047228178,176,1,12393.959436032219,33.37978122284799,65.59643825059975,36.895698093479886,5999303.67539234,85446.83073187972,15.581867298405303,16.358574547985988,22.043816998917695,1,0,1,1,443,396.4916837194661,DDoS
511.2514984250292,1,0,52.89944728939916,0.0,48.57412941128819,0.0,103470.49828188705,1955.9844872447677,19.854439048945082,21.866054431959054,27.134953897981305,1,0,0,0,59358,25.023405897967898,Port Scan
166627.28480760983,9,12,1279.9361511704428,7945.8514665258235,137.19852870711472,693.5441892585509,55367.80862959202,126.02977972213189,7997.988927080644,8460.164698071929,12791.276953127224,1,0,0,0,443,17997.497330339604,BENIGN
10975.545525346464,6,3,642.5492927790291,179.03793084155515,102.36883958925601,54.88070924341846,74856.16288714262,820.004798778865,72.03086940844969,68.43823606195242,89.54559916382765,1,0,0,1,22,1461.766172439646,Brute Force
143104.40040606284,12,11,7661.935728241833,8336.363233933158,628.0026223238947,692.4107633868565,111794.59832667171,160.72182221327114,4393.293425096066,5875.960478912733,5526.582037986017,0,0,0,1,80,606.8899944330435,BENIGN
9907.402000818023,14,12,6211.8811738833665,10717.018915648196,450.95330667274754,927.004233755706,1708712.343370522,2624.300497532376,294.0809152615894,381.2172976755005,408.1209468258904,1,0,0,0,53,19584.908839497297,BENIGN
1670.8356312135065,119,0,7573.150331702315,0.0,59.37668610783679,49.35138526091131,4532552.568442674,71221.8471864715,25.41140943542914,35.3137750246835,37.44467227158198,1,0,0,0,443,189.88870506859382,DDoS
30690.32524377819,8,17,1873.6322624804457,16169.615861229211,239.87343006108182,991.106100411703,587913.226086372,814.588956012065,1205.3689426844455,1599.7285443788098,1171.0832361066211,0,0,0,1,80,21530.474590511465,BENIGN
10193.590106730648,14,17,3875.888032437,13763.019096519174,293.5887461213009,834.9536147723446,1730392.0350210587,3041.126793938011,431.2898799875218,521.1955528478017,636.280084543019,0,0,0,1,80,7149.644952767027,BENIGN
561.1048654861737,1,0,45.91028703571089,0.0,48.428724664707076,0.0,81821.22426604082,1782.198055141693,5.745416026989398,4.833002830893233,5.748263837672856,1,1,0,0,38891,20.882401799220197,Port Scan
264.6086497226182,1,0,42.370900915853824,0.0,45.714482350808424,0.0,160126.66615498037,3779.165953374056,38.04197539885186,31.721200741949183,46.85360528955013,1,0,0,0,9266,43.141019684998135,Port Scan
1212.530554472947,115,0,6459.878231418384,0.0,60.09282356355263,34.02388963191259,5327600.3706366895,94842.97082310414,14.96098446874952,16.096709449296856,14.465971495791619,1,0,0,0,443,183.40481871754918,DDoS
1109.851960963787,17,22,4927.985708663,6945.621759114507,271.6924611011576,310.62601918365857,10698370.49030085,35139.821680481335,25.822638752798984,28.62550504047042,22.005279861701904,0,0,0,1,443,4938.96423655114,BENIGN
12507.349816365739,5,3,644.5646803227199,191.0319117515649,131.0081758752223,62.73904932727075,66808.44498175908,639.6239105371533,95.4621536655334,116.44171063102837,120.97453455074559,1,1,0,1,21,161.70037099918068,Brute Force
608.1462816782674,1,0,52.11870990410809,0.0,51.38115303962814,0.0,85700.94313539003,1644.3412220499904,14.688435793830282,15.228376359886079,23.062101940361433,1,1,0,0,59352,28.577812297132514,Port Scan
281.23484413144104,148,1,8322.059891207615,23.503809000125568,51.284755142461556,25.299103491853394,29674714.47566172,529806.327733564,21.86895494023019,29.71321262185617,34.842061876331115,1,0,0,0,443,149.3370419542623,DDoS
7341.319538773166,14,12,5829.116470226,6912.748425491582,379.32905387982515,635.7919283859205,1735636.874055331,3541.597646401447,219.8498824433475,191.3990078404285,342.3755776423321,0,0,0,1,443,20577.556151013927,BENIGN
22242.10333221648,13,16,6119.332801957678,17491.277034223167,438.0108704075035,1007.586926480571,1061527.7468827402,1303.8335254020278,603.6088103841513,671.7606543676466,709.7812534353251,0,0,1,1,80,8936.608952933246,BENIGN
5974.337092431251,12,13,2218.3494588104286,9576.066306396584,178.7882932450792,705.803519129759,1974179.826603538,4184.564682778265,274.5018193886766,318.6773465788405,435.60455011984277,0,0,0,1,53,22064.748711911438,BENIGN
38572.670219479245,10,8,4871.715851538636,6231.4071686588895,448.65668245806245,770.679316105195,287849.4788413802,466.65164474172127,1479.8186296293777,2067.212866690788,1391.8833477433739,0,0,0,0,443,11486.185461458608,BENIGN
885.72771847262,1,0,48.59537975563934,0.0,47.12346389752588,0.0,54864.91925468802,1129.015135401244,39.39919881692719,55.07615430534337,37.199733395332096,1,0,0,0,44703,6.235907733355306,Port Scan
761.3786155830006,1,0,49.578635882990525,0.0,48.36661452813092,0.0,65116.92720057197,1313.4069955908637,40.67669216319075,33.51042980928267,51.80765616679831,1,0,0,1,19166,5.721063402443422,Port Scan
193.72654756165986,1,0,46.64892411937363,0.0,49.523032364028595,0.0,240797.78794656976,5161.915145789284,32.24575551139708,41.109373501356224,47.251597848540946,1,0,0,0,43375,29.989643366262484,BENIGN
35307.281002078234,14,13,4837.085526376974,11282.941809931477,332.6813590248861,894.3681056005951,456563.8270293202,764.7147906521247,1171.7428724308268,1261.4934000014748,1687.4991561495299,0,0,0,1,53,20854.186837137964,BENIGN
1675.4647237805673,117,0,6444.843099276146,0.0,59.0905669095526,22.264640044163443,3846600.294116497,69831.37176173892,43.93009303798581,43.01196854434248,66.17427633066005,1,0,0,0,80,130.43838118610165,DDoS
123731.2851987469,14,11,5088.532857927629,11769.875248675326,335.3450382959074,1012.0679715753208,136250.1656676697,202.05075830129007,5302.688564089329,7280.153394141251,7365.860152427392,0,0,1,0,443,16252.647886909459,BENIGN
8435.29301528774,6,13,2224.2978808508697,11885.877127255166,398.1454283811925,849.4857594129107,1672754.5780014277,2252.4410196024332,336.63099007031656,451.2309684160055,507.71888889969324,1,0,0,1,80,22657.607606781276,Port Scan
3438.2631411501334,12,21,3669.4565321271366,13463.464913059752,315.0309087752811,659.7312758616955,4983016.349195355,9597.86922793849,104.61483311062256,104.42426277551758,144.27086338289934,0,0,0,1,443,13773.86426654935,BENIGN
4175.295186282368,6,4,854.0547517295519,284.7677777545235,133.7167221868384,65.27585602203948,272752.5788417534,2395.040243586676,126.40245637750063,160.57080089380372,164.09253619906346,1,0,0,1,3389,2553.0423109320723,Brute Force
29655.077700218233,19,19,7010.557400151495,19413.52186946581,370.73499438799263,1035.3677291005981,891047.3793640692,1281.3994414089955,871.9119354082003,1153.866035299052,932.1372271790841,0,0,0,1,443,24049.243002221454,BENIGN
36.251097602059396,1,0,38.190966472334814,0.0,42.33168935933911,0.0,1053512.003734894,27585.37164797986,20.821224723814208,16.71257472871187,21.08492019596658,1,1,0,0,16685,30.72218739347981,Port Scan
7587.724661286987,17,12,3702.6886638178084,5402.331222396292,239.5281626836389,435.49652273410175,1199967.090617882,3821.9626165350583,220.7489895317409,210.30491322633625,292.96114907595637,0,0,1,0,443,13431.661135341374,BENIGN
201718.31772747557,16,26,5838.466907839323,29314.07754112405,400.3871620352995,1127.4002012879241,174265.5047146238,208.21113557343176,4798.2652138272115,5868.758545057173,7610.194913624664,0,0,1,1,443,16602.689641462406,BENIGN
7109.393530623764,13,12,4777.335262047447,11844.578068851672,345.2467704960778,921.9030349875823,2338021.2755560805,3516.474350774411,274.7270965602763,373.5610723221544,318.4688024642144,0,0,0,1,80,8213.668759657994,BENIGN
482.4647097411763,114,5,5803.1417575856285,91.35705752613981,52.299986055106096,16.933667194497907,12217471.44630317,246650.16445210864,40.767851376716905,48.7264292159494,37.24443195684303,1,0,0,1,53,468.5022006388803,DDoS
78225.85177390852,8,16,3110.7484601268684,12276.547353880445,375.93746708929643,715.6049173069559,196703.46138870166,306.8039459559451,2674.313153665832,2195.6977537257885,2425.6412936476904,0,0,0,1,53,23292.71705348194,BENIGN
44209.627796383495,10,25,2796.9654570710363,21847.43420447771,262.79097418082097,903.4678705555837,557444.1787895972,791.6827565524794,1190.8544200236163,1504.0279085328875,1321.8416695002468,0,0,0,1,53,16533.950701608836,BENIGN
3888.600842771064,14,20,5452.63751502961,16260.436904470384,407.7546626413355,848.6464789543393,5583775.578268659,8743.504765526715,97.54397102464239,125.87550297442148,91.7506988116137,0,0,0,1,443,2939.961103398335,BENIGN
563.2221462367309,119,1,7105.67542225723,38.53960630355532,63.84037175209275,40.99308541295134,12684542.105270771,213059.80384791575,3.227906171319345,3.6537213354276012,4.687210330661152,1,0,0,0,80,89.46674335891993,DDoS
499.52833230886205,1,0,46.77530927453305,0.0,45.31856680110754,0.0,93638.95148516128,2001.8884522083379,49.53185477833961,43.36115806063241,63.49457868808219,1,1,0,0,9993,18.010920508429813,BENIGN
65180.04223151416,7,17,3253.6470999608314,11083.9377892644,427.5095877643016,714.2008930378527,219968.94138698632,368.21086913006235,2103.3624740090095,2282.301218363087,3210.8257240098865,0,0,0,1,8080,2925.0242176427237,BENIGN
100246.5813106828,11,11,3586.295043904517,7200.6747126538785,345.0091832459883,598.3696910502498,107604.36531124757,219.45885547775347,4313.502219428325,4657.195707090013,3938.5268137145904,0,0,0,1,80,4343.210083708098,BENIGN
10175.891202065806,7,15,2883.896938853403,12769.67079878636,442.9725836497597,883.9244454374831,1538299.4400000987,2161.9728005281527,378.0425790112331,455.93440661021504,566.6368644195479,0,0,0,1,443,7808.162237090024,BENIGN
345.74185680408857,1,0,43.66553109277072,0.0,43.172296724068254,0.0,126295.18304899194,2892.331316906882,42.370680566732716,54.073399879160775,54.366504729615485,1,1,0,0,50098,10.49174607734119,Port Scan
26691.81377251516,9,18,2691.6539014137943,13755.049746952482,318.8159249073235,813.2325225514086,616170.328046482,1011.5460953725888,983.5346988781133,823.3713261392868,1208.5100089744462,0,0,0,1,443,18381.95630588888,BENIGN
18237.4325012452,13,13,4511.170137786151,8897.206856307645,376.50730507322817,697.676962612876,735211.8777233753,1425.6392723166923,721.2569571320972,846.1954311541633,859.7173191295834,0,0,0,1,443,4699.388538699806,BENIGN
174.79397707963082,1,0,40.55885005278014,0.0,41.273363475527105,0.0,232038.02974459904,5721.020922502556,45.49182915240936,46.437087478922145,51.12633809938936,1,0,0,0,528,29.667080284707996,Port Scan
2727.9149018045023,7,4,608.5883864919938,350.81177879725925,94.01736996451366,94.64302178433596,351697.24856688693,4032.383852122203,391.468551095492,413.77124468620127,326.64227226361004,1,0,1,1,22,2130.568622523682,Brute Force
28432.532217557815,14,14,6804.611644607852,14535.138704705456,467.1372942426202,1036.6778143296879,750539.9162490165,984.7874183611857,1329.1888937521483,1129.0785946824303,1490.284154056723,0,0,1,1,443,13615.825494940222,Port Scan
10347.861041950031,11,23,3446.4590812585975,17776.65095011739,337.067754757226,745.1634960592676,2050965.8899880762,3285.7031865971767,378.20881466761085,431.303160103382,558.5384061103709,0,0,1,1,443,1233.1059622539367,BENIGN
10432.630455276427,17,14,7116.608246451907,8683.346717538769,411.7028496869505,641.7629032184584,1514474.7081499146,2971.446188273772,263.03122652672863,242.8186109655345,330.7740530490924,0,0,0,1,443,7983.810938898725,BENIGN
9310.793487875646,7,2,1152.0405705541593,136.5152329671935,172.97230448118577,71.4067251918361,138393.76903797596,966.6200857874943,375.79725933570376,410.5354281922649,573.2237624933252,1,0,1,1,3389,125.75074688706451,Brute Force
297.92903117423094,142,4,9559.448854818405,199.09311696065427,65.7109177749446,53.846973557966926,32754585.65859665,490049.59142306005,9.560612435397813,13.191553830325791,12.374580202149906,1,0,1,0,80,335.97993901639177,DDoS
23205.43446853276,10,12,2726.26366457174,9745.365105901592,264.4335931577267,807.4138087424888,537444.3123392161,948.0537858419603,862.4949804491334,987.923142230284,1362.6091758363705,0,1,1,1,22,10698.87803184967,BENIGN
2060.711048864798,7,5,1380.4761209611029,364.5966423338463,207.54560243473725,69.06162923504505,846830.4007280752,5823.232716984045,282.90509042730736,358.7064147038067,290.13686201489213,1,1,1,1,3389,2810.8138790852067,Brute Force
13292.559674311893,6,5,827.8438489926691,482.18954904635297,136.75380337561126,98.76320495101976,98553.88504071829,827.5306088155237,276.0725548460955,288.24237806707015,369.16824222600013,1,0,1,1,22,1646.310452538413,Brute Force
82574.59588681009,13,18,5580.4314195387615,10567.861054351937,445.65367094813996,586.2340800988826,195560.0545236228,375.4181254788524,3037.3370233431774,3955.9423226781837,2536.4847534803625,0,0,1,1,53,15286.744186370734,BENIGN
19180.230166147194,9,17,3283.630556787903,11668.318451815712,336.62810764784007,657.4893319502617,779550.0303741699,1355.5624606575157,776.8901383658658,1053.2724282318088,1152.2431951352935,1,0,1,1,443,24056.290074907953,BENIGN
1523.55837644345,15,11,7202.524167427209,10208.81648434122,441.43383840645924,869.4991640686546,11428075.826285666,17065.312627333413,49.93515991343007,60.800103630565474,44.299945030528576,0,0,0,1,443,12133.960505932777,BENIGN
14051.706772247055,13,10,5359.310952580801,5725.851429692314,390.7330144137991,624.7804698792352,788883.6966173364,1636.8118387886052,501.4284886024286,588.0027474423354,432.9016241210262,0,0,1,1,53,19841.03741167613,BENIGN
2082.911593868571,157,0,8933.947134401218,0.0,63.03695495701793,21.0512856385369,4289162.900960327,75375.25858618198,2.7787999265034786,3.276155214052808,2.678974059165914,1,1,0,1,80,431.4415908045669,DDoS
3600.4239618021693,12,22,1626.8787333687167,10588.8087739012,131.5020468811477,473.00437264890934,3392846.963821292,9443.332329946365,129.9508381606604,177.9837293926205,124.00617180364132,0,0,0,1,443,5634.130508976399,BENIGN
108226.8816780459,17,13,4274.086079705186,15323.28133421371,242.78617143679458,1101.4620764731185,181076.7076539938,277.1954576797677,3625.991438209682,3413.7547590981326,3480.707802618544,0,0,0,1,22,4740.580171967639,BENIGN
26723.68576289133,9,16,2260.230679834602,9099.389700522252,257.2355129522582,608.1322950254145,425076.85807812074,935.4996994731598,792.4567467766329,710.6408855939671,912.6663660564129,0,0,0,1,80,14580.667766682203,BENIGN
123642.29673869669,14,19,5035.32916919068,12793.712511317215,341.52052403439023,672.3520634486683,144198.5643326204,266.8989566712885,3631.9237722156613,4689.874738960799,3334.715061281913,0,0,1,1,443,2523.165246243078,BENIGN
553.140451299933,1,1,47.18270506238784,0.0,45.72946626691397,0.0,85299.68284095652,3615.7182055657086,7.25546686821251,7.374926367251227,9.10956190207918,1,0,0,0,26808,31.40376478649452,Port Scan
2389.243322295315,172,1,12607.75640840111,37.76940792373743,67.12658901800859,38.75043824844285,5292690.659977007,72407.86167973932,8.987276462663637,8.33932101966422,12.505394644374066,1,0,0,1,80,82.1696909923065,DDoS
9180.982949812502,13,16,3588.3701963457816,12783.639512850854,281.57906283173367,806.5291329199351,1783252.3814381978,3158.703175741357,378.7386391518322,520.5806672079436,328.5148567406679,0,0,0,0,443,4138.694630752932,BENIGN
2665.915425392506,127,0,8133.185560435533,0.0,59.152422495273925,52.850857890406814,3050804.043882252,47638.42048038775,4.58798409418106,5.293816043468832,6.477185569389971,1,0,0,0,80,93.70344823503176,DDoS
52845.440443443724,15,23,4731.132800419765,17076.147351258554,309.7210178631479,736.6909195930336,412661.5270624325,719.0781206690552,1351.629615595458,1549.4142558584258,1334.3544109015081,1,0,1,1,80,13295.608989239898,BENIGN
13325.250280326274,6,18,2086.4206047263788,12990.09137119546,323.43903903931255,735.704283948351,1131424.3003886517,1801.091874081659,569.1141112649261,490.5403161642913,781.3572121673857,0,0,1,1,80,11143.306916033835,BENIGN
369.3736028748232,1,0,42.17521951212316,0.0,40.0,0.0,114180.38317810137,2707.2860437698614,22.868222634971588,19.043144876581756,34.7891794855035,1,0,0,0,15386,35.22055506619663,Port Scan
11348.51383618505,19,19,10085.100486777641,18417.85865909701,497.2406014078178,957.9822328095165,2511602.8016807083,3348.4560664530322,307.5338423073103,424.82043135907765,449.60022962240464,1,0,1,1,22,19543.937850583035,BENIGN
8902.082990760535,10,17,4909.484532440666,10082.618300652926,451.2932794138331,565.7395949754829,1684111.7802040135,3032.9980104682554,404.0721277732228,381.8990760969176,601.2149726337495,0,0,0,0,53,22759.114673943663,BENIGN
2249.725902228697,122,2,8554.678440760586,78.02640436348157,69.11920806664996,41.07195797250889,3837225.1644398347,55117.82563251774,6.179153871214042,7.651066550199894,9.356515080377653,1,0,0,0,80,40.62023762128025,DDoS
6440.57880167718,6,4,790.1218610034149,253.95044678969134,128.084258464643,66.65213315476443,162108.45949454434,1552.6554845343896,231.51301541369165,312.4774310990983,307.7425032452154,1,0,0,1,21,1139.2093807950528,Brute Force
590.3356894379052,1,0,51.76627111836466,0.0,47.27489370564787,0.0,87689.55027546192,1693.9514548953687,20.38735731454138,20.83054188972912,28.183482131786064,1,0,0,0,24265,46.31557027218985,Port Scan
165087.4297462096,13,9,5384.843501774422,4427.939864057374,411.6953185154208,489.7845240296356,59439.91847784582,133.26272044952668,6217.26711152597,6095.091032838423,8915.60703443597,0,0,1,0,443,24836.08883803376,BENIGN
10091.580852236395,17,17,5655.5755840746615,8683.080898033724,358.01718322900473,561.5181805913385,1420853.352121813,3369.1450822063484,264.9564275613857,318.71650180894784,230.1886277734203,0,0,0,1,443,8954.24950876185,BENIGN
13423.647038370875,9,14,1571.582624231644,6814.023322894786,181.64699970267245,459.9599364663568,624689.0970208441,1713.3942761051123,479.3742849251185,656.804249559823,467.90176472729524,0,0,0,1,443,17726.852380744975,BENIGN
11760.610738353183,7,14,2210.2087035742406,10466.271602689425,331.71867142294525,808.9950585365054,1077876.0209215742,1785.6215520777105,374.8562913503589,486.0755948785492,415.544241444888,0,0,1,1,80,8825.72609654139,BENIGN
14938.406482825852,4,2,585.8311072867224,140.8436781051533,146.49054209556812,75.54781044601155,48644.732370036094,401.6492660644885,260.06735821032,234.2641259661072,213.1312028750018,1,0,1,1,22,159.47888923264188,Brute Force
18238.732746663154,5,16,2218.0188086331086,7088.889589490232,458.31680212248995,462.79209622506465,510282.6236557512,1151.3957845476973,985.9973841452056,887.1254256584627,1351.1417104716593,1,0,1,1,443,12691.870528010317,BENIGN
356.7258602167656,1,0,42.87196755813191,0.0,47.287398033448845,0.0,120181.83243592325,2803.273077517696,48.65261447797324,39.790782935121726,57.58903514231528,1,0,0,0,8171,2.841622318342435,Port Scan
36553.77472306491,15,18,3837.7216082845794,13280.196592697028,274.84402170971106,731.4103088743054,468294.1318829227,902.7795419217668,1162.755433658126,1596.9580709442625,963.0689567150548,0,0,0,1,53,21933.96419078392,BENIGN
2645.8732304748905,121,1,8010.712318476274,35.94461175540117,68.272120361994,34.512572877685415,3041210.3034836,46109.540923887354,8.409906103251753,7.856827964161733,9.487314214021707,1,0,0,0,443,239.30389776390427,DDoS
26169.5571973016,11,17,5077.147083630656,17392.78448135727,511.64379006973945,1011.9154737364445,858628.6499071849,1069.945501519114,732.7609736746313,795.4211792777155,1071.973259493677,0,0,0,1,80,859.7645177494367,BENIGN
50433.04213898604,6,19,1153.0036278822533,10379.713197365101,199.28866538245077,562.260444259085,228673.82842908593,495.7067616723116,2306.5657919939517,2268.9384309877078,2476.8203885771336,0,0,1,0,443,8940.52135246087,BENIGN
7960.997158604186,11,16,4222.991548915822,9091.51736005687,353.99985732528864,569.2042658973204,1672467.486636705,3391.5349374065036,267.19865403399484,320.84461420241973,278.8417092809892,0,0,1,1,22,12956.114270682041,Port Scan
11314.637894433768,5,4,681.3351514871853,399.33725365794936,125.71946888370084,90.9378298944022,95511.00222807581,795.429786085116,336.12607067774553,403.0430266556654,280.35749971190074,1,0,0,1,22,237.55057068696414,Brute Force
42366.62097562806,11,6,3495.538794164631,2922.222863209385,297.54479837148506,477.42347534497577,151481.55575272135,401.2592840429608,1901.654728009564,1997.3698297271005,1738.724230255347,0,0,0,1,80,20985.844228890604,Port Scan
3034.0558643699655,142,1,8531.88165101761,38.19909832204054,55.90238951770056,36.091751532472735,2824628.5277674883,47131.63052773735,5.718947147750185,5.763904271116049,5.084662149479767,1,0,0,0,80,288.3754961321665,DDoS
16074.537336220721,11,8,3603.4560657078487,5368.671879743735,352.9500258700289,697.8152838229652,558157.7719960068,1181.9935841753493,619.8980067062616,668.231781797401,841.244614449637,0,0,0,0,8080,20209.45032223984,BENIGN
54728.08752128842,9,7,2129.1707187972306,1437.7529093098526,259.93216767581646,200.63813390429084,65175.375015975165,292.35445133682475,14496.614063481917,14311.646919742876,17750.34233963118,0,0,1,1,4444,4304.125919892889,Botnet
7839.63642630942,9,1,835.9994674193356,52.28616707204901,90.66533626088669,52.61524212074313,113306.99361393129,1275.5693575840469,57.78104587710179,64.31058414980056,65.80846951879498,1,0,1,1,80,784.6427765287324,Brute Force
7319.938944290166,21,12,6728.179316815518,10823.715203464368,305.64940424519807,940.5543466337585,2397819.7979330197,4508.234324241362,180.79669295794065,144.65176306992416,189.73936688217842,0,0,0,1,8080,5767.841092107759,BENIGN
711.8853967025085,129,0,8239.737058124636,0.0,67.71283503733747,41.91878936825325,11574527.439797953,181208.94261567233,6.1121649504123345,5.008216360418784,8.217998640275301,1,0,0,0,53,484.452695978556,DDoS
33088.99392285666,7,13,2843.913702248043,11899.192115717704,416.2793912340326,897.8028281910817,445559.2047415426,604.430586394612,1583.258759587044,1607.4888176419101,2280.439376182227,0,0,1,1,80,22733.728754127107,BENIGN
1630.1124386984975,142,0,9842.641817379781,0.0,63.471030053522654,33.9879166677558,6038014.055790085,87110.5554616678,22.509911076404794,20.121231148454914,23.68435668974073,1,0,1,0,443,63.50071270241453,BENIGN
76203.18547403134,9,18,2739.9375498092577,10787.206370654254,316.70588888979495,638.3563987223359,177514.15293620914,354.3158967967436,2670.1055027595607,2284.788929376336,3462.800348954003,0,0,1,1,8080,12433.9458458297,BENIGN
761.4589739531558,1,0,45.88175365544009,0.0,43.54169157262866,0.0,60255.05670678811,1313.2683889828568,20.14614310026336,23.882982049009417,29.271189672300515,1,1,0,0,24763,3.298498252755416,Port Scan
2066.363962834578,125,0,10529.691122748844,0.0,77.58832207378838,31.882033189918168,5095758.2072349535,60492.73131366879,21.637645993007286,22.686881920179207,24.804185151685203,1,1,0,0,443,253.91335635030714,DDoS
87091.0785570989,15,7,5660.967734166389,2525.5740530109742,406.7535182758469,373.2486401145557,93999.77498051169,252.60911179985328,3534.0870358950633,4051.6882180171233,3270.603313243331,0,0,1,1,8080,19655.450081903615,BENIGN
889.3489262195179,104,4,10239.815899492454,141.17166428260307,91.00394344179918,38.905301174037476,11672569.964078102,121437.15117427641,8.421251081933942,7.688346209112846,11.387972697860803,1,0,0,0,443,402.3904136722462,DDoS
1031.5892773463547,139,0,7577.759832042627,0.0,51.5246355827058,41.616978785008385,7345714.034112051,134743.54867041812,6.3863774772071675,6.719201740122906,5.676549011047473,1,0,0,1,443,365.13538325125467,DDoS
124497.33000061553,11,12,5444.003921740528,8426.290220205754,484.8751054150484,692.6801744616796,111410.37435805013,184.74291777892975,3845.320167171049,4952.496127378944,5119.1698268218015,1,0,1,1,443,9265.578087713791,BENIGN
2280.5183267984235,136,0,9013.482430246333,0.0,68.44276627406663,35.95726007404947,3952383.2474085796,59635.56547731315,10.075097636200725,12.51972092264896,9.001200497630943,1,0,0,0,80,281.3509746962642,DDoS
2449.298849130921,6,2,602.4962402305572,250.06827453486275,102.48481000631338,116.43829659481638,348085.13263619645,3266.2408684177603,164.6971169383515,144.38511921871813,231.46841912203737,1,0,1,1,21,375.24896723225214,Brute Force
36044.55913976954,10,15,4595.607096105226,8303.314921150104,430.4265741202434,545.5518905816343,357860.4462115167,693.5859557348949,1554.9691664567624,2104.520003743676,1966.448358670909,1,0,0,1,80,10281.567229031038,BENIGN
3974.5595234072434,15,14,5714.363070055168,9696.068970417115,406.6837828787692,704.5916727193182,3877267.895905478,7296.406011587258,123.21156046573576,149.6764410102277,145.94337443712297,0,0,0,0,443,20607.303045931643,BENIGN
34831.93614769557,14,15,5002.7933577549165,8419.810097232,329.15528584552266,527.302445982662,385353.3549806688,832.5692800145594,821.7074494711379,866.3778197235662,677.763667867183,0,0,0,1,8080,18481.76186351318,Port Scan
34917.5409030032,11,16,4128.221681227557,11979.601502202384,394.66897819686557,682.5021797628616,461310.35482067784,773.2503292543654,1038.4073269437633,1144.2373142118404,1281.4487009799811,0,0,1,0,443,22130.656534101297,BENIGN
184451.22636099777,9,13,1981.4854856742272,10772.534141429242,208.2473074825498,911.6575209710622,69145.75673322988,119.27272284404775,5580.289430201629,5645.081883203131,6644.454618755894,0,1,0,1,53,9198.312829231047,BENIGN
741.6587555831477,1,0,39.5047280147258,0.0,41.97210698184601,0.0,53265.36997957264,1348.3289888672925,34.99444299888088,39.929322135202376,42.19153927328567,1,1,0,0,50643,49.93755292747415,Port Scan
14494.246972595927,15,14,5927.186293604699,15851.443559965634,428.2042792606338,1090.125107749653,1502570.6333517625,2000.7938359840216,410.6882118264584,451.60987764984895,487.4045066193115,0,0,1,0,443,22566.35748360613,BENIGN
82105.3533571114,11,19,4116.995040591602,13590.811708712832,351.0533192359417,777.65379218476,215671.76834725493,365.3842139807515,2384.206639178842,2971.9709657227204,2665.457340957678,0,0,0,1,443,9444.867568505653,BENIGN
1338.5824189543023,145,3,8052.689412474246,122.90176673207957,59.41203124583676,39.77543014820772,6107648.706153694,110564.72721016109,7.337263152528248,8.874121272239227,10.844024093657966,1,0,0,0,80,253.21401196461315,DDoS
463.1156274842756,1,0,39.114862400521886,0.0,41.51153752544651,0.0,84460.25156395737,2159.287963207317,25.070556850679225,20.186365701907235,29.68979382089207,1,0,0,0,45610,45.949303984180645,Port Scan
7047.167730423491,15,17,4953.682579785039,10193.147920287392,310.79748730971846,588.392381571006,2149350.0764401704,4540.831327435568,342.05505355016754,400.80701345501035,350.3420152149474,0,0,0,1,8080,3103.471100612206,BENIGN
684.0729827024307,1,0,39.79010568342346,0.0,40.268437039875934,0.0,58166.462774531195,1461.8323267928215,28.57701087893215,30.928873824707285,42.479655992524734,1,1,0,0,49872,10.850318934826875,Port Scan
575.0576049514144,1,0,49.741278290861125,0.0,45.80883301323339,0.0,86497.90536213094,1738.9562217588414,44.97142535053867,61.31742112232493,39.14475414464986,1,0,0,0,3157,40.04626568671938,Port Scan
59177.30047080623,10,7,1735.4587184038226,1285.2939038695285,180.38478512162104,178.305089805184,51045.799626557324,287.2723132814509,15679.736156218127,17732.66632202208,25083.908536853578,1,0,1,1,9001,4601.849750564845,Botnet
739.1777210216213,1,0,48.99149189635009,0.0,53.32783876593288,0.0,66278.36649167225,1352.8546269196192,42.791603456168126,45.87115867118547,46.534766666422215,1,0,0,0,7856,6.598877652193003,Port Scan
179984.28024977882,7,23,2553.582008878353,19944.40006562823,403.9667877963111,829.2281140281681,124999.70577032783,166.68122326220134,7384.969296276088,7749.687904692539,6269.291775497665,0,0,1,1,443,24028.139643448903,BENIGN
23126.662698128082,9,22,3095.194449173803,20922.23576916779,366.0768935992868,1034.4158527209372,1038516.9071664461,1340.444161989235,1058.1804460988753,856.362168178023,1623.4886474481038,0,0,0,1,443,15824.544047886282,BENIGN
77717.7817516801,10,14,3061.5553680683634,14728.481834276397,278.6515396226626,968.4210798168734,228905.62238622017,308.80963737080884,3035.580791170626,2938.289086837125,2695.932262275478,0,0,1,1,443,2424.1970877459294,BENIGN
170.9123189249849,1,0,45.80129907255782,0.0,44.88723331527052,0.0,267981.2629109576,5850.95332091837,45.78766852629396,60.971167102066524,66.66505426163064,1,0,0,0,31655,34.54593137625358,BENIGN
66532.86239054543,10,18,4073.6623023758625,14548.19342312922,399.702582910187,885.2312359383997,279889.5922468431,420.8446622308393,1662.2575280000835,1982.0386138027786,2008.252862852388,0,0,0,1,443,6656.350304462728,BENIGN
44666.27507462129,12,22,5658.325398373401,17260.884273293574,485.6910027422871,810.9553090213292,513121.13296614087,761.200703286724,1054.2699180074915,979.7097582418088,940.8768716829095,0,0,1,0,80,12134.922236485625,BENIGN
46.2269680694503,2,0,86.26398796003589,0.0,45.64396036970237,0.0,1866096.6003748055,43264.78857525865,17.588917924078864,15.959338932196697,21.918829229530377,1,0,0,0,53464,25.374352306249907,Port Scan
3063.4217972422143,11,16,3716.657064674052,8438.8240730722,346.8320473037876,563.6044339364963,3967942.367155899,8813.673658751864,127.19200885835087,110.50695602795291,129.90650427739627,0,0,0,1,80,2873.9562042740145,BENIGN
7228.365962549696,11,13,3369.1691587138207,15758.847184986987,287.16749037877935,1118.1165820690449,2646243.486121681,3320.2524781319134,192.7145680219832,185.8695246759909,258.1051932954552,1,0,1,1,443,10320.392268531366,BENIGN
47299.97002679346,9,7,3878.9579855919856,6758.8959804311935,436.1225723466313,957.8958170081105,224901.91769671903,338.2665991318106,2400.1575412407483,2682.7809377718186,2072.3367362207414,0,0,0,1,443,11964.592785054689,BENIGN
337.15052409891365,1,0,53.98754275769158,0.0,57.86599322013163,0.0,160128.90059115743,2966.0342444154667,13.890089605048189,17.33409236006274,16.446843332767234,1,1,0,0,6016,23.557544707820476,Port Scan
25668.05268793907,16,11,6764.7161428893905,7822.37542513964,418.766566798634,777.5662660183593,568297.5543712837,1051.8912489488066,970.6745169788309,1182.9348254926874,1388.863045937294,0,0,0,1,443,24910.353820523454,BENIGN
680.9588940436885,1,0,41.825757604687674,0.0,44.084334679896095,0.0,61421.853757305136,1468.5174226329186,33.36707596874844,40.57127083485064,35.64452581327385,1,0,0,0,43851,25.478039571795314,Port Scan
877.5238016685626,1,0,44.719084477914336,0.0,46.091754212212045,0.0,50960.53735851209,1139.5702294325872,44.779585370870045,50.43597571806492,43.805988922846964,1,1,0,0,41422,41.68040407538855,Port Scan
1756.4379610427093,8,3,949.6779783496347,134.5468381285942,119.29115796746527,41.66321826973884,617286.1441884226,6262.674938698006,271.0799170250854,277.4938085468053,302.2155789938692,1,0,0,1,3389,893.792170813141,Brute Force
58086.83323723969,17,15,5935.462079844091,10091.592021094173,363.69503069692234,706.7521913202477,275915.4391405738,550.8993728286891,1946.33129180335,2116.285291371802,2978.0727101085486,0,0,0,1,22,14768.814671192828,BENIGN
118823.27136115711,20,13,6436.627965723748,7684.668755312916,338.96602926220436,640.0834014142035,118842.85425971587,277.723375412702,4047.1163785664276,3734.5686151484947,4131.269565074969,0,0,0,1,80,13866.86407755819,BENIGN
39241.32220101556,10,6,2267.2433037339156,6411.206071016748,229.36164379788596,980.5316424190219,221155.88588720048,407.7334580633963,1888.3758972298406,2181.810433560814,2325.0103286375556,0,0,0,0,443,8393.768633709562,BENIGN
136118.3711614277,13,12,3173.686338695648,10386.344907179948,222.8971644089629,840.7179987252742,99619.40574350736,183.66367292444014,5067.7632098531385,6275.157144420378,8000.686280288945,0,0,0,0,80,11238.981517769837,BENIGN
96650.32298254975,17,18,3922.6408646261625,18807.436163503124,247.39268406261314,982.9854473591006,235178.49011464976,362.1301918082494,2442.4098587607077,3384.5767266595444,2254.5601597388522,0,0,0,1,443,5380.155034040488,Port Scan
6825.76659848094,5,18,2641.19031390129,17323.481435904327,508.1314715943784,1053.3064202328378,2924898.0992477406,3369.5848910389936,251.84780132637277,348.4241099538334,323.09599599713334,0,0,1,1,80,2684.6326564915453,BENIGN
17438.524100051534,13,12,2772.0261929287176,5464.464995478337,218.8176094215122,479.0717005287316,472315.84170490183,1433.6075608558021,986.7674816022048,1202.0770607320387,1475.7906675541483,0,0,0,1,80,19382.25790163352,BENIGN
736.7616718048262,126,2,7252.676808022085,34.01844707357508,52.376437456715664,15.969816888015067,9890166.0251213,173733.2503826396,2.5718093658253722,3.25316282024039,3.2233000324323036,1,0,0,0,443,393.5370807600191,DDoS
71628.18396149491,8,16,3540.8907950369435,16295.054895422096,432.0200741775695,1000.8785960999348,276929.33972920815,335.0636393755516,2392.123277066843,2955.956280536952,3429.8765788277656,0,0,0,1,80,15523.795999336622,BENIGN
29322.895312055858,10,13,3928.594919928333,9724.212050642675,390.63163841495907,694.6352946613349,465602.281946482,784.3700206010607,1136.2143379680683,1259.7608593143934,1663.9025605575537,0,0,1,1,443,5964.981627657698,BENIGN
14826.419823278256,11,21,4176.169968442639,9386.861302779127,363.1411430662362,466.0686911218999,914788.0225222745,2158.3093141446275,572.3053852028611,629.1877638210677,834.3435363005087,0,0,0,1,53,4916.339328368703,BENIGN
43849.76281584615,12,15,5846.131088746415,7298.872370017583,499.2156727740224,506.84310027585184,299773.65017841646,615.7387923257571,1972.919376005903,2266.7616308950887,1813.254121054126,0,0,1,0,80,19432.114575251013,BENIGN
12206.685879230501,9,2,1032.5246247018733,207.69849004251816,117.30018209085296,103.85131157836902,101601.95216087383,901.1454959053498,86.55123118338982,93.74835495126922,76.215685062829,1,1,1,1,22,480.2377136306902,Brute Force
195973.76762121439,12,10,4983.345390784182,9056.536900356186,396.82702551469345,887.8617899516044,71641.64092756125,112.25992267762308,7997.609877451287,6677.873860761448,7517.672927007681,0,0,0,1,443,12455.872475262056,BENIGN
26971.507863706134,11,12,4230.2824699980865,9986.872491365368,417.3416227418262,840.854153530486,527117.5431943346,852.7517303157402,932.8423641634262,823.4288506659763,1485.9247116794916,0,0,1,1,8080,1775.9508728187336,BENIGN
97662.02062360993,8,10,1163.0320446748203,6866.046806092006,160.12782736585046,675.0394996282243,82212.90937355216,184.30910895620437,3904.117563367909,4643.367642439526,5149.116229603537,0,0,0,0,443,24356.068926024596,BENIGN
100.68448370058924,2,1,80.52041452120513,0.0,43.86178036338551,0.0,799730.1228722881,29796.050888250647,9.097835243266152,10.83127349082198,12.774778789793908,1,1,0,0,8222,12.96367138002687,Port Scan
20392.27986211898,17,15,6070.891640710542,10565.194233868377,351.24907468840667,704.1404172923907,815803.1366312491,1569.2213041585264,518.3878101511444,530.569720764734,659.056934307364,1,0,1,1,80,17835.873347681616,BENIGN
492.78741716686307,1,0,42.77152876628317,0.0,40.0,0.0,86795.09110071346,2029.2725933409727,45.08393882938833,42.27982632520392,43.882604293158536,1,0,0,0,35735,18.508689884969264,Port Scan
133043.77310983435,11,22,2909.1027382524994,17836.285766849276,258.95403692149375,768.5621313631968,155929.04515700566,248.03866598669626,4444.716283962038,5808.173794565819,5218.036533299961,0,0,0,1,443,13635.572797932713,BENIGN
832.2133570184513,13,14,4674.412167762652,8554.96894750951,358.5713182722079,655.1302483036092,15896621.946406525,32443.603280692565,37.27802661695356,49.18822031752323,56.86914127637466,0,0,0,1,53,11986.626119694767,BENIGN
1033.309677753662,167,1,11762.314436427929,32.53395459992476,72.55223850092611,32.318946008200385,11414630.720065422,162584.3671233385,1.0434430822956162,1.0054558079208402,1.175513495663305,1,0,0,1,443,243.60355088939207,DDoS
66147.4757730479,10,19,4513.2704471430325,14800.73576790028,431.9121706744701,791.5074983070529,291984.0249280214,438.41431076673354,2295.0207528673545,2022.8169661572508,2575.4522369851597,0,0,0,1,53,16974.86299843655,BENIGN
118845.70974913765,22,14,8274.85021430802,11699.588534193339,366.48899605739865,841.8109988934846,168070.33918737056,302.91375326875203,2239.9250159899784,2735.281864509526,3376.259487146492,0,0,0,1,443,8237.849508488405,BENIGN
29843.271398361117,10,17,2875.816867680734,13659.030625702062,285.10827272003246,735.1857862069431,554056.1312018504,904.7265509063038,918.0063612779113,878.3187230176208,796.4138189354206,0,0,0,1,80,18441.174444503216,BENIGN
12545.210657681648,10,9,3370.116815230793,6213.42592266349,368.93038586204415,634.5935716779607,763920.4314218602,1514.522196434061,517.3230257355567,518.8525503158976,707.1083353923104,1,0,0,1,443,14312.840747795824,BENIGN
35857.220991634254,14,17,2735.3264764005876,11986.629507897409,210.52585576736885,707.8567480687639,410571.5829939173,864.5399487939269,1082.8761129774186,1493.3358881451793,1560.0642678603758,0,0,1,1,443,2523.277308793835,BENIGN
26716.053621533687,13,13,5424.402909945057,10420.383679730447,441.0770703451842,780.217561331364,593081.10449757,973.1976274760681,802.5677755095869,1033.5093495950748,1110.7514375444305,0,0,0,1,8080,5735.689676541469,BENIGN
472.1036857229634,1,0,47.452005578333534,0.0,44.0134389392092,0.0,100511.83037401446,2118.1787608131767,26.56570553150701,30.653616061713244,23.065149455885436,1,1,0,0,36482,39.96059823146022,Port Scan
19447.603081481775,8,28,4163.896739046496,27175.03769334773,505.25957478997555,978.2269150420495,1611454.8564720305,1851.1278664608085,502.7418432837084,466.055507222538,541.1877356462562,1,0,0,1,8080,10724.76999946735,BENIGN
476.07158834322615,131,0,8134.6021824004,0.0,60.01528683850319,50.882672499725594,17086930.58266632,275168.6998501471,7.128782494024839,9.934093525702336,10.158725507760181,1,0,0,0,80,422.9061044753267,DDoS
93511.33776676073,10,18,2715.372438416255,12202.470322933274,268.7342887225172,671.3471770935572,159529.77593538593,299.4289320278851,4206.297986514917,5602.6635118596305,5866.634359124093,1,0,0,1,443,9979.171138849448,BENIGN
117027.17204627472,15,17,5303.289627827922,11976.116309253064,343.8544252487299,670.2714819769283,147652.9393553865,273.44076969873805,3106.8461754481264,2609.038671740975,2698.160509492906,0,0,0,1,443,15379.944039483244,BENIGN
398.67866704894493,1,0,42.04618185598766,0.0,46.35534026488244,0.0,105463.83674656397,2508.2857013697003,14.914431857893051,19.11527740727149,13.319883440807553,1,0,0,0,10342,25.166028089529547,Port Scan
284.23259000309764,1,0,46.48175103592916,0.0,43.75996633243264,0.0,163534.20638858687,3518.245391878186,7.041141521567187,8.057105241202574,8.25924333131172,1,0,0,0,1454,26.703180885398375,Port Scan
36509.18242560866,15,14,7556.012528065882,7040.844708621655,546.5859892778739,521.1183956085645,399813.3145388886,794.3207180574526,1032.9898470819596,1128.6521406889983,1307.2878262353945,0,0,0,1,80,24220.771129787012,BENIGN
9619.279003248117,10,21,3901.9657525767348,18047.006835624015,391.73138624411536,800.5076285349348,2281768.9954506257,3222.6947559720757,312.5734840291948,433.1750740363165,390.2017545107454,0,0,0,1,443,659.0220697423015,Port Scan
10751.656157706675,9,14,4298.211663490005,9082.1714711542,443.9980994953558,644.2382942562292,1244495.0748404735,2139.2053152214917,431.0036282161886,530.8088840088154,548.8558450487822,0,0,1,1,8080,12108.51711188318,BENIGN
8187.629558860236,10,12,3044.1372204195213,8446.388100971017,301.27320358889733,759.7163839674442,1403400.7326279285,2686.9803820316615,329.0956930956043,419.80533592733286,455.95180900379364,0,0,0,1,443,7453.436852683194,BENIGN
47757.84572909389,21,10,6565.555969124722,6323.659378762441,291.5210704392765,604.5227743634593,269886.8667778937,649.1080057473138,1125.807904192492,1208.663761104059,1350.7357983851525,0,0,0,1,443,15955.813821097208,BENIGN
64196.88280583008,12,10,5576.105436566032,4871.033527275601,433.703289369244,521.1149777413226,162735.92279301246,342.69576712223255,2157.3215157247373,1882.7065754910875,2123.735255969227,0,0,1,1,443,18661.12373103294,BENIGN
86400.85203577596,10,17,4428.559795979254,9009.111726157851,435.76767606296187,516.7301924310217,155527.07184615466,312.49691830377003,3433.4685056608864,3320.6767380847164,4250.2686872499135,0,0,0,1,53,24288.946672927446,BENIGN
724.2058972126127,1,0,38.670046657241336,0.0,41.34180210469966,0.0,53396.48131294983,1380.822779611279,25.951534480448935,22.006406990091893,28.908808136701747,1,0,0,0,19706,5.020379970542843,Port Scan
8373.366080828477,15,12,5289.977777306454,10825.191338894132,325.0107131676845,891.3591684381641,1924574.7720379285,3224.509682171757,319.4526301814787,350.8172034812287,508.4014535196952,0,0,1,1,80,17553.66378545508,BENIGN
66937.86970846067,13,12,3502.2569365163004,11707.142269636897,246.05927331337705,1015.6758655077106,227216.66035079682,373.48066361962674,2031.6668356662972,1735.401476611829,1907.268263816776,0,0,1,1,8080,6505.438508776493,BENIGN
26948.697006650546,11,16,3195.5691668858294,9615.714489011343,266.69396294880136,640.3115146995431,475395.2910129768,1001.9037281593538,997.8971697941827,1179.898576899073,1195.7085621678436,1,0,0,1,8080,5032.065678692098,Port Scan
1534.7904768114167,161,4,10942.657640218738,157.6892623270953,63.937551525643514,37.3960489728789,7232483.5671427995,107506.53101705029,2.0956144940268775,1.7863012407922119,3.273114447585388,1,0,0,0,443,61.28750078828989,DDoS
6300.30910983796,12,13,6598.519718438068,8343.248949543933,567.4252279021623,710.8175739543672,2371592.9500427786,3968.0592752127654,203.85582878876565,225.57601865291113,259.95819144841465,0,0,1,1,8080,5877.396953157691,BENIGN
70755.36984720113,11,24,3327.399236319354,15938.879420113102,287.84120663459777,640.5306728010905,272294.22583810537,494.66210233348806,1707.4689241901715,2138.401913417605,2422.2675830086387,0,0,0,1,8080,22169.731937445496,BENIGN
27873.366050555604,10,19,1937.356652219495,12032.88859314917,210.29462670073346,587.0798285547833,501204.0964134001,1040.4197306992255,796.8886622148619,734.7677819483599,890.0778040875642,1,0,0,0,443,13741.950592334555,BENIGN
5408.88779835498,12,10,4634.013875981531,6246.649361368695,358.1643711320019,689.4854786426168,2011626.7230870256,4067.3796203890415,241.11348193943863,204.0030029530377,249.42592586276479,0,0,0,1,80,16384.298551394306,BENIGN
146.7613877847581,1,0,44.34853051700011,0.0,44.609562029279665,0.0,302181.1880250285,6813.78130238596,29.281333678015187,36.25081803069699,29.847469448008503,1,1,0,0,25379,23.118320282732398,Port Scan
31847.211269836003,12,15,6329.466410131009,8770.941907906457,502.8956164558712,644.8622202615079,474151.6671615067,847.7979365676196,824.4763021190034,802.5737450196109,725.8398812649984,0,0,0,1,443,20048.94889908763,BENIGN
395.865136453998,1,1,40.129478871724544,0.0,40.0,0.0,101371.59142426234,5052.225659261642,39.661655626724745,47.3112986520072,40.87079198678545,1,0,0,0,3721,0.007672347920500977,Port Scan
49455.300781295504,10,20,2274.983105460925,8619.28904132854,227.01910485337416,444.81282343710717,220285.22675388906,606.608382237285,1544.8480506529431,2127.6797041195637,2344.2820084804075,0,0,1,0,80,15210.571376392334,BENIGN
23171.983550116787,13,16,3740.3529613455494,6990.357276038282,286.32391651779324,420.65765417134554,463089.84356799914,1251.5113320911123,862.9103210383122,710.9092304662773,846.9695303866973,0,0,0,1,443,11393.390082255215,BENIGN
10317.263968904696,9,2,1111.0954606789496,194.58430822741633,125.4397750636926,91.18489834234063,126552.90906984324,1066.1741362005478,104.51667169586955,141.2950459317726,107.83478298329725,1,0,1,1,3389,2464.6947410132047,Brute Force
1166.5631758123225,124,0,5912.282467938767,0.0,51.01439620967882,40.65167243027813,5068120.261743921,106295.14335016967,30.133187891283853,30.116745079720808,33.31604013528045,1,0,0,0,80,84.69989075020833,DDoS
73917.32488782903,10,16,1847.729652012754,13057.644144122914,180.12904741030857,742.8070384921574,201649.25907092635,351.7443311085121,2432.7520941048806,2840.7924054323034,2851.68527278476,0,0,1,1,443,15201.071736392723,BENIGN
223285.8568873218,11,16,4644.924330878073,14287.04916654688,392.50875521152403,904.6265253127694,84788.0549235983,120.92122795589864,8058.975626472477,8213.511332075694,7151.765127075604,0,0,0,1,443,13147.35468999389,BENIGN
844.5543076787744,148,1,8468.637106814316,36.682671019226014,62.898546078840035,39.00781286959558,10070778.990175411,176424.41539315673,3.6749816763291214,4.303662766948215,4.585436635249858,1,0,0,0,80,181.87543095482712,DDoS
493.0539264381493,1,0,48.199895937119166,0.0,46.10981772473829,0.0,97757.85842599015,2028.1757154314926,23.530103239269938,21.22114243197601,21.432112022387244,1,0,0,0,25596,39.365545021993626,Port Scan
2057.3699881296047,111,0,7004.100574291843,0.0,58.49590852749898,51.03206797530138,3404395.230174135,53952.37640309522,4.046920924245267,5.086808573269962,4.2940224542355185,1,0,0,1,80,40.43498743492013,DDoS
2430.4550281241673,9,14,2287.211257871565,5684.504141502289,231.73473690505534,393.61962376589133,3279927.135918433,9463.248541468167,99.9282021984347,124.68670338084854,109.62199329995389,0,0,0,1,443,20058.531404766156,BENIGN
780.1543580603802,1,0,42.422178701585594,0.0,40.497971831155304,0.0,54376.647727836345,1281.797620776227,11.178922759094032,12.092845889577337,15.140295604175598,1,0,0,0,20543,27.85973176988549,Port Scan
68949.3870164411,17,10,3756.6910612736215,1305.2602037112918,211.64837588289913,142.72701160749006,73415.46435761469,391.5915886759342,13080.869945997012,14164.902983863904,18902.22952311318,0,0,0,1,6667,7205.17532518909,Botnet
25.054192212881283,1,1,40.13997644997479,0.0,43.17587333451645,0.0,1602126.1475489659,79826.96001556683,11.059323502831592,13.091236379941682,17.41216283520489,1,0,0,0,52905,30.221745487523023,Port Scan
21597.838478594433,15,11,5982.820112678608,7181.752440003573,384.55279831667514,623.1124063694044,609531.9476404807,1203.8241709126837,803.7171599126663,862.2667090060656,1133.7754841897042,0,0,0,1,80,2444.585018674028,BENIGN
853.5756632566621,98,6,6770.2186017326,231.18063307943996,68.54368192052434,35.323818869568186,8202435.397583243,121840.39971712288,2.8404375085486024,3.7312009506718096,4.44853913241405,1,0,0,0,443,311.85900352676373,DDoS
80322.87001295765,11,17,4399.118539312194,8593.79159931375,392.31669868990093,476.9286438178647,161758.53946117632,348.59312167858366,2616.6998088590094,2107.7499057719915,2981.859697447757,0,0,1,1,443,10997.755231492612,BENIGN
22866.493022724968,10,18,4704.773474316924,15443.725834955625,492.3439976869821,813.0163021262694,881136.3985395029,1224.4990944686313,663.231187425887,811.543538839711,731.5098979612162,0,0,0,1,80,4044.9818506976644,BENIGN
66271.99479961835,8,16,2467.1536051154385,15705.171810976532,292.333535374411,1088.2631447781232,274208.2152655623,362.14392025722174,3134.9577616327756,3706.1226689040004,2917.692221564626,0,0,0,1,443,19177.891438760875,BENIGN
613.967965188062,1,0,48.55903226090141,0.0,46.30453393005858,0.0,79090.49822498068,1628.7494734252043,45.14779553435036,48.797744769671496,49.17603410544192,1,0,0,0,53511,18.53027958663963,Port Scan
20241.084396749528,13,13,6660.6433368052285,7353.888177268902,500.88737961295317,553.6382169924323,692380.4693154035,1284.5161598246823,628.2954953439545,537.2090276320524,697.981669339718,0,1,0,1,443,13181.138361340392,BENIGN
43199.35885387399,20,16,6523.999149038251,15069.882317192094,360.18163552823324,886.041905634117,499865.78595468827,833.3457013048152,1588.3114519139142,1669.322697867334,1404.0353019622078,0,0,1,1,443,12775.44043055396,BENIGN
31567.89674773702,16,19,5549.976466002819,9992.592156169347,329.28681419969564,504.3234119320961,492353.63212109945,1108.7213151921187,908.7796595744679,975.90408825414,1053.1934732398197,0,0,0,0,80,17185.209113552064,BENIGN
314.6601360955416,1,0,49.766940575797555,0.0,47.10604223423558,0.0,158160.9325964526,3178.0320583614243,5.766009768819541,7.359304964322452,4.642754012869526,1,0,0,0,2629,2.9526060850894598,Port Scan
44003.88058175829,12,13,4812.020835443787,9608.888918610208,408.9119658211338,714.2952764041962,327719.04576143564,568.1317117827944,1329.2178352515666,1626.4955355487434,1804.7224364819658,0,0,1,1,443,21078.155762264858,BENIGN
66091.08567135422,7,5,1277.3003566851162,1379.0665566805703,187.8889339282471,254.04740941236858,40192.5144122278,181.56760292411334,14786.009025814225,17740.540306228515,22476.5517150247,0,0,0,1,1337,1643.6148040944545,Botnet
19412.458390128253,12,12,5893.700825834935,8288.458938005186,537.6550156639822,669.5938413996846,730570.0019453551,1236.3194561799876,682.2879358248383,765.6160877609566,594.5238178225756,1,0,0,1,443,21683.505947025704,BENIGN
547.4761382594102,1,0,45.016132627559024,0.0,45.284433598642046,0.0,82224.83042033344,1826.563625547769,15.40427861598698,18.568038777207843,12.491490394531107,1,1,0,0,12332,30.86095804714095,Port Scan
9904.984650690509,20,20,9010.30948671111,19326.93717995298,448.5464711832194,915.8673878971815,2860907.6809309954,4038.3707204646166,209.59274074318117,212.22776543685472,215.3281880121641,0,0,0,1,443,23334.83199587086,BENIGN
50477.76239406557,10,18,4599.683013161682,15625.677296137443,468.18325571529317,817.2465867451031,400678.6226260482,554.6997068018179,1634.4011192635783,1786.862789165679,1772.1450963609775,0,0,0,1,8080,10920.397607313547,BENIGN
13135.007665669911,6,3,685.8391064167944,199.79434546926902,105.84648563851918,70.47014422559973,67425.42329844118,685.1918346056773,94.17800043316461,130.75092937542047,88.56178068798076,1,0,1,1,80,2408.339409029986,Brute Force
297.20525139649186,1,0,38.90908220483188,0.0,40.415159033461656,0.0,130916.5367099269,3364.678098052623,26.34434352339002,35.14156180300602,40.95811795899889,1,1,0,0,10341,42.76447571668297,Port Scan
2386.1782332825533,125,0,7053.599014789422,0.0,62.12199871871692,44.03235559846519,2956023.5343719977,52385.022315807226,17.942520341187247,21.36139199102296,15.211276490099767,1,0,0,0,443,399.1927788460115,DDoS
2212.14501686392,18,27,3189.1742012867594,25314.158637247412,187.56896421917554,861.0421575533189,12884929.614127351,20342.24684952839,53.807016456435484,56.864870570742276,70.0868063665706,0,0,1,1,80,5261.539274544852,Port Scan
53140.02238302437,8,20,2298.2754585240973,19132.040281980848,297.0010482778002,977.6156480246943,403280.1413977364,526.9098269884174,2433.8365784283756,2612.347530276793,2851.3092824215155,0,0,0,1,443,10009.71451855689,BENIGN
65367.82928762491,11,7,1786.0527299773908,1454.2069483242083,171.17310537724433,199.34433966673228,49569.63866803861,275.3648116537299,15594.909179302262,19205.096681238396,20141.122631655613,0,0,1,1,8080,4145.723164517137,Botnet
80321.19179729225,18,15,8283.09462803111,10831.576887757716,471.4480865315799,705.724953407868,237977.9369313742,410.85047745908173,2186.6985800271527,2370.1448054533776,2700.0568199286604,0,0,1,1,8080,12994.422983598886,BENIGN
14762.937556879908,24,15,8158.788636545474,11912.621616098755,353.15846561056696,795.2062198995008,1359581.05731406,2641.7506576680603,396.5482927207537,544.7955547090578,540.476225558861,0,0,0,1,80,17600.39840544959,BENIGN
28729.480216404034,11,22,2739.2656112336917,20754.09194243333,253.50825656301163,1016.1813430023811,817743.9124099684,1148.6459118448504,1076.0481018187445,1154.8756132595474,1581.943666411802,0,0,0,1,80,7315.107620854453,BENIGN
3055.2336860134974,149,1,12756.310013580152,35.7656658734369,79.17350506236238,33.501466222183524,4186938.543527527,49096.08082899926,4.190138086410975,3.36653388041786,4.887867901557569,1,0,0,0,53,18.409937235029123,DDoS
172697.29512740186,9,17,4178.1398454165665,6002.992798345652,461.41613669709955,358.102642221837,58953.631186009115,150.55244484761232,6854.640769060232,8783.871915655674,6772.467777508315,0,0,0,1,443,1938.312487072606,BENIGN
54708.14944232514,10,3,1769.401175887173,637.5098153200458,173.32805004540975,198.90388919465852,43995.474453849914,237.6245611031856,15395.025856306778,19143.140733360426,18794.141779504433,0,0,1,1,1337,3050.3342896577947,Botnet
49368.71829769261,18,14,5602.6470608487825,10391.620239618273,293.20123109297936,695.0900219643863,323975.7452081674,648.1837305769311,1321.6126203645804,1805.6912706048543,1968.96799143336,1,0,0,1,443,8093.90178187396,BENIGN
10267.351440713272,4,3,631.0666490653745,222.414792841704,159.4808230553597,81.71594486763331,83125.76489032572,681.7727084165837,329.6250994546824,264.37692117315555,421.7821208673696,1,0,0,1,22,1709.0609216134876,Brute Force
6337.334974168732,18,12,7173.317443505946,6929.33272106712,398.56384675098286,575.0909965198647,2225328.1895396276,4733.85107813953,282.2801903268048,376.70175687427474,371.7970356445376,0,0,0,0,80,16127.371268186625,BENIGN
142323.90694902532,7,20,2517.6916337344446,9005.142929011254,360.1690023754448,449.2664351681221,80962.04502643897,189.70811425005576,7121.084284292068,9881.963924935186,7317.084562068999,0,0,0,1,80,13555.93584994473,BENIGN
73242.87881372351,10,5,1868.4310697632552,780.9822525087412,205.2933330789009,159.41098920230436,36172.98179950262,204.7980669649682,14575.675244923756,13310.23231942018,12520.389379075381,0,0,1,1,1337,5938.25818635516,Botnet
22279.72323716398,13,15,5511.254915768974,11692.128181217568,388.31015063394966,846.8668795758573,772154.2549635543,1256.7481068747854,878.4445542333605,938.3110238303508,926.651562761187,0,0,0,1,80,2745.405477004761,BENIGN
1698.3976125408685,126,6,7412.194937528096,115.3947212612353,54.90305078497728,19.675272938293148,4432171.597043031,77720.31650617013,17.426284377603313,17.981435237282646,17.25155239688545,1,0,0,0,443,244.8770073471324,DDoS
1590.6456636013097,129,0,8686.237613470428,0.0,70.40878068723799,34.46073791213453,5460825.004736949,81099.14291529696,11.947171774952896,11.15743275722324,10.681485908529684,1,0,0,0,53,421.76282554741454,DDoS
4501.5982553275535,13,17,4779.459720559452,13248.027300924014,399.7309106537526,725.395927455364,4004685.8913161093,6664.299721658988,159.48207806707038,172.03556837210445,132.80729782731922,0,0,0,1,443,9945.670606679965,BENIGN
431.03928273722187,1,0,42.812657677385715,0.0,42.83298528486654,0.0,99324.25974150936,2319.974164882876,33.1819171790344,39.78231962783134,41.63326841124425,1,0,0,0,36604,0.13972689341849587,Port Scan
26700.81280741568,8,8,3739.923435135255,5225.8741514118665,476.9232793779235,720.4156477822838,335787.4403005825,599.2326943528956,1327.3806110116975,1142.8656902712407,1531.9683507500222,0,0,0,1,443,17051.58508581758,BENIGN
35261.7112374339,11,11,3359.9091804114246,9598.668103153266,319.10855427073636,859.5900382193184,367497.1187957504,623.9061925232023,1283.0783485577736,1470.8342264367216,1995.2502665861778,1,0,1,1,22,22689.00985288777,BENIGN
1952.5784416778174,139,2,8096.925062676746,64.76637290279912,61.353605242849795,34.595903212698616,4179955.7248856765,72212.20770974051,5.3584089744369425,5.662589943856747,6.158508325306061,1,0,0,0,443,388.42978978762613,DDoS
13359.29201351642,9,4,1016.9065496436654,319.655167647055,123.87770541676745,76.64623612749719,100047.34651645001,973.105459993471,143.42497323995656,140.99487718772244,169.70040517591292,1,0,1,1,22,250.41656267332837,Brute Force
14616.785342609985,5,17,1944.049568055877,12125.691492845643,354.69375512548066,718.0420378853597,962574.2412653655,1505.1189084556718,589.6073048045623,727.528457023755,781.1942654916212,1,0,0,1,80,2925.5294460909445,BENIGN
15751.710584496372,14,6,4460.47269528288,2835.185807608435,306.64427123620334,484.43895741710537,463166.10908735654,1269.7033692128023,647.413134223763,655.4135889858521,588.2391458874183,0,0,0,1,443,16282.919223667028,BENIGN
49488.5509256754,14,14,3487.458788243363,7102.530014273899,233.90771132926096,476.87946035583326,213988.66211342262,565.7874291379419,1474.3511771187182,1851.9658606195474,1863.1864871326727,0,0,1,1,80,17662.506301096688,BENIGN
221.91248258346698,155,5,9561.638965936232,163.67546265184856,65.04993959203095,31.091266499251514,43824999.45639669,721004.957167382,9.778822204307684,8.000023863479933,10.596719188795923,1,0,0,0,443,84.4664996031293,DDoS
39835.1423533873,16,18,6228.021869377425,19969.762422453972,424.47887833642113,1067.595754465126,657655.0940730785,853.5177230792267,1187.8992629007632,1610.1013957419823,1207.5900311278508,0,0,0,1,22,16831.326084232714,BENIGN
201.65284983056898,153,2,13186.645448419904,66.63650206107216,78.50262759272034,34.865445441811204,65723256.38649061,768647.7038645016,9.751617602293443,12.08760088618402,12.446786873475075,1,0,0,0,80,478.74078524144556,DDoS
15095.664572496295,10,10,1236.9130346901343,7876.435998630988,134.94084572471783,827.2219916344625,603706.3813623207,1324.8837044537418,622.2048267208925,617.0686986157485,947.3546676472507,0,0,1,1,80,8723.957338933624,BENIGN
507.74930061415773,116,3,7690.962948379197,118.2593161300971,66.52596670697503,38.582093512531635,15380074.881567542,234367.62956849238,21.150081096041333,24.43694477410867,22.710498469180095,1,0,0,0,80,330.2514700249303,DDoS
22008.872909281683,11,11,1681.6724699247816,8538.97053180067,139.82236195602863,725.3633244041168,464387.38793457963,999.5968485383937,1280.5946173948705,1408.3040017542692,1058.6850123617141,0,0,1,0,80,7268.601235456008,Port Scan
23016.00179189747,7,12,2970.455780854765,8776.31605791525,447.97491930492265,728.4737424098244,510374.1277473022,825.5126225567441,1178.9539646669439,1405.0131891063409,1334.8213211632242,0,0,0,1,443,4634.0463944142975,BENIGN
657.382063272106,1,0,42.55825985874678,0.0,41.931298794134705,0.0,64739.003749073854,1521.1854047591746,25.71169451203314,33.784964339708225,36.596089092874685,1,0,0,0,9304,23.517535779294025,Port Scan
68682.08667625424,14,20,4516.917730715776,12398.888765434045,311.3909537137815,629.1670865531024,246291.3885520924,495.034464521518,2196.2315946925723,1970.5858669330614,2015.4807482613949,0,0,0,1,443,19187.176606025092,BENIGN
57.174947887478424,1,0,36.910477471319766,0.0,40.0,0.0,645570.8109076095,17490.17772553151,37.12576506631699,50.75165573288366,36.03078825193868,1,1,0,0,14920,16.186242035955434,Port Scan
26728.740746672825,11,15,3563.865097713103,9749.711208316041,309.0702877083136,715.3679933582796,498099.6460780296,972.7356872671401,1160.8311103938147,1252.7519599151813,1540.5314805283303,0,0,1,1,8080,4708.53421268884,BENIGN
565.7892655238103,1,0,42.7927850971202,0.0,41.974427242497164,0.0,75633.78753307107,1767.4425107273737,21.600246501106753,17.776966795146684,21.30494980031197,1,1,0,0,26402,3.560394981359938,Port Scan
124022.95512592986,14,14,3424.463493539847,8871.581331549469,249.24203405652423,594.1233866280089,99143.29821124014,225.7646576117259,3226.721502751757,2763.019935033431,3381.645218323134,0,0,0,1,443,20295.944707533567,BENIGN
93679.22278433236,9,13,2920.8697991713775,8565.880818520758,354.4958196480147,625.2000925463963,122617.9111683799,234.84396375328862,4262.305649773588,3940.3735793885985,6142.697216323931,0,1,1,0,80,11832.008460960375,BENIGN
332.2519943574665,1,0,42.015420162444464,0.0,45.474433628405684,0.0,126456.48747330168,3009.763724470259,11.280364629270206,13.030039412363271,11.424782672781301,1,0,0,0,28369,33.79293744756998,Port Scan
13308.618216416819,16,11,2272.3675365172244,4934.95122586125,154.634939600733,431.86575108272046,541552.7476389623,2028.7605791181393,422.9155305959448,549.1196299333553,617.3984429236066,1,0,1,1,443,2131.7150580009593,BENIGN
15244.55479520583,13,12,4737.381510634192,10191.962044545133,398.6411602281719,854.6038058170899,979323.0275163145,1639.929819915902,555.4394547757196,506.18844737446193,854.7462187103707,0,0,0,1,80,20629.256580716043,BENIGN
242.8316519129378,1,1,38.55730169907637,0.0,42.79601905371407,0.0,158782.02612936258,8236.158607186258,38.80049271533686,51.17782553540037,37.064896641547044,1,0,0,0,16853,3.0349646113612794,Port Scan
499.9682154856139,1,1,48.3678752812901,0.0,49.73154942015539,0.0,96741.9003512271,4000.254292280202,37.284320527973854,45.65463878498147,33.09391755942735,1,0,0,0,972,28.750230290545066,Port Scan
38489.65730894781,18,21,7997.793529451872,20488.893427117975,449.7752750487596,1048.126721582782,740112.7718003211,1013.2592162864893,1262.6739061565136,1397.2689887224767,1299.2132850729258,0,1,1,1,8080,2568.632367086363,BENIGN
910.7046784274477,11,15,4362.84605627189,8434.44204802447,379.9100957702107,516.3661832343234,14052072.430762054,28549.320779701386,38.937935030189735,33.39344382684605,45.37085692065083,0,0,0,1,443,16174.857281833523,BENIGN
254.51246859235414,1,0,49.10527288084491,0.0,46.37038349580209,0.0,192938.5744927708,3929.0805889815697,19.567696426147034,25.604109558780717,29.773775155917356,1,0,0,0,27201,21.912756972709328,Port Scan
1194.595838287309,116,2,7881.570091480687,72.3013210419059,65.89930286458811,37.65465543983844,6658211.218888935,98778.1777050023,25.35009664510344,22.851412848829334,36.439208249123254,1,0,0,0,443,71.1516861502088,DDoS
20330.325508269325,16,9,3062.458196274252,8067.815991905965,193.53771537179858,925.3600164624429,547471.5190198503,1229.6900996411146,810.2672147189867,714.1155896376201,798.0990029898276,0,0,1,1,443,19001.51734039245,BENIGN
2120.529745679549,176,1,9420.72779349966,55.503794567329955,57.20476762805976,53.44945069163501,4468803.895523861,83469.7086238129,11.307499626867923,12.46866818924312,14.026125979841334,1,0,0,0,80,101.07296456187309,DDoS
1137.2557852873258,116,0,8040.371100747648,0.0,68.90204286425404,48.83544502675147,7069975.993761387,101999.92077480862,28.218980222461166,29.86791956491966,38.461390856599365,1,0,0,1,53,26.729865724494637,DDoS
2419.8332080057758,168,2,10557.634863228324,96.59260309664877,62.015465585880435,44.95808957209934,4402876.789638447,70252.77586801107,8.711212162063193,12.05519698610029,11.574402281072548,1,0,0,0,443,298.7846577814432,DDoS
10032.215739904957,12,21,4055.708934017251,15601.777714272166,364.7120840845576,769.2321472610113,1959436.1961434102,3289.4029450280377,322.9115570696138,444.23501679900284,339.4782049624873,1,0,0,1,8080,22380.257186755996,BENIGN
1689.1106928628174,173,2,10695.730918143447,118.75961989657317,62.766167960495565,56.81369508811445,6402475.9204566395,103604.81449762083,6.6081571265452155,6.6334698684079685,9.669300228803673,1,0,0,0,443,421.09834878272187,DDoS
37087.67455516752,6,15,1957.8314772145523,11956.759524994684,349.3420413507944,742.0521583938986,375181.0047165786,566.225848664702,1447.1201678046052,1568.313188357457,2300.6244009123925,0,0,0,1,53,17256.719729135293,BENIGN
7413.115951973624,10,16,2944.4970092219373,13283.397416067102,274.0848627640468,907.8999694006823,2189078.726195915,3507.297089165038,211.56973220790684,197.47328039044956,247.18974792063665,0,0,0,1,8080,21702.29436493905,BENIGN
313.3120356476557,135,3,10727.44266700817,124.84148343904388,82.44069882827156,38.46374252103138,34637303.76017687,440455.4702622148,21.36940618627424,19.2355483858179,28.57893416811475,1,0,0,0,80,467.5040472274331,DDoS
19.641593769720384,1,0,43.79056278694857,0.0,40.0,0.0,2229481.1358157913,50912.36544875533,23.401534866842105,23.614377315027088,32.07488153280017,1,1,0,0,3501,15.858229835444975,Port Scan
25840.32387547776,9,20,3726.9449799333156,17658.313594413743,394.7644393076714,883.2371532300168,827592.5130583012,1122.2769551863375,814.203930681897,779.9080383742482,1206.920557342835,1,0,0,0,53,9462.331199187953,BENIGN
59661.15304304012,11,7,2371.671005005107,1409.0638169956899,205.97961818719045,195.97384574511653,63370.1266094093,301.7038572321026,13561.928223459268,11008.509978468268,21118.546824847246,0,0,1,1,9001,6929.5207698051545,Botnet
46268.01053353731,13,14,2239.6489250403038,12626.372782223543,179.2555453752548,906.612516350423,321302.37578484666,583.556536982049,1847.8520413033507,1734.001672606719,2580.6747506258776,0,0,0,1,53,7945.118376218948,BENIGN
85565.88131784258,11,13,7322.909044492227,6552.688010725684,621.5768937120417,487.5551227796859,162162.73170465793,280.4856285047743,3112.1813840994173,3204.9553569421696,2697.617123452492,0,0,1,0,80,21405.31396602598,BENIGN
36652.700365639284,12,10,5678.720556729973,5221.411802506148,462.2425313425666,518.6342590222362,297389.6125114602,600.2286265550105,1556.0858271852833,1849.094630197356,2146.9061622210534,0,0,0,0,443,12931.342484716075,BENIGN
31984.27086821868,13,14,5551.34727161214,13059.375875161952,388.3098513326689,900.2442039054449,581871.1085662649,844.1649369230636,1174.861554787617,1386.8690866430504,1459.8675022472967,0,0,0,1,443,13496.812382075363,BENIGN
426.32611686760265,1,0,47.28660154703771,0.0,47.75109669505025,0.0,110916.50188938052,2345.6221902317893,10.390384647395795,11.078664286823853,11.589941078858283,1,0,0,0,59697,12.523397127405811,Port Scan
405.4955291819896,1,0,48.95986740770324,0.0,45.5327053788979,0.0,120740.8316103275,2466.1184354296347,29.629245352579247,37.84690870075785,45.962967134921016,1,0,0,0,61307,27.097773092059175,Port Scan
288.94375151075076,143,2,9628.285860545255,57.06198439985669,66.03541503584933,29.235895446231016,33519838.357136954,501827.7752741262,84.16212600513894,117.11007457108703,82.31722048518776,1,0,0,0,443,61.270031250358066,DDoS
62209.48670482796,7,11,2085.92046039997,5619.014527465645,303.4185777524619,493.8833855308167,123854.66262443298,289.34493681657483,3062.287721358069,3013.4168035820167,3058.181574817539,0,0,1,1,80,11541.393724110578,BENIGN
12919.871125480273,5,4,663.525207521947,338.6229442340387,140.2451805732662,92.46889088971001,77566.42013089219,696.601375709577,261.91290932139543,261.86846936429805,260.31258430929637,1,0,1,1,21,370.3901069392539,Brute Force
160039.7859357525,26,10,10234.1566805224,11156.393415621125,393.32971222137303,1144.0345196702879,133657.70249611992,224.94406493677826,4788.404939658459,6526.858344095646,5772.772501855057,0,0,0,1,53,7378.317176986329,BENIGN
7770.00936979746,17,19,6116.766954207194,12343.374289722591,338.1174504860953,677.6675338087219,2375819.6889292793,4633.199046057059,193.23339327063843,164.95610434714627,267.17277864450534,0,0,1,1,443,9086.902317268847,BENIGN
55737.159542641726,9,11,4524.894303759382,10545.832253943396,538.840939030455,980.1962526177638,270389.21038257994,358.8270404181432,2095.4721624485483,2019.769543938748,2515.6737890816025,1,0,1,1,8080,9190.862832770494,BENIGN
82278.41386473423,9,16,3459.145547824953,9969.514919682008,384.575663645337,566.9186517696304,163210.00657090556,303.84640181688496,3945.1802375330176,3379.395127015511,4845.303964890683,0,0,0,0,80,13706.701456991103,BENIGN
36240.41132074803,13,21,5706.947349393265,21660.370668197276,425.3056176623194,1078.2220526464687,755160.2484688812,938.179197224912,1396.3006176755603,1374.4097093779378,1498.6311826036072,0,0,0,0,80,15906.837662591193,BENIGN
100495.62443294896,7,11,2002.7239616748727,8346.131874781537,283.2338363539258,722.3094085487854,102978.1733767046,179.11227579873056,4652.807560851206,4596.035792593459,4170.200490531414,0,0,0,1,80,16760.730575950012,BENIGN
1976.0661500063143,130,0,7454.603009787949,0.0,61.36115945531521,44.88044797958963,3772446.084238693,65787.27134189542,11.167084726347944,9.709363517895815,9.144742467823203,1,0,0,0,443,318.0676720192933,DDoS
967.762273369198,147,1,10479.626597759177,57.998788015405914,68.94000967225165,60.0,10888650.731432796,152930.11938226124,28.56329768127312,31.962700987715948,29.465704684404265,1,0,0,0,80,167.32749644891197,DDoS
2181.1430971309023,129,6,9496.065184363173,335.5530553678272,67.3688902816123,55.48884904272949,4507553.059065043,61894.15090535801,38.291387532309066,33.78688485700885,44.89675450754064,1,0,0,0,53,199.99492012093182,DDoS
3599.8834879213045,8,15,2033.4371207524412,7901.173330466173,236.30163399618527,564.8617094790158,2759703.3305528443,6389.09566856037,109.54845860923035,117.66436405810302,119.75454980165826,0,0,0,1,80,21773.793270144535,BENIGN
670.6452343933133,1,0,45.49573135169731,0.0,43.07481882162981,0.0,67838.74546257556,1491.101328565514,35.40186820211986,44.374187820507075,50.46422003142305,1,0,0,0,41350,42.603429784364195,Port Scan
116031.68279918775,11,18,5472.588519968382,17348.173528226143,495.73328041351107,929.5367352580159,196676.98940202114,249.9317367497751,3180.7778967087397,4435.54338036376,2997.159811255052,0,0,1,1,53,14894.822372410514,BENIGN
32422.994381024648,13,10,5027.563086678422,8288.202878769433,351.720059235104,865.4442939092459,410688.96379419,709.3730989097234,1515.3374323378537,1499.062591900149,1805.8075320374178,0,0,0,1,53,22274.552347207333,BENIGN
83027.42226648513,12,17,4290.30548051548,9497.394468877837,327.4741317846404,529.4648699008051,166062.00184247878,349.2821914538246,3825.84693612786,4083.335793226515,4838.822236151074,0,0,1,1,443,21524.211477881396,BENIGN
1336.0488243729114,142,2,10581.658310803301,95.44945281043572,80.02198321707544,44.885250832150454,7991555.075560318,107780.49227923084,9.866612919556454,12.177691160096737,14.199433027592248,1,0,0,0,443,119.39146410427007,DDoS
24278.486773531666,11,15,2607.3017943923487,12898.254520209748,224.32288824946437,860.8846379975848,638654.1492160134,1070.9069408866587,742.2648756233073,846.591724814867,594.7800308842872,0,0,0,1,80,21242.85516624849,BENIGN
71290.41157922534,12,4,1505.6911864382866,427.9505794205441,136.44383714606602,111.73447205881988,27123.447922726133,224.43410895754374,15784.500150859008,18638.77732855284,15920.211073939592,0,0,1,1,4444,4375.162737944506,Botnet
49338.77482345132,6,25,1910.3031812100492,17114.723655112914,328.43899623143363,709.8116978469509,385599.90401869756,628.309075588665,1499.6420179861996,2036.7588406691607,1418.4570644042026,1,0,1,1,443,3145.618064773642,BENIGN
961.7498901318666,110,1,8640.304148850546,27.065492629229357,77.92034360915063,28.703263300311704,9012082.798669605,115414.62197077108,13.736319296546156,14.811940355274764,19.883412169694473,1,0,0,0,443,489.9129456667023,DDoS
72786.72880011212,8,5,1879.9309429923837,964.0898777973936,223.84101436996195,196.6950961558988,39073.343007350486,178.60398748926843,13408.092753086561,16061.485958600262,13244.097415074673,0,0,1,1,4444,4563.541646725267,Botnet
10467.553677261561,4,3,416.1828710043517,325.8789251681414,111.4616938904529,112.51359658761294,70891.61604057094,668.7331363015551,249.42340381241007,278.2527634289157,253.24690490914665,1,0,1,1,80,2023.926905554889,Brute Force
502.16187448943157,1,0,47.109167042986066,0.0,43.44556089839252,0.0,93812.71147054697,1991.3897306854303,13.8290069915699,18.673370174709316,14.67088502592165,1,1,0,0,19184,37.630547984619085,Port Scan
2157.9348203489144,145,1,11202.957595875405,35.434805057175765,70.84811358120518,37.057077131010075,5207938.763931459,67657.27983220243,14.10933723388995,13.606544419165383,11.414515078711062,1,0,0,0,80,148.37964577090034,DDoS
1465.1674971612488,136,3,7837.351210929773,121.56923585286819,58.91734432115916,37.5053511578279,5432089.138069873,94869.69938202387,33.455478298590975,38.48445605164256,31.912521325059483,1,0,0,0,80,409.56760927269386,DDoS
443.7260582159769,148,0,9870.006315092902,0.0,64.07684002956825,42.253580918988995,22243467.861174893,333539.1223022635,3.1669515834094493,3.394801469504268,2.8257866524288415,1,0,0,0,53,228.88743564791596,BENIGN
879.1807830573746,187,2,9266.370059938059,72.85801613163653,49.40683671244428,34.037853156902116,10622648.101556862,214972.851593443,12.683832221647437,12.535793923941155,14.196357225278522,1,1,0,0,80,220.42671507991284,DDoS
63112.1516997938,12,19,6011.033299185523,11955.393537888296,465.1259004733397,641.1327587727579,284674.60470267123,491.18908427426163,1853.103689517987,1860.4545085718423,2819.389098236638,0,0,1,1,80,14671.627037516451,BENIGN
70813.92378911674,12,18,3977.3651413859316,13034.645076446568,304.041245406374,712.6532974699777,240235.38461862557,423.6454978732677,2023.907164963618,1751.7932567143487,2754.8732072874423,1,0,0,1,443,23908.80151891166,BENIGN
2280.231348421966,152,2,9978.202424344438,94.96504371040017,69.38219061071041,43.3112242893232,4417607.658550073,67537.00676318466,40.5756162703776,39.25330636646011,56.81980585587665,1,0,0,1,80,353.9038677406271,DDoS
8013.739114097086,14,14,5558.504668742481,14064.706307489962,386.2448608837858,974.7951591711183,2448696.0077990266,3493.9994428748983,242.16341318979073,281.2618559682725,229.70840655752858,0,0,0,0,443,11634.14042834732,BENIGN
6375.74314076449,10,21,3361.233865837444,23902.85908760861,320.19794963404985,1104.1436505062893,4276221.979384339,4862.178308563873,193.95708099129817,243.1869404502434,248.15677600770772,1,0,1,1,443,24624.30941036598,BENIGN
578.471707196694,1,1,41.92391337088841,0.0,44.525854871282476,0.0,72473.57623427085,3457.3860313620366,27.523111501432844,37.3306915558576,32.48478324949566,1,1,0,0,42120,12.0826978048595,Port Scan
7075.132437802386,12,14,2701.1776167257913,13105.717197471049,242.94786954258808,871.7253460747828,2234148.2584468247,3674.8428709379587,229.33500255162951,226.1353076062589,214.86180359523541,1,0,1,1,443,8972.212219890427,BENIGN
72981.63876476754,15,25,7606.688817275622,12009.497115659986,512.7787320393982,499.92196766553496,268782.48097664636,548.0830613974965,1945.4368772476319,1579.5344284155585,2880.3462241305097,0,0,0,1,80,3202.8216095725,BENIGN
46184.68769118203,10,5,1787.956365157472,867.2676893626941,171.69269492335235,173.773893084201,57491.436821540396,324.7829692018016,14099.098339157696,19110.89656668075,21683.481120820765,0,0,1,1,1337,7032.162626141065,BENIGN
72920.68087558713,12,10,4776.314526990958,4920.173557280556,422.73696132530876,466.03733265988893,132973.08757737846,301.6976766513614,2246.0929659531294,2550.275829172847,2435.052271434245,1,0,0,0,443,23747.809613253772,BENIGN
1423.3393663149207,137,2,9196.752495457004,51.22353898004766,64.83031846407718,26.671597553048038,6497379.509976184,97657.66569070329,21.166299621603002,16.992484301758697,19.45300727109158,1,0,0,1,80,59.561148841063236,DDoS
33879.691960152835,10,17,3156.9363830007164,14291.231107287502,297.7642269027985,766.4589674440127,515003.72290307883,796.9375882093527,1059.1390413532838,1032.3885440847064,1294.9689987806983,0,0,0,1,443,18689.98424155597,BENIGN
7433.430745999447,6,4,754.5201031453228,336.64716271726894,130.26124906816926,84.39464303968117,146791.8788978885,1345.2738502180625,214.08154440700636,259.49222656513797,288.1619081561569,1,1,0,1,22,2899.528608608022,Brute Force
265538.55270350206,15,14,4156.45774230517,11350.955792290531,272.20374290117644,883.3168773343219,58399.857108173426,109.2120134901132,9604.85666988516,10864.055644316257,7987.088090076359,0,0,0,1,443,3648.3294774440938,BENIGN
1181.863170039607,108,0,7520.473182552449,0.0,68.65096223672415,21.51831227891055,6363235.07932007,91381.13678284828,10.120807470492553,9.91873310507324,13.664868214132929,1,0,0,0,443,163.9776982964622,DDoS
44419.16242830385,9,6,2113.1188739084923,674.2171401377944,251.4558576508196,121.4797605190912,62750.75579250902,337.69209458218,15917.81974060751,12825.927257958205,13571.529822370743,0,0,1,1,6667,2859.756092026113,Botnet
50686.3538258798,7,25,2857.849242217561,18672.651522550696,391.5822012491502,788.4528234208116,424779.04089788883,631.3336348857907,1596.1590727514192,1324.1206409395731,2470.127503928042,0,0,1,1,443,17497.315840499843,BENIGN
461.9393699753441,1,0,41.73625737791484,0.0,41.71232149441663,0.0,90350.07641834576,2164.7862576713796,41.912808563852025,53.700451030814335,64.38892283239099,1,0,0,0,20805,0.6988076131088594,Port Scan
16386.53420766344,12,16,5248.211162310139,14797.758023185377,419.7043023855678,977.2149261191038,1223319.6435229531,1708.7200774221876,609.4860628020319,503.6073197257064,623.9456572978535,0,0,0,1,80,1667.951468262132,BENIGN
38358.38283921133,12,15,5241.746971274548,10291.812396289708,437.7951467378603,674.9271717729933,404958.66138770815,703.8878597457352,1390.7087517740329,1553.2861746130995,1234.4485173361936,0,1,0,1,443,22430.50365941369,BENIGN
45734.54023101743,9,7,3806.7938214578244,5924.3189022435035,437.36401325682607,792.8225028939887,212773.81765612744,349.84499503394386,2052.6720596433265,2003.9056973299653,2959.067138130287,0,0,0,1,80,21533.59693047005,BENIGN
11400.833814547865,9,4,1236.2575498301453,338.1469367215652,146.29364188986224,88.29825989275552,138095.55618140099,1140.2674761745534,149.1301672737587,177.64788444553596,227.23818751434254,1,1,1,1,22,658.996249519799,Brute Force
164.43592104153822,1,0,42.7879344373805,0.0,47.205083199889216,0.0,260210.38570138105,6081.396288998129,48.53476177944818,50.335694092786056,70.37701097258271,1,1,0,0,17749,14.505024167078506,Port Scan
12950.211846516067,15,12,4275.3915180992235,5643.424399180763,272.7274694387297,496.1232860590093,765919.2015417414,2084.9079783404222,431.4533004268377,442.24861305373446,377.7591853389557,0,0,1,1,53,23686.026419417278,BENIGN
55284.521488074555,7,13,2637.5918256042355,11383.165598715254,358.38217913146224,811.277267771909,253610.9031411968,361.76491107577385,1857.7174401137686,2416.558198275664,2374.851971647319,0,0,0,1,80,21273.64191684336,BENIGN
188.1865997039129,1,0,48.31939287062492,0.0,48.08607237969932,0.0,256763.19645845765,5313.874641304799,37.47448763820218,41.319615267364235,35.0345882580646,1,0,0,0,13583,31.757929925363737,Port Scan
31107.329653317676,11,20,4880.433160903965,12597.694450125517,410.4467424761067,621.6836255868154,561865.2518817344,996.5496989129624,1010.4074610691138,1320.424922990759,1389.3996971344636,1,0,0,1,53,17891.76496478062,BENIGN
11086.809353944558,4,3,707.060669958951,328.3946909238635,187.644468216934,112.42470537420309,93395.2526670274,631.3809299435172,259.28599097849497,211.92745316358324,344.9190397371456,1,1,1,1,21,461.93037562024523,BENIGN
39805.357617049915,16,13,5422.93320983794,11553.639356864342,348.37460269444693,813.1971665912407,426489.63815440435,728.5451440732281,1506.7354950581132,1771.7992987201562,1639.981227460031,0,0,1,1,443,19022.535705517526,BENIGN
25365.373206969925,8,22,3755.1845071500247,17631.71281045057,456.7241180846457,884.7918526344473,843153.2681618057,1182.7147093485921,702.9206336630106,814.8265801649702,581.3646256632618,0,0,1,1,443,22475.991028501125,BENIGN
40239.6800700833,13,14,7511.9125594087855,9464.639345025895,558.6388959284906,696.4498929453121,421885.8568176369,670.9794897219745,1836.2700630974837,1739.896051229127,2878.103461570321,1,0,0,1,443,15504.808763612375,BENIGN
108.84414212220699,1,0,48.96684763202806,0.0,45.46291828918561,0.0,449880.41319715243,9187.448956850883,23.88685778366943,31.475987671405772,35.857524664028034,1,1,0,0,9509,0.15689931938333568,Port Scan
57379.57321498623,12,25,3829.8472335027705,23354.804038210146,291.0128233134336,858.3883970186045,473768.79520973685,644.8287766339894,1899.550672845277,1822.599134438054,3000.8611631500353,1,0,1,1,443,22862.768319809755,BENIGN
5457.495048394974,16,11,3664.0371845361533,8223.66726033426,231.87503346172878,762.3393575997119,2178234.581883228,4947.324690279029,192.1076383124816,191.3952740192381,267.96726424419313,0,0,0,1,443,17989.549843002802,Port Scan
97266.480027172,9,14,2083.3256087349155,10856.76428338109,225.41722151921715,734.3840864605454,133037.50571112585,236.46378478561994,3052.358590507348,3174.597661194589,2910.3511525799427,0,0,0,0,80,537.8959618245789,BENIGN
3071.275472072223,11,10,3122.725619655233,9385.817096690565,283.2512168759067,1007.8174513995971,4072751.802985015,6837.550128914705,120.7199552282077,156.61172013704225,171.61387986653364,0,0,1,1,80,17730.574301649474,Port Scan
61262.01719565903,18,13,3100.9568020766947,6965.932986303638,157.83555170712475,519.2069203914879,164325.14385265237,506.023167683036,2115.0051409229454,2690.7137945125637,2520.4362191444875,0,0,1,0,8080,5811.117183737455,BENIGN
10967.299728191427,3,2,296.68341252976404,161.79512190673617,105.30901597305126,88.7494937007915,41804.140107339445,455.9007343573831,264.7914252971756,214.49239228142775,240.50347727694017,1,0,0,1,3389,1301.2341997597857,Brute Force
25415.162580559856,11,23,3853.7612882753815,16337.88561353581,356.6886560026784,692.1735467954394,794472.4664974541,1337.7840842933153,894.9029332050098,1143.0650173987005,1104.3522156660513,0,0,0,1,443,6214.789172401344,BENIGN
5120.899206554936,8,3,1126.3613749901092,217.94292794899346,130.86911459049227,76.48494189093577,262513.3299281393,2148.06024416954,182.26508715569247,204.766572073232,198.31939424673817,1,0,0,1,22,2253.3778687327317,Brute Force
368.7783628956469,1,0,43.28447825502002,0.0,40.0,0.0,117372.6080758925,2711.655836172172,13.450476405444675,12.473297219440536,14.746860688992085,1,0,0,0,15554,26.544425261498887,Port Scan
568.5341932950995,1,0,37.56115241536171,0.0,40.0,0.0,66066.65501975441,1758.909159366861,36.241117078416494,46.53800023378664,50.68425396339185,1,1,0,0,48424,31.78433775438953,Port Scan
342.9439237220302,1,0,48.47402941716811,0.0,48.1157393949562,0.0,141346.80938816766,2915.9286134795034,38.37652915710795,40.792620707956594,56.546426582554496,1,0,0,0,29235,47.25042226780603,Port Scan
200979.26999292342,15,20,4512.912200774012,23885.64830507086,290.25643578782245,1188.5544648621747,141300.94365874052,174.14731380620682,5198.158360508441,5551.786872859939,7082.043712746533,0,0,0,1,443,909.6638859932717,BENIGN
262.03689642397455,1,0,37.36110987497175,0.0,40.0,0.0,142579.57709330233,3816.2564648224366,35.5190660322756,31.804991933030536,44.07084524064684,1,0,0,0,46827,3.4371265363173418,Port Scan
10174.469808881306,17,8,3998.2882589931437,3799.237596255008,257.73252501211687,527.2570821338467,766381.5414186676,2457.130491279012,351.39870244925834,361.63548478128945,555.3219146075795,0,0,1,1,80,1610.7811707004182,BENIGN
134172.83409297297,15,10,6957.782537566368,8345.348532112284,469.5640663895099,840.3203271605748,114055.36130417121,186.32683858102482,5128.206341890577,5704.890193415094,5599.772900392646,0,0,0,1,443,18800.408925177293,BENIGN
48498.68812281496,12,7,1247.7419418823224,933.5020619174524,115.03787326763666,133.07939818427724,44975.31970918745,391.76317412721806,16096.050520367417,22305.982523790815,16507.60996563319,0,0,1,1,9001,3892.978886737841,Botnet
314.7216898788964,1,0,39.37730063587496,0.0,42.99272653806366,0.0,125117.84825198154,3177.410493648518,14.22732930984579,18.1009975573531,20.422568842839322,1,0,0,0,22322,18.71461088048192,Port Scan
26852.844775633537,17,17,5548.959640313189,17616.942668782587,326.69788005262404,1099.8309325435735,862698.2542317708,1266.1600766728388,795.5603536949935,779.539777509202,1095.2137697546539,0,0,0,1,443,18002.29184343029,BENIGN
1294.099607544401,123,0,7834.376904684228,0.0,66.14386392296481,35.01283433481648,6053921.088462604,95046.7794618969,14.467694091573318,14.577455661085029,16.80773863866478,1,0,0,0,443,91.62764380173327,DDoS
189.2923494285759,1,0,45.169244898465905,0.0,49.90609916232552,0.0,238621.6085056794,5282.83368566526,48.14991969084149,49.94001608564409,41.32083763116904,1,1,0,1,29000,4.475230577140637,Port Scan
62052.83057547311,8,7,1462.7839070545226,955.6499429246697,192.66749757774787,138.320184866621,38973.787779716506,241.729504696098,15901.138676498731,14823.629026725695,20892.596879551398,0,0,1,1,8080,3185.8154531830887,Botnet
26890.231141523644,16,17,7645.314725264186,19764.025039461427,470.042793718065,1187.1757217711486,1019304.7289355712,1227.2114667337949,743.0403472083606,769.3317208632868,961.0646178681797,0,0,1,1,443,11680.795399930495,BENIGN
118.4350853698765,1,0,49.34990339770753,0.0,45.040305864364896,0.0,416683.14117886795,8443.443907495557,19.360128538768624,25.398522114092327,16.99479554671258,1,0,0,0,55101,3.6160627078513476,Port Scan
58250.22967431587,8,11,2612.2072795262766,10381.865661764172,301.38318975831487,1024.405345207931,223073.33402703973,326.17897141747443,2933.6885875927455,2897.807320736965,3055.8022214696052,0,0,1,1,443,17976.77117827219,BENIGN
62215.29448209756,13,6,1977.6337371408886,805.5152607224111,165.4673609981071,132.81092568646014,44734.16096526153,305.3911447042535,15303.155021400733,16071.772415950049,17666.146886056114,0,0,0,1,6667,6032.2959586072675,Botnet
2535.7116200373625,123,0,10331.612579514504,0.0,85.87192295341808,22.697805595572962,4074443.04702215,48507.09324674217,8.67636393202568,11.652071329251218,12.154156180158902,1,0,0,0,53,270.32635095373587,DDoS
559.1094380003394,1,0,41.76983110556036,0.0,40.0,0.0,74707.7911167992,1788.5586113096392,29.178758480026136,40.104446210635736,37.48791159948995,1,1,0,1,33353,22.391946223162257,Port Scan
79.32856918619474,1,0,41.76452390076992,0.0,45.78336867219991,0.0,526475.1946142254,12605.799023714477,43.767686796279,45.89949038099191,38.91375900201688,1,0,0,0,34500,6.929868996093003,Port Scan
744.1334283111961,1,0,42.69075867633877,0.0,44.64081324914961,0.0,57369.763340997924,1343.8450175118335,17.534015633597022,22.90772270441811,22.507687314248756,1,1,0,0,1240,1.4914566548763053,Port Scan
28230.16168245143,13,13,4395.61765745866,6513.719674577169,347.8644711896133,556.4696334177363,386442.60896377877,921.000747089672,917.8133538939994,1018.6672203758351,1235.6109567022427,0,0,1,1,80,10730.254580346504,BENIGN
205.09159055297755,1,0,45.557212501042436,0.0,42.89997666912412,0.0,222131.06046039696,4875.8703236137235,30.477041386685148,40.40730125298519,44.4342324978661,1,1,0,0,40228,11.695405124056945,Port Scan
8444.880301536132,9,3,965.494811705008,210.98509834400394,108.53904908255873,74.01671950329012,139312.7987657811,1420.979288222379,146.88911491613095,171.69860155763806,223.299139726506,1,0,0,1,21,2150.1723190676757,Brute Force
55447.31888996783,14,11,4293.053589242619,8976.42499378531,302.0528517830735,746.9118181012589,239316.8659671441,450.8784283981545,1683.1233449129406,1941.0885342813767,1976.8900519329625,0,0,0,1,8080,22642.656312398904,BENIGN
639.6449630260234,2,0,89.97631981696985,0.0,48.14760596924293,0.0,140666.03353102496,3126.734541203026,20.968405505103355,19.6352530761138,26.772696028348378,1,0,0,0,22723,6.7704192163397625,Port Scan
465.14454752446034,1,0,43.34878008209963,0.0,40.0,0.0,93194.21309527458,2149.8693370095098,11.726474005083428,16.074310303953073,17.474792787050866,1,1,0,0,23971,2.836830628090631,Port Scan
3380.8873749623144,11,15,2239.071771475168,14194.46591964925,207.13090366478212,1029.940379573748,4860717.281748433,7690.2887072036265,149.72636303301263,185.77295920427997,162.24453697555586,0,1,0,1,8080,3944.723566776962,BENIGN
46024.90598624795,13,6,1590.6456096295208,3525.5192268119063,126.5460387361043,590.7905908942703,111160.78842116735,412.8199632972009,1735.937584396147,1394.3173770416083,1834.1865858925319,0,0,1,1,443,11592.828487185374,BENIGN
25391.534738679187,5,17,2204.6156819118055,11662.534492362538,412.2589230936067,705.3043354396589,546132.8083154568,866.430494509935,992.4001336456844,1191.0774714787183,1287.735364174976,0,0,1,1,80,12042.544997819039,BENIGN
614.399101892571,1,0,43.59178638577912,0.0,45.06817783412906,0.0,70950.27686645485,1627.6065458423343,32.28479596589561,40.47183817042246,29.992372578523625,1,1,0,0,53001,35.4144198017417,Port Scan
60448.13643156028,11,10,5066.1911586258975,11583.202930435498,440.951211058887,1062.2500426963186,275432.7109473744,347.40525084303164,3113.6137870342504,2779.9291747797897,3413.4930733739316,0,0,1,1,53,9538.952101495115,BENIGN
93998.03437266524,10,16,3318.528751115051,11128.9640090997,366.6676695056023,772.7113990394473,153699.94550030827,276.6015286758043,3555.4860857605495,4856.42603315587,2944.356945384121,0,0,0,1,80,8936.387295148155,BENIGN
33073.546678582105,17,9,8543.502402068794,8143.11988685469,464.2560334271968,947.7749577501559,504530.7795710181,786.1267572140118,1160.7119919198924,1449.2603283084795,1832.591971947988,0,0,0,1,80,21264.817038647187,BENIGN
6148.855595816466,10,15,3288.6385805372984,11311.60982730235,300.5412012467241,837.71456123358,2374465.976688948,4065.7972220081733,228.57923834711198,272.810597818922,191.6863703061837,0,0,0,1,443,9071.465018510526,BENIGN
39062.98781332618,21,15,8628.459045315856,6612.754270866702,383.2497388561692,432.17330649542583,390170.1884407081,921.5884911834304,942.1785452177536,937.2062825840188,1283.7978797047767,0,0,1,1,80,8333.021284629536,BENIGN
5936.031072961569,14,19,7786.293667962456,22206.104842410743,528.3887329918824,1151.177090319783,5052601.332730148,5559.270090467339,205.14231607784484,260.97983340876925,206.77773423490203,0,0,0,1,443,24177.61093726343,BENIGN
286.71694969290314,1,0,50.94115017080627,0.0,50.84525128943446,0.0,177670.5221835274,3487.760319266371,21.31711606972749,22.564308410193632,21.230177844057085,1,0,0,1,35798,49.07768802935752,Port Scan
1878.3187673438717,126,1,9872.030998811755,24.73155935707045,73.56155641722002,25.541896749545018,5268947.278934889,67613.65653583419,18.53827161926917,24.060047369292878,15.620101109140906,1,0,0,0,443,430.47376295261097,DDoS
34401.493624717106,13,17,4654.944319655272,20053.995563488217,345.17241885718687,1079.0738756541741,718251.9501243508,872.0551592110326,1035.496265998403,1441.7889292713621,1280.721702608948,0,0,1,1,80,14522.91757639374,BENIGN
112780.34675445128,14,22,3497.6825224270256,14466.47927820059,236.10081354360068,635.826298193949,159284.5058345114,319.20455146658014,3437.006787871028,3136.6387509885844,4026.8327786931623,0,0,1,1,443,18743.929975130548,BENIGN
172.98176072927401,138,0,6650.700568762832,0.0,50.745601090832,28.107321888933413,38447409.37266528,797771.9698204345,14.297769805490303,19.831245096426823,21.923783289865803,1,0,0,0,80,157.93368324614244,DDoS
9438.977366090698,8,17,3761.0490609528892,7950.577987211156,457.06421398398703,512.8070563123945,1240772.87124745,2648.5920063556787,317.5961604466127,314.4974412430204,291.6984913835763,0,0,1,1,8080,23958.379196085712,BENIGN
22777.48357065514,15,15,5464.696800130218,9037.449573837945,367.2644702169941,663.2182478175264,636687.8206270195,1317.0901828088608,887.5383450693932,873.0423678919675,849.9255025523875,0,0,0,1,80,3860.5919196022564,BENIGN
79915.50037715478,11,14,4612.286066703083,10563.870909689751,418.4908283222166,744.1583983089254,189902.54587370637,312.83042566228715,2695.586004632399,2482.0546672627315,3566.0410245248536,0,0,0,0,8080,15803.167314725499,BENIGN
18493.540486291702,12,19,2930.8512694515466,13989.238446625885,267.09471606188765,781.3821046119923,914918.8998515138,1676.2609638202423,587.9144418237005,537.6534182947141,842.1272980185037,0,1,0,0,22,2017.1292478162802,BENIGN
3239.401737257716,121,2,6686.701310986702,97.81269857034843,58.45454802675079,50.42752501227631,2094372.5292005353,37969.974080499334,41.2771281347823,38.471757893173674,38.672294231443196,1,0,0,0,443,433.7346457990172,DDoS
887.597807560661,144,3,7692.222669108287,102.9427713607202,53.33197367511445,35.97888738727252,8782317.141918203,165615.55103881168,9.256971660724014,7.542409818560506,13.199923059729969,1,0,0,0,80,40.615532220288,DDoS
97503.22075215983,13,19,4090.2289813934303,14823.540104572981,323.572439715014,717.194634538025,193980.96739842763,328.1942868465825,2971.4365759598863,2600.121217986628,4614.031609269204,0,0,0,0,443,16488.24464939475,BENIGN
2954.1044336092586,137,1,6683.057496880804,34.6171293602071,49.05413759204032,33.18956494578643,2274013.927812805,46714.66534153456,1.7493842217984819,2.033385763951379,2.167542690073122,1,0,0,0,443,446.1686578200095,DDoS
27957.252350053674,12,21,2802.235826634718,21461.964333623124,223.11458501486752,1021.8846134925102,867903.6071372464,1180.3735069099753,710.342193001166,947.3735230374748,839.387710367216,0,0,0,1,443,6306.79412963408,BENIGN
64412.99897496011,12,17,2544.2333740956537,12152.204233538036,213.21348656457636,704.5507968216502,228159.49950330332,450.2196833169257,2060.45383704412,2845.43250194469,2621.327253578081,0,0,0,1,443,8333.060079842906,BENIGN
89027.98282261913,16,19,3700.346731507661,15303.843588959955,223.29114444178566,741.5076492898863,213463.11258485873,393.1348199782825,2288.9715923329045,2382.8464627403396,3461.018523142419,0,0,1,0,443,19014.34118764465,BENIGN
4695.800710131961,10,18,4115.1764174793625,16236.263653065396,435.59726967944306,857.8730886654544,4333965.88288621,5962.7743442317305,204.5506540906027,241.1769915401504,201.4072297787753,0,0,1,1,53,15281.393436163531,BENIGN
2381.4940942231524,152,3,6713.856491999218,123.47563199563334,40.1622441687058,39.01105462606315,2871026.2774030524,65085.19184489571,1.7022702871798048,1.8941596556699773,1.3914555396142074,1,0,0,0,80,57.27950555854774,DDoS
2604.331047205328,129,2,6122.557791402887,60.12686597990596,49.94088622613809,32.9946986592729,2374001.0564391753,50300.82490494989,3.5810704857392306,4.180283675061074,3.1284566838124555,1,0,0,0,443,208.40476970303484,DDoS
1957.524770954396,18,13,6031.499125403684,9756.148029864766,339.53206801921436,790.6649864616902,8065107.21576777,15836.325782424647,61.882174876832,63.22198908887622,66.10003569179875,0,0,1,1,80,15202.720821703895,BENIGN
1561.9520442123332,137,1,8937.335447987969,32.92662800666058,65.31142089219425,33.71211021882702,5742981.744691263,88350.98395712343,10.01483820600494,11.963686898149234,15.123990399884182,1,0,0,0,443,384.4274937263649,DDoS
29468.678425213297,10,23,3464.6075102712202,3013.422432946879,367.91318883768474,136.97224551657052,219827.63698271313,1119.833048629874,1079.8050644004466,1163.65402935834,1450.3633842612028,0,0,0,1,443,21672.859708382217,BENIGN
77810.76585141258,17,14,3718.493305217067,14679.715042241023,215.086291029484,973.8017016976816,236448.10774117432,398.4024531926288,2242.6442627574797,2332.251313128542,3479.8742343031367,0,0,0,1,443,22917.344098884416,BENIGN
78554.08158337591,12,14,3479.254306376204,11418.868111747344,290.2082650291092,878.1364135178924,189654.3389958795,330.98216510117373,2947.6778187821683,2896.6691974679716,3178.36821700072,0,0,1,0,443,19560.583138208374,Port Scan
28663.41668271005,9,22,4337.712647900855,16907.308947564394,447.6952812605513,738.0749831160088,741189.4342756555,1081.51796218695,882.8175056367749,969.0598338439224,1403.6072334304993,0,0,1,1,443,9953.28024244914,BENIGN
1812.8952690092435,145,2,8730.138191834156,100.63621257604285,62.243463766983986,47.17485960629204,4871089.111085971,81085.76513652454,14.404539406309645,15.498568927372409,16.62579295259189,1,0,0,0,80,238.97964235097677,DDoS
50071.13535960426,15,19,9154.208643449218,11837.996458376767,604.3497762383452,632.7625676786542,419247.6354103567,679.033933539084,1202.8480239678506,1241.698783515792,1179.9592905219658,0,0,0,1,80,12959.327106590026,BENIGN
31747.56454346823,14,10,6745.002700539477,7857.9132401988445,456.1120677542605,752.1916375250194,459969.64336411556,755.9634997241948,1049.7724454926836,1164.6133859110616,1130.2286789163209,0,0,0,1,443,13443.335747201018,BENIGN
139.47638511824223,1,0,49.46710396687722,0.0,47.76528114108476,0.0,354662.93397940503,7169.672480056333,37.200263683659145,33.5340136800762,44.849048748067645,1,0,0,0,55634,11.063168036182985,Port Scan
1572.0884319995216,160,1,10753.801374972265,37.0582384289211,63.02808862349072,39.64163999650427,6864028.380182413,102411.54169376205,1.124350693411151,1.4145749877299891,1.183072699034618,1,0,0,0,443,120.5618017617961,DDoS
1648.3774188370562,135,1,8942.054554889564,19.565280142175872,66.51241319744082,19.158726434990317,5436631.0364493085,82505.37676981108,1.3958935525445335,1.2222728207884292,1.545990099546849,1,1,0,0,443,54.07856839659433,DDoS
60066.75338647352,16,21,5314.969476535126,21924.559891710644,310.079254094925,996.3531748001573,453487.6255585983,615.9813526451067,1682.354462639378,2088.5656869692607,2589.0958763829512,0,0,0,1,53,22470.72031316915,BENIGN
24886.266035055487,17,14,4005.7510113480475,14135.75147748673,223.08109880153762,919.0094642809293,728976.4749472721,1245.6669858118746,857.0356505122039,1096.887522571052,775.8802255228571,0,0,1,1,53,1669.4180505880147,BENIGN
2045.5875389569003,114,2,6615.129080918474,68.04957256035304,58.458304584932094,32.81325303340207,3267119.3611624944,56707.42404852129,8.223410117824113,7.370591796132185,12.988710118693888,1,0,0,0,80,29.625940537796147,DDoS
64843.53123327286,4,5,590.8124196396691,915.0003942089766,161.5723483246215,166.7266802930075,23222.251860891483,138.79564898498114,15596.19212403538,20917.604149127535,22384.65301759131,0,0,0,1,6667,4491.371180406905,Botnet
5594.416401818763,4,3,376.4857485060477,239.437465726824,102.54469995744262,85.18169849775862,110096.06185778968,1251.2475828085085,143.15402465433434,184.7874221162204,133.75125054611362,1,1,0,1,3389,1140.7030077092015,Brute Force
518.7728643739586,18,12,4495.519735710499,7251.06061789376,275.6701847798997,644.1113554245806,22643012.309018366,57828.77644574416,21.059376319748402,26.06459836773558,29.628226935037304,0,0,0,1,53,23992.688132840558,BENIGN
5288.443490848708,10,15,4150.129168125299,6452.017653928264,456.2757417742613,473.7749905924924,2004776.422476643,4727.288859805499,286.39324966343264,302.9346965457831,330.3003434907374,0,0,0,1,443,12505.570535315159,BENIGN
711.7492514906157,1,0,56.279566748587605,0.0,54.83709127208587,0.0,79072.18255687851,1404.9891839095033,43.498037074528,37.09187670773073,63.49007567704219,1,1,0,0,9128,9.671125472473014,Port Scan
144.41161090151076,1,0,49.97751365363098,0.0,47.985644984923645,0.0,346076.8378777786,6924.650959554794,34.909471859769745,30.675707134048064,50.87735258419596,1,0,0,0,20978,20.964839932718338,Port Scan
173964.2438541411,10,15,3682.7962679501643,8584.0316315734,341.6900485110197,593.9214780776978,70513.50109513645,143.7076921448355,5238.716581427984,5589.990413373615,4382.055117747219,0,0,0,1,53,22763.31372867349,BENIGN
2932.1821730856914,163,1,12573.061708592362,21.35234651781188,78.1779916617827,22.908969630103265,4295235.872693544,55931.04054220958,15.565615028335234,12.717898790362613,13.797694161465275,1,0,0,1,443,324.16877622637656,DDoS
799.7001913346522,112,3,8494.61516068507,141.07282183716163,73.52547016140431,47.2795557398622,10798656.891790638,143803.89206619022,9.017138499049686,11.88255601946431,8.815012644909666,1,0,0,0,53,490.45229068875693,DDoS
685.8453811125926,18,13,3045.343638665216,10243.88035741608,155.39726811391475,781.3766927597366,19376413.929511692,45199.69202054136,30.820438829133842,39.858251213967534,25.587071391154844,0,0,0,1,443,6255.429261060121,BENIGN
19301.509110105446,14,14,3698.720127115922,9407.52016638481,281.339548197501,741.1387040149499,679026.7133381225,1450.663771432276,674.1567937034122,782.0450076621515,564.3158760779111,0,0,0,1,8080,5462.356607877824,BENIGN
49240.6963043532,19,9,8191.537769125767,6253.19627995564,436.8964085070945,639.4006584064568,293349.50829694903,568.6353382765755,2121.4319353783917,2919.5127498665447,1924.135248220974,0,0,0,1,443,3731.3733028199786,BENIGN
18602.123067021774,15,19,6622.223168937909,12006.420727907516,461.823525457482,699.3955695786301,1001425.6883328906,1827.748363856161,497.24867408461057,517.8769935288763,531.6173635270054,0,0,1,1,443,11416.566747833274,BENIGN
621.550181943486,143,3,8414.72931061327,106.95289666284307,55.40508044715877,38.4702872098244,13710368.776066,234896.56063406146,12.965315074311608,14.142886355177824,16.205314339827925,1,0,0,0,53,181.7848356517968,DDoS
105518.11918580686,18,24,7482.907848297028,20982.14271091656,451.3274334527695,843.3160575448142,269764.57483183034,398.03590439327485,2251.2091272107377,2927.507589425155,2982.0600166096583,0,0,0,1,80,2460.200958593898,BENIGN
238.043004933911,1,0,40.908633244031854,0.0,42.41933580617013,0.0,171853.96082270727,4200.921595144688,15.627963451815479,17.283248962518144,18.988432900191707,1,1,0,0,44843,29.816641866015846,Port Scan
22777.41015028418,8,16,2768.2307590865826,10978.117634155607,322.66835287938216,676.0795935878446,603507.9626061299,1053.675542638484,901.8118521565315,937.8669178932939,843.9812948908582,0,0,1,1,53,23238.176333643318,BENIGN
46446.295212467456,9,18,3331.4788709005056,6441.203250999847,365.9543580779141,382.3010319014288,210408.2161385629,581.31654799353,1518.271546766389,1960.6123200242253,1380.3690663806203,1,0,0,1,443,4033.210956277647,BENIGN
2729.889275141623,179,3,12919.391786810007,121.336436657521,75.35345635481492,43.232170289315604,4777017.274003171,66669.37068008303,15.52312602375354,19.693571528914358,13.464694088302217,1,0,0,0,80,254.4489283675687,DDoS
555.7118589224883,1,0,36.86658631400409,0.0,40.0,0.0,66341.19053260352,1799.4937195311531,19.236992996952686,25.21386068778235,19.805088667242117,1,1,0,0,37104,15.220145148691843,Port Scan
51600.68369805326,18,18,7435.14880114647,7708.009440603383,383.29503447257133,459.59425018422723,293468.1705064532,697.6651745674093,1069.9829690625916,1080.4498048453017,1690.2670709317413,0,0,1,1,443,1156.8817230844552,BENIGN
54039.41208807745,4,4,949.6411903500775,713.4428652046673,250.86455867763993,181.4124333510891,30775.391354075553,148.04010056513948,15013.06166178836,17687.29727366155,18698.41237833293,0,0,1,1,8080,4578.16115846658,Botnet
3552.508600782335,17,15,9340.522958911151,14019.475857426232,518.9654763516982,913.8721669573251,6575634.696899266,9007.719219301242,107.29209279986392,140.9716402332404,92.44480000461898,0,0,1,0,443,10639.44174363842,BENIGN
476.79185803969966,1,0,45.89062774806696,0.0,42.99261769242144,0.0,96248.76552368878,2097.3512511548297,14.130615527948496,17.352719478370332,15.515499181206078,1,0,0,0,29065,40.9666858762477,Port Scan
889.2754473474855,112,3,7777.6996278300685,141.4396069798313,70.51377229680499,45.55625092946722,8905158.97906657,129318.76208099515,36.148243697692834,30.045157876232423,31.56938066143211,1,0,1,0,80,125.38580697836676,DDoS
1962.8205244177598,142,0,10217.265290057601,0.0,72.47548443269653,30.771040139113634,5205399.659802515,72344.8722048197,27.332395531358106,35.96941437360124,22.851585019808198,1,0,0,0,443,62.056399859151234,DDoS
3675.738928901071,14,20,7632.8488117400075,5719.611249708494,528.4968555557507,311.8337134021791,3632592.0637243036,9249.840823206918,133.03499392377876,161.21816272448626,188.86083174144548,0,0,0,1,8080,3025.164139652773,BENIGN
1408.0441712039453,131,2,7604.951105132017,101.94514375641715,56.99995115654162,48.35959352021017,5473476.192368787,94457.26399781807,32.761408588455254,29.89566521863306,49.77543373073072,1,0,0,1,80,26.60328933465673,DDoS
175878.5835650107,20,11,6916.641324724453,11984.694745414557,363.01538548366904,1004.265343680585,107468.09353938444,176.25795802785362,5542.467224072805,5357.804823313596,5312.56623227505,1,0,0,1,22,4564.959844440478,BENIGN
3285.6384864182583,157,2,12361.879467663566,57.1825747421255,73.96917220413629,28.913806816438715,3779801.732217949,48392.42072956394,1.6982503673605551,1.4809387104887632,2.6621843411476758,1,0,0,0,80,377.77068825674496,DDoS
12068.194495296377,7,15,2314.415732814983,10935.780727895812,336.95894175946694,673.9145813860835,1097943.5627984873,1822.9736029341077,476.3754082225131,598.1447686321005,617.2732547076819,0,0,0,1,443,1368.3400112568515,BENIGN
1161.1910432056295,146,0,10059.858049210403,0.0,63.46486183403046,29.104108837586782,8663396.181078665,125732.97120596682,6.313338542776531,6.6923294186593525,8.278612974231661,1,0,0,0,80,244.93669444881505,DDoS
111.49475626039661,1,0,42.48962688766465,0.0,45.74787780179998,0.0,381090.80922541226,8969.03167055224,37.37453180452916,41.404292001624135,53.9719321621007,1,0,0,0,1899,47.92867583425616,Port Scan
427.8744112812673,1,0,40.39975292193695,0.0,40.0,0.0,94419.65178744889,2337.1343871803556,21.488271343393308,21.312096777174865,24.648475430839333,1,0,0,0,28165,41.464633893758304,Port Scan
13808.024582145605,8,2,903.866937389516,151.21071284949295,125.33684167992728,78.9499224700068,76410.47015539586,724.2165554173802,162.5255495693111,155.77823400627506,176.07211048445905,1,0,0,1,3389,1640.2196301493336,Brute Force
64095.24741508643,9,7,2452.119560160235,1546.087601511091,273.57541025268915,231.81510738806298,62379.15169869906,249.62849267719648,3187.613131801323,3236.960141553139,3851.0590858936107,0,0,0,1,80,972.4673330566771,BENIGN
84528.37355007647,7,7,1546.8041304659746,1296.554135589832,240.1190906193779,183.61940029334693,33637.91525423518,165.62485958287238,15275.089573626847,20593.693954059618,22711.922014803145,0,0,1,1,6667,5041.781869500834,Botnet
57755.032352033486,12,15,4868.593598940687,9599.488433137833,369.7656292517063,606.0892570274154,250507.7296795786,467.49173016521326,1720.3412704934688,2356.5542137802527,1881.885597200234,1,0,0,1,22,13020.947263797123,BENIGN
1319.3512220377074,143,1,7935.651508223738,36.14455872681499,60.41508552644244,33.64115463321231,6042209.1811445765,109144.55347045143,20.33850338342825,20.55146543779317,27.425463905771494,1,0,0,0,443,133.27401955629784,DDoS
25898.38763674803,14,18,6327.9103966621215,13124.364979838389,498.90589812421103,735.1061364011945,751099.8618654958,1235.5981557166208,786.2499113506475,1025.0448070832615,903.5682619801341,0,1,0,1,443,3694.61484007663,BENIGN
16491.075691113238,11,12,3296.4641668883214,7830.5026490177825,311.88442545038276,655.1137891181664,674726.562676699,1394.693738043681,761.9242114450395,949.7801020719334,1056.751323201656,0,0,1,1,443,9429.522646020934,BENIGN
133071.0341428434,9,14,3911.5692160146973,11830.988932303473,427.98517450462623,797.4897277516552,118301.91483609818,172.84001847698084,4694.52144596861,4290.5577436820495,6364.8682695166435,0,0,0,1,443,4604.989371756359,BENIGN
172599.40638508397,10,16,2671.8058929545296,11629.456320985888,247.44027236546606,741.8059757941297,82858.11934968701,150.6378297848359,4287.954454749637,4095.453671239812,6790.415672481174,0,0,0,0,443,7989.444084513357,BENIGN
3015.651647142963,152,2,9069.373706557048,109.74994107961264,59.99291846996388,50.64019293561509,3043827.577476658,51066.906267472914,8.398145122112345,9.325610947582655,6.775104869032285,1,0,0,0,53,327.86965113787164,DDoS
25090.819277926024,12,10,3013.5463313635914,6989.318995372362,250.88545870840403,641.0627586419985,398666.34946974827,876.8147327638196,1142.8444391720413,1568.5234152223472,1595.5984340868117,1,0,1,1,8080,23698.736435550025,BENIGN
7012.085604095625,10,11,1997.2869667271043,8306.777618434578,218.43488015145303,819.5770231028758,1469472.1609136197,2994.8293825355327,296.17817299071095,329.07233054692745,453.0754168008407,0,0,0,1,80,7779.547323615159,BENIGN
391.40545300752854,1,1,45.97201084792131,0.0,47.74699719963831,0.0,117453.68005140455,5109.7908438223285,48.81587805635669,39.59440915632506,43.095322110333484,1,0,0,0,24135,30.858551941034822,Port Scan
33446.12495890895,10,13,5568.550283504032,6845.785903853232,573.7284384801555,538.3737007226662,371174.12563067325,687.6730870394466,956.7912751617104,973.0146784558259,1413.1719457224694,0,0,1,1,443,18861.509817927545,BENIGN
100755.53310419114,21,9,7198.384491309166,4637.025807232356,330.96463741066276,537.9695103967576,117466.6039065323,297.7503971814337,3549.7193889553405,4657.4463342434165,2958.817778663119,0,0,0,1,53,2061.2261948023006,BENIGN
3297.523218396144,181,1,13599.554543285576,38.53079659748825,71.81414163585633,42.38187063725036,4135857.259108667,55192.93965381737,2.2886569005116266,2.3296847500192164,3.573881352249775,1,1,0,0,80,406.8922318854361,DDoS
213.2113385574226,1,0,39.63705295842552,0.0,43.89899191653042,0.0,185904.99560955746,4690.182083025934,42.98637312966539,48.954864546621735,46.007489134892545,1,0,0,0,15895,15.437735285071819,Port Scan
13107.815275562376,8,3,927.5093731348652,313.92005980225167,110.03963453215863,95.35566786033087,94709.10345002971,839.1940051602578,53.06343750190901,57.61753360206412,73.87029806486568,1,1,1,1,22,1862.6092829693857,Brute Force
4208.456093617764,6,23,2052.4741704749167,16195.451981709153,317.5096250517699,735.8050070203052,4336014.383007949,6890.888096463516,125.11706647486493,139.3109275154817,125.94055496781507,1,0,1,1,443,818.3573158388089,BENIGN
1514.6398664119963,21,14,5712.213058563237,10344.708104546215,264.3214855568494,794.226373728063,10601147.849849224,23107.803231741735,49.61553691562327,45.36223467879645,58.225341567169494,0,0,0,1,443,5236.255625530261,BENIGN
27881.070625873876,11,8,5051.721156320771,4711.734718413435,422.9723150580762,581.9676198300529,350182.24392264313,681.4659399186714,1169.4774989460168,1109.533979643944,1190.4329293531532,0,0,1,0,443,13614.492000605815,BENIGN
39806.85081411519,14,15,6166.886793298419,15461.35126986751,406.8544057130348,962.2259038734351,543329.543051839,728.51781557452,1085.3676218715354,1268.3128628398238,1354.264355498808,0,0,1,1,8080,14847.400260460967,BENIGN
40559.62310612858,16,19,5673.95262842039,16882.87756266097,359.5242417208068,808.7896868418865,556140.0344391516,862.9271506892154,1314.6195786559097,1101.8087677872456,1274.7113435212048,0,0,1,1,22,9690.180118971373,BENIGN
94734.39234196555,14,14,4757.738083506609,5147.498224049331,329.90377495354,348.65356645536593,104557.97585950322,295.56319840979785,3145.038706755817,3597.640036204998,4572.320085418935,0,0,0,1,8080,21392.957297002118,BENIGN
641.2717778906326,1,0,41.72204647534986,0.0,43.18998606583051,0.0,65061.410643375384,1559.4012312366997,32.20857252601219,27.72138020917029,43.89504085501375,1,1,0,0,2056,46.26580983480094,Port Scan
233.25635811013663,1,0,39.96060002549062,0.0,40.0,0.0,171316.23055960785,4287.128582912325,10.431082927548317,11.506724647748523,15.241693123264334,1,1,0,0,37089,0.834830083554694,Port Scan
22642.480358484525,17,22,4228.4802696006445,23071.160867135015,274.37857413513296,1114.7427518772683,1205682.4475285904,1722.426138061594,668.2410499736302,622.549322649303,814.1198867970556,0,0,1,1,443,6262.555148869435,BENIGN
493.9515985362215,1,0,46.34144179423296,0.0,46.011924356099136,0.0,93817.77876933977,2024.4898548023828,30.68617182177781,35.853609812109454,34.151712015880655,1,0,0,0,33414,23.729438004372994,Port Scan
67871.09255834467,13,8,2966.0852689285766,1456.6236255363967,244.53034555564173,191.0177354126418,65163.36672587137,309.41007737495266,15713.417298641014,20849.70408085881,20875.250065376826,1,0,1,1,1337,1715.1497421060021,Botnet
703.3893354746438,164,4,10007.612811474402,187.09079947487515,55.871684623984294,45.28814368473769,14493685.213566598,238843.54158800887,2.1816419053091516,1.964579070003822,3.0367540531780772,1,0,0,0,80,309.24720833218873,DDoS
28726.00887503208,10,15,3555.758135489426,7846.460773306838,354.626704769303,532.8089077405538,396930.1464188707,870.2914529045269,735.9386498859815,765.4218651531669,902.337755576904,0,0,1,1,443,14438.85163834098,BENIGN
525.2153721973317,149,2,8392.594444575778,131.31911071104,53.208817171872866,60.0,16229368.001217313,287501.1052480522,26.084013198187456,25.93938983393915,29.035406750703473,1,0,0,1,80,180.80513024869745,DDoS
8184.601942560695,16,21,6590.163759620403,19024.197587597082,434.12949841156535,881.8186201849862,3129579.364638421,4520.68411630339,214.79227793410132,227.92805714607664,298.01234777694617,0,0,1,1,443,11133.422285451912,Port Scan
71678.3617871691,13,19,2379.6375395695186,12625.55557308169,191.46417313283945,682.1244518673028,209340.6257972994,446.4387745776887,1803.957048394812,1679.6613542626133,1860.185972990301,1,0,0,1,80,8366.65891392043,BENIGN
10024.008353803783,7,4,548.6892577031639,311.10089118790995,85.33231719047096,80.72058479785889,85773.0878251724,1097.365406307334,303.4834241963795,269.67765540970146,428.9505125865122,1,0,0,1,80,1928.2661715754716,Brute Force
563.2334367850053,1,1,41.73724715662192,0.0,43.47410030628077,0.0,74102.92860960535,3550.9255477022225,44.08508413009286,36.891368143298074,39.53161530939409,1,1,0,0,38002,26.231795775014284,Port Scan
38841.89685294727,12,17,3138.118829670704,11798.495286833942,265.714420219492,692.9006341729753,384549.0392257009,746.6164721509866,994.8412632478831,941.8115071731856,1423.4353796995576,0,0,1,1,8080,20525.198714496928,BENIGN
1879.5871007453657,133,0,8497.236252285204,0.0,65.05386786027165,42.65471790382741,4520799.407973994,70760.22172489786,40.02963817959383,52.38064337471136,32.90065637844698,1,0,0,0,443,293.5017358472974,DDoS
19671.47575383947,12,19,3968.21848780027,17521.217843052473,359.7295538406076,945.7031824475392,1092416.0749179402,1575.8858353039136,611.5472132217872,547.9406503081826,799.3326959431048,1,0,1,1,443,21848.54879427686,BENIGN
452.8215548984697,1,0,43.620777592054026,0.0,40.0,0.0,96331.0538559379,2208.3754388066113,6.131920738563084,5.079000711768626,5.2818383264913535,1,1,0,1,27145,24.368937090125936,Port Scan
2141.7705875996708,141,4,9751.896579161974,163.9124581062754,75.21613649848005,43.574722865005484,4629725.0950584365,67700.99507366226,6.602735397679473,8.082308466467337,8.324352052657108,1,0,0,0,53,48.92567467904994,DDoS
11392.944757681631,10,11,2926.9209193707857,7783.848034359012,315.008250665298,682.3499357153556,940122.9604407692,1843.2460129187289,489.9741234462108,636.7268098145125,418.9298431197307,0,0,0,1,8080,5468.794148622351,BENIGN
68518.08222868678,7,13,2120.657679947782,4573.579738485288,306.7187464005564,348.1614439155277,97700.3033460613,291.89375051753143,2992.610962378815,3438.929387254622,4255.370381952313,0,0,0,1,22,14203.547197915237,BENIGN
20927.677620962895,10,19,5152.806188296691,21220.579972308078,504.7238004694983,1095.9869250094057,1260215.616767099,1385.7247098909436,825.6583446215246,971.4829740421518,819.4092909901518,0,0,0,0,443,4395.586095440529,BENIGN
21998.36421149609,14,14,5046.187744638093,12848.941957229905,346.4020011259922,856.1765392930103,813475.471622395,1272.8219121568832,724.1871943400306,631.0773391980786,715.168627204315,0,0,1,1,443,6153.435625496508,BENIGN
8076.712011681945,13,18,5533.369460257582,12794.011185584495,458.4460836801576,661.1791874947199,2269163.5679635266,3838.1955373872947,211.85797335799242,222.89676138747942,325.80989390494904,0,1,1,0,8080,16479.82624656856,BENIGN
339.2634034046322,1,0,44.52720784288839,0.0,44.86604488460553,0.0,131246.71684608946,2947.5622479897174,18.663805300838668,20.897832534155153,19.590515049264436,1,1,0,0,64746,3.418890566230537,Port Scan
1455.6655804972793,128,2,6652.424687759501,75.4600802831975,50.47032854118319,37.71541157216383,4621861.5444244705,89306.22647242223,20.68080576869186,21.025376361922728,27.0038410788578,1,0,0,0,443,92.77523305406746,DDoS
2411.9799390610365,159,2,11393.498487671275,44.650465065269906,66.59896411261137,20.675910630496496,4742223.916335439,66750.14057649084,23.72775776482973,26.521323381618952,32.45544288844124,1,0,0,0,80,63.256777722217876,DDoS
83.2295232906627,1,0,40.74499430701609,0.0,42.793372658732864,0.0,489549.7738791827,12014.967291206236,17.277305147932836,18.000722285042805,20.541350217354694,1,1,0,1,54874,36.95652333554517,Port Scan
16394.141649585672,18,16,7423.308378470932,12181.057068520306,413.05432162630154,808.2876528186304,1195815.3019549332,2073.9115671151517,588.1439480298484,544.6458735827621,724.6129303025729,0,0,0,1,8080,3521.6087606441215,BENIGN
113298.14137141082,14,18,3300.539905402919,12375.297139629469,218.50889385441164,643.9465270316975,138359.17213897,282.44064388575,4762.649021119596,4315.653276551018,4155.843131006794,0,0,0,1,80,24363.96194317124,BENIGN
2415.384092081973,8,3,934.0040440847555,273.81334194955514,120.81379503956641,93.14467572179984,500051.8923651667,4554.141114061243,201.3274835812489,278.96038925928434,257.9501376220126,1,0,0,1,3389,2637.922083362276,Brute Force
780.9765277624822,124,5,6429.553101138956,174.24907060084104,51.6022312292302,31.90950302751086,8455826.695150314,165177.8195813238,24.55783131425035,32.99119493495555,20.114640013903454,1,0,0,0,443,263.65591809651585,DDoS
6393.674821485517,16,10,5995.731186087196,7558.484762077095,408.39917869430013,801.3471108249438,2119941.399368053,4066.5189778855715,170.45092492974342,204.4301151610709,183.16089812917065,0,0,1,1,8080,696.7410787031595,BENIGN
14992.336255564369,14,15,5086.7984339661,14728.10089616445,334.00920987523534,977.1763406427328,1321668.550675436,1934.3216097649038,323.92772417405797,395.1128620249307,460.92119179745737,0,0,1,1,443,16079.94966491071,BENIGN
6060.221290515165,11,21,2831.5770193005,18945.3101077869,241.8462298271633,951.1153955749462,3593414.511310065,5280.335232986147,167.43396192593033,144.4409894753738,219.29413725868864,0,0,1,1,53,5199.961763805929,BENIGN
46487.00753437998,4,18,880.4850568006563,17355.541358656898,235.26197584797535,982.9861408529482,392282.217821203,473.2505094833144,2580.2230758952346,3082.505881608575,2119.1505011005893,0,0,0,1,443,20706.114989392747,BENIGN
2010.3708977394087,110,1,7944.145714539892,48.17048494691871,66.49478077256825,45.64036428804617,3975543.1241438524,55213.69222207483,17.267087179752416,16.84449129506432,26.959514898216003,1,0,0,0,80,395.22382433356324,DDoS
69051.69020100399,11,23,2282.620556229859,16244.023724861185,210.80146639075448,782.3570200157803,268301.09773072106,492.38476134369336,1566.482698994969,1878.2678282440008,2338.804338997494,0,0,1,1,443,22036.532943560862,BENIGN
2395.5736484813074,130,2,9382.998229250743,103.41166765975674,79.31092815441141,50.92919257459167,3959974.2228440703,55101.624649979945,46.526043353364095,59.59733556527747,66.45965781112406,1,0,0,0,443,337.8721506063684,DDoS
30068.74130825082,15,16,4381.47294557712,11503.548326869544,270.1034995077892,674.324248869085,528290.1971053852,1030.970990178882,859.7776381200739,1189.4039563673632,1148.4773255993784,0,0,0,1,53,21727.63945131388,BENIGN
19108.4733012924,11,11,3216.914203061224,10909.450050887888,285.06598176733166,1075.2370777961446,739272.2605941353,1151.321701797706,634.390098906457,571.5985840120856,999.495120494076,0,0,0,1,8080,20624.821081635007,BENIGN
5751.596770499796,8,12,1635.8239208943294,9384.94027283325,207.45685502602495,783.2530833020928,1916122.5366586172,3477.295227402053,206.61931884681553,200.22875583760631,187.54779087046688,0,0,1,1,53,21475.21535151808,BENIGN
10517.691582721374,3,5,435.00656478435025,296.6761976091621,133.75586584315636,63.30368837655294,69566.85852963517,760.6231782972724,76.43125459417107,62.39693933720898,109.04944539217283,1,0,0,1,3389,1513.9109666350103,Brute Force
31570.043555682634,13,16,3348.112251902894,11933.108665275151,250.43496124805387,826.487057526845,484041.8066014171,918.5923341806723,989.9375292213949,998.3945573108716,1421.6531242815608,0,0,1,1,80,15670.481801938655,BENIGN
91291.54172803562,10,21,2701.779346620617,14454.72355722203,293.7851610618827,758.0919830086717,187930.91428944384,339.57143688460576,2588.0253624599422,2225.1270026818315,4034.000445783163,0,0,0,1,53,12067.973024433892,BENIGN
53828.744345292704,15,18,5042.590817022412,12516.344198794679,309.5992574185752,713.4120241615728,326199.9741844733,613.0553554865864,1401.161794564512,1619.900063362858,1641.2432361318458,0,0,0,1,443,1948.2435023972569,BENIGN
2392.2295618705234,131,1,9696.765587247926,51.18917829668937,69.36692944392863,51.45923123586521,4074840.860139915,55178.6509555492,23.54031761871333,32.448127156605416,25.709403180623,1,0,0,0,80,487.4070736685299,DDoS
63.58123499804359,1,0,44.10520376844001,0.0,44.78788025411506,0.0,693682.7158169724,15727.910916338291,16.655198435924632,14.046703293289553,24.678302358300733,1,0,0,0,41445,18.59670449569556,Port Scan
75456.88632205394,10,6,1837.3753238312208,1294.2242621659852,203.1173664273526,196.76536270828564,41501.83950913871,212.0416144884532,12838.866552500103,15162.926053573181,16180.63940302627,0,0,0,1,6667,5017.429492492458,Botnet
17148.1925654609,9,22,3458.2578790778266,18470.513609117304,385.1026514343763,916.7116090629148,1278780.3381892885,1807.7706954631926,520.1860761283988,496.99587313428884,450.90216256570966,0,0,0,1,443,19591.695932191564,BENIGN
28483.24004593932,6,16,2580.493257040118,16114.515494128022,413.11707921621127,1087.9217536057158,656351.1988459112,772.3840393339101,1093.6941028522726,1126.0447040980664,1538.025516975162,0,0,0,1,53,20135.997377836327,BENIGN
566.6532621754473,1,1,37.013134935683716,0.0,40.0,0.0,65318.84206152105,3529.495254861446,37.8245858483164,49.27082067710232,33.74131064949023,1,1,0,0,55682,17.339451370845683,Port Scan
310629.4300011974,10,15,4377.600568662955,9390.796391540383,415.6780422562872,650.7120755762612,44324.187055135975,80.48174958793709,12170.752181094558,12117.655060858875,15632.069260428718,0,0,0,1,443,12680.984434970895,BENIGN
60039.33149414925,8,6,2503.951959844662,5036.968220834453,293.1916221447306,764.9250555132459,125599.66930034802,233.1804777234117,3328.3243212874245,3762.122994261843,3827.649393415076,0,0,1,1,53,5562.087473136275,BENIGN
30413.63204436423,9,19,2684.627142074987,18978.312459922516,290.14719584564034,973.9190673144489,712277.2962597124,920.639795969009,870.5083621099312,1210.442776080463,967.8776446038108,1,0,1,1,443,23077.94574284458,BENIGN
168259.94098654162,17,13,9389.279848503256,6619.133061556457,549.9188881317648,464.51726475308476,95140.96353653277,178.2955576003653,5357.354488289075,6420.9235939987675,6325.875260319195,0,0,1,1,80,13670.330333357324,BENIGN
13262.974626650404,10,14,3978.749004439271,9537.820915824326,367.0298682935095,651.0958556532494,1019120.5442784776,1809.5488135651556,441.90699706927046,596.8365039559538,416.36783115894,0,0,0,1,443,1703.2535134892958,BENIGN
142457.77075372724,17,18,6248.59734838834,15924.699385184278,356.19291714229695,833.0789427426826,155648.20800056274,245.68684329973112,3632.6791819592863,4205.632786585619,3783.8870763635978,1,0,0,1,443,22398.59949353387,BENIGN
419.68987810045786,1,0,38.18908235708496,0.0,40.0,0.0,90993.57489852053,2382.7117406930597,26.35798112902116,24.05601690885068,23.64129616777783,1,1,0,0,58970,32.54021854826651,Port Scan
36551.140624281084,8,20,2401.5381886755067,16653.658198799512,279.12003741296803,909.5715729243996,521329.7331360589,766.0499651110608,1547.904836397604,1691.3893672256188,2095.552742179185,1,0,1,1,443,20854.019800044473,BENIGN
22864.0975709932,17,8,7272.860484006661,5592.26115846128,448.3757293810157,648.1244642783491,562677.8665775738,1093.4173073035051,937.2009092007203,1311.6157089570622,1164.4936124079318,0,0,0,1,80,20809.89848859368,BENIGN
2335.422292998666,170,0,10644.827463302292,0.0,62.61957293895688,21.910671411288448,4557988.28983276,72791.97450056075,1.3013657164478802,1.3846997358253428,1.9360169702582544,1,0,0,0,443,123.25498902261995,DDoS
604.624724306555,1,0,50.365090020857735,0.0,47.94632418824638,0.0,83299.75271623491,1653.9184717378232,23.60794294600166,26.447948055232327,34.349606913457826,1,0,0,0,39074,26.0077295503853,Port Scan
53792.24900530519,9,18,4275.126431918404,14849.257820606248,453.0408964204529,899.197027062479,355523.04665005795,501.9310495334962,1776.8744512374099,2359.6273776366966,2781.2284404121174,1,0,0,1,80,7757.879682793411,BENIGN
1552.8308883418965,6,1,940.2985659748972,119.92764917335897,162.49047533768638,114.43354501254125,682769.9159696387,4507.895903252258,353.840419307476,348.24398269321784,531.5997648471024,1,0,0,1,3389,1462.7297229837782,Brute Force
36395.63154937463,9,10,3423.734065164585,6728.200812874626,402.7826552747574,696.1970353576628,278932.785223606,522.0406733215891,1589.67146344419,2189.8563503634323,2064.8293266417636,0,0,1,1,53,14871.464567377605,Port Scan
1503.453729418677,151,0,10253.74835368211,0.0,62.943623106948166,29.687732216433517,6820128.982384318,100435.41550053917,2.127511141227894,2.866153258828594,2.9216316988702773,1,0,1,0,53,141.84124807157002,DDoS
8187.028605728123,13,9,4946.28558716976,5022.571500455482,376.2193188197056,567.1758097984296,1217640.436806395,2687.1776146729862,331.5280361388142,333.40822706954776,350.04892647981046,0,0,0,1,443,8210.850791520817,BENIGN
48203.86383774561,16,15,5651.596639856782,13029.329351665514,335.30261289723586,931.2572452747188,387540.0124438647,643.1019742389556,1440.4606371122334,1300.411711954601,1215.8879587263068,0,0,0,1,53,22519.206415737222,BENIGN
662.4429120042516,1,0,46.20911936761008,0.0,46.00850416039934,0.0,69755.62502103353,1509.5640422424535,36.92879768708839,41.74891509619344,57.92056133775513,1,0,0,0,2257,24.35232485246899,Port Scan
28180.69941335034,9,13,3151.35851343296,11628.535482336885,367.54218214130714,877.6163422789194,524468.6719438912,780.6761527564397,2293.7894710228848,2344.9559782656165,2848.4786211409696,0,0,1,1,8080,15732.284800060206,BENIGN
3107.822803252375,134,1,6438.806523231276,53.429715179549696,45.15855950963562,54.7111071046732,2088998.1988730568,43438.770015691,1.307421913494446,1.5261871318934188,1.6481499965311255,1,0,0,0,443,480.4982136138618,BENIGN
9232.969376917506,11,12,5279.291885767869,6099.102089786372,523.9296409089376,518.6058036447447,1232365.6140353193,2491.0729215132214,356.3150046971864,432.19642993062746,548.2391827041127,0,0,0,1,8080,17378.31706730683,BENIGN
71404.07542606826,13,15,4595.031158290204,9785.21768621135,383.3070216580978,647.6279886329214,201392.55019681415,392.1344801809133,2255.3407712645812,1903.4325656890414,3482.484739924243,0,0,0,1,443,18532.823625464294,BENIGN
55804.46536151528,19,23,4886.262061259132,14037.737062161534,274.9698688954282,596.1466539983733,339112.63195205375,752.6279434434771,1616.3998982061414,1946.7151400825076,1666.3991189483577,0,0,1,1,53,14759.278238414892,BENIGN
764.7749209190894,144,0,8863.47891726516,0.0,59.41496687103763,36.07287966943804,11589656.871348802,188290.69319760648,12.864940286313999,11.305054859413632,13.397640036543232,1,0,0,0,443,462.3986525935358,DDoS
9881.09267019784,13,11,6004.742804644784,3149.431876441674,421.66740558078726,263.5047675174601,926433.440776866,2428.8811775225936,282.54669246717873,321.8102242436459,342.4564167643478,0,0,0,1,80,19847.17923099361,BENIGN
488.1946532037156,1,0,54.076876262127705,0.0,49.165076861232116,0.0,110769.08750895786,2048.3632777164325,29.727729831280296,29.765501599256464,32.56392698262923,1,1,0,0,65117,38.031253292187806,Port Scan
4265.404481067217,14,12,3981.9893995801426,8210.428731219483,280.45594955265506,728.392285020128,2858443.5977684925,6095.553215505302,117.07688791663345,110.01256088192027,149.4232270878411,0,0,1,1,8080,22149.099505331924,BENIGN
15640.173337163962,8,26,1870.5339991229494,24137.90118160936,215.14872302564342,904.2349962737785,1662924.9957819472,2173.8889503999085,615.5980211032592,777.1100680034846,773.5300907677072,0,0,1,1,8080,1051.6700290745935,BENIGN
155.8394794234872,1,0,46.75291704714853,0.0,48.66208438587617,0.0,300006.8867023064,6416.859217570551,43.658881096334134,46.1797096033895,68.50558532456208,1,1,0,0,49184,7.159859183596145,Port Scan
19804.288354805372,13,12,2495.6686418185386,7369.353594602914,177.68047694089134,678.0843533549042,498125.56046871404,1262.3528577301252,626.8277229206245,818.6975659636961,556.6947692963386,0,0,0,0,80,17203.51558319498,BENIGN
167348.44172471054,14,11,6075.370614145111,9895.79640459321,401.99050155435293,887.3693888269233,95436.6043336753,149.38890223504552,6904.285392019784,5910.881620493819,8042.444263906075,1,0,0,1,443,13134.094575636818,BENIGN
