flow_duration,total_fwd_packets,total_bwd_packets,total_fwd_bytes,total_bwd_bytes,fwd_packet_length_mean,bwd_packet_length_mean,flow_bytes_per_sec,flow_packets_per_sec,flow_iat_mean,fwd_iat_mean,bwd_iat_mean,syn_flag_count,rst_flag_count,psh_flag_count,ack_flag_count,dest_port,packet_length_variance,label
30046.157675362523,10,7,1452.574411189968,7055.673587406132,150.18926252770598,1019.4112650160627,283172.58035202144,565.796138850053,1891.101862260462,1540.6465377574436,1656.3861176025027,1,0,0,1,80,4213.206800382428,BENIGN
4216.587699919203,12,11,2553.422283052706,3868.014616363146,231.95363181654108,363.3396801941211,1522898.9307014525,5454.647605323308,155.17604578027706,171.25820912684665,164.76224720242922,0,0,0,1,443,8898.793736429292,BENIGN
147200.7421914823,10,9,2524.987851390471,8848.729339745809,231.78491798655335,894.0169467670713,77266.71089973903,129.07543615020867,6109.918576795992,5245.614085774509,7829.135033003118,0,0,1,1,53,16601.97307079871,BENIGN
56360.22380423899,16,16,4636.8216909191115,8418.967507646417,287.91042032996313,498.44603379596,231648.9949350338,567.776311732694,2084.5690112142534,2188.150116642284,1723.8926694512288,0,0,0,1,443,24248.821939408117,BENIGN
14439.7479743097,3,3,363.63709672961807,192.64652138487332,129.29981462841732,60.66052087187098,38524.46864752741,415.51971756534994,133.8235715443862,130.26259695280567,136.37603541959277,1,0,0,1,3389,1754.599485256508,Brute Force
67436.57807689399,6,5,955.1657913001377,1394.2444597214076,150.54229394289047,254.48548277857785,34838.81178464676,163.11622436502253,14652.259830751897,16610.566246699385,16031.487308991685,0,0,1,1,8080,7073.854050132574,Botnet
5459.853483051509,6,3,443.41067171640213,233.09393437047584,80.62822013356737,79.15643657074365,123905.2674557816,1648.3958824056035,320.35763028908383,283.45119419887453,463.2147778167275,1,1,1,1,3389,167.97165712429344,Brute Force
79269.61365158645,9,3,2216.169568585037,658.8828233227023,227.91885027302317,208.79897479191663,36269.2873027545,151.38209267353784,15090.375359012021,20655.214713101603,15221.88511834676,0,0,1,1,1337,1473.115312172661,Botnet
2218.929613555336,145,4,8684.805823245075,156.29044315790725,58.81423786821933,37.223083818624424,3984396.8967709225,67149.49365214923,12.74502039018795,16.338802545211397,18.770949981770272,1,1,0,0,443,452.52091644870785,DDoS
10177.311619980268,6,2,595.6091277473805,170.4944409833474,98.56014971136311,83.68969269084576,75275.63243977915,786.0622037252222,251.26646146548694,247.19382088828456,345.212412182679,1,0,1,1,22,2412.0348671640368,Brute Force
8787.48957946067,7,19,2238.6980435090745,18346.337845181053,298.15053200302384,921.2910117004028,2342538.8676197473,2958.751730502279,352.04660457976246,362.007481125096,407.3369552574759,0,0,0,0,443,9156.792353150056,BENIGN
2583.2691357125886,4,4,586.5908567378472,306.769791377285,145.69017781361322,79.20216577378048,345825.61908273667,3096.85115244224,191.6911742295926,190.21672089461478,201.4554785575781,1,0,0,1,22,2978.0485044744687,Brute Force
4765.020592789033,11,13,3770.3867929009125,10381.367045297016,339.1714497556101,748.4314314893377,2969925.0113659445,5036.704361009375,191.76057330336485,265.6261871033353,294.9399206769922,0,0,0,1,443,24761.464069625672,BENIGN
1225.249696280413,7,19,1402.5943192875677,8755.485462966331,185.4033393396201,500.78409144297495,8290620.1185697755,21220.16441132795,36.35532983419292,38.23258159223677,32.176498553001466,0,0,1,1,53,12245.44934806896,BENIGN
11465.309013111364,5,11,1518.7790331560784,8636.046886269609,309.0219969120715,723.1228738269309,885700.1505858194,1395.5140661017429,503.1018719749576,634.641816436785,424.62975357553614,0,0,0,1,22,8775.108681460839,BENIGN
15208.24343676156,13,26,5138.192369986801,25456.684004789247,375.8469870808417,911.6430033869466,2011729.7899652056,2564.3987198237965,408.04196323118856,480.9833751277038,433.2756761568413,1,0,1,1,53,16903.757221308162,BENIGN
329.16482733647547,1,0,40.83951099373822,0.0,42.672234721697826,0.0,124070.09377095955,3037.9916593512294,26.46985393026768,24.122066711340832,25.75142627085139,1,1,0,0,55325,35.701780545212785,Port Scan
24105.222174564016,13,21,5245.2000258936,20947.075722990878,415.2913328325206,1027.2191635859497,1086580.9723389621,1410.482747422134,845.0843589919078,1107.3538129548226,830.1693974737121,0,0,0,1,80,599.0756383173036,BENIGN
6858.206795203155,14,18,3996.720508115256,8218.37858448725,304.5724012055009,429.774595450791,1781092.2676093886,4665.942710036362,199.49739272455872,247.66270314633485,176.64768319574532,0,0,1,0,53,22960.931186344813,BENIGN
88414.26630651159,7,18,1783.2326140571352,11832.026602502596,260.6375280830441,702.4279885557212,153993.91733183432,282.75979708219086,3203.197612709621,4403.2963997748575,4100.804901685397,0,0,0,1,443,14712.081285445822,BENIGN
8860.769421313935,4,1,460.41526817957566,60.637677211356184,113.91813149904307,56.42058075232267,58804.48080925986,564.2850820576444,114.13324472154208,122.47281490551775,142.69273839703925,1,0,1,1,21,2095.0156592226763,Brute Force
72338.03471935123,14,18,4475.316158090141,4653.558128620351,342.4652706096305,241.48364391608357,126197.43295664096,442.3675611889363,2319.582745703899,2408.865096459211,3566.9237879508755,0,0,0,1,443,24031.52264687324,BENIGN
11079.012316217553,5,2,698.5505137639886,117.1863475259059,135.44458731679228,62.20383438961396,73629.023780018,631.8252746910788,342.53735787706995,454.06054528106733,495.66658255994645,1,0,0,1,80,2236.6959091078743,Brute Force
78168.14507456694,12,15,3960.5167882424676,11437.441016838053,323.42556050016697,808.5113314270283,196985.0735282505,345.4092453421261,2700.4273047622783,2370.3509310170493,2235.049662295743,0,0,1,1,80,4963.358440825739,BENIGN
44203.83511525744,13,12,5724.990544269326,2402.6686479372465,404.78899420409755,209.76334737943193,183867.73842166518,565.561787451582,1441.2689030480924,1748.9716006173908,1569.5970749012306,0,0,1,1,53,6512.197733372584,BENIGN
12748.021099492003,14,23,4475.833727913106,14465.228928712113,316.6376860445852,594.2397806025547,1485804.1502127731,2902.4112614211485,289.40553016910366,364.32524164067115,404.5164551251073,0,0,1,1,443,16425.00208186324,BENIGN
74685.96077288105,13,15,4715.7381942589045,11022.91590343398,352.3488459093181,696.5970259660227,210731.09236090447,374.9031238300275,2240.4948475688743,2539.4731211819353,3351.0432530535627,0,0,0,1,443,22296.321847729487,BENIGN
9585.01042094595,13,13,3098.1768373446084,9420.68149784136,244.31533419437088,781.6965508230403,1306087.0865438741,2712.5687775135507,376.36895060992543,459.1916315731119,594.2717271370864,0,0,1,1,80,7301.726485242274,BENIGN
3977.9238773797383,10,4,904.7937010832327,289.3794097824157,97.4346751958118,78.97333486288737,300200.0912225226,3519.423807883878,362.41371919823325,405.3526777398081,459.68622324342203,1,0,1,1,80,1475.7242546910584,Brute Force
45019.76222478608,10,16,3848.8805440453148,19289.90444189239,384.5187265073835,1106.6835237709665,513969.50677803485,577.5241519531048,1515.966359499201,1237.9395059868204,1416.3657540637832,0,0,0,1,443,21674.687085851292,BENIGN
12035.596295542602,11,16,3457.3486728646444,11039.513637632548,310.9420751328686,629.0417172617247,1204498.8843524207,2243.345434409385,349.4031394980272,322.4932980359471,519.5180339380565,0,0,0,1,80,803.3047373529498,BENIGN
12997.58054058961,5,1,625.5912755112048,120.58925396241439,115.7109465057306,113.27158887668782,57409.18682083968,461.62437549533524,71.4792658133786,84.1783930967856,59.976000011855525,1,0,1,1,80,786.1274492321264,Brute Force
15252.614385862118,17,19,3781.002719763137,15034.20911740118,243.05035952801282,795.2902942359444,1233572.9050230512,2360.2511077293707,417.56578847808134,369.25571405117864,621.7315612021754,0,0,0,1,80,3264.898768682381,BENIGN
43505.224746134845,13,17,5282.549537776989,12659.54927807926,391.59285087839737,776.5023394877326,412412.50724604714,689.5723484951151,1380.5043721978084,1915.9338395032344,1796.7968709724043,0,0,0,1,443,8739.584667548377,BENIGN
50735.7178989646,11,15,4859.829336727231,16366.690304850315,426.9098565471211,1015.0034124779904,418374.28384965716,512.4594876488503,1762.2463848802909,2452.830109738092,1905.4477868924814,0,0,1,1,22,22891.73019499141,BENIGN
64988.76040973965,16,27,6437.5317279204155,26996.086847749048,403.7907541997865,1007.3330002381639,514452.3201377892,661.6528724181625,1331.6928120387804,1620.5827412417968,2022.6545887250538,0,0,0,0,80,1892.2661663819995,BENIGN
381.54065470913883,1,0,49.033804836826796,0.0,45.94242576831844,0.0,128515.28200633534,2620.952676097737,34.52683456676921,47.116224425976434,28.195022104924494,1,1,0,0,47088,22.39305620801798,Port Scan
21122.370473399933,11,13,5929.266766762392,7654.277421379561,552.6134520595679,627.2025612803909,643088.0570553452,1136.2361071274627,853.0577035307006,749.9814464243623,764.1286328958303,0,0,0,1,80,22247.43289762233,BENIGN
77158.90664239728,11,10,3578.580012686237,7141.278037193552,332.81801639074655,702.8519464549242,138932.21815029506,272.1655984230979,3630.88082337048,3597.974435247095,3266.0194473348633,0,0,1,1,53,9017.807427260166,BENIGN
10144.14540655996,8,2,869.0547918217037,226.81509939547584,104.68425676057058,105.15727415187125,108029.78933134263,985.7902858463815,357.0155965748836,382.7469334840715,326.01869508956753,1,1,1,1,22,2495.238648228228,Brute Force
4559.2186859876,9,21,2090.2620939667213,11795.679126508145,216.73529355136318,603.8179705862387,3045684.39832733,6580.074803650598,130.27232069970307,141.5841610914086,151.136165494947,0,0,1,0,443,1642.7060148551295,BENIGN
51.21794941893922,1,0,49.49550071849418,0.0,48.87647754560097,0.0,966370.2135679778,19524.40523966434,18.726221502636008,23.708949827754125,23.14856343811277,1,1,0,0,36670,33.5964695957252,Port Scan
34209.76458617687,13,10,3187.396163483257,5500.895171400296,224.42215651582177,591.1225649507969,253971.0939254528,672.3226622054455,1256.900282671153,1543.3961934325405,1120.6057815370057,0,0,0,1,443,24800.732550745834,BENIGN
6040.847354823068,6,5,747.2030261927189,183.82571918327412,114.74995422903118,40.0,154122.21012879114,1820.9365928138375,97.72061920548693,131.88397246854746,145.67652339816908,1,0,0,1,22,2378.6332772544465,Brute Force
17602.864580311347,12,15,3877.7205933176533,10383.911538282773,343.7034381162298,767.2092500981965,810188.1410569925,1533.8412607115815,701.3211628087676,856.6100607605578,838.0308759260856,0,0,0,1,443,14250.877583224552,BENIGN
3244.8460880259577,14,16,4413.233942558601,5273.276981843072,288.34879460751546,330.3634829411724,2985198.885132509,9245.43081125024,91.45498185721543,122.08731040079253,82.06519109166092,1,0,0,1,80,17191.027014758798,BENIGN
30395.594832692874,11,21,2797.0885969936116,19699.70554121295,281.71549157532854,854.7118461570208,740133.3733403195,1052.7841345477293,1204.683763336151,1453.0846830978849,1459.8831611252092,0,0,0,1,443,6386.361984252069,BENIGN
10937.331561550107,7,1,720.7784847265832,74.35881930459641,106.53403235864666,75.09021554983349,72699.38737401573,731.4398356655644,363.07910636139957,399.3847859147266,506.2486223747364,1,1,1,1,22,1241.3376638790157,Brute Force
15604.54815571905,6,12,1201.6350279318588,10876.41200819721,187.30086224998178,948.158386031904,774008.123503562,1153.5098498448365,799.0423326752848,919.6284982240642,1041.0449645366523,0,0,0,1,443,22285.81844236326,BENIGN
11922.179036557247,8,1,1053.7622592053592,72.90971163226854,120.00507675245855,79.74448903404705,94502.1851611931,754.8955583038215,152.75194805760518,128.71655063226686,126.97912347383433,1,0,1,1,3389,1875.4781748433832,Brute Force
54410.14075476121,11,10,3704.137039989833,7772.471940873493,325.95268953696205,773.7491500858338,210927.75761398955,385.9574650735006,1906.5259662638748,1917.3021252283493,2668.088005665237,0,0,0,1,443,10650.288521882445,BENIGN
163416.29166158944,11,17,3969.7696502443127,12752.840701023875,399.6713179950603,801.2263886563035,102331.35375448488,171.34154566414827,6356.238886347289,6296.221887884751,6046.4257996153465,1,0,1,1,80,6110.114041242294,BENIGN
6253.393358692597,7,1,1018.733429614165,62.86426832874041,148.84743588110916,58.29063566045022,172961.72428357138,1279.3054172546997,319.4144684143157,444.63774713956343,435.33670720862625,1,0,1,1,443,156.78951169859369,Brute Force
33760.69889693522,16,21,7291.396646893553,25553.603238711476,465.52791033227874,1162.5363835395895,972876.7756222809,1095.9488757313268,948.9527449768141,980.8749906099733,1158.1097751372108,0,0,0,0,80,6479.262202854352,BENIGN
37245.851086358154,20,16,5328.62697763753,12139.293464629349,261.09012169694546,814.9531064095801,468989.69771870144,966.5506076510502,1179.6249483521726,1629.3156047655687,1224.0790217178442,1,0,0,1,8080,9397.843982397912,BENIGN
10690.689409786937,15,17,6081.135414029176,4586.200385817197,415.0393329745637,297.63516665734375,997815.518808433,2993.258785603215,349.9594576808928,304.4708972339428,513.7266136626929,0,0,1,1,53,6487.62770420439,BENIGN
16243.373416355762,5,2,505.2410540737689,192.94238517118447,102.2663007600777,94.35415749112221,42982.66261255432,430.9449657145459,316.2322734342662,282.3284963522381,330.47896958571374,1,1,0,1,3389,1786.6999299064275,Brute Force
1663.7756516922145,16,17,5694.393757102961,11828.740361487704,347.4490380645251,646.7314933111545,10532149.632534897,19834.404937009345,51.57700586274884,43.40929485032318,42.11424114610764,0,0,0,1,443,20376.219307775857,BENIGN
118.37381320909475,1,0,40.51075000524009,0.0,44.282683857058636,0.0,342227.29594494146,8447.814367807907,30.14040539621094,28.717320653210738,30.021077833565098,1,1,0,0,8107,22.743892513670012,Port Scan
13787.717034951696,7,1,872.6109411386077,78.35842334147121,136.9837142255193,76.56847219059155,68972.21360645733,580.2265871659606,344.5631243916449,340.29862723196095,301.53387729400765,1,0,0,1,21,1618.222746728343,Brute Force
77696.1539007592,15,19,6395.719155949861,14735.481111353529,389.3357973433201,799.4846584882469,271972.28184929385,437.60209859844525,1756.2763324528094,1447.212595677749,2274.782939741209,0,0,0,1,80,9875.233439395959,BENIGN
7722.529854247324,5,2,519.7355733229784,183.02761941773696,97.42741927302353,83.23900173558164,91001.6802789311,906.4387101268454,271.0101813861603,372.55756914767085,233.4737860334105,1,0,0,1,21,280.39675553409796,Brute Force
56602.930255247324,13,13,4275.879026985312,12377.879137187663,323.1248869607069,917.0240952110133,294220.7777772972,459.34017696176943,2755.9711026895493,2331.8868561519675,3709.47002280459,0,0,1,1,443,10100.714574771999,BENIGN
37900.282117709845,8,20,3177.3610883340593,15542.247457752446,384.12403660347053,776.0136548682168,493917.3932254005,738.7807803920359,1241.1985926051157,1003.8929307021695,1309.5892178564973,0,0,0,1,8080,7671.206071510939,BENIGN
1965.6276852408273,11,12,2499.2044937253713,13152.859836809836,234.68625036688118,1049.2039108786576,7962883.534893601,11701.096892711936,69.09402427913248,67.09608578037576,110.29643851522499,0,0,0,1,443,7398.888367628438,BENIGN
6642.916859331218,8,4,802.5021807007629,402.1480661611868,105.74164374528002,104.2934892112777,181343.56825041297,1806.4353738138027,295.27562087041963,407.91137609254747,353.5698661041326,1,0,1,1,21,776.1025957081408,Brute Force
3050.777499499542,12,9,6083.703188604997,6135.236631727704,496.9243959419057,679.8751818199978,4005188.782969957,6883.491176739339,166.26285020861172,167.0559518928863,244.3683118307694,0,0,1,1,53,15471.680660250446,BENIGN
114781.42013559863,14,26,5477.930891893007,13993.864931138993,411.7722665533359,540.9059650727139,169642.40205452,348.4884570407427,3408.6352002358244,4124.487645144597,2853.8797605841173,1,0,1,1,53,5992.734411658935,BENIGN
14793.230192815772,7,2,866.293066953491,165.47155607692505,131.55438703723507,76.39903573841295,69745.728930216,608.3863958509066,139.445993806883,113.25712139222112,220.59029869799406,1,1,0,1,80,1746.2191937902362,Brute Force
1057.2755161302255,193,6,14011.60137459045,219.07650455328962,71.32846668504408,33.22168232232513,13459763.005985409,188219.6238955457,7.695487095259111,9.349021060411424,11.76806905256766,1,0,0,0,443,29.791882487638407,DDoS
10312.940453581066,5,5,689.8859312730228,289.4223260458783,145.63000922871623,55.7743872431017,94959.16918426947,969.6555550776596,326.3966512068661,276.2908703609387,402.2055012062085,1,0,1,1,80,711.7505186851339,Brute Force
87398.36678147655,10,9,5267.142670456938,6621.426425350863,495.07956952925895,678.9035379330446,136027.35993377276,217.39536675217266,4121.605275582708,4869.525424033625,4041.3222370903627,0,0,0,1,53,19967.442094920814,BENIGN
48791.476184791456,13,17,4628.856562219631,11837.534949198836,388.5095497248661,713.1626398100532,337485.0035086892,614.8614952000806,1177.0446119809783,1410.9377950948221,1540.8646860079973,0,0,1,1,443,16067.030642827189,BENIGN
1798.2725237459567,15,14,5924.795851559689,7007.453952597354,390.40158901164074,530.9726469236671,7191484.957584767,16126.58794318366,79.35933738270295,100.27564688438717,82.19430060139075,0,0,0,1,443,1821.9967492179117,BENIGN
2004.0915956960623,129,0,9009.771600449294,0.0,75.71136090508102,24.565299100762203,4495688.530303933,64368.31543879393,5.089660991124466,5.864444925859126,5.272318014311359,1,0,0,0,443,40.175597509800625,DDoS
49585.555550978206,16,18,5335.391208901382,17560.132139973135,320.6091600524066,996.5311967900183,461737.7600082741,685.6835548619614,1135.3452501453346,1546.98977328069,1333.626590758351,0,0,0,1,443,2130.20200640297,BENIGN
2273.1265466240343,141,2,11137.364513253102,60.10714746143597,76.84214929165908,32.947311126303035,4926022.124612737,62908.94812362227,11.596296890783947,12.093501289127303,17.773859868594034,1,0,0,0,80,480.6748446475874,DDoS
1661.997933970126,167,0,7701.725358722122,0.0,47.06231069967553,30.27584276790409,4634016.20501687,100481.47268214461,6.235284268493951,5.225644292549337,5.309408915726674,1,0,0,0,80,108.58033529377532,DDoS
13003.73752639319,6,5,760.8016388504556,196.21870681724732,121.62227136597998,40.0,73595.7907274947,845.9106451259662,373.2884827687182,392.7532667076136,411.00228190760254,1,0,1,1,22,2700.10754899184,Brute Force
84272.66951780143,12,11,6015.804853163774,11446.847366959495,546.3119011648452,1148.2992013474263,207216.0798992433,272.9235958894309,3739.8669479969362,4226.654076518517,3440.435070651475,0,0,0,1,80,17731.32019403554,BENIGN
1229.100204097594,14,16,6396.31955624442,9131.910236302123,438.3971072393813,630.6650700784753,12633819.228715673,24408.099437283887,38.30961725391061,50.68385206615975,41.07441039694802,0,0,0,1,80,24023.809612751167,BENIGN
10856.524781943965,5,4,381.9473768808866,355.33700832981424,78.07114112867151,90.98956844766631,67911.6383943521,828.9945614059073,346.4499104170857,314.2517412773265,375.87538589985235,1,1,0,1,22,597.0996574246858,Brute Force
18922.421491077308,5,4,576.4400289536857,386.8869616456951,120.03002830117053,97.53909165696501,50909.28722064608,475.6262301970108,51.34885395724662,65.24410194500174,74.84534069140157,1,1,0,1,22,164.88660657042527,Brute Force
59003.57247842237,15,5,2839.4893166488373,1014.3837943138723,191.75780363404593,200.13074669725208,65315.928325731,338.96252650318775,14749.14203627009,19652.670823792745,17702.89953410251,0,0,0,1,8080,4454.854838813091,Botnet
13389.341513389338,12,23,3220.490611108403,2068.7653767757474,268.00661134472,86.53633574223102,395034.8105315632,2614.019514327871,358.9583105417187,381.318689940561,512.5455728544845,0,0,0,1,443,12022.133941220953,BENIGN
66792.16237036083,12,11,3900.538460227122,6226.5585429662715,313.57523321914255,622.3961482636246,151621.03821461715,344.3517799658227,3162.7351395923956,2843.1029723871366,3664.674606879583,0,0,0,1,8080,21558.4153617357,BENIGN
891.7157194833685,111,1,7963.633056634448,38.28839999873116,65.94320129921071,42.089442956874464,8973623.85993289,125600.5670337282,25.992552833711084,32.986910895459516,27.645282133629422,1,0,0,0,443,480.5602560487824,DDoS
1161.8209467828303,3,3,311.33579162631065,276.2955549313544,115.14349809060002,84.8299170777382,505784.77534327505,5164.306958498598,66.46251348573998,77.54616766041408,84.24280415317213,1,1,0,1,3389,1012.7428223392475,Brute Force
25512.80960592876,14,9,4953.308002733343,7459.9344812316795,372.10345430124664,770.6037266712862,486549.4108920246,901.5079230887678,1089.049079862152,1383.7302438935556,1064.3133217824259,0,0,0,1,8080,17179.44071520739,BENIGN
13974.62142453321,13,14,4315.253091840163,7105.539470257649,335.8585687940702,549.648002707765,817252.3759425774,1932.0738057776668,499.98540225202305,618.5448110172684,663.5737403733358,0,0,1,1,8080,14885.54436850931,BENIGN
22786.63062216836,15,14,5659.004702090569,12613.50319896567,379.13405485865775,919.4389832260422,801895.9978786649,1272.6760915581287,776.4632054448102,973.9448851534917,840.6897166365189,1,0,1,1,53,13443.770370144557,BENIGN
65085.051507625234,7,9,1416.7760574638216,1266.644958621423,185.74541921580138,131.19007185938574,41229.452138804256,245.8321785014716,13824.596417786808,17837.110200958883,19200.035794848332,1,0,0,1,8080,2154.104100495426,Botnet
124804.17218146307,14,15,5005.576850582852,6528.726151088271,369.7155306036528,467.58951209699075,92419.2100317003,232.36402672367802,4012.242963757916,5332.730124628463,4698.191892765242,0,0,0,1,8080,5806.945562110793,BENIGN
34684.70205206812,21,23,5123.724429464075,20551.5471323568,244.3044833030678,841.7332551438548,740247.7185266741,1268.5707933701694,883.6984897280378,1180.8855047922996,836.2649397735922,0,0,1,1,443,1824.2167386809706,BENIGN
24349.529376017363,14,19,6426.168001192289,14392.84037202256,423.5168714056571,744.0859929050474,855006.6020462869,1355.2623334273871,793.2488579759872,1020.7904532923068,1085.1159569480653,0,0,0,1,443,593.1520175016954,BENIGN
47007.20598275537,17,16,3740.46252080855,15314.208896216938,207.12600374732108,1056.8612812963177,405356.3920394612,702.0200267190115,1441.4000587765959,1294.173918661247,1807.1447984542408,0,0,1,1,443,17886.307532775954,BENIGN
36.88615965751818,1,0,38.05088761625946,0.0,40.37067223135578,0.0,1031576.2868662823,27110.439505896866,29.630660995276735,24.572674998088317,25.69719793161574,1,0,0,0,11089,23.734752263855096,Port Scan
726.0561623991287,116,0,8949.27389054888,0.0,72.53608042375882,26.607427185998787,12325870.02770906,159767.25494168082,7.30293777040796,6.428126357692321,11.22159498139756,1,0,0,0,443,112.77175956699736,DDoS
5410.365429700581,7,4,688.8351149505808,384.23815692459783,103.73533450607016,94.7952159785995,198336.56077729375,2033.1343867485782,52.163293124887076,61.044951327753935,42.747008363296494,1,0,0,1,22,1921.9150798534292,Brute Force
21194.942213008195,10,24,5046.2092628205555,15528.854006999343,499.12286454833776,672.3784733204463,970753.4497165153,1604.1562962664186,663.7341235141969,737.1442153417306,668.4827853569944,0,0,1,1,22,15017.574260894822,BENIGN
140342.78023003682,4,17,1503.7014507144368,9152.066136918098,413.0166889117002,540.1979332147023,75926.72433998095,149.63363249309123,6835.028593313364,8587.65413719377,6099.94469735154,1,0,0,1,80,21709.112523157353,BENIGN
181539.47979353927,13,12,5269.502892347182,8872.998667229383,403.105981494757,740.9524971240163,77903.17332439484,137.71109198082937,5166.419907938339,4380.595052489662,4681.97077765649,0,0,1,0,443,9287.815154139194,BENIGN
28448.819919835525,8,11,1986.9163658673754,10254.844841889411,268.78871225425326,929.7226127370168,430308.22516548034,667.8660153053494,1032.4309655175966,1153.0122269779895,1484.1001041139568,0,0,0,1,80,13550.393240352883,BENIGN
11603.980468563923,4,5,464.0535041788113,512.7053043197974,119.7155717336543,111.10583237474691,84174.46161209281,775.5959279991631,65.88002744775562,78.19528848527436,61.97626244255738,1,1,0,1,22,439.38158748568605,Brute Force
43063.62814718026,13,19,2182.4709762762254,10257.99968438015,153.23537949183333,582.8177367539844,288885.79982481006,743.0864833458141,1118.0791204550005,1543.242106908496,1009.8198964198261,0,0,1,1,53,21817.405475025247,BENIGN
29470.379989494526,12,12,4733.1980617105,11480.455961917187,406.4618161770552,963.742045359289,550167.7965946642,814.3770120560175,1153.491093555829,1201.1387658660533,1464.0063561754544,0,0,1,1,80,20192.5722498306,BENIGN
55145.196580267984,11,17,3182.640731371777,14816.987899843163,281.5601565626168,826.0205022447605,326404.28808727016,507.7504793956785,1546.5337624824194,1436.2665632254575,1380.3293196230081,0,0,1,1,443,16815.7614227444,BENIGN
10755.939968158253,9,14,2312.305196510388,9975.026945846366,250.15253712797585,726.117759709792,1142376.4151466088,2138.353325519565,485.94297899889244,558.7395007982184,464.3095154262172,0,0,1,1,443,16352.026048489135,BENIGN
7517.095254469857,7,2,564.3015112390785,124.5820369774308,85.88766668124067,59.2112769283017,91642.25340990347,1197.2709797242985,313.09967481481004,396.973301631838,321.24182408377857,1,1,1,1,80,2207.6086531939713,Brute Force
17469.400047263178,6,5,719.1779745337437,433.2401072690859,125.17818748856222,95.03680984081909,65967.81106878206,629.6724541334951,357.5307545049414,404.4577448108738,474.07558158301515,1,0,1,1,22,839.6405790576604,Brute Force
86848.89951421854,12,26,3354.634196422935,17185.30653254444,291.7800745231214,652.9589840099193,236502.02643736044,437.54152571361936,2268.5081348819863,3031.3781649672464,2958.6067468678066,0,0,0,1,80,21713.459684724825,BENIGN
766.0177808345046,1,0,38.21837710576402,0.0,42.02941525824435,0.0,49892.28456828858,1305.4527257978186,47.685696873605245,63.46882454164071,48.420094872878074,1,0,0,0,52066,49.37412457827776,Port Scan
16987.66156841456,15,24,5719.25278406503,17117.927848598913,399.4383933821242,782.6870022970979,1344339.2747548895,2295.783904272813,434.20753074531143,544.8136644917291,422.1631876164957,1,0,0,1,443,12682.993988988055,BENIGN
59510.73406466682,7,2,1514.6777589847832,354.1112621728404,202.15355167338504,170.48384188470845,31402.553682616657,151.23322105588932,15619.762054320712,20900.41255601035,12936.935712416218,0,0,1,1,9001,5261.688615464924,Botnet
7735.355010383369,6,4,779.9628806393306,265.04959923996654,123.6263083329024,69.71489115710817,135095.60692127893,1292.7654886655803,199.9926983482631,237.8549743268655,215.48662548123843,1,1,1,1,21,2598.319338513429,Brute Force
6140.712516729065,4,2,494.55098200352995,180.32940755035003,131.05825909029906,99.53765119679883,109902.6192343823,977.0853111351942,348.9720041230206,360.1105049218034,351.30617706128777,1,0,1,1,3389,1071.0683890667647,Brute Force
10552.874054418333,13,13,3866.3150914284583,8540.370918804723,289.4270019056638,719.9680545118058,1175668.9169467236,2463.783786855125,512.0226175664778,449.6746740430401,416.7198363463313,0,0,0,1,443,1928.6557268015533,BENIGN
45244.07797108446,16,13,5631.580116492813,9671.111034136793,321.9719584722967,765.1902210664427,338225.2846529345,640.9678636513255,1934.4564447376058,2372.9832673083397,2455.246818666659,0,0,0,1,80,4454.575786908081,BENIGN
202373.06796933425,14,10,5237.234386862328,9993.099595930938,365.392065266694,942.4782293284705,75258.69986366532,118.59285546650278,8249.877122837803,6941.009657948209,11085.393914915503,0,0,0,1,80,20789.499510092992,Port Scan
56189.56552500879,11,14,1614.5009308334834,8012.047645373676,139.2497233338202,547.1205091685774,171322.70887416962,444.92246498814853,1917.753017703117,2367.535735433186,1998.4319569905856,0,0,1,1,80,13479.313122270323,BENIGN
25495.533351012087,16,15,7191.5328458065005,7619.85478393101,475.5390479431645,504.62932192739413,580940.4896857962,1215.8992547127634,627.3003255522473,805.0599092884204,686.2603639591659,0,0,0,0,443,8019.564578083279,BENIGN
44184.39128974027,10,17,3339.852868368627,10027.747826857867,342.1206852568483,587.4884896380662,302541.2437520778,611.0755226420754,2222.073805783634,2955.9737494557758,2300.5080097990867,0,0,0,1,443,4344.2440569521805,BENIGN
581.9673183519252,1,0,44.285009583315095,0.0,44.423310281049154,0.0,76095.35481945264,1718.309548432896,30.129038033451106,30.390575685176508,24.61187388672725,1,0,0,0,48135,18.38005181832304,Port Scan
46831.745240909026,12,13,7181.06671591061,11696.49562663323,548.2834634914577,872.8310581266861,403093.29164298763,533.8259309234904,1690.8410604163862,2335.0682528106036,1457.1872458511168,0,0,0,1,80,14506.523369339868,BENIGN
23182.041387955924,11,19,2935.766938415052,9266.399215964082,271.4797289420171,533.2935994710483,526362.8836724745,1294.1051867669557,532.6153076054271,453.22998750752924,464.42115598204606,0,0,1,1,443,21642.685957601363,BENIGN
43391.53218305177,10,12,3373.6856264017392,8823.066392725663,333.90654706712456,714.1248689304617,281085.99548119464,507.011365885645,1725.1737664091058,1928.0109477393053,2034.990173359806,0,0,1,1,443,4175.028791734489,BENIGN
39267.38953852704,6,15,1672.5879280875117,10625.764182771261,260.62976897945856,782.0913608727824,313195.0520620246,534.7949086199361,1796.9929737203506,1565.4427240715288,1904.5271929970102,0,0,1,1,8080,1997.0451785100474,BENIGN
1517.0094691645727,6,1,676.783046524766,73.60472006685974,125.07745722722451,72.72273005844357,494649.36234370986,4614.3416651545,152.18965571513365,143.92592863848762,170.26519183949324,1,0,1,1,3389,414.60426914050123,Brute Force
6141.23783241684,18,16,8192.427151221476,14623.552878359727,469.3975914087994,832.2961472973429,3715208.668380481,5536.343149019445,206.13224317024813,166.91585073063249,262.36935302717114,0,0,1,1,8080,17847.41109481857,BENIGN
21011.800321305916,19,15,8294.56456062342,9109.258079421146,457.8357191949884,670.9064862728676,828288.0273898819,1618.138354642752,493.1409463916804,549.2988704326866,480.219354273288,0,0,0,1,80,9624.621324785456,BENIGN
33754.28983303411,9,10,2924.9012523372226,5973.413999539548,330.33163690174206,652.6631645459888,263620.2774785772,562.8914159943422,1781.6630305952012,2013.8667779701034,2581.5869533901673,0,0,0,0,80,15036.14042016555,BENIGN
31881.08657450365,14,17,6030.020353530429,12484.247203808216,436.3329912201506,728.0110859378241,580728.8755379219,972.3633455075436,925.3908770257418,1145.1799935613337,1083.9801815527267,0,0,0,0,22,16385.876279068994,Port Scan
1395.6189077483361,165,1,11022.341280088907,65.40224430979896,66.86801021028563,60.0,7944678.495569719,118943.64505839285,11.31448274861637,9.655002973011763,12.062948967261507,1,1,0,0,80,58.39847901402108,DDoS
4841.494153824195,12,13,4988.991782812193,7493.861663485658,393.35086097109195,542.8343368213467,2578306.004240015,5163.695174609066,177.7810221952827,238.91523494455245,218.8172746165678,0,0,0,1,80,8394.72167623551,Port Scan
26373.5347218729,11,24,3631.529668442528,27491.432196708673,312.7892408994904,1111.0616112932462,1180083.0716612043,1327.0879451351184,559.3676796301811,503.62887711247083,603.3767677598078,0,0,0,1,22,1794.3255212174731,BENIGN
45515.56385218539,12,24,2686.106575613822,19818.97768397782,203.5745607990062,796.385499428839,494448.1042282217,790.93824075018,1247.6790373537983,1077.868910049425,1114.5301876250905,0,0,1,1,22,9092.896063884386,BENIGN
10825.835728695913,10,14,3533.263020408252,7576.626129534363,374.67050505565834,508.5701097231293,1026238.4751039372,2216.9189152190334,490.14742816602916,485.3480482868312,415.65040324970903,1,0,0,1,8080,3975.5319038641983,BENIGN
11852.588009027708,12,17,5003.324891154105,20180.299742017232,398.2169182343971,1150.0623224680733,2124736.354118597,2446.723026052344,305.93459387870183,414.08039345021575,283.12997192921256,0,0,1,1,8080,16303.044953004985,BENIGN
52209.49860024745,9,14,4175.149429880328,15825.649742877804,473.4146987461962,1108.2574907368378,383087.363582981,440.53286502718856,1890.2674496978955,2054.878031706891,1988.8833104549701,0,0,0,0,443,15704.149538831389,BENIGN
59110.27807959539,9,10,3033.9636997117295,10329.040069875584,355.2691225088645,941.6788296870673,226069.0391541258,321.4331012690451,2417.273609290584,2410.415080107053,3645.7172510803935,0,0,0,1,443,2215.0268497197153,BENIGN
11506.696292163111,10,11,2769.0078371638674,8394.538591181097,277.4699300481095,745.7284820603916,970178.2462050505,1825.0242699377154,626.0745574958685,734.6356350001906,694.5423423206175,0,0,0,0,80,12717.795730957872,BENIGN
8653.179750232435,16,21,6273.699263809316,11035.663250244605,359.20129913509993,509.42410216773555,2000347.0416281333,4275.884827078293,218.75035275753976,252.6505875030188,255.14657587364314,0,0,1,1,8080,3874.4726585234703,Port Scan
5792.5462066499085,6,2,992.9995179537598,120.08721492837489,151.67132056904845,62.23724098455622,192158.45556903776,1381.085228256947,195.8619805647315,273.4593441538273,160.33525822287447,1,0,1,1,21,1016.2136885188926,Brute Force
49000.43933647278,11,6,3038.5306360954623,3366.7463353700227,296.5702101349681,579.9615150798414,130718.76616211905,346.9356648675248,2949.9167811107764,3571.7687208597813,2474.655972579844,0,0,0,1,80,518.4250937237683,BENIGN
68218.83246877325,9,12,4720.668109198143,12287.937333425689,518.6000244813429,1043.869210163735,249324.19431847383,307.83288485056704,2760.362172087852,2556.354529904546,3453.0206201263677,0,0,0,1,80,14700.080512545532,BENIGN
144932.28363763948,14,14,6274.743812493737,8754.072850492621,413.23483735178706,656.2374059081313,103695.43821279661,193.1936715356377,4571.091250721439,5403.314406448397,6588.6472319052655,0,0,0,1,22,24514.483953971885,BENIGN
893.9571110403261,5,18,1874.7110480716485,10815.265562107443,385.4122218648348,569.1237620609237,14195285.717243599,25728.303646731074,36.282494175031125,39.474969187394,46.731366953725846,0,0,0,1,443,6955.678337979919,BENIGN
48500.4702823917,7,5,2238.981856966225,1002.1925801903488,340.1625804844258,215.7850588597842,66827.69091278886,247.4202812906878,13920.346272621733,13526.334744939453,21557.121328132474,1,0,1,1,1337,7791.506123959624,Botnet
9903.096830730721,5,2,509.69997984829746,187.9850287970562,95.62975290333418,99.13825552248987,70451.1952746274,706.8495966108301,352.0787262172115,459.5322233387507,357.94950341257936,1,0,1,1,22,2332.877938619779,Brute Force
46627.0865998145,9,12,4914.55808316138,7277.826623912101,523.2746025064757,585.8190152142117,261487.1654263294,450.3819889120747,1300.7116585707258,1121.9411883599853,1271.9168994270508,0,0,1,1,443,19117.09364656937,BENIGN
2195.0068425066856,9,14,3205.71979719242,8801.050330882405,364.38516332463485,619.2597151732873,5470037.676221163,10478.327244635888,112.56883727958703,96.49704888477937,120.37921442671704,0,0,1,1,80,4036.0414132178867,BENIGN
2438.733231703603,8,2,1084.5842351792896,155.69515731907816,125.72277854098056,85.81024507210945,508575.262097018,4100.489495939822,331.028900398659,438.18578502552435,272.0963634975077,1,1,0,1,22,2861.9407235865838,Brute Force
472.14649255888173,1,0,43.18173767157811,0.0,41.373987893535485,0.0,91458.34683118585,2117.986717597588,20.022569406258825,23.482651835451932,27.637646937277466,1,0,0,0,31497,33.236767114716926,Port Scan
59811.814151673556,16,13,3762.925413096089,8310.291800618481,260.3263951700825,617.1083559771662,201853.38607350632,484.85404449462885,1704.4157205545735,1846.2517894322652,2325.7410749597066,0,0,0,1,80,9465.315746699924,BENIGN
69164.56763072353,13,11,4782.46407749892,8836.108699641523,339.9071624262984,850.9054431501492,196901.00355793955,346.99848234631315,3605.308259310557,3545.577683766346,3335.674420680507,1,0,0,1,80,16747.209807086536,BENIGN
667.7058181264597,1,0,36.52742683808284,0.0,40.32133395130314,0.0,54705.86873209595,1497.665547989288,45.08349750272939,38.83797587074242,48.12613302504386,1,1,0,0,53539,40.98904032234073,BENIGN
11900.914078361884,4,2,544.9968094287765,191.7772895868438,129.64073451133538,97.91004975592497,61909.03439553565,504.16295424812256,236.24020149723307,317.6494225592933,256.28891129314763,1,0,0,1,3389,1208.940287653039,Brute Force
36765.76556261154,19,14,5367.442997342225,7259.638717084907,312.20162526107447,570.738470820355,343446.7233634345,897.5741289488859,1093.5487443102522,1254.0070995039362,1148.775038146242,0,0,1,1,8080,9974.028970687119,BENIGN
40071.001635810906,10,7,4704.049514495138,5346.665227373156,503.5171493953096,840.3234398091927,250822.648088889,424.2469443241302,1649.9949330012053,1988.29213171758,2430.428595154408,0,0,0,1,443,13638.838554540556,BENIGN
14056.665987601693,9,3,1100.5978744682802,198.75353692731667,115.53200684716346,65.13241183845957,92436.67115243794,853.6874967779898,245.25693195362732,300.5910020544743,359.0709545293173,1,0,0,1,21,893.4494273329102,Brute Force
141.85845784734974,1,0,48.12072880364368,0.0,45.214591798912195,0.0,339216.4946232897,7049.280072366742,42.925337439540655,34.83581376552885,61.908303095930435,1,0,0,0,46323,35.17587361502006,Port Scan
48408.263574124474,26,18,13206.034614294096,13114.427514137233,470.2405356974703,809.3225061065156,543718.3692434762,908.9357219480846,1022.087578529915,1267.7777489568998,1594.9431623277876,0,0,0,1,53,20254.944079501132,BENIGN
13296.071914237236,9,17,4471.869201743935,11550.502245152768,454.9782472376255,725.8923357079262,1205045.4863846055,1955.4647543805465,509.6893498286008,444.05111297670317,426.63516936967346,0,0,0,1,80,18947.872955567913,BENIGN
54377.1672453003,12,20,2219.616371212141,11300.028511707063,201.65227734905932,586.7624336766495,248627.2376405867,588.4822917612667,1588.0434119039983,1409.7585726609582,2421.3480855522525,0,0,1,1,443,5638.231577820013,BENIGN
78473.52292298301,12,22,2444.75435942122,13259.6493848004,204.60679946646536,559.10656398844,200123.59786159385,433.267154749366,2423.2573917763107,3201.0502387533097,2069.214874919876,1,0,1,1,443,6160.667739651391,BENIGN
9699.755059208066,5,2,826.5473882693283,174.17968002486546,166.7453599388639,90.2565326238347,103170.3442185578,721.6677078206048,161.35794790310717,201.39190974832292,131.96122976371214,1,0,0,1,21,1993.2265113155674,Brute Force
5568.807733515949,12,14,3662.4604718412475,16950.947616675632,309.11674073750106,1137.8171972213652,3701583.727600217,4668.86293156049,171.52875424601459,228.40632236236422,198.0727981240021,0,0,0,1,53,9240.64517572445,BENIGN
2057.712540205172,19,11,3602.800034184595,6870.680780543235,178.709132560158,594.8247431708859,5089865.863228657,14579.29589961518,83.79599784303767,81.794498627693,122.38302261751693,0,0,0,0,443,22320.348358340332,BENIGN
10283.76484841969,6,5,749.2551522332298,297.8418274976317,125.43923494195919,61.611578539142215,101820.39313080648,1069.6471732033403,118.91318501542908,105.51188419737595,113.58869086828108,1,0,1,1,22,560.8191940862978,Brute Force
132324.99710249942,11,18,3474.4039586050735,12999.450195888849,345.07036218565776,787.4049641807319,124495.40536723545,219.1573824674751,4684.8219846212205,4435.905497741311,3853.413102246094,0,0,1,1,80,9152.814236829821,BENIGN
66020.20686216217,20,19,5208.563233228594,23322.748873909408,285.99340827566095,1154.2325756165362,432160.29550931335,590.7282308494533,1904.3668113159601,2453.4707573167825,3026.25450323605,0,0,0,1,443,1506.8614247571625,BENIGN
43120.99626275124,22,16,11596.894788494963,10209.713535689612,481.19348493637574,689.5708048032004,505707.43290134857,881.2412349764085,1200.4249415470665,1037.6814222574126,1421.7758277659968,0,0,0,0,443,7932.068769069261,BENIGN
38672.88922852969,20,18,12124.168110528886,11973.361692050654,597.5115745798561,685.0930143849952,623111.701331132,982.6004924392024,946.1336372706576,1028.4205948160957,1236.4053924084399,0,0,0,1,443,7747.433396854807,BENIGN
67948.20082224184,14,7,2601.130183216644,1152.324565469184,174.92862986144337,171.03789446759066,55239.94312233784,309.05895587931394,14733.523887282738,19475.0376954826,17505.00642099758,0,0,0,1,8080,7338.7036267050635,Botnet
1390.8697532206686,129,1,7464.227114998229,27.983256769606925,56.61449780794879,25.929738530199245,5386708.8233237015,93466.69571250273,9.73554819073677,8.397100884987728,14.920973693748747,1,0,1,0,443,129.65211266958568,DDoS
51584.42765728863,16,16,5375.579538174426,16437.836395272705,315.8820797166572,1027.1656144920412,422868.2360957629,620.342251591863,1656.384852352339,1572.2723263060834,1794.2654610712298,0,0,1,1,22,11062.130357107859,BENIGN
10671.071023254519,5,3,599.6504187870797,152.16665693012328,117.0788224552641,55.824755460555636,70453.75989709324,749.6904464946685,58.037484835988494,72.39842300828532,83.98008497716629,1,0,1,1,3389,2211.9779302111792,Brute Force
43283.80578035401,18,8,6577.596057455333,4985.526860943056,403.69025815324164,588.5981233431539,267146.63163114805,600.6865508069784,1482.0433934607122,1955.524235595315,1426.7155844827741,0,0,1,1,80,9410.363846001193,BENIGN
25100.973552818163,9,12,2942.791069453501,6327.222964394665,323.5077751738928,544.1545303685986,369308.94390777097,836.6209364673135,1227.7091900497103,1479.9083898481908,1350.2271290026972,0,0,0,1,80,19479.518678495046,BENIGN
30035.803995705006,18,20,5520.661533089892,20597.533715030808,310.75964138501587,1138.7409649374035,869568.7071288484,1265.156744445191,750.5571062315803,672.0620396220088,666.3561865482961,0,0,1,1,443,23002.61955863152,BENIGN
26127.355925039235,10,8,5774.8642391662,9587.60487231713,561.123901880055,1135.6437755066697,587984.0713908849,688.9330880492826,1211.6033668190898,1142.6186594093551,1211.3445124577333,0,0,0,1,53,19895.10311870917,BENIGN
14415.763130759047,5,2,703.2896264597626,158.36679919156535,149.32033344624435,86.53429124657427,59771.821847766325,485.5795656814057,353.67968156771644,324.85654889111726,394.9770299534117,1,0,0,1,21,1519.2041607715887,Brute Force
6229.3332614259525,16,14,4266.963705446262,8394.57738459795,247.07756893237718,628.6303475214704,2032567.6213935402,4815.924713126156,170.24842195551534,235.6108093039543,239.76199967670928,0,0,0,1,8080,4701.599628493062,BENIGN
1084.3823008499799,177,0,10238.286435813894,0.0,55.92165464178717,30.36190125574359,9441583.865569126,163226.56673874217,2.2830384087910747,3.0890837447734985,2.2641901774855664,1,0,0,0,443,82.67609397980924,DDoS
13068.909774075466,9,13,4015.141190951001,9443.22454156513,409.7273687301198,695.2185953816679,1029800.1872515198,1683.3844888608046,453.9147070541948,478.4279883980968,660.250439637025,0,0,0,1,53,22034.928033193923,BENIGN
66521.63053137937,5,6,803.7103502416984,1004.5782207818095,176.30421307824625,172.75678093502484,27183.467341055442,165.35974707972792,15801.479530636852,18925.487752819656,17106.63480159106,1,0,1,1,4444,6000.014231997404,Botnet
24125.23841809582,11,13,4142.6885682066195,13651.884656757531,345.1011211791483,1142.1834424855836,737591.6008198628,994.8088215367901,917.8755467725454,1227.4461097260028,1087.115170301167,0,0,0,1,80,5752.994991720511,BENIGN
63862.44884776047,11,3,2140.726077214032,695.9907753329178,201.96550116861002,213.94229974072147,44419.16812976125,219.22115817033776,15474.796605706722,15545.795310263176,18093.954304932366,1,0,1,1,8080,1571.399858436103,Botnet
3709.0304375317364,150,3,7763.192530069308,124.64107392560386,57.343757770977014,41.14841558591645,2126656.4771692897,41250.67253473863,13.414572547590126,16.899042765909744,13.983752456674937,1,0,0,0,443,482.90850478444844,DDoS
15899.85766684227,13,24,4985.69570985239,18192.004171503235,373.62623336667616,792.9701016148106,1457730.022935403,2327.0648565087595,382.2815347939773,493.9341085084426,318.14308139420035,1,0,1,1,443,9943.692733540465,BENIGN
16964.311979071856,7,13,1900.4060728231361,9203.54228773582,294.04435317778257,734.7686578966994,654547.521541541,1178.9455431303754,706.8133710884342,680.8789748757343,761.3451737477733,0,0,0,0,443,21668.00131822484,BENIGN
2697.7679338015864,12,18,2604.5353219750423,13705.047651448976,205.48400776378034,764.6575364196663,6045584.117549061,11120.304168537285,87.65888564362666,85.8089735294613,101.55021488838936,0,0,0,1,80,4116.98589157119,BENIGN
37774.956205567956,8,15,2658.5753058846517,6541.142588941614,350.4271580700648,405.79674587772337,243540.1339650063,608.8690050316947,1126.015677920736,1272.7086610288968,1290.6223346889224,0,0,0,1,8080,15724.954431304577,BENIGN
49904.35898444077,13,6,3209.872348618333,1144.2358619708386,245.26305866517777,209.01344690181193,87249.05597819021,380.72826475787093,15780.09990703814,12704.21346064839,20008.013438871938,0,0,1,1,1337,3017.2666484278707,Botnet
70859.95116258746,11,17,3169.2599448182373,15461.008544484017,300.7551353297519,892.048507671439,262916.7559903518,395.145629380329,2329.7521347557913,3054.1641631143634,2543.1686477934945,0,0,0,1,443,9706.615667931052,BENIGN
168.98238035199097,1,0,49.86837795552367,0.0,50.26043566018482,0.0,295109.92715126654,5917.776740492091,37.58434361634226,39.5720908170945,38.44113006744779,1,1,0,0,39498,46.1991382962854,Port Scan
44596.2220007455,14,14,4398.241019599586,10880.261246578088,295.0140921620542,764.266079205965,342596.3362080821,627.8558753145486,1418.1133669211383,1143.7780120604702,2209.2281336161427,0,0,0,1,443,17702.26866793696,BENIGN
59742.576851935584,18,17,6925.381204310063,14388.835282611812,361.3964933313364,781.2939227952189,356767.6121461326,585.8468423071719,1659.1195364864893,1804.537971527607,1600.0710541246328,0,0,0,1,53,24115.157950859222,BENIGN
170.4830172862371,1,0,52.380475998376916,0.0,54.86676260477789,0.0,307247.47152046993,5865.686893146798,25.221045137448453,22.402318017423756,27.709567174032784,1,0,0,0,62832,11.6267182067126,Port Scan
128224.9745448087,17,13,4483.720554352014,10512.221858843204,280.40035051020226,763.137934832298,116950.24675520467,233.9637820674036,4069.8021095267723,4628.401922464929,3991.4565094707737,0,0,1,0,80,1891.3696043683478,BENIGN
42896.15697999911,10,9,2109.7828259541625,6829.650659559191,217.91976382104556,697.1890143573838,208397.07131996646,442.9301209630269,1388.290376460397,1704.726221444999,1700.4492628518199,0,0,0,1,443,8518.735518266367,BENIGN
39661.83692004236,12,10,4807.016911069501,3873.514753416294,378.5661381599773,373.2763922932336,218863.581179702,554.6893867863874,1564.0476055784163,1927.1497572955027,2269.31008756834,0,0,0,1,80,1233.4979131055381,BENIGN
67106.11405509643,7,20,2045.6314310341259,15294.790319192758,302.6853720194374,723.350815744942,258403.00834570453,402.34783939108837,1920.1850911093904,1704.4002730778116,2866.4284423041386,0,0,0,1,443,4476.709581506384,BENIGN
47974.80664710493,12,16,4041.5766752394247,11857.393377567705,358.0887119209787,684.701382847377,331402.48317741917,583.6396633333733,1405.9742230358122,1234.128850320241,2010.5109983030393,0,0,1,1,443,13477.441868067724,BENIGN
17208.588408092037,17,16,5267.883113999782,11542.828968279571,318.1272576637949,783.0735295445088,976879.20029364,1917.6471199974967,602.2879238419005,730.9177404442061,586.8551205031829,0,0,0,1,8080,10194.173925080755,BENIGN
4156.105794751452,4,3,441.8787244377297,201.57034862851066,116.65215727032515,70.08754534933244,154820.18621345528,1684.2689637111662,64.61036273315601,66.9638852448692,53.33559134620912,1,0,0,1,80,2369.510865878458,Brute Force
51280.19959011456,6,10,1262.1241758065846,1801.0688456708233,197.68524733467694,169.71128063945017,59734.420808843905,312.0112661005393,13022.14917616528,11996.162648070169,19485.615117124817,0,0,1,1,6667,7774.966394990674,Botnet
31049.01666890218,15,15,4585.061943036743,9234.558144540424,297.1712500774922,591.9845631241387,445090.4270156327,966.2141741850123,921.9938126400841,1065.2485971496978,1188.5011470497475,0,0,1,1,443,15317.50826640616,BENIGN
477.025511752387,16,22,6126.87209568393,9924.583982358476,368.88472928565346,458.14011994335766,33649051.638928585,79660.30969791177,15.140998424302426,13.635678449805335,17.77361756015216,0,0,1,1,80,23096.37026955689,BENIGN
312226.7780203671,11,18,5072.700879467336,13113.721879251843,490.9288434334792,764.640085099077,58247.47920094428,92.88120699919044,8139.208648595701,6841.665967477105,7028.826018474931,1,0,1,1,443,7670.162285097964,BENIGN
3798.7957587421556,117,5,10305.751814945763,171.71978983617527,82.84651790120719,37.561818058137256,2758103.4280851157,32115.440720718354,25.82143569161675,32.59440891248574,39.047120788748046,1,0,0,0,80,277.7726711086879,DDoS
205.17613887022506,1,0,49.81709971030561,0.0,51.974433073138776,0.0,242801.62393452183,4873.861090799184,31.999384077950076,26.678529667215866,40.04484010702117,1,0,0,0,55548,49.52005154475086,Port Scan
9361.011919000606,7,2,915.6091831046712,136.87248561304966,119.2224297878275,65.6214950554776,112432.46753926633,961.4345198869112,108.03946663885932,87.09552266768337,101.96318309082623,1,0,1,1,80,1215.3918080201543,Brute Force
487.83078137352624,1,0,39.87218059387874,0.0,40.0,0.0,81733.63001329161,2049.8911470580447,16.119910973880422,18.591054506297485,16.903577874520654,1,0,0,0,11132,16.05173826124539,Port Scan
8300.477932891587,8,9,2838.162087122707,6704.126471801828,328.9291929971664,804.4307071498553,1149607.1233575759,2048.0748382735374,377.5779815615005,497.22200437214764,416.9102579293069,0,0,1,1,8080,3658.5037074469997,BENIGN
12812.701764906396,6,4,797.5473767795044,388.8838302970252,129.74549631521614,103.52891689086812,92598.05065674195,780.4755143360707,183.94173705730498,245.00088512740527,176.7572211227709,1,1,0,1,22,2665.1842103689255,Brute Force
75398.61009692705,13,20,3348.830158112779,16983.968007911502,282.99441414728636,900.9864799618962,269670.72920688975,437.6738504539747,2301.303934479192,2676.5410511639016,2297.623058855075,0,0,0,1,443,24747.368241289772,BENIGN
60949.31557943183,13,13,3896.479530650614,15782.480802710783,330.3199322664711,1188.2625165538352,322874.18072340626,426.58395345089076,1847.7959242985548,2152.2814884443355,2939.12892859174,0,0,0,1,80,3083.280037028625,BENIGN
16837.64715528234,14,12,5357.610409388035,6372.102624708071,396.93153447547263,589.5879681907425,696636.1110861166,1544.1587390577447,664.249324308432,857.384384980613,778.004921867456,0,0,1,0,22,20348.525715548305,BENIGN
25842.989892226065,13,10,5146.955190098811,11897.277605714611,389.22933511110176,1232.8495783208245,659530.2194867386,889.9899003914684,993.7788035361389,828.3626500211413,1076.7591767648273,0,0,0,1,8080,21557.783244615606,BENIGN
125161.74012235035,16,17,6662.241477530439,15708.644689862278,419.0555604314089,900.4848236675227,178735.8193128693,263.6588462875416,3668.135015033892,2972.780423403222,4656.61302247414,0,0,1,0,80,15338.98906196206,BENIGN
1960.8923025104357,162,1,8809.519874073592,28.836393726673887,51.06401635644283,30.822908201996647,4507313.459533165,83125.42192721087,20.017901547944213,20.832938301383113,17.70614761330034,1,0,0,1,80,345.3798839005118,DDoS
47814.666769219155,7,23,3702.090550914932,20435.552743123422,541.8869254267177,861.713268532741,504816.7209977722,627.4225468264185,1199.3403356234035,1064.8234029872015,1027.4339483454653,0,0,0,1,443,19763.169728729135,BENIGN
17694.64678751734,20,12,7676.898901900626,11596.764954706206,387.6577977229068,915.0635154380006,1089236.9928629152,1808.456556622218,416.32984819998944,394.1584733765979,344.12865075110386,0,0,0,1,80,5563.172305787359,BENIGN
74275.10652123808,13,18,5044.247176126799,12652.619156121338,402.6043219339826,703.2845552189893,238261.06970560763,417.3672910335837,2042.4561214041146,2539.7742753626703,3235.9069180987726,0,0,0,1,443,24187.761724715787,BENIGN
9731.498642081364,18,9,5628.776135070874,7816.398466186291,295.9680044991409,854.4218254130653,1381613.9831862038,2774.495583161821,368.26430899406256,459.1517449926793,308.45413383069837,0,0,0,1,8080,5300.589809601469,BENIGN
38589.6993941731,14,10,2934.4357254532974,10233.715865994554,223.66124613250446,941.6643949640041,341234.8838725651,621.927622572357,1980.6936417709655,2414.2195438292715,1742.9406672525085,0,0,1,1,8080,1592.1096102950648,BENIGN
2610.562725803468,11,14,4335.25738545377,7096.1984744203255,359.84551888731846,478.4319921697235,4378924.033076344,9576.47933638737,97.74566472079749,129.6235823312495,124.14903464266129,0,0,1,1,80,21365.607635267294,BENIGN
40110.249822027115,15,16,5144.088156569265,11265.795223952831,380.21225079297454,761.6270416119912,409119.4508469597,772.8697811045771,1000.9012475213924,990.4245627786429,1454.3457041849,1,0,1,0,80,16829.900989475245,BENIGN
135.2881474776957,1,0,46.71754600652688,0.0,44.04781096721231,0.0,345318.83891919634,7391.6305208101485,46.8916288192762,64.00100015750331,60.15848139501802,1,1,0,0,18826,8.936827050635266,Port Scan
8605.161949553485,14,16,4100.058350309454,17582.812702351566,283.13771374360937,1005.3350737745499,2519751.6536903908,3486.2795349896555,373.731786182051,494.30278090406694,541.379994153567,1,0,0,1,443,22064.60063481377,BENIGN
233.05589245919498,1,0,39.59924862241302,0.0,43.29418330893478,0.0,169913.09768898605,4290.816204851319,40.2417592391974,37.28710100841479,32.661836478728205,1,1,0,0,54226,25.265938947971527,Port Scan
1670.1247470710293,138,0,8543.598037133583,0.0,61.97684515229344,47.63259247301023,5115544.84305251,82628.55828106051,3.972807705572868,4.689332207466943,5.442470245535202,1,0,0,0,443,317.85334008432784,DDoS
10176.907090680645,5,4,480.3230175123649,390.3885488890046,97.26246190440075,92.40798252726799,85557.58234235145,884.3551306704588,160.9939456101659,215.0309095627758,248.8348883896609,1,0,0,1,22,2770.3463260220465,Brute Force
66.33522252401274,1,0,47.83278726537042,0.0,49.35841313881391,0.0,721076.7590031887,15074.947545973926,13.784833365399255,14.304817603290635,13.79030024691225,1,0,0,0,48207,14.962422380055301,Port Scan
22737.980709455464,8,12,4099.759945095758,7569.18968785826,515.3918940690598,645.3433431877462,513191.9928184981,879.5855821833427,955.4159824546454,1132.9682106366402,1048.1507577925083,0,0,1,1,443,13487.14326054517,BENIGN
17880.24677068361,5,2,691.275346720604,178.50067139497975,130.87258692872413,87.72615780983985,48644.51980280639,391.4934782375138,287.1649371646755,282.82716012072405,353.79817927138384,1,0,1,1,3389,1799.607958605987,Brute Force
100.47255736039143,1,0,39.670662061069734,0.0,41.14870092684859,0.0,394840.771483227,9952.966524113008,13.955004244835342,18.268628721140747,15.235633375494942,1,0,0,0,65224,8.178095857750012,Port Scan
134977.69169510985,8,16,4414.124391772977,14290.189526850103,536.9881452388147,853.6227165310972,138573.37226415708,177.80715982468905,6208.667507312969,7645.624305933265,5089.011031881732,0,0,1,0,443,1897.4026669648717,BENIGN
6393.646582103733,5,5,628.1137490707227,373.341338597726,125.59699052354784,75.76276574213614,156632.85025349885,1564.052668783837,69.06923662385667,59.68786027951539,93.4137716046542,1,0,1,1,22,940.6376999814057,Brute Force
18883.216618173206,15,18,4137.711112064045,10172.686569565554,288.82436412023196,567.3700272600842,757836.8649257178,1747.5836170962953,546.5542674992432,721.5142800318844,439.40304293184806,0,0,0,1,443,4624.673772609629,BENIGN
4636.666494979009,6,22,1739.4829833243991,17495.154507916097,264.1403980669011,770.2365769774674,4148376.319942238,6038.8212156990085,170.7764463291062,138.0772064838457,156.75526033718964,0,0,1,1,80,23559.222073381,BENIGN
30214.616825689078,8,11,3151.6583377906336,8594.234418018901,413.7429221669286,781.7165306494442,388748.6915214804,628.8347163100813,1186.6718837158799,1312.1174375521202,1753.9323880291613,0,1,1,1,80,17186.971873338196,BENIGN
55792.59613336423,15,16,3627.298235989495,13630.160787375793,256.75194230806636,840.4044634069,309314.50083652313,555.6292796610311,1690.6816008559815,2208.6751270598975,2318.1131229948355,1,0,1,1,443,3631.6479327507304,BENIGN
3119.2671887852453,17,12,10552.26229503486,7593.079643854278,581.7821643489676,691.2400215135382,5817181.036663802,9297.055444389052,141.70685853187825,118.85025453473244,128.5877178853057,0,0,1,1,80,3520.233715509277,BENIGN
71283.98869014988,13,14,4970.855451990859,13073.042182607061,392.7831342999019,935.3488367005094,253126.93588218428,378.7666837410137,1922.62300473274,2509.5396952564315,2996.3460096566964,0,0,0,1,80,1674.5762256260002,BENIGN
42801.35897767622,11,14,2393.009339490921,8278.200926162348,234.56535147983504,561.6693467061617,249319.42631118378,584.0936035007481,1185.056205404465,1203.1415401899271,1409.620515651754,1,0,0,0,443,2320.7684836370763,BENIGN
11391.237686014985,6,2,685.6192492811024,144.88840294998116,106.49097901057449,74.747091150829,72907.58696490875,702.2941861551703,153.82571678740453,175.15468004142534,236.19521319716725,1,0,0,1,21,318.5214725228211,Brute Force
54051.60186237887,12,6,2413.717972947671,646.4575666349833,187.99499583523988,107.97315569579726,56615.81588967866,333.015107412171,13895.617519804104,18999.520081657414,21667.587643598355,0,0,0,1,6667,5097.3031018433,Botnet
10419.32283436874,4,2,573.3108112338655,78.54871024841542,146.09036247120054,40.0,62562.5611034994,575.8531619932777,354.61076894346064,462.16273456189674,427.1183981265272,1,0,1,1,3389,1026.200430360196,Brute Force
3948.2631212695837,14,18,2478.3829541191435,11013.167154594768,165.69042276266813,642.9378970206819,3417084.8533457513,8104.829647146273,115.98395127643829,143.3499821680339,148.08107465469328,0,0,0,1,443,1440.9152621181333,BENIGN
9825.950322393772,7,2,1213.5210040659117,212.5042046091784,160.66443949115424,102.14121344420592,145128.4773367026,915.9419399351741,95.06473892387565,95.18840237281722,132.67675287145715,1,0,0,1,22,381.78379005573066,Brute Force
15470.51336342971,6,5,691.4753021518785,377.6083501368165,113.99240974343061,69.77997248958818,69104.60093818672,711.0300570892866,223.03379982930417,210.26317183804105,340.68501448028326,1,1,1,1,80,1960.321699123122,Brute Force
52487.53777502121,12,25,4885.582372753921,21657.614169586526,386.87539918164805,789.4400719414232,505704.7380677922,704.9292378429739,1506.3300394448413,1651.3707494572761,1888.7839905214155,0,0,1,1,443,15183.478280096113,BENIGN
2607.420003060969,7,3,884.1096461707612,169.07929505663665,134.8969583982797,54.61773974614171,403919.9438490966,3835.208745909959,333.36412655670813,279.77599958323816,432.25865555714984,1,1,0,1,22,1829.823391590605,Brute Force
53946.4520252025,7,8,1260.9099898958154,6155.150130985376,192.02734828669367,718.4809703942656,137470.7667042975,278.0535037409384,2612.1225108382887,3220.4802659879547,3448.525001161531,0,0,1,1,443,17680.987584619008,BENIGN
69110.43878690276,7,18,1927.8607529368767,13503.372408770121,305.3063929133633,695.3658654950326,223283.68091089875,361.7398534696873,3286.025816785351,3927.8768507428044,4098.246719335444,0,0,0,1,80,9287.921268945278,BENIGN
23910.96779609543,9,13,3612.8896812529833,13284.030736025123,435.15888167970365,1080.1857172226387,706659.8291365401,920.0798640861588,863.8119535576562,1024.8619519817908,757.6467688459846,0,0,1,1,8080,4099.918310296968,BENIGN
20869.32101692349,12,18,5493.148142646367,13837.071241455864,499.7757678731408,816.6819484382222,926250.5171311917,1437.5168207759227,693.94693553385,723.2944184106157,646.842930857274,0,0,1,1,80,9742.056104539466,BENIGN
7238.7681779969935,6,4,878.2779130406941,497.06656499952453,134.949434801726,121.55188035306408,189997.0332273832,1381.4505112065979,180.6924815601996,162.02690242721883,227.142313343344,1,0,0,1,22,1197.5278684826878,Brute Force
13014.364845454818,9,20,3092.461857719917,14891.29306493925,356.59443360040075,754.3584426136607,1381838.847782101,2228.3069780488026,417.7041288926459,470.2288718611974,366.0481754312492,0,0,1,1,443,23767.641902080344,BENIGN
200149.58622758865,19,15,8639.395036722088,8021.912703310104,473.79595566416367,502.32268293492825,83244.27771280397,169.87294673364374,5855.494137111978,7797.801846773011,5606.170663264609,0,0,0,1,80,1097.4155239373015,BENIGN
17510.765701948436,10,16,4038.922140209475,11159.164468129937,380.47817614862265,771.9061123325146,867928.1572848817,1484.8008615126957,513.0899276326343,557.1360914998019,495.11415525489537,0,0,0,1,443,20706.06943513323,BENIGN
19951.341436676914,10,18,3398.420727871485,8574.483295894392,314.54221979246364,447.6654715233249,600105.2140662516,1403.41440643821,939.4966158594094,1271.12233769374,798.8258562698387,0,0,1,0,53,15930.952332102554,BENIGN
82864.63136201167,16,14,6221.643212355474,7689.997612706047,419.3129475689474,582.2194534321358,167883.9403060345,362.03624522190484,2299.8778698543365,2381.098347914778,3522.519188119785,0,0,0,0,80,21916.7173359057,BENIGN
1177.9840905573515,140,1,10428.298447161222,60.44662819638105,73.49503954153256,60.0,8903978.550673768,119696.01383435259,9.440813994435436,12.80532173658452,14.83245894510647,1,0,0,0,80,364.76183297548044,BENIGN
1965.8538993772452,6,4,711.5331937050274,324.5227700546459,130.65795963905182,86.80296804496827,527025.9219608748,5086.848012035818,220.54996790116442,201.32796571118885,295.01818893146987,1,1,1,1,22,173.1452282891521,Brute Force
36045.93404426117,11,22,3498.2371062076845,13747.572869066706,342.5948517922569,679.3506914145089,478439.81388020306,915.4985402647345,1132.28342174407,1241.3830008660768,1235.3159436755527,0,0,1,1,53,9765.271660797358,BENIGN
40165.95257761946,16,19,6688.40677300928,16697.176509221197,411.3723879346649,829.6925195070994,582224.0425404717,871.384786215728,820.0731046162488,1091.3212525555296,1059.4092464926343,0,0,1,1,22,4487.425743832041,BENIGN
9214.543558025036,5,1,453.22872439526094,97.39718896041968,96.66007873886191,96.96667372945086,59756.17890222409,651.1445696921734,315.7953880721406,273.79899209913907,460.82485615996694,1,0,0,1,22,2695.262365288659,Brute Force
42115.67262249442,11,18,2785.9725704595685,15929.468768677902,255.88832549259945,974.5610601777756,444381.8695926835,688.5797660159129,1674.997158034698,1548.367974562433,2161.9224235619017,0,0,0,1,443,14016.84073030401,BENIGN
7615.593169466802,6,5,817.4857740768542,323.40497086833034,146.55919154135188,60.60938944134564,149809.83352936417,1444.4048881316694,221.61868494927728,267.14683749792636,207.81579871010345,1,0,1,1,443,2754.8112942371285,Brute Force
18324.07424015066,9,1,737.5555425260611,51.19499091461398,83.00306272031818,53.610559333046716,43044.49562381766,545.7301618047679,237.49970879110677,256.99239489915016,363.81893081790423,1,0,0,1,22,563.9531399312589,Brute Force
671.2098067443341,1,0,49.01302172557084,0.0,50.678927850593354,0.0,73021.90944334645,1489.8471237338508,24.453016068329983,28.001663521445412,32.04166487414706,1,0,0,0,8474,35.1311940939176,Port Scan
10003.10275814268,7,2,965.3697071222698,180.43944467805204,127.60909454648147,89.79806097503555,114545.37452068215,899.7208383842564,188.00628266494465,256.54988938826773,161.66999893401712,1,0,0,1,22,1820.7086518355318,Brute Force
4867.956896501793,7,5,1046.3740546273855,374.99378748701696,150.74956122100747,81.33119604484816,291984.4756916037,2465.0998879269923,66.442476600366,71.1271077385216,57.047922148779044,1,0,1,1,3389,2844.6032975867165,Brute Force
1623.376592222259,5,3,719.5258057914931,167.02308534122233,154.0314636927174,60.26407780835609,546114.1274182772,4928.000094573686,235.43640741943884,252.26656733491592,223.10746529150043,1,1,0,1,3389,472.39183028640946,Brute Force
11485.568060043444,9,5,1007.9226094634571,317.92078151384897,120.20835731506247,65.87729265669302,115435.59570115778,1218.920990830561,191.49623430111083,190.22680431221895,160.57405240812403,1,0,1,1,21,2284.7096193564175,Brute Force
2194.9483171863685,124,0,7710.181122354931,0.0,64.81912094162296,60.0,3512693.698518768,56493.35751055473,75.95893449129171,73.70807573149031,93.73111896153151,1,0,0,0,80,419.5099779885036,DDoS
60129.96339952709,10,5,1688.854350684535,1003.7480120317157,166.88817076509068,188.14415804716407,44779.71065482849,249.45965625048046,15954.80064159107,17475.590670998576,17416.538837879667,1,0,1,1,1337,2634.212868874246,Botnet
14736.410004424288,19,17,6384.520173127504,12966.28093054701,324.1930423553377,818.9312800347068,1313128.5773037567,2442.9287722852296,420.51477183985753,508.7625386921657,478.4511103846339,0,0,1,1,443,17102.180259075805,BENIGN
17273.166283487644,10,15,4785.147806232514,12211.878192059028,477.6315028176074,752.3903264566976,984013.3371806836,1447.3316350748535,591.5631926169502,800.133318626433,820.8210273532459,0,0,0,1,80,6088.32769183212,BENIGN
46665.9930134376,9,13,4797.680055572302,6181.098948894407,513.7193034305004,508.4511830198242,235262.94621664518,471.435376799226,1470.0326628156888,1740.5021432132978,1777.6454614637335,0,0,0,1,80,21384.012948301894,BENIGN
1633.516207985977,15,22,6153.648698455582,23814.697514612355,445.8142625708724,1099.0147753761544,18345912.98608358,22650.52517943405,46.89755786719813,50.80327010638571,65.21743170204009,0,0,0,1,443,20502.386288734928,BENIGN
3473.337631099936,10,1,1782.5706880709745,65.93922072260514,165.68859415923083,72.43722180987653,532199.8910333959,3166.9826455991615,175.99398446538606,155.43865956444012,214.96637592417792,1,1,1,1,22,1917.6490459423628,Brute Force
7306.744066468759,8,17,2514.9167648707344,10865.446622934143,294.5232905658577,610.9236699902327,1831234.7149544284,3421.496602669721,238.5854595889684,216.83157524319066,364.70979042256556,0,0,1,1,53,5776.463896534805,BENIGN
63590.19344716023,14,26,3891.5662322294534,20662.25005796769,268.54416533507197,729.4522276420371,386125.8310308482,629.0278080886432,2483.827973112276,3339.1424404178892,2265.221868646821,0,0,0,0,8080,20356.471356147482,Port Scan
92346.46624837238,14,18,6500.637872876275,14606.266419170543,501.1452172101831,754.2416875255655,228562.1220770733,346.52111011951155,2120.645004111047,2200.2956865213914,3137.1815777561087,0,0,1,1,443,19154.116272035106,BENIGN
76107.83622657954,7,6,1492.5342166068142,1200.8219788791307,196.21422979016887,215.4712063069481,35388.68438550261,170.81026927763241,16313.56877361383,14743.474294728398,26093.649786150832,1,0,1,1,6667,1855.3502338548062,BENIGN
10522.025996515535,9,15,2911.8361268223694,2606.672006965977,322.0385216592208,175.409772313021,524472.0109621332,2280.929547973729,659.1491953820615,870.9986804823519,769.8636548887077,0,0,1,1,80,24515.56962074533,BENIGN
14762.637005415238,5,2,611.287687497404,150.947180207441,131.7109688986451,83.65006460421323,51632.70406399897,474.17002785019076,135.2676032714735,143.34826156825915,151.34065054560853,1,0,1,1,21,1890.5344343225734,Brute Force
108203.13005524079,14,14,5691.664847924668,10260.879363953312,386.2966143429034,716.0411567002443,147431.44864417275,258.77255108706373,5342.466454693784,5826.48262727874,5929.902424416645,1,0,1,1,80,21827.262255520087,BENIGN
625.6900272484395,1,0,43.89947784013153,0.0,45.24460212451122,0.0,70161.70296526172,1598.235478352822,29.563169458319763,27.262522388703953,26.466795063688917,1,0,0,1,36288,7.923431778627144,Port Scan
8058.19099276587,11,10,4358.67759346231,9249.82922093266,370.2918458807746,970.974629140088,1688779.383190572,2606.0439643156215,336.5287826547722,329.79382821087637,288.1517516082604,0,0,1,1,53,1076.243302923934,BENIGN
151644.08920282967,16,12,3728.483807412215,7431.941588173394,247.85315329932254,581.0280442070692,73596.17809209906,184.64287099610553,4356.162733765233,3807.245687378206,4756.215226773284,0,0,1,1,53,15017.200722021105,BENIGN
9269.612574965799,23,12,6223.172353374157,6907.954247352932,256.2385714309629,621.4683815085328,1416577.7150374094,3775.778083166452,365.0639103771184,471.17437817996506,504.844509083801,0,0,0,1,443,24661.945068238336,BENIGN
13423.568626841885,24,13,10360.124578302804,4561.911447945084,417.10710299242913,366.48484834585395,1111629.5853257424,2756.346023069788,397.8306499955681,433.18631417056974,567.3599124317313,0,0,0,0,80,24295.99930334998,BENIGN
90099.21625597385,10,16,2671.071892659497,10671.35703924178,253.0515966690303,628.4006587029659,148085.95997100734,288.5707676538876,3350.332088593533,3582.51316867108,4179.097974516354,0,0,0,1,80,24654.965381476555,BENIGN
10059.844147643938,8,3,812.5139207210301,117.19848029112164,108.19791542043944,40.0,92418.17143160162,1093.4563039504196,389.9458640408547,357.92263478267284,569.362129272709,1,1,1,1,22,1594.2952638448353,Brute Force
125180.18166317066,9,22,3607.7668715474924,22208.982999520147,370.78446010984743,1038.724341508284,206236.71836916023,247.64303412990276,4527.480481751656,4360.803320533811,7082.67888639021,0,0,0,1,443,9229.339649183365,BENIGN
40959.84258779784,13,19,4182.017441939257,22230.079875000723,356.808716800334,1135.5088529859916,644829.072775985,781.2530024110243,973.0336997203383,1119.371836157111,1157.3341762657997,1,0,0,1,443,10156.422669784037,BENIGN
11981.068130839205,5,2,737.375672573656,173.03666109907778,149.01942849548715,83.64147545651342,75987.57671107279,584.2550867382214,220.3887867805779,241.33113025836752,343.6386186471095,1,1,1,1,21,1167.6513442118649,Brute Force
4647.696951660304,8,5,718.3299123500835,365.51198250167573,88.23531850137783,71.87919674499841,233199.7774649607,2797.0842624229167,370.8520433222336,412.3404304047684,379.65507519817675,1,0,1,1,22,282.9556392285305,Brute Force
8009.859867237371,5,1,539.7684752488694,84.35697917125466,100.15932147637326,78.61943580375977,77919.64713052928,749.076775305611,164.46664553369112,163.28360989524813,202.3658838826409,1,0,1,1,3389,1985.1944423825319,Brute Force
12917.68961259495,9,2,802.5120627762991,144.0873295005608,92.42434845851746,78.72424041243747,73279.31082613338,851.5454643897642,200.45932590123323,191.41806485454427,245.4529493604521,1,0,1,1,80,2671.7633475238604,Brute Force
12857.71773829165,13,18,4150.380323653738,13300.606399940956,348.4552961445907,708.4357977620684,1357238.2812249642,2411.0033079726663,310.1366536386485,309.76194846760524,379.61437457132314,0,0,1,0,443,11316.832963135095,BENIGN
20059.32083392197,6,16,2018.523520623211,14821.665601940114,352.4173182008398,869.712195147111,839519.4065636147,1096.7470026600392,877.8012008360424,875.9054975464256,880.9601986875323,0,0,0,1,443,19384.272160032495,BENIGN
11562.904339098724,12,9,2408.0341561241175,8014.55017538026,185.84887847523845,836.6778977288087,901381.1777601173,1816.152705595838,498.6379222305461,456.98379121015296,452.9426348542047,0,0,1,0,8080,19871.80088149667,BENIGN
49868.35912053965,9,24,1832.5525068199734,22200.217961618895,216.8598643660339,903.2246237763701,481924.22795279656,661.7422466264395,1494.2323855296831,1856.6425570421675,1250.5192200112047,1,0,1,1,443,7153.002115243691,BENIGN
45075.60527776027,10,6,1880.3973927260508,1098.643505736647,186.7338578586417,172.80611368225587,66089.87012166689,354.9591824980817,13329.729815252502,16263.888704714895,12584.726181418926,0,0,0,1,9001,1001.7769406373757,Botnet
2441.4040858672674,3,4,482.1394558184639,345.2871916233957,164.24504592952232,88.57830030719487,338914.2552155311,2867.202541570814,156.17862491183143,180.08493012242747,221.7055901381973,1,0,1,1,80,1911.112011264013,Brute Force
12471.408015305728,16,10,6496.68990515087,4500.017459896662,389.93666430901953,428.2595474003683,881753.475754434,2084.768613783712,437.38464863515435,492.3778960530497,600.726746163925,0,0,1,1,80,19215.408160316932,BENIGN
155958.66896810874,12,16,4724.570842893532,17846.890147745897,358.76150216199596,1133.359440766706,144727.19689121583,179.5347458737647,5137.298204493002,7021.17143080576,5438.598860715376,0,0,0,0,8080,23548.797287225898,BENIGN
11605.42197536685,6,2,505.0711895890245,193.08942908742148,88.2900392840755,94.21747907425227,60158.14161331924,689.3329701393403,270.51745167427214,354.35852892169066,408.93146613803816,1,1,1,1,21,2383.810833630395,Brute Force
155319.15014219683,10,14,3471.9583824988895,12919.835762462113,331.8213477891039,863.6340533522748,105536.20805904544,154.52054674537987,4273.351185161871,5612.033800008869,4958.865192873043,0,0,1,1,443,21520.172071538072,BENIGN
131779.23744100766,6,16,2070.6683175958765,14431.139846285221,337.4661409295039,857.5278898499656,125223.12683186,166.94587423036597,5971.140351560002,8280.72916522242,7264.270082790772,0,0,0,1,443,17351.1533799984,BENIGN
61708.35069246871,15,10,4423.2373043656125,6369.131047432145,280.7057737511996,583.5590656378581,174893.15839249824,405.1315538247105,2370.556218560188,2729.5843516611426,3207.23451432412,0,0,0,1,22,2854.7031196895414,BENIGN
15518.629939280181,7,5,840.7291650321625,530.3247617643989,117.59103885441002,108.72361786351647,88348.90271635388,773.2641378106482,50.68158268133368,67.91404887073278,53.310174207194635,1,0,0,1,22,2780.430376672223,Brute Force
11819.467599216727,3,2,402.8753547827686,104.35187605138327,142.56552437776858,48.55210805581673,42914.558255379095,423.03089864482126,386.3072420773213,531.2486253344155,567.0483224050045,1,0,1,1,21,2132.2381499539915,Brute Force
123098.74039276029,7,12,1924.9669492601552,11194.448061904364,270.8584944519479,860.749481829665,106576.35463454427,154.3476394590097,6977.213616870894,8144.166142714668,6913.835703199893,0,0,1,1,80,3988.86582662475,BENIGN
50417.3115286754,10,22,4103.777127133841,19662.057955872242,394.6778183781193,822.5958418030696,471382.4351679086,634.7026255416188,1187.0793012521603,1099.2994438464234,1452.2377406620967,0,0,1,1,53,21833.78492425852,BENIGN
375.8248406283611,160,0,8134.970717019384,0.0,56.03025574006478,25.269001071954165,21645644.02772873,425730.2410678541,20.167778027259263,25.838391269284788,24.34379777495778,1,0,0,0,80,395.2246476927822,BENIGN
75666.34880298715,9,17,3488.0623883143003,20995.7071111892,402.62824669744305,1279.3818560144227,323575.4055379626,343.61377826880914,2547.312108553219,3515.5175551657467,3147.688427241841,0,0,1,1,53,630.2960857023324,BENIGN
14656.719978187362,3,4,430.4250257412604,246.30659299492157,137.03626684740976,64.69231294344867,46172.1053375733,477.5966253307453,220.50897152075325,190.35589703949265,256.95259824832846,1,0,0,1,22,2249.9732628192423,Brute Force
18630.01767432155,18,13,5165.972371888482,10438.938408980335,264.6275956041011,768.5906683319406,837621.8988980161,1663.9812447804845,590.20557051491,638.6730593902571,592.0351717457369,0,0,0,0,80,12782.553624360668,BENIGN
64059.56694784418,12,10,2284.2137306111877,1974.3188171633806,182.67943654534912,197.8655014605385,66477.6980344211,343.4303578404127,15721.564366005021,20513.426051590355,17146.40550267422,0,0,1,1,4444,4445.971535399081,Botnet
8852.573978291914,7,4,964.7354112728418,318.9041955218022,140.9848102008766,84.2331113889715,145001.8503027884,1242.5764559521283,290.30701275859485,375.59885035336663,338.1265953177796,1,0,1,1,3389,2129.0529704052788,Brute Force
312.57273014325733,131,2,7523.683546250767,98.24602858915814,59.37363957673385,52.969395917018375,24384499.477438953,425500.97041109076,5.33296098179837,4.360604038836536,7.785091872406934,1,0,0,0,443,378.09182666807277,DDoS
32865.773607500334,10,17,590.8680149205504,8663.959349231085,57.470336380215485,541.6563549968108,281594.6910204353,821.523336783355,1467.433805729093,1507.8042414858514,2092.77877852374,1,0,1,0,443,2122.504911942284,BENIGN
2289.731591734564,6,3,860.2793767037058,260.0473046058835,153.45634356460818,92.14807871010431,489282.9733204216,3930.5917044984894,340.5949316692242,344.5629893005577,393.7133752804934,1,1,0,1,3389,2617.5990214667804,Brute Force
19563.700059718587,17,20,10849.768382915268,16379.45425919251,620.0728946680539,778.6646789922265,1391823.7633469144,1891.257782886507,373.2401737795948,480.1424487971226,344.4045166762281,1,0,0,1,443,14545.580030810996,BENIGN
60206.36024932466,11,14,2125.384704542495,10346.66390325001,192.9316654359363,711.9211386688379,207155.000836185,415.2385212537479,1918.4119029095211,1859.1838842027594,1792.8828181287022,0,0,1,1,80,5745.873917705634,BENIGN
28324.55884717883,9,13,1423.9251910508044,14023.878748485933,165.95244543527048,995.134018956298,545385.5088399855,776.7111261537348,1117.5807439762787,1073.9803347013872,1525.0801897969102,0,0,0,1,443,14324.162966628643,BENIGN
30181.386404068682,9,23,3366.2416662637775,19199.783751457355,360.9508762854855,782.0582014860112,747680.2130825593,1060.2561317622624,765.4516408680929,794.7446296032189,1160.577516253768,0,0,0,1,53,14992.17334633451,BENIGN
49766.7334319288,9,8,3072.9362941513846,6384.545066034759,379.00270132694294,831.5396363309108,190036.2090897956,341.59364755681,2877.2215410237363,3745.7569295151325,4198.436322205303,0,0,0,1,443,24450.46234944432,BENIGN
604.9773653084648,1,0,44.84806342310625,0.0,46.130715732317086,0.0,74131.8039233405,1652.9544034926362,26.27176739589673,27.08817551089356,40.52788000337911,1,0,0,0,38173,45.298024787843616,Port Scan
17531.047023873474,12,19,3150.3498143935144,10598.108595852615,283.83252340780274,563.8499662950125,784234.8715124498,1768.2914179503791,512.1630236098713,617.7480549886565,689.3868044009246,1,0,1,1,8080,13548.660712998777,BENIGN
12755.357511670176,5,1,741.6027685632358,100.01782497621404,134.8444934700493,92.17109986108291,65981.73299097508,470.3905785871121,70.46853179019313,98.18968102321973,70.75749510543397,1,1,0,1,22,2450.3668916983524,Brute Force
134436.0001168571,13,18,2422.742842445335,5387.009304208185,204.55774169055218,329.29892069797273,58092.714301712156,230.59299572327038,4439.655376379762,5158.120381307353,3597.559756565423,0,0,1,1,443,8833.154996152083,BENIGN
1862.2282793066265,123,2,8717.208824184596,67.94121903184258,64.97759783019345,36.81394071789664,4717547.328025466,67123.88668404387,11.721553118938743,14.317376647588791,14.387235743370312,1,0,0,1,80,18.4519502586828,DDoS
41485.41125516067,11,18,4280.553429994749,14624.68301161919,386.96474359562984,889.4901582923567,455708.06386214093,699.0409187854557,1282.10337069357,1409.9193008409936,1263.0292398868894,0,0,0,1,22,16684.6656941029,BENIGN
802.3551890930339,8,19,1732.2896902997236,10826.499382311416,216.30957367916878,574.9372818021379,15652405.871279204,33650.932114641466,35.905354649707455,37.78133624922966,49.34901476299126,0,0,1,0,443,3425.384387110592,BENIGN
20933.878774411307,11,13,3448.2580179441684,8959.374956398187,309.3104217668813,698.2941062928635,592705.8768253175,1146.4669428265054,873.5737043123112,1002.3241044001953,1303.3915488578255,0,0,0,1,443,11387.236390646121,BENIGN
58070.37842778334,10,11,3658.5784903650288,11021.224014020558,347.4008452781638,913.7908155101924,252793.29843943543,361.6301558309237,2740.8576618659254,2355.470684886736,3813.1452774318004,0,0,0,1,443,9732.321074979136,BENIGN
1844.8077300228147,4,4,510.62311165789646,316.9019796617003,128.52639900295495,74.50505961109792,448569.83080256433,4336.4952725458625,288.1891080520612,390.79470144477136,247.8100682016281,1,0,1,1,22,2064.0396947836707,Brute Force
3874.256275646841,12,16,7939.898289258155,16471.90282192223,622.0464346152432,975.157838112532,6301028.990939589,7227.193558672149,137.83998541492494,143.6541024496787,135.12378176393813,0,0,0,1,443,19498.253599828375,BENIGN
8645.07512687934,5,3,489.1885851573108,265.26701115243696,101.08937660289087,88.82942548504202,87269.98727448743,925.3823573061076,269.659500464177,313.8173951697134,266.06335769871697,1,1,1,1,22,1048.5679483022636,Brute Force
36835.37897086216,8,10,1924.363650052871,4769.6963271922095,243.55571987868376,481.9143324191192,181729.09209215068,488.6606437316286,1819.2192909149385,1808.9734821233417,1558.4534460117645,1,0,1,1,443,17201.741549859158,BENIGN
40649.48963184231,7,13,2925.299528893918,8074.887146011156,392.5358535196087,617.0590421778301,270610.6958422475,492.0110973381872,2200.209600070348,3007.372325844296,1887.4331235880481,0,0,0,1,53,18307.214372200717,BENIGN
615.587963169477,16,12,6627.55665448205,11489.324293300973,386.58689101034145,1010.158386902694,29430206.618246168,45484.96993969218,19.54229237827116,22.37209421136382,21.91613987257438,0,0,0,1,443,9273.093808973344,BENIGN
5965.101200841641,16,16,4530.982568426143,11353.163498650154,280.41888427592676,664.8623861545182,2662846.0326599553,5364.535977274784,131.54022751723397,160.9241816731664,201.12736158306836,0,0,1,1,443,16104.88144371638,BENIGN
659.0739086711984,159,3,12247.617824054103,117.75777894937082,82.33971434537004,39.31269370528243,18761743.471129224,245799.44353527616,11.030216778225626,10.175710235324713,16.52556998263028,1,0,0,0,443,170.79277432472077,DDoS
89282.0375776594,13,10,2311.7162523068246,8053.123599715178,162.30630241733218,833.4179852239239,116090.98686851145,257.61060818077897,3756.7579868661037,4840.699923056647,4061.1080258571214,0,0,0,1,443,5214.488418450907,BENIGN
13583.691631038937,19,17,6487.627873280051,12607.650039407625,315.12801864639107,678.6317940019594,1405750.2504734932,2650.236841194147,331.06646321973454,386.9630229132574,336.9592122717514,0,0,0,1,443,12595.240109409544,BENIGN
9447.11629878768,7,5,909.1686730061067,362.0624925660976,129.98965357985963,73.16810958121603,134562.8788051797,1270.2288847169084,112.96346757365862,102.01834936283592,153.71098541201727,1,0,0,1,3389,2307.285829595098,Brute Force
78038.69783624468,14,19,8005.981820116502,17423.4990178375,530.9228901306866,858.1127153101921,325857.3187793942,422.8671276556503,2471.89837026687,2557.3335944032415,2569.572490822963,0,0,0,1,443,4447.017168927009,BENIGN
13588.854017748452,13,17,7126.289065165352,8702.546221039887,516.907943022468,549.7708540205256,1164839.6005675786,2207.6916832587126,509.18063370435783,648.2588935651718,545.9814049898165,0,0,0,1,80,17373.05113003138,BENIGN
12797.60755068387,9,5,1005.3902752176539,346.6360072899802,110.30804942625288,70.99306359737702,105646.79977511778,1093.9544711426847,112.92777409070752,102.68205127892652,102.58680957460976,1,0,0,1,3389,1957.2446963203067,Brute Force
155543.50808751828,12,18,7021.353735739659,13154.16022353869,590.3327668978302,724.2245339334214,129709.77835941808,192.87208041572632,5497.612076244792,5475.352865962721,5448.7892760399145,0,0,1,0,443,5640.107544624618,BENIGN
30400.28391592447,15,20,3392.623312280395,20132.553770718037,212.93907219442104,1085.9022093829394,773847.2820865769,1151.3050370449362,730.6262845725528,760.5177197256177,681.0232498125382,0,0,1,1,443,11956.240617136595,BENIGN
196.88684871488178,1,0,40.019107564901255,0.0,40.0,0.0,203259.42451775548,5079.059401515093,31.317246920523715,29.036924537464213,29.43890094294,1,0,0,1,31123,8.888451756476117,Port Scan
7960.241131227729,8,2,1046.8940410726652,139.58691471959813,120.59570657108537,74.77309503384276,149050.8812776717,1256.243351821388,198.97341147537955,159.33903793732767,274.45880161008546,1,0,1,1,22,1790.4710018324201,Brute Force
13896.108249784927,8,4,1171.7841539379097,269.00907043403635,143.7863048582247,68.2546554433593,103683.21824164297,863.5511313166206,146.11284697666412,193.49771567299382,162.05592069051747,1,0,1,1,80,2926.2755979992753,Brute Force
1610.9087966219292,12,16,4341.620700123348,10874.401024228635,394.13390851441676,634.0379168035807,9445613.405464005,17381.493017305456,50.40157438473983,42.8209383517885,61.34022287137876,0,0,0,1,8080,18415.41373476231,BENIGN
3479.2368324773265,17,19,5438.609493219059,9353.65052494534,304.12900666989736,502.0438917413958,4251581.806700937,10347.096714990472,109.60594106185133,113.4316609964646,123.7531417742824,0,0,0,1,443,2719.219810472799,BENIGN
16922.304833219427,4,1,480.8294047592611,88.86444627073026,110.28104245240468,84.02398814934854,33665.26348772838,295.4680257375297,175.6957054793159,194.4081577897411,263.96978312448186,1,0,0,1,22,2528.860467333022,Brute Force
61162.03619844052,12,19,3922.9573528681653,6347.344155097699,299.3072425598253,364.9359386209098,167919.54856839334,506.8503589288681,1956.4787934008693,2535.9043697739594,3116.6081232648417,0,0,0,1,443,20069.94871803152,BENIGN
26948.0775907415,14,19,5309.788294724006,8916.187181764664,385.99209334926616,455.6181583401286,527903.165952597,1224.5771479943246,772.921406009686,742.3679653972246,785.3762427859003,0,0,1,0,80,20110.745629150806,BENIGN
4560.75889670688,7,3,1006.3518805659027,115.1920666329279,154.47333587164837,40.0,245911.69421576912,2192.6175503863083,111.78371918264855,112.83548101229378,132.9217521205689,1,0,0,1,80,342.18507229490706,Brute Force
862.0873935231805,12,16,4769.38640195683,18718.508517174694,422.229997062405,1272.6975109868897,27245375.695776213,32479.305706547388,28.9850318541133,37.91269506267532,46.06383637100257,0,0,0,1,443,6973.314665570566,BENIGN
186.61689351223978,1,0,41.97313656479832,0.0,45.90601864138333,0.0,224916.06078549044,5358.571676869181,25.906017886262067,22.94456003769778,38.931904754823655,1,0,0,0,30463,2.4989604262760534,Port Scan
633.2747901663714,1,0,42.77844333997179,0.0,46.5544710465276,0.0,67551.15473447664,1579.09333440746,5.160165047045689,5.165214954474261,4.910486974840554,1,1,0,0,19684,47.95155955475911,Port Scan
3328.1178936560764,128,8,7185.9113096311,407.4388807185526,56.511505171671416,52.93022835782518,2281574.8819546895,40863.937019550205,21.145603600832494,24.533207061142672,23.13092846775898,1,0,0,0,53,294.51351489373917,DDoS
5410.09720103145,13,24,3867.757623660243,13857.958446187171,274.0669928821157,581.2056074009444,3276413.604263516,6839.0638144072245,182.98153455162725,160.36955513942934,179.86908493755624,0,0,0,1,443,3915.9170731042054,BENIGN
1733.5133345590964,123,2,8494.90703404118,100.91825583834681,66.83683174785817,48.63074822339736,4958615.038323774,72107.89643668511,51.20752417041703,50.91108084490067,79.57976995483538,1,0,0,0,443,271.3355173679336,BENIGN
61666.94279311584,12,9,2352.27857672469,1754.7315249602598,215.9837088524382,208.59363718734883,66599.86559514402,340.53901570006684,15448.442832595892,14601.934855586296,23402.719172010395,0,0,0,1,6667,5369.606865376139,Botnet
2050.976286424663,117,3,9280.341342712398,99.88981227994023,77.15232881105176,34.60356794901876,4573544.422273307,58508.72133153153,4.7964003687125265,5.504173316917417,4.912408828871469,1,0,0,1,80,212.66466593166416,DDoS
7131.860502417186,6,3,480.6772410104534,223.40123844662008,87.59644818214014,75.54610821310926,98722.97407085313,1261.9427983693245,235.9803125315986,253.67172356126886,208.2116883869445,1,0,0,1,22,368.4869966392086,Brute Force
26639.564404507968,13,15,5040.871610666241,10308.309414466312,408.6797077029454,723.5267163725678,576179.8801235337,1051.068237259233,862.8720186077428,1042.1523737269536,759.8484155502562,0,0,0,1,443,14524.61670542074,BENIGN
604.4106883013714,1,0,51.96928569546547,0.0,47.37848506814485,0.0,85983.39953504023,1654.5041630722783,40.75907182611685,36.57478412063016,57.41613641087064,1,1,0,0,30548,8.140728478099458,Port Scan
2941.4692374916167,5,4,750.376260087459,391.3064047162834,154.75172646359198,92.69278931754954,388133.47093758144,3059.695435630287,73.44836897155739,64.42446624737389,90.39448088664012,1,1,1,1,22,1005.8297144581406,Brute Force
444.8319568773534,141,1,8648.210845385936,36.322981458743136,64.98485068796793,38.724345864260385,19523178.792748317,319221.66967682913,2.909874087433483,2.755545104045784,2.7903533805781486,1,0,0,0,443,451.415541896342,DDoS
15093.425739907838,9,18,2350.6068896495317,19700.932171930872,277.9563782076722,1078.4581866503456,1461002.9188585686,1788.8583059451196,486.8607903613365,669.5066090731563,645.9188613085499,0,0,1,1,443,11541.243336042971,BENIGN
32019.547582996893,14,5,4409.710697307385,4912.704096759582,295.0375805334536,1022.7350219546514,291147.61131157837,593.3875221300575,1816.107763306356,2374.804367900946,2879.2330509292556,0,0,0,1,53,13895.129327983152,BENIGN
42629.88702371124,9,20,4297.358763576319,13550.59513166433,455.3547422901172,671.4690435155563,418672.32454342203,680.2739116777359,1609.4649168596727,1288.5697561939294,1796.699675864562,0,0,0,1,443,5800.629844514573,BENIGN
91112.82376306514,19,15,9439.253113345245,5258.878216456374,487.64533733274914,383.0304071811896,161317.9212623621,373.1637171998476,2564.20577146601,2793.331894289286,3332.123019390846,0,0,1,0,443,8127.803196971383,BENIGN
13254.989907751551,7,2,1099.925332515121,144.60310943777534,160.78843730272274,73.71220383922675,93891.31569425738,678.9895777089032,200.58430831218118,274.8757510072044,277.30374873836985,1,1,1,1,3389,1283.9794410012787,Brute Force
25910.37841598485,10,20,1896.7219104529468,18965.532206212836,195.2192683543533,934.9148659936006,805169.7965088484,1157.8372001503515,706.229588865584,918.650398451362,610.4276101507369,0,0,0,1,443,18125.69371701408,BENIGN
794.6964556092155,1,0,46.48341651245554,0.0,47.580840989640514,0.0,58492.03955090159,1258.342091425837,26.772999710006665,26.814374761705363,25.447118063448055,1,1,0,0,55714,34.195561042198605,Port Scan
6808.210229309991,13,11,4928.451696558102,10897.41115362344,346.47815944327783,929.2775232259755,2324526.170189296,3525.155538922362,314.8160531558545,427.54726416261707,497.93333936244295,0,0,0,1,443,12812.676587123982,BENIGN
75098.53941512092,9,11,2599.1368884509443,6901.089002540152,279.8718906837742,657.7186188952174,126503.4708395174,266.31676402448176,3400.675682360353,3398.1012132435344,3931.6367059949557,0,0,0,1,53,14236.58152010707,BENIGN
764.5305342500517,1,1,55.022709168476034,0.0,50.66975525206774,0.0,71969.27618129637,2615.984464193903,18.007796675328137,24.944538040395,22.753697575396064,1,0,0,0,51116,42.55240541482899,Port Scan
12955.916885107043,7,4,710.3826557013872,453.08576402560965,105.32471341537072,120.6801340729229,89802.09043054418,849.0329243038453,117.24944574906421,112.24407259069223,97.76978531921773,1,0,0,1,22,2975.264583091252,Brute Force
113522.70761417772,8,22,2961.722148161381,12698.3732618886,354.5803255892727,616.9000936143142,137946.8102828637,264.2643100264932,3678.3365044551015,3805.0573024533337,3000.655522881061,0,0,1,1,443,10385.40757589178,BENIGN
94205.77210052982,13,12,3201.8992108472407,10569.802110450655,225.1832389839086,853.9910659195366,146187.4470558099,265.3765203826549,3214.405603737983,2929.7588711698836,2616.0453334292715,0,0,0,0,22,19911.468351303112,BENIGN
130549.99111348759,14,20,4095.2784976250937,18285.60835046763,297.72078297573336,917.2367463464841,171435.37626622233,260.4366320518833,2925.342726075095,3732.911544480681,3854.2666095156787,0,0,1,1,443,22187.868555039964,BENIGN
45379.21734133869,11,9,4604.993187117514,2792.6926994299297,436.8466965328946,319.69306330116103,163019.24801617154,440.7303865459306,2002.4428010544618,2537.781694118687,2570.444761759009,1,0,1,1,443,11101.748952824808,BENIGN
73207.71686334227,17,6,3966.96478251806,1069.001700180021,253.93627741895315,178.04238992474242,68790.10435605826,314.1745294821088,15183.312943437142,17250.912534561496,15028.361320005146,0,0,1,1,9001,6698.517057671566,Botnet
287.0059590355159,2,1,85.4821719893409,0.0,47.06394801102738,0.0,297841.1050300276,10452.744640151397,33.52639855689614,38.246926636869674,43.053797643532576,1,1,0,0,47796,43.832586113862234,Port Scan
6491.145720177319,5,2,401.44649084766644,133.35847012473184,74.14504633930576,66.13703790428434,82389.91759343664,1078.392059238624,151.56880668497084,198.8435344574111,122.30783234228039,1,0,1,1,3389,898.9267771220116,Brute Force
34658.025692871866,19,15,4531.826442098556,10752.048994208662,235.7860995372883,790.248188252061,440990.9431006816,981.0137571394553,988.4772565088526,831.1980022700036,1280.2239185292976,0,0,0,1,443,8475.636899668778,BENIGN
48927.73350467096,9,18,3081.445295169077,18347.864684713277,319.50022961610915,1093.9227133491866,437978.7994438076,551.8342679295047,1685.85633976113,1818.8683024735503,1886.5597897564799,0,0,0,1,80,3387.4998573417593,BENIGN
77829.56748627545,8,16,2787.9806636375542,14727.555388718078,375.78834697848197,907.9903181287685,225049.89579242282,308.3660975532491,2517.204779061772,3521.1459663321843,3667.288977748745,0,0,1,1,443,15910.1244369407,BENIGN
13780.317197209588,4,3,542.3406972983448,221.8969621012106,144.7725716444029,70.07553648689895,55458.64064394018,507.9708906423031,117.26059596417088,144.92188321644312,157.051828211088,1,0,1,1,3389,338.9391240534111,Brute Force
75144.11688902463,17,13,8760.251889135743,9042.457380357813,541.3783880100867,730.2117579522377,236914.2124031506,399.23285071411533,2361.4165966344713,2426.750992900933,2051.6577391030605,0,0,1,1,8080,5068.775566575041,BENIGN
8621.35716410973,21,21,7870.325690840673,11428.960492571352,342.9242177215591,499.99991742361647,2238543.8645036044,4871.622785197192,242.80284485785378,330.0106436626271,360.5641678715713,1,0,1,0,443,3291.8338132153144,BENIGN
63374.032880169354,2,3,388.80422354406846,464.30748444018707,190.02862643877415,149.2591115088054,13461.534152282211,78.89666749556935,15917.873378948165,16806.726664314316,15583.774241685183,0,0,1,1,9001,4291.57511247412,Botnet
206398.58627254362,9,12,2142.1570567134545,5145.464228952733,261.4829838200878,411.13545974090624,35308.484506977606,101.74488294348141,7251.255570815113,10045.272533338943,9806.67811286813,0,0,1,0,443,12581.205145107524,BENIGN
1365.6899274635975,11,11,3640.1145564724566,10247.445668808276,329.4405952000987,942.260934805058,10168897.01388744,16109.073924898235,39.49541970892359,42.59896575318078,42.83526141827624,1,0,0,0,443,19343.112483712386,BENIGN
15305.302829659113,10,15,3052.0581684903827,6654.007015989398,331.86893791324326,467.77927301690056,634163.5505356387,1633.4208005054425,641.8254002996621,553.240702987364,732.0025080144804,0,0,0,1,443,21212.412947925324,BENIGN
12720.212248564454,7,1,778.7029900782405,104.63833823902436,120.61825581374141,105.76493117330082,69443.91422532708,628.9203233147972,240.04951754143534,208.53589228875876,342.1985228564578,1,1,0,1,22,2405.32611416984,Brute Force
83001.6256302236,17,14,7372.475967412452,11205.104474274818,397.81448255372374,746.0279533122601,223821.88662727308,373.48666082886797,2358.997010097169,2643.699520802904,2518.160750030351,0,0,1,1,80,5038.6756398538655,BENIGN
4352.202328954356,8,22,3964.435134023918,18520.323823309616,503.9483242626576,781.8007309845924,5166294.500544427,6893.061887407172,126.24425512595727,123.43232651849776,147.80153094921434,0,0,0,0,443,1355.0680136288142,BENIGN
15913.684182545208,4,2,720.9224977497543,86.83421940723025,166.2077304300099,40.80341153686537,50758.624331816616,377.03399986918487,216.09285194168552,228.48169865710926,245.9971183391241,1,1,1,1,443,2954.677873441924,Brute Force
19781.49024705482,11,7,3372.083568070497,4337.3931656602,309.16113994646634,604.2875416564616,389731.84716851794,909.9415552212979,1114.3592010337682,1086.9775477972348,1556.390590296361,0,0,1,0,443,2716.5454041522867,BENIGN
9292.45858852827,6,2,810.9591547165563,147.0405847446607,123.84621940119196,74.13535542905203,103094.32432057186,860.9131720937839,363.44738977189644,449.02947517634493,329.3052686015735,1,0,1,1,22,1153.4187707896226,Brute Force
19718.58718935655,9,19,2937.010597730482,16613.64389632992,297.01145009655477,883.459974636045,991483.5330907077,1419.980028544514,713.0650458094852,856.4056468678114,946.4445089834359,0,0,0,1,80,19587.63764419372,BENIGN
14828.238078145114,7,3,947.1302064796795,189.1873210673815,147.70344089177664,62.748592203450784,76631.99913291415,674.3889562131251,204.1640439220278,237.02338950489226,176.30465276853266,1,1,1,1,80,2932.1061411955916,Brute Force
10853.01293542509,9,3,1060.2092126806021,197.51062612855955,119.2779778711403,66.32579967479373,115886.69858706839,1105.683746200196,286.72892017102424,269.03845732391864,266.41298328740316,1,0,1,1,80,1105.2371883744263,Brute Force
43786.81229815015,9,27,3700.8396813428885,28693.88673338924,433.66148966095085,1019.7991305384811,739828.3801559288,822.1653532317282,1061.866382231772,1445.5138792016883,1421.6769411967477,0,0,0,1,80,22164.563410057246,BENIGN
11060.751089495017,11,13,2506.2846449791946,14889.852187305301,234.70368612984336,1192.0035485302608,1572780.7896162253,2169.8345623918863,432.9610875768013,478.51827392887765,382.76805893389843,0,0,1,1,53,12329.929462437834,BENIGN
13119.668903981028,4,4,542.5943394867046,249.765941573498,139.78265958572672,61.30133947751354,60394.83822795018,609.7714857401991,123.1817295732129,161.59218992318353,119.99116643367253,1,0,0,1,443,2300.4846646806127,Brute Force
9219.933793345597,8,3,1151.1662343344037,287.6131774086558,154.3481069185314,90.8684576147719,156050.9483030654,1193.0671354645897,130.60466738525912,169.67844674390687,148.53565289758438,1,1,1,1,80,1412.0382971969846,Brute Force
4844.428881918361,12,24,1831.5408073338942,13931.366255955158,148.9113647425818,614.9098965478001,3253821.5437785615,7431.21653294748,158.72019268947867,199.20560256137432,145.32666158535255,0,0,1,1,443,1543.0075731856582,BENIGN
529.5775690617572,1,0,46.16416249831204,0.0,49.1425909670867,0.0,87171.672659966,1888.297500537422,48.99190774377934,40.531725765113364,70.67250814442197,1,0,0,0,49026,35.934385768180555,Port Scan
58039.292425582986,12,13,7154.230449997731,9196.877156970622,564.6812893784272,750.424779801739,281724.7923539638,430.74267371633766,1736.6218223728397,1979.6607598112298,1940.890394725354,0,0,1,1,443,16006.5164304869,BENIGN
89666.69491601587,13,10,4475.203651370857,8701.750868549123,323.92726107756226,952.448609983014,146954.83682388265,256.5054953965058,2754.4479311174723,2486.739020003326,4213.297848547284,0,0,0,1,80,17317.832328097655,BENIGN
8541.117317433233,7,4,802.5549559412303,433.0016733031975,125.87419369209226,106.7665912904315,144659.83586509683,1287.8877073316805,325.2310015937396,355.2762456242941,368.4967037845098,1,0,0,1,22,1303.9361120703347,Brute Force
20973.50657489266,15,13,6328.000206653059,9183.181128228518,448.8895317663307,771.6139755533302,739560.7062411766,1335.0175803944362,853.0720849587286,1000.4764920086261,1110.4262277771477,0,0,0,1,80,3786.339441734509,BENIGN
18958.83466124504,10,10,3008.1249637270885,6765.922135882773,328.7665199414388,725.9678339780587,515540.4999437867,1054.9171590637513,1283.0133607436214,1423.7828086140858,1959.8310066252504,1,0,0,0,443,9863.74415164102,BENIGN
1379.4402615152496,12,13,5645.65941204597,10632.497652256538,470.87679408476345,865.568905673487,11800552.382327689,18123.29297431024,55.33242581595642,67.41316627919437,53.96742301147613,0,0,0,1,443,21828.40216695688,BENIGN
24678.986584024107,16,18,5499.487247242997,8265.271279830395,326.16278678104743,470.87744075268824,557752.17836473,1377.690282550331,673.1695048652506,664.602630216888,843.7245702217809,0,0,1,1,8080,21180.573156638842,BENIGN
7412.964744902319,15,23,4383.088531445703,17563.042414187872,272.14745388048476,819.9399716767294,2960506.5855365484,5126.154151229641,223.69485238880938,305.77900007667273,345.12433186998715,0,0,0,1,53,24439.03300988446,BENIGN
70610.51984638917,11,13,4239.951450611752,9159.80892646899,405.3645784236468,706.3960416465861,189770.0286902217,339.8926966153372,1933.2349277777905,2372.0282038722853,1552.9905005839164,0,0,0,1,8080,15725.74166996684,BENIGN
12180.338399957745,11,17,2890.7211006338275,17667.96657163238,273.61507949207555,1038.6912581064762,1687858.4976208482,2298.7867069520116,419.35327793228146,435.7536576622702,423.70994418107915,0,0,0,1,80,9214.883804167504,BENIGN
917.0891219233114,10,17,2811.8555962532946,14217.107812105283,312.374582757131,842.3498641369549,18568493.50981896,29440.977277514572,28.886581973996442,27.463316106342244,44.86856570112905,0,0,1,0,443,9553.78475212687,BENIGN
42380.65955956986,24,15,6982.368432552441,14887.02399948524,290.0950250893318,1051.2821758300065,516022.937332966,920.2310772247885,1021.1620330253002,1366.638351794238,1311.5446504363645,0,0,1,1,53,9725.072323895822,BENIGN
1778.0407712365566,6,2,678.311551472357,177.0331389862291,124.07047478730804,81.8620017767231,481060.22330620006,4499.334396272769,308.58464430293566,295.1861346732696,476.78689064944354,1,0,1,1,21,2582.422424095511,Brute Force
106744.83128510656,14,17,7216.774987078756,11687.881798458016,543.3617534612549,645.8029647177455,177101.37866108015,290.4121878950896,3121.8298036319115,4194.452030784445,3193.9307232440046,1,0,1,1,80,17616.002313583587,BENIGN
8034.411374325039,9,8,2564.012347767031,4990.058353508812,310.4743073854379,598.4405029081857,940214.5781850074,2115.8986275367492,377.6120534531622,463.16888942816263,476.2612290547188,0,0,1,1,443,1868.573992529345,BENIGN
57849.70959824417,16,12,9851.272098111205,13184.288143568849,663.2434694857845,1069.675352105202,398196.6444025022,484.01280135120754,2558.462504069402,3084.8654460470166,2969.968494464174,0,0,1,0,443,16373.535566257475,BENIGN
1486.8697508452806,138,3,11215.806103054327,103.17729554048881,75.73777824249485,32.08196402698953,7612626.050237427,94830.09518476111,8.948667111301784,7.786970974424714,8.99515253587568,1,0,1,0,80,43.85248221456492,DDoS
2940.9575419182165,4,5,349.107959896769,388.37967829303614,94.4480462068572,84.8455448101018,250764.46282484737,3060.227790344032,332.6609958441373,362.82793707414965,459.14301388153615,1,0,0,1,22,651.373690692695,Brute Force
17597.62231313956,12,19,4416.240634652667,12053.995174042719,384.2631896541455,670.111772865825,935935.2937355412,1761.6016214220788,482.9470598673706,611.4226946810597,595.502580560082,0,0,0,1,443,14751.368834129555,BENIGN
665.8931775102396,1,0,42.56683757362836,0.0,40.0,0.0,63924.42363320924,1501.7423721609202,14.210585503989032,14.262421876376006,15.995682230343485,1,0,0,0,37370,2.3240364620127627,Port Scan
198011.47886063938,12,13,1635.2227136102185,7761.993790628944,128.9596312447062,598.9501686120524,47457.93808677592,126.25530673196485,6705.705558321795,8777.618180801317,7787.610056933738,0,0,0,1,443,23688.119171458406,BENIGN
77247.90744954578,15,16,5321.410967627348,13886.52958804471,338.8990641740877,822.5786137738922,248653.2152112685,401.3053689544607,2294.9268111594142,3199.216187174565,3573.503804546531,1,0,0,1,443,8150.213418841618,BENIGN
175185.31796077007,20,21,6570.009402157394,17982.939909397475,302.69090656067965,795.2231809432612,140154.14988745292,234.0378775873289,4027.5874852233333,4041.580111328284,5963.377745120163,0,0,1,1,443,5677.19137593837,BENIGN
32567.73326200598,18,25,5042.59304176044,18096.068021579056,290.4204889312245,703.4228002443513,710478.0942901364,1320.325232771556,670.3400594311547,680.9178751054758,877.4882465168988,0,0,0,1,443,22048.62370293795,BENIGN
40768.72319260432,12,19,1967.1065787153318,13096.761794070346,178.6692387450059,708.1565309246046,369495.71124950884,760.3868253010087,1496.17586280024,1896.7019225977117,1590.485277640693,0,0,1,0,53,21209.205039986573,BENIGN
310.8184821141344,1,0,43.86743612086484,0.0,41.316601524912656,0.0,141135.22407833024,3217.3118959920603,24.897820328444652,32.54831959523216,33.330843137119885,1,0,0,0,50162,14.360013357170198,Port Scan
99710.15963882023,13,15,6073.107097828994,11999.963967789605,461.0855517895484,880.7071177150956,181256.0638864146,280.81391205694894,2530.882697299304,2449.8856814502915,2078.3340898828833,0,0,0,0,80,22114.37191107995,BENIGN
4850.3479491833605,4,2,365.49678922440654,128.090936284492,94.99165541682382,59.48313884327041,101763.364335955,1237.0246553157497,367.47142115809254,477.0355632128954,328.5049109326165,1,0,1,1,3389,2388.0223710859073,Brute Force
78431.1152560315,17,18,4460.712499288845,18003.28115479463,253.76207082073336,969.200503124827,286416.8586759443,446.25146392150066,2311.5967352070493,2381.9559621506446,3326.8269394210715,0,1,0,1,80,17573.950348082337,BENIGN
43362.90788267587,8,17,3978.087674673762,17394.207077413434,532.777077059649,1002.994818369803,492870.4230332705,576.5296014658619,1390.0223036878608,1413.7637363524398,1928.3109299345986,0,0,0,1,443,13450.168035600618,BENIGN
56516.24590830173,12,19,4779.594797495017,5592.8629802531095,412.2496539473213,308.00129052186566,183530.55145555068,548.51484739977,1555.6210129372735,1693.2130183168363,2193.054736769861,0,0,0,1,80,7325.7877037308335,BENIGN
21225.287406787138,13,19,3314.7557996822907,20293.15756942812,275.8439960595006,1062.465388589117,1112254.120128493,1507.6356511322183,824.9304784149468,815.4465860317927,744.7524465850049,0,0,1,1,443,13860.361789875646,BENIGN
265.0322472301911,1,0,48.72293389310204,0.0,47.14897028650632,0.0,183837.75711181376,3773.1257628112708,48.63372647511189,61.572217770753554,45.79643639597428,1,0,0,0,42074,20.271673298815628,Port Scan
11427.38390397933,5,1,512.0870529750609,76.129341302229,108.06079632153447,80.68085520188632,51474.28310975505,525.0545575799405,288.06280608164093,237.06311623729155,349.15993272041106,1,1,0,1,21,2712.979814315414,Brute Force
31341.97958511034,14,26,1739.4758326431918,23273.318630740283,123.88004373434333,837.5558611201694,798060.4542052067,1276.243572661978,679.0671267122349,805.5156491518823,559.3253042153374,0,0,1,1,443,21796.19673213506,BENIGN
157349.68791163812,10,14,2103.527507525883,9351.005674494334,231.05643702832424,667.3963042769251,72796.66921521108,152.52651796473552,4775.520788699352,5593.854235583412,5352.558886499705,0,0,0,1,22,3270.7511356512264,BENIGN
1745.5912934285975,120,3,9736.559482305898,60.29958923124238,81.20895802204328,22.330608354987408,5612344.142880474,70463.22954464899,6.494040286717537,8.131925372189436,8.528149402915592,1,0,0,0,443,319.9556885730777,DDoS
9970.388825227112,10,15,2952.7408950490358,8263.735049309866,296.96084088919713,593.908263356323,1124978.7887889522,2507.424779337082,647.6603972700035,704.7061545048097,1010.1576673185118,0,0,0,1,443,21946.32754690303,BENIGN
2983.624645259375,7,2,1002.3419237784104,133.52620299451638,145.54171210726108,69.7298057329749,380700.74551022577,3016.4652293980516,183.82251742713692,247.23492719020257,257.31769836077996,1,1,1,1,22,765.5034190570541,Brute Force
2276.0346261154546,9,1,826.1889590007329,71.61413005040491,100.88119934074267,77.07322800487339,394459.32796876336,4393.606268225876,384.0669910716786,488.49363967851764,397.2973442459234,1,0,1,1,21,1632.386440536236,Brute Force
5123.504344279201,11,15,3375.11028819274,14026.766849212305,308.64935402739525,940.2232545077774,3396479.434400328,5074.651694017018,154.99325667239876,134.14671497476368,235.4478795108274,0,0,1,1,22,16052.465301650907,BENIGN
26559.670050762947,12,13,5134.630172832609,11643.755700835047,399.11051631377177,958.1988124403382,631724.1833802707,941.2767535220889,889.1971161803284,1208.3998567500219,1290.9774246286195,0,0,0,1,8080,16603.7074294209,BENIGN
25935.80993344571,12,11,3297.9687415135054,8638.763318066696,272.03049287196995,790.3884423790844,460241.3454683404,886.8047714345787,984.4251219495183,1141.3713778525675,1016.1493746620291,1,0,1,1,80,2226.8180953243973,BENIGN
36443.42306016173,14,17,7237.995593466947,11267.142526520005,492.0359459433266,711.4495387353444,507777.16707451426,850.6335957745904,1129.9433743095758,1578.027969601807,1796.9841289027302,1,0,0,1,443,13135.966939575861,BENIGN
51056.97936988292,13,15,4787.828066170723,11085.225860966322,400.1010005655185,766.2338413797073,310889.0130797693,548.4069043167174,1903.3282548048483,2638.4698008751116,1864.7734223242817,0,0,0,1,443,11912.133020019804,BENIGN
28882.962692162124,6,14,1401.7782225024953,11053.530178844545,238.92159159782102,726.3176155234524,431233.75306394714,692.4497397708905,1493.1777734905095,2029.8631662616576,1879.165702630118,0,0,0,1,80,3035.0352093891,BENIGN
746.7393894494818,149,0,8603.243750858073,0.0,61.04623497839629,34.302317888590125,11521079.338269053,199534.13748516355,14.139773336552395,11.897750289349572,14.564631714212714,1,0,0,0,80,42.436995270153005,DDoS
49532.61954156869,15,16,1417.9086079204835,10487.346901895768,94.38782185823399,612.6358653739165,240351.82512051766,625.8502030966529,1640.9601903747728,1945.0345255053387,1424.2581479000269,0,0,0,1,53,5642.139403306694,BENIGN
1686.6445878942038,8,18,2470.825564966709,10202.070980971435,289.57669083206986,533.5779869390683,7513673.382582876,15415.221550890763,77.19522497467824,94.36694121467369,93.41983766085166,0,0,1,1,443,16869.52196063725,BENIGN
44688.368230310625,8,7,1195.8347828964597,1517.0861379185753,162.3128342302261,215.09820246145676,60707.54042379537,335.6578141921504,15324.689970838308,19393.282905332246,24433.764885954868,0,0,1,1,9001,4499.127602782521,Botnet
20655.973297607372,15,10,4955.081086747119,7886.210347851467,312.02251529017803,733.4950755903723,621674.478833976,1210.3036559838993,700.5838894801967,881.9672088734657,985.8395151105078,0,0,0,1,443,4738.934714818335,BENIGN
47161.32050750633,13,15,3648.53592847246,11328.808552255581,300.0529258579647,762.9133622891464,317576.86849214084,593.7068703482007,1455.6749336237012,1604.3787585436103,1870.0427986022469,0,0,0,1,80,10319.523971991808,BENIGN
100563.81882303284,10,19,3749.640256875554,12660.888050594087,392.6303963660752,683.543311404657,163185.21412107535,288.3740925852542,3112.932882586593,3554.326856867544,3204.403471947301,0,0,1,1,22,23398.816735656055,BENIGN
36392.1199053617,8,22,2949.269570009435,15326.37823581098,341.10438960535635,742.883732232415,502186.9529268021,824.3542854336457,864.8142098084138,783.1843090231662,714.133016173312,0,0,0,1,80,19737.17478043544,BENIGN
2746.6095219358854,11,14,3860.591763504808,11500.79056541598,383.1700013297238,790.0710875751807,5592852.64477408,9102.131118506906,80.43695424334537,80.747077651269,95.33820926812012,0,0,1,0,80,24169.177480999708,BENIGN
5333.812801815922,9,4,922.9278518261273,267.99459540299364,110.86036546118639,65.47049569723538,223277.88609747717,2437.2808876183444,361.5237552510591,371.55049977041233,520.7372668592863,1,1,1,1,22,2618.8542098403354,Brute Force
70877.85462121738,12,11,4492.147124653091,6708.733921830511,383.794522012154,632.2773252490155,158030.75736903868,324.50192126886014,2635.449494159259,2841.4470443249315,3758.269368160845,0,0,1,1,443,950.0266760146205,BENIGN
3367.8269342054873,117,1,6118.360435024241,61.38841990068939,49.42836668574884,57.73065259493633,1834936.5854165577,35037.42986360957,1.3881062054601527,1.1841788691013377,1.1263668595351364,1,0,0,0,80,60.84116143941777,DDoS
83339.92672957727,11,23,3993.8120542442284,17254.86449007473,355.83705211332085,730.6723501318102,254963.94559197302,407.9677212859059,1802.5655716666295,1531.851706715724,1947.0100769773464,0,0,0,1,443,7165.850628688251,BENIGN
5798.195733500114,4,4,380.45988178707944,300.7640768430233,100.87524763268891,70.48609656376797,117488.9551751779,1379.7395548029824,301.34273557061493,308.25459348435123,441.5372285272647,1,0,1,1,22,1265.7271567213575,Brute Force
12215.434161489598,6,2,594.8449836244152,209.3089147010342,96.95043915670306,97.34081195149031,65830.97151476012,654.909182452214,313.5345239385504,320.6854533471287,498.3140575093885,1,0,0,1,21,1301.4996299491463,Brute Force
88758.14698614272,11,21,2793.4512573819334,17088.28207393012,277.3397845897317,829.6661976705927,223998.9680543474,360.530284673428,3071.923939257367,3214.9313412840975,4051.582864960149,1,0,0,1,443,10897.13283426886,BENIGN
18133.263332048926,20,16,7031.592266395149,16895.52002399178,350.01230548709344,1004.0339455120359,1319514.9627644734,1985.3017816364697,600.6837460971142,654.8165871610287,482.03937400688807,0,0,0,1,443,6865.745568955042,BENIGN
78792.86184147545,15,15,3582.6185514801887,16120.848159479272,264.0039304064515,979.9052525374743,250066.6462731251,380.745149990331,2404.405919103653,3343.354980478311,2153.0238018497334,0,0,1,1,443,7867.01214023514,BENIGN
14705.967075050725,10,13,3718.210012637971,7766.392164091419,371.33492760113967,549.9358604605756,780948.4488927958,1563.9909896861147,565.686133322265,771.243997235475,486.43420464164683,0,0,0,1,443,20724.212701609285,BENIGN
28615.62893493361,11,22,4217.335532455479,18098.559199149116,350.83934274526854,853.6394353377007,779849.877923236,1153.215960237519,1051.676600365817,1306.1738647325099,1052.235796508845,0,0,1,1,443,24389.211043200863,BENIGN
391.6434879393597,1,0,42.95726998760721,0.0,46.52088666280259,0.0,109684.62724511973,2553.3425954852987,16.64335255979701,21.457030085421895,20.197710435420014,1,0,0,0,40189,9.911426971569965,Port Scan
1091.5719310879456,166,3,8562.127947357154,127.66045359903029,56.12198959577047,40.83481371757698,7960802.356190365,154822.59591592965,34.51302895312833,39.54160808845441,31.99339290797305,1,0,0,0,53,253.0438931249023,DDoS
92348.55888012156,12,10,3469.99065848476,8333.039334489195,313.2870954515756,794.9027038458617,127809.57424896651,238.22786480683885,3184.909973880842,2626.5892575954654,3690.9625009753086,0,0,1,1,443,4035.961093991517,BENIGN
238867.47658571744,15,12,4407.100274285313,5490.615470694325,268.50175093931557,462.11164889009495,41436.012497196745,113.03338732391668,7307.119229695335,7087.002163544707,7068.4456738463705,0,0,1,1,443,17576.200344143235,BENIGN
19915.173873622236,14,23,7093.416950026171,22694.92938112311,526.7130780580203,899.4158955309973,1495761.2984039332,1857.8798374945004,668.1140904243125,722.629299430803,978.7012850064478,0,0,0,1,443,21743.85755096303,BENIGN
75929.09669975753,17,15,6328.952621988545,10428.232422008556,358.55121164771134,742.1822824148336,220695.1718424778,421.44581446208866,1920.0437552761744,2633.043750985991,2652.0217705689142,0,0,0,1,443,22005.706997512498,BENIGN
74499.69049389935,20,12,11560.127540863097,10570.800511093994,549.5996323318373,949.4829994796224,297060.67106103414,429.5319858089937,2400.402827305438,3167.487421128942,3308.3905743943283,0,0,0,1,443,18352.077254181913,BENIGN
3541.0162968680506,3,2,356.71793707900576,128.84533274045208,109.23699647927458,63.834788957688076,137125.3982222357,1412.0240012513887,375.6100957276369,459.0397095864627,334.0611193921846,1,1,0,1,3389,158.6476983901027,Brute Force
6094.05540104795,4,1,321.27531204306666,51.015644729959156,79.17632446469915,53.34113070801827,61090.838903270494,820.4717008546044,388.3409425522916,396.3560548345572,468.5965807671964,1,1,1,1,22,2379.0229039987657,Brute Force
1723.4864248114918,3,2,397.21117748936507,146.33348758728508,132.58888994068292,76.18531651776772,315375.077663348,2901.09624771015,256.9062978967403,328.1556172553579,241.21355059617537,1,1,0,1,21,1847.5040118562272,Brute Force
72356.56792351136,13,19,4786.296393566004,11386.03025324026,351.6362561623624,632.6751995204748,223508.7582360477,442.2542544282563,2489.8360437920996,2920.8128242913535,2909.4327117932216,1,0,0,1,443,23607.37803036064,BENIGN
1430.2566309914748,158,1,9785.401686413405,49.56002577887137,65.39815568914884,54.06200244438824,6876361.555740202,111168.86057698532,10.399057605553613,9.62681780342308,10.197507171065832,1,0,0,0,443,161.99842331340741,DDoS
2541.7298257176717,9,14,2753.5314121714023,8703.066557526174,308.1768931896185,690.4318140639059,4507401.948774292,9048.955466187608,85.55413901855958,98.36241054325534,99.32073188112386,1,0,0,1,443,19543.442323225245,BENIGN
177652.73981556596,21,16,5243.577573189792,14867.203690549652,267.0580555973861,1000.7400616307791,113202.7644753348,208.2714853619052,4235.682045677739,5086.768375786289,6015.121560153635,0,0,0,1,443,2126.835161582549,BENIGN
28878.295460576708,7,17,1707.178406359641,11273.13835274025,249.05194851130153,703.0752388546457,449483.48065833765,831.073981937877,1071.3495295806476,1201.5449450742676,1185.7002914541158,0,0,0,1,443,16267.975991272613,BENIGN
100658.84948954982,16,16,5245.804681202489,14396.776571161947,337.71561867082556,826.0106418641219,195140.13275508067,317.9054813588166,2251.477125093329,2402.4327306427153,2220.824122860592,0,0,0,1,443,3506.627377759263,BENIGN
6606.762943838411,9,4,617.8572285624225,350.9441834980296,73.35344845062531,93.16650021640874,146637.83463942414,1967.68070997977,172.19054406297732,154.60060312589482,251.0815513457299,1,0,1,1,22,2074.2650931797825,Brute Force
36526.871858510145,13,16,5324.971692327561,13322.796572956602,393.8054302222376,791.2096979349813,510521.9066532122,793.936040083966,1043.9369418369888,898.2632769444806,835.4085277048771,0,0,1,1,443,2567.388771675775,BENIGN
4216.175486250016,4,4,472.4081065319644,343.251056986085,113.06612864578707,78.23192130910253,193459.4909955988,1897.4542274366818,397.86799323495984,464.1480704416356,501.69839573348077,1,0,0,1,22,751.4045043040147,Brute Force
1177.565742584595,6,4,737.3070211928898,352.40495196210645,133.59207011718763,93.36779222881223,925393.7455442855,8492.094868564514,112.34338512106635,128.8877776239882,94.75661865499274,1,1,0,1,22,223.35947852485396,Brute Force
12317.090316120804,4,4,651.4511010422012,235.65879682456335,149.21614043939226,56.2838670130202,72022.68353149129,649.5040463841913,66.73717873240724,74.9730556077857,74.97258606260023,1,0,1,1,3389,1220.5675298322387,Brute Force
1514.7385682656213,6,4,966.0660338614933,251.74971475472367,172.35204528424808,60.54385364967443,803977.5140938138,6601.799287021536,193.77091291069647,212.21751037822605,305.7660404018907,1,0,1,1,22,106.21092832339927,Brute Force
132234.59498842634,18,15,5332.66261669346,10522.276820533703,293.7517795441957,671.5946636231035,119900.08695239581,249.55647954975987,4795.5580400539375,5309.674770341376,7053.882405996232,0,0,0,0,443,11736.384021603904,BENIGN
54117.203283939176,8,9,1259.0726792593607,1657.5870747183653,169.71725945466335,172.22158992752466,53895.24175288134,314.133010732379,15463.255723771063,12481.018249835673,15054.756759882794,0,0,1,1,4444,6035.052411804712,Botnet
2367.549499474357,129,3,7002.567665334619,131.59248328907842,51.452982797554306,40.50942379985243,3013309.8168412624,55753.85014307266,15.58718119735656,14.45524248184523,20.164018425618487,1,0,0,0,80,473.2883814545953,DDoS
112289.31835458308,7,15,1885.4783907893668,6772.186848021622,251.03951659251925,477.12539166285757,77101.41414762294,195.9224645974714,5207.216877216847,6304.845846752998,5156.7409369484085,0,0,0,1,80,20011.37875859427,BENIGN
18453.943558515755,19,16,8584.114829453529,9044.922481417545,478.4280450983013,583.9254266506595,955299.1887598995,1896.6135822957422,643.1920398102835,851.8886953951231,778.5127262835879,0,0,0,1,22,23141.15903531688,BENIGN
39364.51054086667,13,10,5828.178512822472,8182.897214404022,483.9232986239119,791.9260176306145,355931.6636918615,584.2826364149076,1459.2994554974161,1516.7405133578088,1794.8896956821839,1,0,0,1,22,9350.713641591112,BENIGN
6949.108867395468,6,3,1062.5360403931545,339.3732345025304,164.73332748087074,113.3197861824336,201739.43186777586,1295.1300910289535,312.7616494240721,409.9258527111264,456.4615377612627,1,1,0,1,21,2645.7736943486666,Brute Force
31210.929752182776,10,12,3936.055860197827,8238.061091481162,359.2884549994979,742.550476022199,390059.413428002,704.8812763567673,1049.016667747656,911.4167664413296,1153.622496905344,0,0,0,1,80,20189.770004088914,BENIGN
238.61503315815474,1,0,45.71268528348154,0.0,46.68618212407724,0.0,191575.04319178013,4190.850789091721,22.137619685828344,27.23177741338498,31.298270480311345,1,1,0,0,30625,3.124105899346774,Port Scan
25008.284541891288,8,15,1958.7485321416311,9998.611415846264,250.45364184742164,632.484565785069,478135.95242641156,919.6952298536424,1335.9059231775639,1772.8790158778115,1672.6171833229744,0,0,1,1,22,23078.670898647495,BENIGN
44030.80376421244,11,19,2128.1741441757767,7898.305024844811,210.58523076899138,414.9401825377461,227715.1065129989,681.3411846999609,1436.5296460179813,1621.9575526115325,1541.8363296076798,0,0,1,0,443,21261.579094812,BENIGN
75964.32879497614,9,17,4716.241476204888,15777.86336414093,496.94095296832654,979.0506885273609,269785.9003751401,342.2659083867203,2738.540766886445,2460.5088662258154,2836.165723353515,0,0,1,1,443,757.205981709335,BENIGN
54566.41456367942,8,16,4281.78743983749,12089.40139894564,565.1728299090419,740.2919646052604,300023.17303948617,439.83098746559233,2785.917380710025,3291.8027522560806,2579.5907729103524,0,0,1,0,443,16417.940989313975,BENIGN
754.2864020306064,2,0,105.89207024688406,0.0,48.76389769976003,0.0,140387.08633990106,2651.512733910914,27.7342956852882,33.202694223772646,35.770424159098575,1,0,0,1,29523,3.7590397496120307,Port Scan
83853.13120733091,15,9,4652.556680164406,4664.6378372258305,295.53728079305114,499.48291029154075,111113.2569915967,286.2147143993805,3269.3164432832027,4114.047701585267,4218.806987586533,0,0,1,1,443,21079.200552588947,BENIGN
25234.86949541325,14,15,5733.2117192366395,10436.780866441144,438.8220111182814,752.7876201091032,640779.7190556852,1149.203486281992,782.1362967770627,928.6565981799705,1058.804593877983,0,0,0,1,80,9223.237965244301,BENIGN
33801.8571730631,6,14,1868.9034204359095,10195.757773397569,302.3622199860339,752.6575703255378,356923.02739649103,591.6834657220585,1282.683002140299,1723.2964731086954,1730.5980089991917,0,0,1,1,443,4237.485902964231,BENIGN
17197.07478004648,11,11,5175.492102044092,10770.373030229071,461.54019885569977,1036.3434435903373,927242.8791654102,1279.287337025846,583.6262772985497,647.4781748972104,808.6594039739556,0,0,0,1,80,8697.44988922509,BENIGN
52985.44198610453,11,11,4567.718010968853,9907.320246039779,401.6147309613252,865.2973153475765,273188.9687889123,415.2083888583871,1560.7548470407796,1525.5560578657116,1414.9542991580943,0,0,1,1,80,10403.499803639344,BENIGN
8150.345736793335,16,14,7589.8901492297355,12161.1856456909,494.5616878700554,817.1462909874376,2423342.080539946,3680.825448246957,241.01639373684364,237.73549885675848,217.6436386512626,0,0,1,1,53,14685.233496160154,BENIGN
18882.926090082015,16,15,3008.5556667157366,9933.251397994833,208.3681154435288,630.3746509620267,685370.8478744756,1641.6947168099282,642.892802108533,809.7128732669037,819.7962809466861,0,0,0,1,22,3523.26697375673,BENIGN
40153.31856369622,16,14,7882.712218264756,12307.320409816226,448.4677519520217,896.4446606643454,502823.51123862964,747.1362535679397,1217.0791861884989,1103.8162535955203,1674.2944939943486,0,0,1,1,53,10663.016960815936,Port Scan
12832.133058441621,8,3,1047.4067924149585,217.97432655359273,133.01293590571825,71.4661886145478,98610.34897359641,857.2230314245104,175.37043405951636,156.72435592615903,226.4501454680967,1,1,0,1,22,2624.1453272605218,Brute Force
10412.656870899129,5,2,439.02563563325833,225.42830449910934,90.36022237549082,109.89240739575715,63812.142123818245,672.2587795592609,96.35827391354792,85.5484916161033,84.37797947782944,1,1,0,1,21,1190.9512808614872,Brute Force
20175.842808269274,12,16,3599.280657751995,16522.417204349567,288.41335221545444,967.3669609321016,997316.347739113,1387.7982826335224,575.886023768661,601.1662407124568,893.78171641986,0,0,0,1,53,4950.794159233159,BENIGN
55755.13294032493,9,8,1495.339362487631,1268.538370691701,158.0661792739535,160.8891660531018,49571.71810777543,304.90466264684915,13142.611298023494,10595.251965461284,20445.145590658853,0,0,0,1,4444,4209.006627138491,Botnet
18033.891093190145,11,12,4335.776393682986,13423.939649719534,398.23779193062626,1088.9265688678722,984796.6781893701,1275.3764498824733,598.5706985129995,574.6529373909952,630.431069707283,0,0,0,1,53,13608.637070427983,BENIGN
3231.0816968601907,5,3,489.05063129751204,220.12142062867312,93.32251737706099,76.70519770311303,219484.40753303276,2475.951012867924,398.5511380744493,396.6170417104256,339.662653105642,1,1,1,1,443,2693.2084941562616,Brute Force
10062.382666077645,12,12,5921.251026879115,9906.568546831295,491.6976081693596,786.1099153819739,1572969.3551676618,2385.1209794384904,357.4943616502963,412.1037452342353,483.4850615521415,0,0,0,1,53,18742.10904566201,BENIGN
1345.6859524886058,4,2,469.8946145170384,144.2657638370999,126.41858711626081,69.0968029391687,456392.0558272592,4458.692601274518,145.97992754546542,137.3739589058156,178.34196076491855,1,0,1,1,22,718.7795488000357,Brute Force
2002.0263042125925,112,2,6166.19621792932,110.9190264804885,53.86404171835122,60.0,3135381.004336319,56942.30877992225,18.829745608893447,21.559516796384447,22.761947353918735,1,0,0,0,443,478.2976549945223,DDoS
36686.70853833812,10,13,2258.2911055844074,9543.284511482101,223.9514006853418,699.5527743869602,321685.32112205424,626.9300495018429,1336.272428207543,1264.1536190793684,1713.9427968102746,1,0,0,1,80,13968.373571018476,Port Scan
18910.261917923166,14,15,5071.08187678324,8515.174871973559,373.6818860828979,550.5191533470435,718459.4696639145,1533.55887538045,520.0519044529473,474.6811381701274,555.1870093885618,0,0,1,1,443,24431.828043883783,BENIGN
42622.21277144402,8,25,4058.3329091126443,15193.671934828255,507.36901716218074,600.8414349001706,451689.47344843944,774.2441758469495,1024.3835520951552,960.8018267815243,1078.277965145782,0,0,0,1,443,13540.600484354178,BENIGN
8155.814558151993,4,2,345.9344376941753,137.19549418598575,80.06784768918757,64.30129082919007,59237.48369159001,735.6714595727059,268.2215025108403,287.16688713041907,404.5527002521835,1,0,1,1,21,1898.0934537644748,Brute Force
7932.104370166295,8,19,4346.0781503217795,11574.748737579614,511.79586944363973,630.846827190721,2007137.8470235153,3403.888645433186,322.33421350005347,369.620286146486,273.67594033764095,1,0,0,1,53,12176.528306924192,BENIGN
895.4402592123156,1,0,36.91037999937005,0.0,40.0,0.0,41220.371342068865,1116.7690861695917,47.68274709952223,41.2555032479993,65.44718751589893,1,1,0,0,65074,5.003457639702402,Port Scan
7813.491575626044,4,4,786.9871215048887,415.33154721000886,181.9648998809126,102.76798508256982,153877.2592352304,1023.8700486931814,177.07117451433615,171.5930396721454,266.4297756391214,1,0,1,1,21,1089.0223043723258,Brute Force
45872.773854134204,10,14,2606.5967748731764,10086.348790132597,255.5456852666042,745.7379001686256,276698.88909196283,523.1861512520469,1734.884780750343,1924.197143850495,2650.4047881036204,0,0,0,1,80,9723.139986869954,BENIGN
6186.895114541738,13,10,4337.3057977224535,3868.4772491546596,341.36268451555856,400.3240711580314,1326316.8188499208,3717.5351406783316,248.69034042496938,290.35242168314335,300.761309765903,0,0,0,1,443,12012.741900328507,BENIGN
33138.58107371929,13,15,3377.556025082439,12931.350394883873,259.63024568122194,841.3360677754634,492142.5689194692,844.9365993586713,1020.7185298332639,1403.2468584008923,855.7803525562201,0,0,1,1,8080,20608.69856934753,BENIGN
719.1102963669152,1,0,40.22412662980296,0.0,43.395079215569275,0.0,55935.96258185018,1390.6072615733556,17.01469567519378,20.187613028906608,13.79572862228474,1,1,0,1,39255,21.420891524512303,Port Scan
36092.892208974634,13,8,8001.833717746546,7243.058930380811,566.6741720536432,936.5915932298744,422379.35823654104,581.832009427559,1918.6090861649393,1925.9442863479999,2561.5971725874147,0,0,1,1,80,10062.465945416357,BENIGN
333.37441281671886,1,0,41.30555502785283,0.0,41.29262580789363,0.0,123901.39566758419,2999.630330207063,37.53726865498301,45.068567704005766,41.13098661192082,1,0,0,0,30817,43.92102830626016,Port Scan
24502.720334686186,15,14,5725.796711688098,9423.49916687934,372.3352224252793,658.5184610731071,618269.9582593697,1183.5420558976646,1016.4567111056439,1393.6808810854645,1175.968160753766,0,0,1,1,443,18775.728548025752,BENIGN
89562.80732769986,15,15,2256.4517583547877,6387.387043331966,147.1784580541298,407.42361837824774,96511.47680152494,334.96046958681745,2535.3002461103947,2679.1491831882677,3282.1887342279038,1,0,1,1,443,14603.139195875476,BENIGN
7951.896584140268,7,5,1007.3326723257263,265.9201592236496,150.34275159964628,52.39814287321997,160119.39014509151,1509.0739514814,100.71482636001312,103.35119486188331,128.1656278571758,1,0,1,1,22,327.12392318365517,Brute Force
172908.3577199117,17,14,6238.8583901100765,14186.830084119581,396.873894834666,945.8234354892463,118130.13982422138,179.285723424751,5265.081457760286,6692.959052616907,4303.5650579120365,0,0,0,1,443,9252.177352366552,BENIGN
9679.540166147342,4,3,551.8492538964093,205.60853942674214,139.59020030073967,67.70763228354826,78253.48935192604,723.174849202175,329.49682087377414,315.683057452066,267.2595198455292,1,0,1,1,443,1370.4440474836122,Brute Force
12538.958568810654,6,4,806.8285074873239,355.6448113236005,131.92709153636164,92.14219409297569,92708.92095476374,797.5143984344882,381.9573149682053,365.2492015482052,518.4892188460923,1,0,0,1,3389,2632.444460523811,Brute Force
2214.536921523887,130,2,6413.4393041944095,58.68619873872214,53.30441307066487,29.49973932491355,2922563.82814312,59606.14100268284,60.8777407432124,67.78093085073796,71.41354878775554,1,0,0,0,443,202.56712981670935,BENIGN
51280.8315717519,10,5,1859.4840025745757,802.2096709358484,205.0069395026426,157.19039797913914,51904.26114261027,292.5069570880899,14526.855311075802,19514.202017038453,19442.356034376153,0,0,1,1,4444,1285.561405082774,Botnet
1155.8104235921803,119,1,9861.53695177395,64.91563130214739,81.72785466977372,59.37154190664779,8588305.123798205,103823.25470560142,15.127425777816304,12.502899225257044,14.281907039656424,1,0,0,1,80,206.25359742975053,DDoS
2735.5827370073375,13,16,4334.01968028152,4966.43380395595,304.13650635493684,287.38800584902594,3399807.053327126,10601.031951139345,87.1897546442231,103.19542512884462,111.10381457733246,0,0,0,0,53,5572.592687804656,BENIGN
78462.77427373758,10,14,1487.5100877366954,13591.769241713193,142.4683230693569,920.076033954882,192183.8664134146,305.8775352024875,3007.5192785061145,3339.5567205911334,3053.9658215239965,0,0,0,1,443,20451.245662482106,BENIGN
71659.25231786587,12,21,4916.771380376592,16936.564635850373,408.55864025478604,813.1881770603727,304961.8201330096,460.5127591007886,2101.6540087534668,2838.077603576203,2944.8804362020746,0,0,0,1,80,3885.8768277704417,BENIGN
2631.46352694176,17,9,6425.852907569476,5481.117255908091,366.59047143638423,628.1569441901634,4524847.120839875,9880.433353456636,74.03630451117091,102.54494535338372,65.00708131127858,0,0,0,1,443,7910.3201243379135,BENIGN
62219.56192637025,8,4,2576.5435348498545,776.9694806265207,303.27739275634275,179.02077705781653,53898.04928946422,192.86538876954214,14110.143053575024,14983.386179013767,22262.271010380256,0,0,1,1,1337,4251.336555588399,Botnet
13933.429802512675,8,9,4141.472806015291,8947.699040363357,507.23285878615684,1057.568533231675,939407.7432405209,1220.0872463529631,646.1079806185114,850.5594441845325,974.6962088583879,0,0,0,1,22,8412.329900368915,BENIGN
38.114914547616344,1,0,49.79593035844842,0.0,53.35200470453903,0.0,1306468.372013249,26236.448693875893,19.005962268898642,20.67399621864158,26.744927865276157,1,1,0,0,23755,13.500745648424633,Port Scan
1087.0540670909186,147,0,6592.871289445432,0.0,42.928319199339086,37.6782495262513,6064897.311951293,135227.86441836224,10.633122288619584,13.948706346892749,14.641216030955164,1,0,0,0,80,26.370073994729335,DDoS
42315.791618545336,11,11,4675.947554290747,5512.726966474917,396.60482725061956,460.61455263191056,240777.1219929245,519.9004711602339,2117.479665249034,2090.8685796440195,1888.854022336449,0,0,1,1,443,11235.015927843418,Port Scan
62654.085362653546,10,12,2504.3844143991614,2467.545452989287,240.09993097680314,217.86028424790896,79355.2381877413,351.1343254419866,13713.597171601374,15807.95493645186,17950.471689221456,0,0,1,1,4444,6737.968727479009,Botnet
2746.541185142485,119,0,8588.792879297915,0.0,72.50192004646674,43.80194672238537,3127130.5617987104,43327.222123496584,20.219911564633804,19.425097058255353,17.298929295661896,1,1,0,0,53,332.2121025240553,DDoS
168493.70280514646,13,27,5604.632111296918,24489.57139595627,419.3566422052009,968.4473367759882,178607.28921160605,237.3975960766781,3131.5709432149215,4299.87695020507,2657.0908089179684,0,0,0,0,53,10869.721033452692,BENIGN
14466.088414449949,12,7,2429.9674603329854,4940.276410860483,197.02434720314338,691.8274861895818,509484.2268371212,1313.4165543341487,718.7677387131031,806.0560228218267,639.5817695062423,1,0,0,0,53,14653.648618776813,BENIGN
20374.290571981943,14,17,5343.6884401794705,16192.258247142323,402.893408030417,975.4450181102081,1057015.7822789336,1521.525369949822,521.6376188301109,417.3287345961413,594.0769964938605,0,0,1,0,443,9591.974482797752,BENIGN
58665.327266901055,13,4,2917.65765662474,571.6756683871351,239.95697812429577,141.730848813887,59478.63052288051,289.77934313155004,14518.246027070034,11899.790124667108,21669.280003434003,0,0,0,1,8080,3794.678373895429,Botnet
24674.295933105986,16,18,4536.969379418439,12494.340024777275,281.4740531953309,753.1896606225059,690245.0003181032,1377.9521852285775,784.8797737019447,860.6769961679671,1253.2218930395468,0,0,0,1,443,16628.659043728723,BENIGN
219.3634174419312,140,3,9894.477687836406,123.9316518633971,77.9688043857322,42.647565231076,45670374.105800144,651886.2701336892,15.296055512163834,12.334264480141945,14.282852538884748,1,0,0,0,53,171.32457321123738,DDoS
60154.47111025917,13,3,3462.1567786910537,624.8585518901771,255.6475287476341,189.6434905842974,67942.0042292451,265.9818913655322,13621.866306700591,12990.360977882681,14700.933783916087,0,0,0,1,4444,7178.748915996882,Botnet
10146.70409497557,3,2,371.6652099790271,200.1194267274669,117.38255611065055,104.05780610195609,56351.76027155748,492.7708498443246,399.3402848137795,432.75425413947244,395.0714826075731,1,0,1,1,22,360.56288200712044,Brute Force
1416.2385105625658,14,22,2777.2554367077096,22262.986567441385,190.720942277305,1084.5670284691987,17680808.5766588,25419.447170448635,51.750758218338376,44.64035346787329,79.40680384893385,0,0,1,1,8080,15213.80901271018,BENIGN
906.2277778356768,127,1,7263.085178730116,57.15425548325829,61.90508210006078,52.97756202749014,8077703.656023584,141244.84277639282,17.244695713698356,19.369104314149272,23.55179162260954,1,0,0,0,443,194.3126888131682,DDoS
53556.59380360015,5,3,967.3408562963376,620.5921249068978,183.9698571927081,199.75413715508316,29649.626095087704,149.37469752720213,14898.592364142654,14533.83261304199,19312.68844195599,0,0,1,1,8080,1710.3475562251938,Botnet
5253.08228385856,14,22,4602.482012665606,30188.796874575673,350.79467804387866,1256.1264186612466,6623021.876917175,6853.1193791917585,223.532225902022,233.54303018021295,272.1627642631303,0,0,0,1,80,4339.966557257295,BENIGN
42867.97000211833,10,16,4660.477253635753,12031.403406577841,450.37482481462473,689.5575074198167,389378.8453101176,606.5134411243454,1216.5715894830134,1184.371030183039,1155.9200837647195,0,0,0,1,443,7419.284457948859,BENIGN
47626.341713365706,21,19,6781.874590800323,17328.771448092273,315.2265436100117,861.8051726437544,506246.0220858463,839.8713518820307,1406.1080402360187,1301.4612729982475,1528.2960996299648,0,0,0,0,80,23367.87161065664,Port Scan
82175.05780105531,21,24,11633.880553110328,3873.6597326518254,552.1813005135027,165.56067819183068,188713.46976482446,547.6114188923892,1473.835570729811,1470.2450694079914,1321.249852592595,0,0,1,1,443,17434.62785160172,BENIGN
2961.0016825327284,18,10,6868.654507214173,8334.72401424648,359.85391542782287,790.2108492763025,5134538.967386287,9456.25940207162,94.61932581265215,90.49426477455955,131.80965095222143,0,0,0,1,443,2737.705346872388,BENIGN
4725.131098694995,11,14,2861.1540626859037,12012.00538849903,270.0024931719855,790.4122537644568,3147671.2794895074,5290.858492138896,199.65333758433812,273.89590176652973,190.2429732140441,0,0,0,1,443,11882.60470380297,BENIGN
26934.660680851608,8,16,2978.0809163756494,8285.284143455565,378.57472628161065,489.6538278415167,418173.63854294136,891.0451957934664,1299.6288197667309,1482.859266849375,1487.2782351504775,0,0,1,1,443,9776.015288500283,BENIGN
93273.12379167305,13,14,4703.967127847479,9644.281574637867,331.0783776165704,660.4228396701276,153830.47247921472,289.47245361166324,3101.938815688659,3589.8956558004393,3616.9043067740663,0,0,0,1,443,17092.2720856334,BENIGN
6611.795107099593,11,22,1930.3922067639912,14732.356512844251,181.9829750709639,671.0625701396104,2520155.0334970555,4991.080253616051,170.42346814344916,196.00318595907893,252.26599272647533,0,0,0,1,53,20755.497131321525,BENIGN
6302.847607448166,9,18,3704.8427573817994,19844.675870962932,410.4441337891376,1135.7424096296882,3736330.004316767,4283.778012987925,153.60557460489161,187.7735427423014,148.5614358605725,0,0,1,1,443,21936.151230487823,BENIGN
35373.228554805864,7,24,3493.959662666664,28830.35735219935,517.3467607602998,1114.6099095959212,913807.3717185302,876.3689735577808,830.064887581679,928.5382237990552,1236.2927839124286,0,0,1,1,443,24896.314296169207,BENIGN
208.80187976591313,1,0,49.508631370397154,0.0,47.660035117623316,0.0,237108.16888191362,4789.228914610805,40.73872101051723,40.616645958623074,43.42422539179408,1,1,0,0,35326,23.87378296101355,BENIGN
11220.84074903532,11,9,1801.505747582795,8076.6196657539085,175.55777207804596,991.5474239044504,880337.3681411481,1782.397633770842,366.8601460198557,335.97968103039864,349.28950452672,0,0,1,1,443,17659.180808231617,BENIGN
8100.411467170197,8,2,1085.0877204344943,153.28974667868988,127.57943555756657,71.33235762672946,152878.3410734319,1234.5051903262647,306.1802772582204,270.84669516176973,408.6604596587453,1,0,1,1,3389,609.9259602878467,Brute Force
1960.02615461307,5,2,521.6537083699615,121.03605360875164,113.67129702647837,55.6255634862512,327898.5642442037,3571.3809142418686,60.16691454722753,60.782960026362026,51.56086259494863,1,0,1,1,22,288.7799251318422,Brute Force
84454.90436839544,11,12,4476.963313099454,7559.748310802707,407.8722971243779,608.2192492053608,142522.35218214893,272.3346876301362,2755.1461816484652,3231.8671053161383,2348.047317923989,1,0,0,0,22,13794.4037149735,BENIGN
2364.4203465827227,5,1,772.1687179146539,76.53442626092873,169.18438705716648,73.0310394918565,358947.65725654765,2537.6198477871126,243.05653145861532,273.4497124825947,339.6742118265859,1,1,1,1,21,891.6583143971885,Brute Force
9860.56178919474,5,17,1767.7133802034732,12399.880906960283,383.18228066525444,806.2603123124377,1436793.8247381286,2231.1102014600956,430.503954269828,348.66843320337864,382.7602292916684,0,1,1,1,80,21518.171937321476,BENIGN
16552.233263289556,19,12,7360.740018845432,9089.562019032552,408.99018790919087,755.9393168149428,993841.844554134,1872.8590581642834,474.7973997746853,460.17846460432605,481.46197047589044,0,0,1,1,80,7256.099363039413,BENIGN
165166.09203398303,10,18,2430.8426279998557,14046.115952922575,246.0311055859019,841.7621440358645,99759.93485110906,169.5263213846519,4831.218372624373,5788.241954463807,7711.819013227151,0,0,0,0,80,10709.456265548339,BENIGN
12315.744239469637,10,18,3502.6537686966667,18262.181275405128,364.64982830999907,972.2494825093645,1767236.6867078647,2273.51262380598,437.778578976246,554.7259170644522,473.3683903604852,0,0,0,1,443,5303.106495442719,BENIGN
1603.7138413692473,158,1,12446.289455151458,52.89676626262491,79.43980557849186,49.448005524071164,7793900.569407262,99144.86980061614,30.39714327321264,32.447189523723814,45.66827310222776,1,0,0,0,80,401.8030191330015,DDoS
8173.143001601497,9,2,1168.379324756433,167.77711994142257,136.53269907445986,82.76308962497544,163481.34915001984,1345.8714717024516,374.05553692969477,387.6902531619065,417.36281466658176,1,1,0,1,21,2134.22336815119,Brute Force
45880.56858758753,15,26,4862.65712745849,21196.50694163274,313.98775596693497,869.1710401542584,567978.2285030626,893.6244964298913,922.9105231860842,1184.8858769296103,1097.6792885109717,0,0,0,1,8080,20753.495191426195,BENIGN
50661.28356972614,12,20,2913.2965955330315,23195.374714479716,243.98885728097528,1057.8897530301003,515357.4775514493,631.6460568149198,2779.9374372719153,3431.6677072860284,3622.3206415717073,1,0,0,1,80,19394.499363880248,BENIGN
291.0658675549521,1,0,46.65949314724761,0.0,46.36121134921711,0.0,160305.61583603916,3435.648461292714,22.590447897099338,29.726716716639153,28.75306160334344,1,0,0,0,59816,11.37769558145899,Port Scan
49977.862067343376,13,25,3531.0025820357364,23475.12117443806,301.69611322385254,936.3602956070386,540361.7249590231,760.336645629146,1053.0626209847273,1006.2184277552628,1171.7838685597785,0,0,0,1,443,14914.929463723147,BENIGN
4188.878836986245,11,10,4425.048719104293,9805.866523458946,408.6741479026795,949.0649696997664,3397308.873417283,5013.274629616353,195.25504763765446,220.42514904800657,283.3629308716968,0,0,0,1,443,2461.63100464155,BENIGN
27843.10150490485,14,12,5563.062793508186,7840.0899794872985,362.43536491714303,663.9114084982804,481381.4571136904,933.8040158859396,822.7494003993402,1067.6994681902509,853.6312364977044,0,0,0,1,443,3626.3930707361837,BENIGN
1608.401149104161,17,19,2357.012984906174,13946.726624517345,135.7793425803883,800.946688218055,10136612.758890586,22382.47592651317,42.027197716718405,46.484318232981444,42.317679556141854,0,0,0,0,443,2672.2433836450437,BENIGN
937.2858951214489,97,0,3963.3497013976676,0.0,43.89539520787114,56.69100658373867,4228538.722311741,103490.30163035923,9.512543021188785,10.65866334019575,9.238460896273208,1,0,0,0,80,312.25645773285106,DDoS
1854.537031046307,116,1,8471.681727891295,49.419866687438876,67.46649801617302,53.38188597080206,4594732.513791451,63088.52184741225,22.327333262981075,24.205097977580586,33.450914585144595,1,1,0,0,80,478.5333549024803,DDoS
57117.92255301223,10,5,1880.8460915610322,973.9810759359927,173.49170399567538,185.02082556640048,49981.28503093588,262.61459327548573,14908.775147363276,17358.16251837359,15896.756170473229,0,0,1,1,6667,5705.732196795059,Botnet
10414.894576895866,7,3,1116.65794273866,207.73396961481927,169.1978249102796,69.02334776088034,127163.25667774653,960.1633435813881,247.77572537632716,336.7618628211895,249.49784550211697,1,0,0,1,3389,2278.811935155325,Brute Force
23304.71135039461,13,11,4692.3654435724975,13219.400048558027,336.80636692268286,1282.151910189039,768589.8882342189,1029.8346818869147,665.1184976989524,850.1175749933378,840.1029560773725,0,0,0,1,443,9987.17567422493,BENIGN
513.4329359809682,1,0,37.012758814630615,0.0,40.0,0.0,72088.78944221568,1947.674038653936,46.88175095470653,57.67753709775141,62.293792825438054,1,0,0,0,25831,31.607418343168302,Port Scan
24794.49641029598,14,14,3997.6561544159945,7899.677839362229,294.6090488826493,577.0436474921895,479837.6944989222,1129.282867321029,1238.9750918610746,1537.4687883968568,1520.9893922788415,0,0,1,1,80,5766.826080304878,BENIGN
19767.52336699455,8,11,4436.7930548622435,4645.218403439478,534.651284908517,430.78250811392195,459441.0381963063,961.1725074130395,788.5163227821894,636.968524653272,829.6810856945841,0,0,0,1,443,20554.43296998958,BENIGN
3294.5248364566164,4,5,426.06342620092147,317.679912880706,98.35677029184843,63.93473027455605,225751.32257359184,2731.8051757897306,176.19757164453716,233.57714592639564,250.7325613886636,1,0,1,1,22,2018.0851088722914,Brute Force
20860.501636325705,15,13,7815.043635243416,8958.333431723859,534.3741030166619,627.9208754312945,804073.5241840368,1342.249601095011,651.6713483309754,625.8215544500255,794.9569058518772,0,0,1,1,443,23062.406545834765,BENIGN
14747.95668727623,5,4,756.2649436176242,318.82837443084475,155.3256110162825,85.84338078533702,72897.7810855658,610.2540298185668,115.53688319932903,147.11087192582139,163.7115676530341,1,1,0,1,22,1787.9082814961548,Brute Force
96260.04952182654,8,14,1281.5219103899517,13350.81732095445,153.00394318136313,876.574156253273,152008.43240815686,228.5475657792135,3757.742678557,4574.344928341986,4682.634033008831,0,0,1,1,80,17837.0320560704,BENIGN
10497.856496568987,8,2,825.3306634575783,131.8392835678663,95.64158339927646,62.27564358649785,91177.65587082242,952.5754141589093,276.0746656759851,367.3354773989785,326.47917889950025,1,1,0,1,443,1761.98498294535,Brute Force
38818.772392915926,10,15,3893.5764148906774,11803.138708271968,416.0212319449295,726.0115826206646,404358.8747290513,644.0183050343518,1222.4282215782798,1170.1171676919603,1890.6665727128,1,0,0,0,22,10199.777001282437,BENIGN
19082.72061536284,15,18,6065.068049375664,14536.641125824812,368.86715726734474,824.1771877974365,1079600.2095537023,1729.3131658298682,502.70914898632435,620.6184358580048,740.5215878272328,1,0,0,1,443,9004.777782780042,BENIGN
15489.027695683504,11,18,5247.396701105265,12504.128431191868,497.2624682026792,696.5695730641171,1146070.978828719,1872.2931206380208,518.9557857354393,646.654735232926,490.69997003465687,0,0,0,1,80,13703.023466057406,BENIGN
9048.228915409492,7,3,1035.8175321860003,129.68825897498564,137.18674994201885,40.03372623307149,128810.3784792716,1105.18866106157,105.86439048755989,113.81749521452004,160.37965836257536,1,0,0,1,22,640.4059144446961,Brute Force
11615.71983616304,8,2,837.5569909670342,199.2446653441796,96.04701206162943,98.59430068591402,89258.49374253632,860.902306619617,383.44535476709393,348.86500626999043,406.61916504088936,1,0,1,1,3389,1285.3469111120933,Brute Force
12137.593173152454,6,3,660.5902039560929,414.5193487190781,101.63838049880536,125.86199228120644,88576.83210648727,741.4979124450635,96.2462162047187,102.10959325151032,86.54182943356285,1,0,0,1,3389,2924.5270292519094,Brute Force
808.9338639891897,1,0,43.680769742322845,0.0,40.0,0.0,53997.94925992439,1236.1950024796633,15.817081994808454,20.684772229383004,15.624910305627866,1,0,0,0,22065,46.39280091974092,Port Scan
1769.4240858193245,145,1,9931.109416166217,37.148445511891815,64.70371226077937,35.85923433554906,5633617.142191408,82512.72330363655,10.888586782473594,9.886927303106281,13.916176270310073,1,0,0,0,443,157.10406095535652,DDoS
1465.4508463673694,7,5,586.6430274317798,339.3040795576652,91.10457509711728,72.03783345646858,631851.3577474997,8188.606277546723,267.0183879558824,338.3770179663254,307.92472748471664,1,0,0,1,22,2216.3696301752952,Brute Force
62316.58150326199,10,9,2253.2122650912447,1944.4703688270663,224.1934741564791,201.1874533512581,67360.60503733795,304.89477345616973,14764.552278708705,14264.55313034514,14023.551316180108,1,0,1,1,9001,2411.6589969385714,Botnet
8362.492481327714,4,4,551.1835578859411,344.546078102352,137.1661333024513,92.97210249924515,107112.75830601141,956.652579104004,382.1805704742509,383.73522531391285,324.88568386176775,1,1,1,1,22,424.0067525146843,Brute Force
2544.2264678981846,5,3,491.1300457841133,241.67274262676034,108.84788520618939,87.36660800988096,288025.77036951063,3144.374174602819,99.73794443245467,87.73679196585833,123.77387067222125,1,0,1,1,80,2548.056866720383,Brute Force
84157.49621700753,15,13,5621.203800004355,8583.68940644907,386.0075265877571,731.3101350451923,168789.3989838392,332.7095179709188,2824.7861767558784,2750.15760528468,2716.308254997137,0,0,1,1,443,24994.498004065976,BENIGN
2897.4608527121145,6,2,486.7686010489992,169.23065947973768,85.03858538826354,91.3055889539446,226404.874431591,2761.038166404129,78.49209759094158,92.80872717095713,106.6850737191897,1,0,1,1,22,1530.8710406007829,Brute Force
33430.226879844544,9,22,3606.811873079721,17012.13046551794,396.61969547055736,802.7512811087817,616775.4234126677,927.3045053334724,1039.503877644907,1200.4495109637905,1124.3384165538648,1,0,0,1,8080,797.2352831236396,BENIGN
11737.712104785487,5,11,2112.878767298625,10045.874201595976,435.24411125939315,855.8329374610075,1035870.7779122863,1363.1276570053863,545.8708336041227,488.4879400793353,661.8798730667837,0,0,1,1,443,24301.290569150995,BENIGN
154925.43015678492,13,10,4162.308214262932,11211.458504102759,317.16681027313075,1023.8437813530956,99233.33246715792,148.45851953887714,5481.175777119223,6390.559388856513,6479.517310100813,0,0,1,1,443,24466.758019488974,BENIGN
13868.933410768062,15,22,6613.839767228319,9339.818381126363,434.31433523124974,438.36960272733677,1150316.1545189917,2667.833127764,343.90540205039974,473.4501770801564,279.12813466829243,0,0,0,1,443,20302.573562916456,BENIGN
6033.727671695478,4,1,619.9303750719142,83.0752905826936,144.98599424696002,80.17114780174707,116512.66081371934,828.6751196039643,329.4659154111424,339.638896303321,485.0275573198398,1,0,1,1,3389,1486.4853538269472,Brute Force
45800.73156770722,18,14,7181.063373347624,16058.648966616853,418.029949453958,1174.5319103939153,507409.1951044322,698.6787962697583,1303.1707600114753,1696.4261248367336,1890.4278313261955,0,0,0,0,80,12554.354206430382,BENIGN
102282.49646303462,18,9,4885.778043823025,5809.77392669423,296.2709304348213,631.2911899815084,104568.74187053772,263.9747848719935,3289.2084888654954,3876.4077604272766,4038.5434100613843,1,0,1,1,80,17841.278775643324,BENIGN
55984.78860866059,11,2,2041.5591532000774,348.16369133197793,186.2329904570383,187.2955110787936,42685.21689411856,232.205931701758,15135.717376704306,15925.750136667712,18735.990190691093,0,0,0,1,8080,2568.309170379107,Botnet
281723.28293437,23,15,6669.92660025517,11396.32592595439,309.0373477246607,768.4759428927255,64127.65156658443,134.8841302862868,6872.575956101884,8073.197990782966,8129.0007484042235,0,0,1,0,8080,14251.502113261857,BENIGN
537.5334766622468,1,0,42.95524874770152,0.0,44.57033762151414,0.0,79911.76477868368,1860.3492497051286,32.816116393733445,31.004732080590877,31.37638618990282,1,1,0,0,57821,26.009224566427246,Port Scan
25816.8196374354,12,15,5383.840298489194,13005.93937777825,427.8868185680036,932.3372280890388,712317.7809865295,1045.829826414751,867.5072582916697,978.7933807864591,1229.356020019645,0,0,0,1,53,21558.160137901777,BENIGN
9345.425199206267,10,4,1404.7152378225305,335.25517596201416,137.61205854829706,77.27238924263773,186184.18923649672,1498.0591788578072,364.7515992037678,389.39042285597696,480.2443136685569,1,1,1,1,3389,2406.142357423484,Brute Force
33538.07345995153,12,10,4934.591794438885,10898.439438359608,412.7444212557602,1056.7382345014012,472091.25627639366,655.9708930887348,1326.6088331917445,1307.6237744657487,2028.899311058188,0,0,1,1,443,14185.121815628001,BENIGN
46717.0835015566,10,15,5932.036715967317,10277.4805951265,554.7713565966319,647.5034696887604,346971.9446539021,535.1361456279053,1676.285152321829,1603.5240750630505,2010.3042495405602,0,1,1,1,8080,22882.87260225252,BENIGN
8597.704140743414,14,20,6804.445084187651,19187.851834392237,485.8904534462064,922.3902816087534,3023167.1726648207,3954.544078677746,323.5484396424101,387.85910226293635,515.9805407724597,0,0,0,0,443,5236.171401310533,BENIGN
56451.631704906926,15,11,6414.551640248332,9265.639848815725,431.92035182206337,876.3496641231833,277763.29958060523,460.571275174319,1534.3900540152836,1887.3531411631916,1852.5461762727198,1,0,1,1,443,11075.39133452788,BENIGN
4994.352145548359,3,1,294.91897518174034,66.22598020481159,102.04273140560505,72.37819276173087,72310.67110645234,800.9046786108865,64.97877418445121,58.09243846354732,79.78183626474662,1,0,0,1,22,1276.6584789010924,Brute Force
351592.63783538115,14,12,3773.1208924041853,7828.201963490221,256.50746937833463,596.1242495502313,32996.48970842857,73.94921622953161,10455.973364731792,9215.408778082083,11617.377075983775,0,0,0,1,80,11697.822760776142,BENIGN
11619.140437854308,12,15,3576.8568756487452,11476.335888066478,318.32117382159817,764.055041274414,1295551.3227702305,2323.751928502041,354.30464710594777,321.0184782222083,487.01639757765224,0,0,0,0,443,17865.991054537288,BENIGN
15640.923865891204,12,13,3505.2524548741117,18432.83717256434,310.19507011674244,1326.319561689742,1402608.2995825927,1598.3710562339936,619.2245489493886,542.2379748063903,687.3487548357878,1,0,1,1,80,21176.034037898866,BENIGN
2822.199085814628,6,4,645.6437886987858,320.75168059144755,115.27808285416855,83.92554891987629,342426.39867175894,3543.336134670138,316.37145149918257,347.94533684874295,487.31744071341313,1,0,0,1,22,697.1744383715036,Brute Force
142725.25254593624,10,17,4945.540524437711,8871.759400181667,483.38389241453314,479.2774814209364,96810.47802085527,189.1746521261893,5150.50212501715,4500.890018218165,5514.007065402278,0,0,0,1,80,17374.25044274537,BENIGN
6405.796093222611,12,23,2880.36230399835,13825.763858247505,243.02720947932278,624.977820636501,2607970.331731459,5463.801764940709,147.5953673335046,138.02844705900773,143.33022983210267,0,0,1,1,80,20082.1982866443,BENIGN
16437.835661044992,13,13,3504.7167907582393,12535.986480022415,246.30632976421828,943.0941657807455,975840.3479354964,1581.7167500716528,614.9247704387091,832.0013901212006,808.4379109843095,1,0,1,1,80,650.361842703051,BENIGN
1973.8184364505607,5,5,590.6962594533866,313.2023142168366,108.75050002650887,68.5350900124139,457944.13355245994,5066.322117237188,75.45233357043257,63.53262245871385,104.77580952046397,1,0,1,1,22,277.89160927812776,Brute Force
18505.828017380827,15,15,4042.1423668596453,14434.574864157858,260.49384402414296,959.469437388479,998426.9395383991,1621.1109263429742,680.8406313920835,813.2566332609952,838.9437237462416,0,0,0,1,443,16674.386885309716,BENIGN
11517.358909826431,4,4,495.6314890911452,259.1827097379707,131.73185896448945,69.89236275018123,65537.09098924756,694.6036901892954,312.82030413365976,329.9485226436777,474.0129474409109,1,0,0,1,22,2584.8432832457484,Brute Force
21280.827431178353,15,11,4765.612651242808,3006.770013961027,292.7896370559371,259.493878255281,365229.34506844345,1221.757005646671,660.9587374139467,541.3017616745136,611.3274978729701,0,0,0,1,443,10461.720880312361,BENIGN
10522.146496602652,4,4,315.41460715946454,360.0187183192164,79.99486032854593,94.0415918100843,64191.59110707706,760.3011422225501,242.18389845110906,303.89664539720167,222.07025468705476,1,0,1,1,22,1550.7704448023956,Brute Force
173929.2646031802,14,15,4346.831062247753,7139.905980831806,332.2974277566069,518.5901740449592,66042.57810947779,166.73444843318075,4525.634020856579,5845.258660984536,4625.6288930500195,0,0,0,1,443,15460.37736646916,BENIGN
9507.789072649337,10,8,3597.838971817002,5542.962826294295,327.48776181455065,701.7526774057657,961401.407652833,1893.1846155253754,382.5815443466405,415.32540912677524,356.747901553168,0,0,1,1,8080,14456.452633606521,BENIGN
4363.06718593142,14,13,4116.81306552039,5357.492903671195,322.68481283395636,456.9899559382501,2171478.3581012003,6188.307181484782,158.2572189370219,213.16719095339343,163.0867148886867,1,0,1,1,443,18830.162334690325,BENIGN
1283.3461225469196,127,0,7677.314260118325,0.0,55.778964714434494,40.9415319811279,5982263.183124739,98960.05276266133,14.94912645585813,14.81445227893364,20.896924700275658,1,0,0,0,53,484.98876797264296,DDoS
43115.42438074993,12,10,4757.554344227848,4612.458312010891,373.84583332778976,494.4587379491894,217323.91112499958,510.2582269797281,2004.9071693326605,1644.0120716377912,2689.945461136733,0,0,1,1,443,21856.8035589781,BENIGN
7662.925859498347,9,2,1205.6446993878571,119.09726580663505,137.61143062008466,54.39344869707102,172876.78224792538,1435.483025894774,301.4008385904259,256.9876232631222,331.3533504582497,1,1,1,1,21,2060.5660285047306,Brute Force
63571.801877279555,14,15,5667.070545793938,11660.012433419353,372.66371932341417,852.8233930760332,272559.2553230108,456.17709650549557,1501.8348418089593,1271.8476386134223,2311.104324893648,1,0,0,1,443,16194.738162368114,BENIGN
2364.788883222486,12,7,6373.259487038479,4609.177518879163,503.4000878180758,663.412736291506,4644151.147628845,8034.543859200147,101.52773578848448,132.20598533486333,113.63306958655996,0,0,1,1,443,6017.4420503655365,BENIGN
53535.86612127575,17,23,8486.140588432836,13754.981291446155,458.73064836307924,544.1818118218116,415443.39321037196,747.1626574488828,1334.4184501266577,1186.8458120580858,1776.436127208132,0,0,0,1,443,12220.47947586132,BENIGN
10067.398876344456,14,18,5587.115149533339,13656.918258706028,400.9303057880866,814.1961051265992,1911519.9114100279,3178.576749868426,322.2868537731477,294.8665351071045,442.8877973470061,1,0,1,1,80,20160.087578447296,BENIGN
12806.14487837573,7,3,517.7710114959066,281.8884355925573,69.10183277797174,90.07680585173296,62443.41717847946,780.8751263532755,183.36493768795086,163.23760008037866,154.01947934559283,1,0,0,1,3389,1439.1843370401295,Brute Force
12659.741607932136,8,2,452.2325015101749,155.3098106252768,56.16605926202917,81.9457753790318,47990.10366489532,789.9055375454395,83.36577829547727,106.82477137058457,88.48573945608042,1,1,1,1,21,1818.4729805107931,Brute Force
2470.8312897021115,3,4,397.48933386300405,342.65241376469135,126.09197131750106,94.63980037295646,299551.7139160596,2833.0546197850417,357.03256200952484,471.0416812219708,431.9335564717018,1,0,1,1,3389,2555.169484404105,Brute Force
27649.692475774507,20,9,9462.592838068718,7646.3899123860165,473.1197181029195,775.368813037152,618776.6017811918,1048.836258320362,883.4054569451932,977.5069339562668,1229.2681378840293,0,0,0,1,443,24656.47215204219,BENIGN
21334.26726671748,18,31,5766.925220249354,27672.220886361483,313.9929417713056,934.7800333673861,1567391.35628893,2296.774451515494,393.1409082438359,535.8108656663882,536.841814431758,1,0,1,1,443,14565.266117427367,BENIGN
18911.16443124203,14,14,7075.602981208695,13886.974860762704,490.9894760053629,1053.9747932875791,1108476.313988384,1480.6068712375445,649.0146104731645,709.538107788268,973.2187823417323,1,0,1,0,443,4875.002298604216,BENIGN
19586.89141827511,13,19,1863.259113377932,15402.129920620711,142.45294963106656,802.0755718079643,881476.7318253246,1633.7457188404646,535.0391067536412,495.3316058983336,589.5389983702688,1,1,0,1,443,19078.572897137095,BENIGN
3448.7460048552066,12,15,5779.622194540144,9106.622508161758,464.141282042628,622.9615746685317,4316422.456668244,7828.93259230715,91.91606520244399,110.44258445996995,122.41354025726238,0,0,0,1,80,21355.712079541496,Port Scan
827.2929829270244,1,0,48.91013155825225,0.0,45.47197618132462,0.0,59120.689486818264,1208.7616124361714,27.959037860146772,24.870590582113863,37.96849530675557,1,1,0,0,58233,48.84327219159919,Port Scan
6123.200181981692,7,4,853.5578764244646,323.70730904267504,111.34014617105038,82.04372546711694,192263.05697654546,1796.4462491964448,334.8845756371671,424.9980366704323,431.49915298844195,1,0,1,1,443,2762.8543987963694,Brute Force
19087.32885773658,3,3,399.4991297905362,271.1284932116857,133.08298117827897,83.00057223649524,35134.702608238425,314.34466523418484,273.25171853215556,319.8792706638205,341.6230336730232,1,1,0,1,3389,477.7240156042281,Brute Force
68915.05675989228,15,15,5122.516504676892,16338.948470556617,354.40261614115235,1089.2381221738224,311419.1003282148,435.31851253526986,2218.855896515266,2133.86891436891,2055.378938482192,0,0,1,0,443,12584.258810569401,BENIGN
8166.979357944114,4,3,426.6962124843453,173.26532358857074,111.63150035903452,56.37686504915496,73461.86512511835,857.1100394898172,156.9337761050926,215.88176992427796,216.24318263738664,1,0,0,1,22,2718.644358127443,Brute Force
18742.884119493723,10,20,3738.2960455286398,8920.274341251352,404.66472788400625,420.3872894378013,675380.0699015324,1600.607452339643,678.9148062418901,681.3182071580267,896.8418329410058,0,0,0,1,443,1738.2681973628105,BENIGN
2120.620867126498,112,2,6791.983973383869,55.15442701546572,55.42368659984995,25.266146741396426,3228836.6612544954,53757.84128469568,15.95345285566428,17.62776143080613,16.46712563981695,1,0,0,0,80,11.597215667251104,DDoS
4515.876878300363,13,10,5615.492150415728,6364.493674273578,463.8857445708616,690.9908309219057,2652859.2668802347,5093.141513782034,219.79803077408792,177.56682637383798,323.09398151742397,0,0,0,0,443,18237.010596664433,BENIGN
53284.10149885208,10,21,3725.716599427194,14131.681438913489,379.62788881397915,653.0648028863534,335135.57582885004,581.7870458164307,2738.465348336119,3552.8049018567326,2220.6701829207136,0,0,1,1,443,9484.261071751776,BENIGN
112020.21384872744,8,13,2759.822589402944,10875.841424363187,352.34075829406993,783.7773681418709,121725.03109286855,187.4661659578555,4204.683255816948,5632.3433598573665,6162.305247503878,0,0,1,1,443,18919.942969435135,BENIGN
15590.71084468918,24,11,11305.942608441825,8798.881560138441,478.5098363864498,812.2481034472557,1289538.6470097206,2244.9265045488546,488.40668842209175,531.6630526206404,391.9992333951941,0,0,0,1,443,6432.251290616868,BENIGN
37187.79612792472,11,13,3145.100718893404,11921.699524634714,312.696499971307,902.4727461757809,405154.42732069554,645.3730120881819,1299.0853621056308,1167.5150953658579,1318.8406170570286,0,0,0,1,8080,19687.161832177033,BENIGN
107122.56295936018,11,16,3723.2745281555476,7271.421794452081,353.43727021223185,500.7092477351065,102636.60632147834,252.04774096231412,3094.608941636299,2765.873358175211,3848.4024554351467,0,0,0,1,443,21430.126015782742,BENIGN
10375.575953839903,10,19,5439.523036648602,9724.942659494425,518.3039410409491,536.3439986237743,1461554.111656886,2795.025560895959,307.9456988567997,329.60131546484877,308.43415251884335,0,0,1,1,80,22552.989806038564,BENIGN
6538.235553958674,10,21,5089.967207712845,11849.642750825597,529.9856823153509,548.0299242010761,2590853.4219575645,4741.3403423849695,242.8375544034364,209.9742874527379,345.27764144361726,0,0,0,1,443,16419.956105535948,BENIGN
560.6760578794344,1,1,48.441380946417816,0.0,44.071774932892474,0.0,86398.16212169071,3567.1221766884723,47.10480018755652,54.58633868096545,52.48953408504892,1,0,0,1,50623,43.88470020825674,Port Scan
58988.68214701835,13,5,2753.161924235627,893.8330052813875,221.6389629208752,194.98148747408823,61825.333212692494,305.1432807930569,14015.142215886406,14083.703399554122,16585.73860758795,0,0,0,1,9001,6677.206441935423,Botnet
10320.007770227458,8,3,1319.9815441086887,203.6825039175806,178.49226576736697,72.53703509121466,147641.75395506385,1065.8906703282023,258.9473743132022,277.6142613357097,240.78453049767367,1,0,0,1,22,1129.18414137576,Brute Force
34910.181637518624,13,10,4137.798271205145,4721.5523522803405,342.13806022645093,492.0561388714444,253775.55222927217,658.833581526871,1162.5143204196036,1441.4729141612302,1811.8907397648763,0,0,0,1,80,11505.823755581168,BENIGN
26812.608559899265,13,14,6094.283045834285,13179.090843812899,433.1114780970304,993.0139290536436,718817.5610213584,1006.9889298417983,791.2554285896224,1030.0031199299992,835.9081804077418,1,0,0,1,53,3243.4990347220255,BENIGN
75103.49796262615,11,13,4743.514732386806,10371.896764718176,435.58266557769144,848.0492337542897,201261.08513117302,319.5590172370287,2153.8950648027676,2642.563701824167,2939.377255452403,1,0,0,1,443,15521.57607424008,BENIGN
8692.330689220513,4,3,426.23910972396834,271.38397061059266,107.5490264031769,94.21911325297638,80257.31018260657,805.307603941116,276.55405457397524,338.1537676853373,420.7695969470442,1,1,0,1,22,1156.6671823992983,Brute Force
10505.956361817094,13,21,4194.129672742274,7836.017141518064,325.5549638515515,340.33252443815644,1145078.696308198,3236.2593969616883,351.7049053566173,426.2129179410111,386.61587398919204,0,0,1,1,443,22067.842802909527,BENIGN
14080.318325686021,13,13,4704.583774320647,7761.356039654125,373.21691728283247,573.1171722851378,885345.0274084912,1846.5491616456923,548.9914820079129,589.3797151286327,600.0867496718126,0,0,1,1,80,9100.4052652817,BENIGN
3304.5959652108218,4,2,299.452813043249,114.19906266822952,81.68335751554116,55.056470165136226,125174.72031867258,1815.6531276939995,147.86146084812708,177.94847373065872,125.26982919390667,1,0,0,1,3389,2219.5854687826622,Brute Force
33063.17232058953,15,17,7435.0548556784515,9629.84554772911,486.8074735378377,592.80888708808,516130.15950017254,967.8442131843635,1067.7304386978149,1422.4877814809456,866.7784467597852,0,0,1,1,443,14524.771731162837,BENIGN
3592.069958501051,15,19,3732.172777915481,14465.41677561807,271.4533933048509,758.2893840279172,5066045.417758872,9465.294493926836,71.45514382920916,87.53601652783793,71.69794511241392,1,0,1,1,80,11754.45920032719,BENIGN
5645.809950322685,6,4,647.3789711944017,152.9082524845866,100.95901985225059,40.0,141748.8776137865,1771.2250479540942,293.20756150380396,304.88063903358375,437.25155348554034,1,1,1,1,22,2266.184639561534,Brute Force
347.5597662387796,1,0,45.35122915069446,0.0,47.16202104734362,0.0,130484.69229184995,2877.2029939535137,16.228924081496718,21.29992136832402,22.842005250437413,1,1,0,0,64192,30.841741667563443,Port Scan
28365.18239476908,10,16,4104.835518808986,5475.6339633787975,434.6466416826078,365.764034670474,337754.5523541055,916.6167041744371,1057.229822990664,1185.617804910471,1130.4717631561955,0,1,0,1,443,20460.830515636193,BENIGN
75160.8404315801,10,16,4516.887039387141,9779.243862636797,457.04278037058964,657.2801401272311,190207.17197857698,345.9248173743898,1925.0979882900588,2421.7294208143835,2459.941020203152,1,0,1,1,80,19371.56893427675,BENIGN
1862.4996718558261,116,0,9485.430749864347,0.0,76.68999571727309,22.894059796755727,5092849.622042029,62281.890167752696,20.912264535312257,21.39701852308786,18.417810387851077,1,0,0,0,443,161.4612576393577,DDoS
1594.1987031351275,8,2,921.4662035649728,154.37451028435225,109.94606556333967,78.59706329295615,674847.3146625905,6272.7437805175405,149.3765326454622,142.87989134226507,150.32051654994237,1,1,1,1,22,2071.766303791656,Brute Force
1113.3756505779763,160,1,9685.122896626863,36.833359614100374,62.52826443133787,40.5692292789022,8731964.1409385,144605.2820684749,34.334828276344766,40.747676931666945,49.88340777925779,1,0,0,0,443,129.06389269993036,DDoS
16262.316171540077,13,13,4847.122620134154,15852.968672048748,362.7583642494285,1119.1557826523149,1272887.0275200508,1598.7882492102442,940.0536577323345,899.8601039879474,813.481822963703,0,0,0,1,53,12641.916431085563,BENIGN
60331.794821363284,12,11,2442.5568993316347,10829.724106683841,225.8861220048715,932.5117476656565,219988.16785267935,381.22519093126294,2524.3602632299826,2686.0784709606155,2785.234589183047,0,0,0,1,8080,6881.446661199009,BENIGN
18894.61591705261,15,10,6490.868912919651,6674.706965796083,429.684215474668,663.9740993120412,696789.8123207494,1323.12824509109,771.831340781587,978.75420103258,620.1130616667532,0,0,0,1,80,19549.07132040998,BENIGN
4297.1719967573135,9,5,1095.1945549203379,261.54283334214267,119.19022441705403,57.67171739150936,315727.9692984799,3257.9566306781603,253.55664443786586,232.0182810975957,302.3797599052129,1,0,1,1,22,1942.260476687051,Brute Force
1856.9447856773334,134,0,9366.366755202514,0.0,71.38869126401607,28.060844397012303,5043966.211298021,72161.54246132987,26.71974270551527,26.013706987708996,23.53441013987659,1,0,1,0,80,294.9901425529305,DDoS
79231.77090088578,21,14,4430.531671767845,6118.07706101972,228.02478408570485,471.9219184323877,133136.09695766168,441.7419881196763,3583.0400492357367,3546.461394402111,3838.7710050363394,0,0,0,0,443,18291.399639073905,BENIGN
305.23867084516223,142,1,6982.585167377417,12.877676303850269,54.27584054503799,13.505441954253964,22918009.780057784,468485.8560157317,3.2256507825648266,4.4913023210660095,2.8962421371976825,1,0,0,0,80,86.26538300792564,DDoS
56915.90710855293,15,13,6185.660556470152,11520.714826630094,381.01234130895267,957.7678465546561,311097.1305320627,491.9538565307757,2121.007487195665,2062.983841676124,2581.323182129081,0,0,0,0,443,10523.164743426805,BENIGN
12490.407028521737,6,4,407.88212864769014,428.73630486529254,71.61472095276736,107.18964983048645,66980.87833347397,800.6144217050002,385.3765158131378,347.8416646421603,411.8433277297934,1,1,1,1,21,819.5620638411093,Brute Force
547.4822803532047,1,0,40.518081175241846,0.0,43.393235521259776,0.0,74008.02296122145,1826.5431336971424,39.11490175656095,31.830383451383916,44.21097117249074,1,0,0,0,470,38.706085093898174,Port Scan
35305.9645202128,14,11,7309.267069390821,4171.846853231083,554.1028940722414,377.50754700831584,325189.07438568695,708.0956529508607,1421.0849038622894,1523.3286352906625,2158.096585377353,0,0,0,1,443,23359.409404294038,BENIGN
7767.028558675788,15,16,2559.5656514695447,15698.62171446123,175.44869465348916,928.4640288407768,2350730.041482381,3991.230335489488,228.28999994103097,227.45732429682985,224.32577722606743,0,0,0,1,443,7220.053232953959,BENIGN
56977.91960144168,16,17,8382.007277282131,15676.594230568395,479.44090225607124,986.3706795984755,422244.29526629794,579.1717253075175,1147.6644796277037,1383.759511902235,1168.6360202147384,1,0,0,1,443,19307.65921064727,BENIGN
2989.959490471236,142,0,7970.568970574285,0.0,52.78112742867965,59.33474079263042,2665778.2474899264,47492.28223744928,12.76721425325574,17.66263452381037,20.197120152016243,1,0,0,0,53,482.9806231879798,DDoS
18268.07037915646,9,12,2209.8988672070377,10509.955138729321,255.84011616514655,828.7337221732893,696288.8658700091,1149.5466989201345,994.6489955737228,982.7011274275978,1156.398916180659,0,0,0,1,443,661.6438939427256,BENIGN
2652.1781274049454,167,0,12442.065785439072,0.0,69.04682523794709,39.44087380932951,4691263.251466882,62967.11305865534,9.543141950486609,10.383612807105196,11.879499918196512,1,0,0,1,53,135.7902770627996,DDoS
182879.0385383626,11,10,2674.2444074948553,5514.526926055113,237.11744071422987,567.947073942375,44776.98154472858,114.83000002537099,8597.762720750843,7374.906183673534,11808.029865561017,0,0,0,1,443,4136.5370648580665,BENIGN
1983.3503485533968,11,22,3900.452215114678,19990.077026229028,332.3404407741648,834.6684470152899,12045541.655698312,16638.512718677932,52.701504944191385,53.790050570926326,77.55360150751379,0,0,0,1,443,21931.82088891592,BENIGN
15653.201481659416,13,17,4158.898987745493,11451.664825417269,304.60429047046,674.9730778117029,997276.1055591975,1916.5408453440325,773.9849815054571,1066.5800237329404,623.5502082546726,0,1,0,0,443,1390.57851800945,BENIGN
269.1392305471725,1,1,53.10307666076291,0.0,50.07141048145602,0.0,197307.08359685022,7431.098008023236,8.864605289292902,10.184552346301723,7.903238305623035,1,0,0,0,18718,9.77524804143689,Port Scan
9049.152896327667,17,22,6673.159605910408,15005.666419658899,364.8450607601446,631.8483239515033,2395674.6309775608,4309.795673341646,191.09872949872076,221.29245759741198,172.92580960874602,1,0,0,1,8080,4200.910414590089,BENIGN
98016.65735187808,22,16,6843.6392346884895,8623.152060322791,329.7210161835255,598.0023286205369,157797.57964491454,387.6892053519094,3318.0079704637155,3648.2099453350625,2996.2179519708584,1,0,1,1,443,23314.05985167003,BENIGN
602.3165371411673,1,1,41.64399472667145,0.0,45.876247793884836,0.0,69139.7166751063,3320.5131798186912,24.284823620545005,30.278756779394833,22.717663952858658,1,1,0,0,13941,28.694963444822925,Port Scan
48326.393663907205,10,20,4723.619852611691,16713.041985020285,451.65558161967857,798.4527241253942,443580.83052330156,620.7787861978545,1684.8514732447243,1680.2819245191426,2343.405449117797,0,0,1,1,443,15041.951060769226,BENIGN
101446.5252464949,8,14,2341.8024509362804,12802.060259535821,275.8572392482758,873.4941712446049,149279.26485087117,216.86302164164195,4531.028234241263,3841.0040508062043,7103.041473482386,0,0,1,1,80,19368.53437151866,BENIGN
8981.500143356448,7,2,851.3919090002473,209.8667987587679,114.23172536104217,103.02381934655014,118160.51782218371,1002.0597735732639,159.6331248647191,169.5799946339723,178.52940902758854,1,1,0,1,22,1234.7793399054647,Brute Force
444.07316234708287,155,1,8358.637801830557,36.8042055403822,54.95312595738395,37.45880512615141,18905537.914063696,351293.46519272885,24.743102156980576,24.431808192165,37.116035769382925,1,0,0,0,80,319.09805549437954,DDoS
211288.65232647245,10,18,2785.8069793528803,16079.592422503572,285.2713906596083,884.6872458823619,89287.32894138867,132.5201315437226,5909.073976232491,4729.327654839926,7597.6837844504425,0,1,0,1,80,4794.4566601715915,BENIGN
69027.34356431075,11,3,2209.475570887546,491.82669089166245,183.1296960496938,176.2411472801192,39133.800060877096,202.8181772192437,15547.466469198158,16829.19970993956,17966.261329954585,0,0,1,1,6667,3877.511169680607,Botnet
135625.05490430308,8,21,2167.26481588434,19372.373145177655,249.83253778213316,1009.8756510440071,158817.54279296217,213.82479823114082,4448.926731929173,4804.624727945971,6256.4538073647545,0,0,0,1,443,8186.689552377297,BENIGN
17903.340682790727,16,18,5673.792230974286,13146.868528758636,381.3267486492349,733.3860433638356,1051237.3692259542,1899.0869135770793,457.1371632544245,440.1699914436792,679.5981193096438,0,0,1,1,80,3050.2208235605844,BENIGN
13619.078912822224,11,14,3743.5638436686922,9157.058907697952,320.45551140179333,602.3249361540227,947246.3471241686,1835.6601176943586,538.3856687303027,671.2775684875025,457.6101365229799,0,0,0,1,8080,18129.26314634233,BENIGN
7760.202136386826,7,3,649.5474927821457,201.98277759403175,96.30202558691343,66.33146546953047,109730.42395164368,1288.6262270297034,89.22672827036153,75.37841963919895,85.17111252192919,1,1,1,1,22,204.97845232493404,Brute Force
488.3986441895884,2,0,84.1750177227422,0.0,40.131402035531906,0.0,172348.99958089733,4095.015462867732,10.220403357910161,13.124682726784085,10.099464637488659,1,0,0,0,42626,14.53794901104809,Port Scan
56319.82762944486,13,13,7145.788540681523,11021.814045669687,518.2895509191819,783.3232477239981,322579.1581942434,461.649140176111,2376.6664935494,2493.0156206644133,3668.743979258366,0,0,0,1,443,8362.90457599513,BENIGN
1911.5988923556051,8,2,702.4543082647818,195.21470468002332,81.34560438619789,94.03560122125332,469590.6743483383,5231.22295162941,222.02994237178012,184.36425850704347,186.27471281294942,1,0,1,1,22,2782.6527909026427,Brute Force
2425.347968922281,142,4,11031.775231920843,170.97987732649614,74.497184139642,40.8007267935111,4619030.033131846,60197.547680086514,2.778262282907111,2.987621979294514,3.4828990335466026,1,0,0,0,53,308.34821864476726,DDoS
21237.90946432449,6,10,2418.4847636180007,7439.711062060566,390.918201682878,727.9618238339647,464179.2000403051,753.3698185726261,1276.5564563821758,1783.9766648523873,2006.2750943820688,0,0,1,1,53,17298.59562239383,BENIGN
50353.97966060859,12,5,2203.0197619500173,1045.5261480906472,189.31055780862465,219.5802103837735,64514.18402152569,337.6098595301084,16299.4096467093,19730.873045942833,15023.284115590879,0,0,1,1,9001,4862.779597699853,Botnet
13928.268947568486,3,1,356.15633252574617,55.406884277639044,120.11012569042329,60.43357914870383,29548.770084256124,287.18572387262066,358.1001890992918,468.8515699624786,488.0733761141036,1,0,0,1,3389,415.7251168577071,Brute Force
9997.770951642908,4,4,364.1835038178839,342.9291026947306,94.40129035352044,86.93817572562463,70727.02604738275,800.1783636266822,118.8058561348313,146.25246071090277,97.52796568857244,1,1,1,1,443,1394.6675451685492,Brute Force
17728.089968172637,8,12,2643.257378295857,7587.868057129053,357.41642320794455,619.3681995840266,577113.803787826,1128.1531194790944,732.8756597592594,842.1182614110563,974.6809742997356,0,0,0,0,443,14571.362282455042,BENIGN
320.99972472582914,1,0,41.18823881816784,0.0,40.0,0.0,128312.38049611212,3115.267469011432,22.060739637385037,23.302824909709386,29.1305077343527,1,1,0,0,22149,16.269493388329074,Port Scan
61641.53110733817,17,16,6823.422777135237,8619.636141633298,383.10465109707286,534.0518719365209,250530.09945319325,535.3533471213775,1517.414017160381,1709.3252210879928,2132.259431875524,0,0,0,1,443,6348.781732845241,BENIGN
52092.13615759583,13,4,2640.476283762883,847.7492563181379,193.94104565784093,196.16025680348793,66962.6127354039,326.34484307899015,14572.594245747716,15660.950403281066,23239.48733309423,0,0,1,1,9001,6972.831056876073,Botnet
85953.59537907856,9,15,1580.0674460659814,9279.934826231392,185.5618266979693,636.1874484266507,126347.27173891717,279.22043160793356,2835.5296376261294,3798.8061579027694,4444.009640075737,0,0,0,1,80,18403.15097118373,BENIGN
129188.37060186677,9,15,3428.60371683556,12075.679951364862,407.1278582472106,820.32386642905,120012.99804284693,185.77523571346288,4281.077018751749,4986.157413613425,5286.803561060301,0,0,0,1,53,24121.97954367193,BENIGN
53627.950963833115,9,3,1096.342698885641,576.3191961050613,119.43939134483418,200.65323375279465,31190.113829237136,223.76391013135748,15199.610108078447,20685.575640612376,21920.730453327014,0,0,0,1,1337,4109.659538550091,Botnet
92264.61839007073,12,11,3026.672056333188,6622.326248347162,249.5970038536535,625.4079027228315,104579.61538286434,249.28299061252278,4098.766822446732,5432.9033599004615,6298.739491137714,0,0,1,1,443,9536.671448476965,BENIGN
16435.489308272412,5,2,599.0340092403271,192.34010494980387,126.240084359618,99.733801203317,48150.32271608803,425.90761179691293,105.05315725153952,140.12620268614629,134.27620188428733,1,1,1,1,80,1605.9091742624298,Brute Force
8316.689943650123,16,21,6954.419050181633,9770.658655524872,456.398722851157,440.60790766880694,2011025.7589290405,4448.885343892119,223.1414808543671,290.8096374153504,297.072298153461,0,0,1,1,443,7628.616120017823,BENIGN
4074.0581359129424,16,17,5464.812862361458,11703.514407759609,312.5717966372018,710.4956589451781,4214060.452103458,8100.031688086144,108.97152960667636,89.90490997948368,98.1334552612581,0,0,0,1,22,4982.061052861338,BENIGN
621.5562697917651,1,0,43.731506107352125,0.0,47.55990894530103,0.0,70358.08056767432,1608.8647940676744,34.17497432888775,28.138874727703215,49.33491922606087,1,0,0,0,37165,16.772664974703698,Port Scan
55539.50267711806,18,15,6286.727725090212,5294.409627010256,332.04824025472084,332.20068902470257,208520.72477904684,594.1716869855193,1654.7081739575503,2170.2515950931893,2117.297488809216,0,0,0,1,443,15344.577855097325,BENIGN
18343.02597559168,20,22,12686.260635097336,13099.041617451132,585.3245638665562,579.0634565353234,1405727.8382999578,2289.6985511489593,528.8762609416531,685.7278147245294,610.2903968381306,0,0,1,1,80,1934.6775908962413,BENIGN
80.49689006948755,1,0,41.36216443562467,0.0,40.0,0.0,513835.5581180776,12422.8401760213,20.973543837921326,21.184879017335586,30.704165517569546,1,0,0,0,57869,8.025552607110953,Port Scan
6950.223804752649,8,3,1051.8536280697285,122.69354827429015,138.82391622003246,40.0,168994.15174815647,1582.6828472024258,81.58027291309384,79.42590476197925,96.75319520552813,1,1,0,1,22,1886.0495854478668,Brute Force
106132.4676522086,13,14,4627.366739586609,10713.347403680495,339.5899317852799,711.802115924781,144543.0835881245,254.39905994156103,3568.942805225785,3173.0682835269763,5440.461086720366,0,0,1,0,53,8364.064378005707,BENIGN
166250.99333300648,13,10,4675.264776329071,7277.693332537647,384.5752269945576,790.6531997869583,71897.06280385665,138.34503805899197,7815.964948525434,6571.816100949974,6892.421729749312,0,0,0,1,80,14151.201528381818,BENIGN
3518.1875840364182,10,3,1264.2959918817041,322.1895288929131,122.9242569655132,118.16901617809077,450938.2978819003,3695.0843835009773,344.29770579583493,318.9854524831206,497.9574625353653,1,0,1,1,80,2912.9304296084174,Brute Force
65945.65965919533,8,5,2234.963399317482,883.1277891902272,275.9341778697659,164.87162830588863,47282.73558293126,197.13200333704307,13196.245877959973,11861.479528193386,19506.346316578867,1,0,1,1,9001,3109.0321768798767,Botnet
66491.42129041528,13,14,5946.163984965701,5285.922700813646,482.65092587778616,416.8520925268736,168925.35108733567,406.06742157114996,2424.2890531867915,2985.7890678458693,3013.292069863139,0,0,0,1,443,1684.9812228234669,BENIGN
36420.90458227215,12,23,5101.667399566839,13129.542726114505,411.0650664994738,557.4734383600703,500569.94286065514,960.9865653099738,1147.6382311627985,1271.4990929673897,1142.540464237896,0,0,0,1,443,1445.3474069226236,BENIGN
123679.44705237498,8,20,2498.169174433033,12952.862946768773,343.64088073534595,700.0116234533893,124928.04980490172,226.39169779068254,4246.849673965511,4460.433750932673,4491.642920563103,0,0,0,1,443,13042.044550779105,BENIGN
119422.57952662125,14,23,3919.147477770004,10785.625153233199,285.38697789004107,432.3319907430808,123132.26434474453,309.82415676050687,3460.1050940152695,4798.052329886753,2848.692085161231,0,0,0,1,443,19706.61711827311,BENIGN
71775.2668054,11,21,4590.401024268784,21100.96675377934,385.09336093506465,993.8847284363809,357941.7941796524,445.83602993437404,1620.9704829552693,1722.0512026874126,1526.413945872845,0,0,0,1,443,14763.4980034738,BENIGN
39829.805344516084,11,8,4997.609567833516,4436.185646131314,494.2821474751471,565.1954935267565,236852.65675705115,477.02969762607665,1790.7859624079888,1974.7781285587841,1463.3504115396634,0,0,1,1,80,11393.15837806164,Port Scan
412.3094969606889,2,0,98.29707079892391,0.0,49.317818845600755,0.0,238406.0312059606,4850.7250372423205,13.262863272186989,15.53429077710034,10.987403457412965,1,0,0,1,20374,10.112515646269483,Port Scan
93090.92817324758,13,8,2097.6137962511502,6862.039918494135,172.68320621892022,820.3342538440149,96246.26040972387,225.58589125803744,3666.562597584299,4754.295384414802,3079.7601591799553,0,0,0,1,443,10715.022733689328,BENIGN
26591.235368698028,13,20,5978.391084431186,17737.758292234106,436.51365360116085,838.6688815768971,891878.4346733603,1241.010413485568,862.2958300545096,901.9595279463671,1181.443107797944,1,0,0,0,80,8969.663327123417,BENIGN
7239.012141523905,9,14,1470.0364276078196,12621.707621742533,156.143084897823,820.4393473375629,1946639.0957570435,3177.2290956757815,300.0975926411938,273.9156530055559,258.04545094295673,0,0,1,1,443,23116.027352740814,BENIGN
29227.287249383662,14,25,5713.3281297747235,15364.96892044818,404.3436754920717,661.107505739821,721185.5438505467,1334.3694769627457,708.8201250505494,962.4006723266017,941.6711384049925,0,0,0,1,80,22276.889507656335,BENIGN
12290.232584261179,7,1,798.8494272689655,105.8312861516705,114.22072290560685,104.18222895565295,73609.73091584665,650.923401583528,95.46590741306807,79.69569372919669,147.64265241661178,1,0,0,1,3389,200.2893492501085,Brute Force
11409.400940480798,18,16,8669.208309039255,8897.386142152447,486.3597551834299,538.4792843344244,1539659.6668686653,2979.9987025933387,284.9909857084492,279.5033563542505,248.25085472606497,0,0,0,1,53,10176.232165026631,BENIGN
3641.8276014898306,4,1,408.82430593544825,70.41854876147211,111.29500801147763,65.75677993180635,131594.0530795218,1372.9370379736142,124.40399979438781,105.70073490241887,143.93866084713392,1,0,1,1,3389,2751.728952588942,Brute Force
48174.73066011433,8,13,2914.9577925770686,11287.337938229917,380.9081124114705,830.1414932865921,294807.99448590586,435.9131792175579,2206.7913964086174,2851.5177043681388,2217.060436998904,0,0,0,1,443,7273.097245784192,BENIGN
2509.016516498103,7,2,1104.170475568523,145.5564221294557,150.54045423201885,79.06433670443252,498094.32878594747,3587.0628753618266,117.36959494715514,124.81977307066333,102.50442975199519,1,0,1,1,80,2115.198132484011,Brute Force
1490.9145845032276,120,1,7679.074068514033,47.62779454077419,67.26423519272711,47.44508268086748,5182524.836343554,81158.23753935385,10.069920485040205,11.77757104982374,12.501389514639627,1,0,0,0,53,26.330412273431424,DDoS
12388.192633186569,8,5,1069.2526842153675,555.3357719383579,122.96571224553422,103.58148179326125,131140.07057023287,1049.3863297842552,217.91085178092013,275.73470915060534,291.9409061056119,1,0,1,1,21,214.32954420489853,Brute Force
6247.3183645845575,5,5,662.0400138894005,382.6516258036761,126.8793517901304,73.2224450260644,167222.4110772603,1600.6867933430494,281.4905898542609,387.3972808856942,232.12719941114912,1,0,0,1,21,486.5985114407917,Brute Force
99925.96730627169,16,19,5049.551857780878,15662.668191285144,342.95991479385196,859.9736258977232,207275.65223945602,350.2593063995617,4000.9993255415393,5347.567126084922,5968.4051328398955,0,0,0,1,443,19852.093782028463,BENIGN
9380.8368732535,6,4,729.8254265259087,345.63010195011805,112.23641499710448,88.84933847407166,114643.87911299782,1066.0029734140082,303.10205099314067,304.5812166262747,319.2507848071662,1,0,0,1,22,1517.393223817353,Brute Force
2999.2335886796373,18,13,9041.114044237658,7261.153249748417,458.74164739588207,513.3797346147687,5435477.701876124,10335.973869126758,73.86086093689347,90.91239896293645,67.09137292749018,0,0,0,1,80,811.6793896601891,BENIGN
503.3304215755185,1,0,38.58217765529123,0.0,40.0,0.0,76653.77652819353,1986.7664602306627,48.37282657550234,64.11132840776655,52.526509091633514,1,0,0,0,18218,46.69003909628887,Port Scan
5387.457737597411,4,1,608.1920736851549,80.69403166872101,138.71096246477163,83.9842854889365,127868.49362109174,928.0815263025708,377.00260978495834,321.5300223703938,445.9679838956127,1,0,1,1,22,2093.6213432906006,Brute Force
7066.877915001116,14,25,5749.714150285947,16450.68002786845,428.8333352644171,643.5171828233197,3141471.303901943,5518.702950451896,255.35725843401988,279.5077531843761,290.90444619755175,0,0,1,1,80,10800.746880934876,BENIGN
64950.45123798408,11,25,3905.947456789329,23772.95504651633,370.7707036595259,1003.1097647213658,426154.1217302365,554.2686665577254,1873.00027723836,2230.747974093557,2057.9493015121457,0,0,1,1,53,3732.102071056064,BENIGN
9509.126238631408,11,19,4798.566627355734,8832.202997751945,445.6520826568549,469.1383952757394,1433440.8107583895,3154.8639956133047,322.2493756741159,373.06823640881277,368.5440701291538,0,0,0,0,443,23945.50161918903,BENIGN
1281.0066955065367,148,1,9722.995289992396,49.6025955784689,60.109246948199626,45.10220105410404,7628842.15972546,116314.7706586204,15.035774189124176,13.336522415664462,18.166079475447248,1,0,0,0,80,278.7406842766846,DDoS
60198.76689945822,6,10,1078.634814040982,1567.267226389429,171.25824256786785,163.28799213692568,43952.76143861053,265.7861751009388,14180.70896195194,11654.35145585198,20454.574146916133,1,0,1,1,8080,2670.1677666129453,Botnet
18270.069380313766,15,20,5248.165130224331,20060.820382329297,321.36526905732836,973.2137430286142,1385270.355887339,1915.7015373851261,535.1088160749052,680.1200921552257,605.5828158349807,0,0,1,0,443,21591.48786079398,BENIGN
116626.69181829657,10,17,3463.8212383643113,13240.598877325683,379.35050194419705,720.3868767460235,143229.82033748625,231.5078956545023,2963.074997057375,4002.0286811679475,3094.7432701975654,0,0,0,1,443,12995.710250750833,BENIGN
2284.4810996774636,155,0,6226.1973707046845,0.0,41.03658044100571,35.611036380747734,2725431.7716105143,67849.10587436412,2.5915627456891035,2.1340044108717264,2.946987303583409,1,1,0,0,443,287.30646987265305,DDoS
29281.635257195387,12,10,4203.33939461101,7846.936928026365,340.991647200848,812.4716985097749,411530.16956852697,751.3241595547138,1157.5507061898356,1211.515946414377,1812.7053164017816,0,0,1,1,8080,19511.262108137464,BENIGN
6568.112859674751,7,3,956.5809297761119,145.3283291863556,138.02939075286974,48.21700383011926,167766.49282744408,1522.5073340921845,221.44773681913983,297.08970563542124,268.21370905336556,1,1,1,1,80,307.6418487042521,Brute Force
3694.4844868732853,8,4,1354.097149698395,448.3163762018328,160.35520423726138,115.0320175303748,487866.04255730566,3248.0850962121203,65.9018381107,84.27736517661097,92.91848591006521,1,0,0,1,22,2180.8459892748383,Brute Force
328434.5442691324,12,18,4111.670258112829,19066.653548523773,373.9882242803785,1056.6526824803793,70572.1252866853,91.34240147229092,9376.09067288378,9644.715647878971,10245.882983681162,1,0,0,1,80,15085.92250865304,BENIGN
12516.733719820533,16,10,5077.5149844704265,5876.917230779272,338.7692020054145,621.8475439247492,875182.9718885132,2077.219231629767,514.8323899418608,420.3240578317878,645.8846472477077,0,0,1,1,443,5830.734538194028,BENIGN
63173.706695729765,8,7,1270.3203655423479,1000.8172841054295,158.8072262753718,146.23213249111166,35950.67898400357,237.4405553285973,16198.472733956673,18854.43007832562,17930.324263700546,1,0,1,1,9001,5695.115645655513,Botnet
58563.746127433966,9,14,2980.3942376914088,13689.51602552689,306.511005165256,912.7506850011257,284645.5591646201,392.73443932279014,2583.999871034223,3291.276579135171,3030.3136978184343,0,0,0,1,443,23950.387617896453,BENIGN
72726.07971487548,11,14,3723.847129427871,8716.160806241838,354.4132205719895,683.5607270393184,171052.91505387187,343.7556389401596,3233.195166282371,3749.598971568068,4727.440900299408,0,0,1,1,80,12084.142157846494,BENIGN
1555.4158208696642,16,9,6707.498627973892,5484.192243354889,433.9464913139027,617.1934799731157,7838219.6630301485,16072.872388569378,56.689996548120085,77.44640934744989,72.2688262156302,0,0,0,1,22,23332.22194276384,BENIGN
15898.479684705817,8,2,331.74637680848014,130.4861464504331,41.49871950093366,72.08383826645736,29074.00785646042,628.9909600362545,365.36378398507674,362.94014670476867,445.45428092744834,1,1,0,1,80,2361.7378786845743,Brute Force
14630.468975014297,9,17,3747.9842331210302,11760.368032989476,458.3826105335109,666.3899400033865,1060003.7697079598,1777.1132315992347,394.5198500697763,359.7194518326372,539.8177719038506,0,0,0,0,443,5787.3615940430645,BENIGN
20388.699394044397,14,19,1862.7340517513726,13355.412450864436,146.8252163069121,644.4423253800489,746401.0434653363,1618.5436531395133,611.5395538532786,846.6749249778118,960.4641942706158,0,0,0,1,53,10581.69636083506,BENIGN
12413.232127106021,5,3,640.3223239352387,175.48791680044164,120.80379341019767,59.483830237511725,65721.01708742279,644.4735680508935,158.60204857945598,209.68722183856565,160.53686966356952,1,0,1,1,21,2788.067602305819,Brute Force
63503.09084515917,6,7,1027.0321856930361,1007.1720755784891,162.6388535988065,151.97932040390432,32033.15357092721,204.71444502911135,15194.106885367693,16196.91689405994,13661.04040423214,0,0,1,1,8080,5779.857255739629,Botnet
1244.4483632771867,124,3,7413.108611644262,118.72229667507398,60.46607978182381,37.58691405668664,6052345.063546607,102053.25005655714,6.816532637648898,7.797816969175,6.361691869551943,1,0,0,0,443,428.43252165302846,DDoS
21774.500579141448,10,17,4749.011332777094,11577.48160403257,451.7906792301055,679.0771913482469,749798.7325803182,1239.9825154136595,860.4303789593923,1197.7953652364358,1030.9040403949589,0,0,1,0,443,9449.245336036358,BENIGN
4001.8665575522364,6,9,1269.2639938625491,6424.633343389518,208.5933392534815,670.850922181297,1922577.1840723446,3748.250918485106,209.13459651151894,200.65190699902297,303.415670038501,0,0,0,1,443,21840.56885197874,BENIGN
118600.54265438912,10,15,4782.142646597593,9387.222631123665,439.5853901520725,603.0898558936777,119471.33597029021,210.79161562398474,3823.184063067386,4581.7344593524,5377.160440615673,0,0,1,1,22,19006.600330696467,BENIGN
10350.551753636411,17,13,6946.289068316888,8559.598957945678,382.3489530834441,638.5379114774961,1498073.5708910353,2898.3962124975837,274.8770589161551,351.16394957551654,269.24273275339374,0,0,0,1,80,6650.613817047559,BENIGN
272.41955459033164,1,0,44.10102599334256,0.0,44.14364017502643,0.0,161886.41839482597,3670.8084392246146,29.2217025985464,39.845070888546005,23.632427227221626,1,0,0,0,9847,32.70953473576883,Port Scan
14300.462256037395,11,22,1740.796913089624,2974.660862177617,154.5429481897145,146.1833883055915,329741.6328815847,2307.6177125720533,379.2834361647833,517.6619664250225,420.9545741603233,0,0,1,1,443,24833.665837848435,BENIGN
12050.768065125727,7,13,3402.196349442659,5947.21696705779,500.28964232542353,454.1252958876221,775835.470898917,1659.645251814191,566.6740018753216,694.5161902254499,661.8040916301843,0,0,0,0,443,4848.03473880364,BENIGN
360921.03093833855,10,16,4855.8565066607225,17649.253830209505,473.88810655106926,1073.8151561620614,62354.666000926685,72.03791902179833,11702.294177428035,15914.344890222754,17532.824288568605,1,0,1,1,80,19543.474149390728,BENIGN
1599.1521950492684,184,3,12613.432693345527,98.25187455532249,66.30247290523332,34.48953673027654,7949014.8637848785,116936.96233474433,20.5486066479099,25.155482519874873,32.504955885233734,1,0,1,0,443,214.54308734278197,DDoS
44426.792329270545,5,13,1297.126866133736,2392.05589059308,267.9206698930023,179.1078093664764,83039.5930767255,405.1609188120637,14065.386060407469,12666.15338262644,15179.891758303824,0,0,1,1,4444,5643.856081254852,BENIGN
57895.03808352768,15,13,7079.3773326959035,6541.446067847929,448.1743341231497,549.1247699709743,235267.54366915658,483.63384716326095,2347.3961128418578,3227.3584911124276,3708.500915169115,0,0,0,1,443,24485.07970323464,BENIGN
740.7263742014724,1,0,43.3624782597617,0.0,44.679868578794476,0.0,58540.481033239696,1350.0261835256415,44.586739646451775,59.26855256674599,54.642832433788946,1,1,0,0,62568,19.28994371571477,Port Scan
70147.63501095654,11,17,2948.652866953012,16664.25726158478,273.49381019298596,913.8856562183981,279594.74507550255,399.1581468944264,2201.4314128548876,2328.063873726952,3348.286872842866,0,0,1,1,80,8378.286298754658,BENIGN
6541.631089458892,13,19,6275.463950839803,9794.859859254502,474.3376138952611,555.4238687174661,2456623.3696653782,4891.746349249872,210.25936880558237,215.30160406004242,278.5325584685103,1,0,0,1,443,5190.047978514661,BENIGN
5636.405881335003,8,3,881.6406748338968,179.53731786559308,100.3257966097487,56.96858828510265,188272.1037201363,1951.5982758492564,336.96333817008343,427.1379991069971,328.1559148049455,1,0,1,1,21,454.68878477388404,BENIGN
73154.22149798808,9,11,1791.1190541304454,2265.961114849681,205.6313373820753,194.01577074318882,55459.27611425276,273.39502205693003,13555.949713661568,14422.990265592336,15349.57934739001,0,0,1,1,9001,6936.788669354916,Botnet
1776.1906467048027,5,3,558.1198200447792,260.7413971139566,102.07418505384324,83.96843920583395,461021.0163407239,4504.021015335059,181.77204660834263,215.86373201095182,187.57358639785895,1,0,1,1,22,2327.83227380233,Brute Force
15446.778755905749,18,19,5723.742624457616,16675.84842876564,332.0416619250188,839.2379023679572,1450114.0598430107,2395.3214184448543,349.7178841378669,479.56680221991934,547.0218552135344,0,1,0,1,443,10383.401433464831,BENIGN
2294.2027314131983,143,2,9113.521554731875,80.21368787069333,58.57277906642718,39.78588776295262,4007376.992764432,63202.784136989474,1.7788473169692016,1.8374701803713869,1.6497495123273247,1,0,0,0,443,47.13254383971866,BENIGN
26.189700815547315,1,1,50.79159810884811,0.0,49.18696964956962,0.0,1939372.9797285837,76365.89719317127,14.515764138578737,13.863985349154072,17.19690011925477,1,0,0,0,25417,18.379001145866784,Port Scan
14652.873393186366,16,19,6359.660658780463,7352.016072625897,362.1085593402871,398.14237991452677,935767.0924654502,2388.610005753214,407.8601264958407,430.25377456070174,629.6715454847315,0,0,1,1,443,10729.471820836412,BENIGN
16923.403356379706,8,20,1704.5133729274635,10063.779365846629,204.50670350409254,553.7102236174051,695385.7029199589,1654.5135402356696,488.288339539937,440.8744554815412,736.3637040437987,0,0,0,1,8080,6473.087951944578,BENIGN
12457.193359806188,10,14,3104.7784118968293,11916.24582469793,289.3662684174713,907.0162626135011,1205811.277286657,1926.5976939426264,507.80244508938205,646.4467791899478,754.3533232027063,0,0,0,1,53,15494.950563821107,BENIGN
8897.771283127118,7,1,593.4187165626803,102.64789622545754,79.26265653097866,94.08082589921257,78229.32177500358,899.1015553715608,114.49366256488085,133.26308155020064,98.84039181726948,1,0,1,1,21,1743.2095444437275,Brute Force
22080.633169742847,15,15,4335.563443639066,11344.324408265133,287.67298840099966,799.7211244093943,710119.4848610768,1358.6566911092516,587.8452396009868,506.061015477192,568.8098246869524,0,0,0,1,80,13596.353834235328,BENIGN
97337.81937889992,17,10,8264.208911118592,9031.759560172755,469.59401646844685,904.224117255001,177690.11656162728,277.3844757596125,3162.4546601968555,3287.7307700241663,4860.177445005414,0,0,0,1,443,2343.2037314977683,BENIGN
657.9376675195019,1,0,42.14482467359094,0.0,40.31596959525108,0.0,64055.95355633248,1519.9008194349337,6.4278236855767314,7.674069646082046,7.7623012223573795,1,0,0,0,41114,38.028762209709306,Port Scan
128.31591693645032,1,0,44.963806456045454,0.0,43.50749136972448,0.0,350414.87860242784,7793.265433276369,28.183339900374882,32.20153353702292,24.20291531339017,1,1,0,0,16569,29.78254774275936,BENIGN
12853.045723614114,6,5,774.2786359702425,316.16224176883645,135.89927492523535,69.46598532884839,84839.10360138833,855.8282788794857,63.38003487442362,74.64537806966392,67.58848681316542,1,0,0,1,22,2018.2632709302723,Brute Force
4162.847148896608,4,4,424.0586138455686,508.6591204596548,110.53106453815205,120.28675553739744,224057.64635207583,1921.7616486640536,372.0376543798129,404.05115042444845,397.3687256468146,1,0,0,1,22,2016.3738349854207,Brute Force
7557.559504798822,4,4,538.691230605912,404.9658551068431,146.8634549442314,94.24146998214795,124862.67360694433,1058.5427736189497,242.65985861358973,278.5406983182749,310.40730910103673,1,0,1,1,3389,2817.022323993852,Brute Force
198604.27020142673,12,12,2800.462733272803,5981.650272725412,256.1792589595813,460.09246318497355,44219.15499143747,120.84332313529274,5360.428297007127,6954.593325226171,6661.892744253144,0,0,1,1,443,6591.471239906452,BENIGN
159.66474940003377,1,0,38.880778695804025,0.0,42.27501668046864,0.0,243515.1080116611,6263.123223865396,22.303334501090166,23.10164689120885,21.608618625579886,1,1,0,0,35883,37.28968585418618,Port Scan
32073.16401785639,7,14,3222.3859489918214,12639.283105813793,424.70128074667326,978.8784815550889,494546.439072079,654.752988769941,1358.3520983803696,1463.3156551665297,1388.647204527841,1,0,0,1,80,5145.468612154557,BENIGN
115099.61382773894,10,16,3213.8237863556474,14772.408200627757,353.06144647983507,952.7658251099981,156266.6579742141,225.89128786228835,2955.236182815676,3978.084475753818,4094.031035583484,0,0,0,1,22,9242.720026229277,BENIGN
12452.687653147723,4,4,732.0107194775364,149.28141615595743,197.81657063209053,40.0,70771.23912368633,642.431595718841,303.09520591307364,419.0691872583695,389.2091551822024,1,0,1,1,80,848.9645339485098,Brute Force
5570.731017348742,10,10,3678.86947079187,8901.34987388246,341.14260081907224,844.6209841099239,2258270.8275621585,3590.1930891501793,256.1777001240229,349.6346233106871,215.83118659577,0,0,1,1,53,4607.946562589083,BENIGN
12552.428011196038,10,3,1480.2226845301443,236.78007404092082,145.71352649754604,79.45490142084789,136786.50513188352,1035.6562083769572,189.38388278178905,154.5309051714431,244.25478147033436,1,0,1,1,80,1482.2827123703894,Brute Force
13041.30880163305,21,18,10691.899410551081,13095.227526327591,468.4253464560505,762.6378996405417,1823983.1061971341,2990.497395101661,323.1559679384215,272.7525352938668,293.9090247010448,0,0,0,1,80,6157.68860619946,BENIGN
292.58421551120364,141,0,5713.298853771591,0.0,44.406439883352014,36.54831377216088,19527023.505999137,481912.53158904886,18.65676801457919,26.05789698139022,15.399993558993652,1,0,0,0,80,463.9731001312456,DDoS
79815.62942070686,16,15,2915.6446478523817,6729.122994241393,165.9745346742495,448.0538353631158,120838.08286791005,388.39510788794905,2760.816010032423,2936.291745035319,3131.1500035527865,0,0,1,1,80,20076.17139155933,BENIGN
10553.15408019934,8,17,2365.3191790541255,11869.846384707927,324.65964365512843,685.4445793166387,1348901.5185015819,2368.9600104396254,359.7429827524182,325.53518553196847,289.7007289356426,0,0,1,1,443,18923.980717738985,BENIGN
8984.799264977617,7,18,2044.7616824176591,11145.83208279564,292.51055171633834,677.7776613426065,1468101.1090175046,2782.4773000159266,394.93730535124763,358.4811153304437,424.48933532888776,0,0,1,1,443,8550.849148620504,BENIGN
12478.000711112365,7,2,532.7963812361561,128.67738891761547,83.77741369574952,64.85755255384129,53011.19830556603,721.2693930995686,245.97978270057257,311.4537016767907,254.81049569756607,1,1,1,1,22,905.9468337013681,Brute Force
8297.522165289385,14,21,3758.0391767221663,19073.235921498104,253.80896261233474,863.7946888419575,2751577.4761927384,4218.126725399274,240.37710720616965,329.05160080821776,346.1013132670825,1,0,1,1,53,23827.57119347644,BENIGN
41855.30726646388,18,17,4905.319838584637,13775.14751337032,285.6958335911062,749.5997071115036,446310.6012585048,836.2141454888656,1495.2412322150794,1761.448156184707,1742.4592997117554,0,0,0,1,443,10575.020072166888,BENIGN
178847.59424439332,11,16,3700.031016823714,8367.24175967169,335.914791195608,536.2106175617902,67472.37963964786,150.9665260752951,4697.678832988484,4862.047419841512,6787.117797432847,0,0,1,1,22,1591.2171898096176,BENIGN
3404.719398665508,7,3,688.0938888948966,260.35697068940874,94.5582480036167,79.60281325965578,278569.46447805775,2937.099604719125,182.72076665193185,164.5489393176462,244.8468374146592,1,1,0,1,22,2249.4414773112208,Brute Force
2159.0709510134525,10,3,921.0242564755349,276.1199268702396,95.41164320260071,94.11493826027706,554471.9050496436,6021.108289145335,60.48685828212159,61.62218322611317,67.5634665044251,1,0,0,1,21,1365.024647625448,Brute Force
10441.303527120315,9,3,993.6338579076928,264.4042919358956,113.39768079193576,82.78121626198585,120486.69465224828,1149.2817892738312,293.83444475260603,274.3183679626203,325.0856409252307,1,0,0,1,22,1325.2822918567051,Brute Force
16125.06213048541,17,12,3795.7644409367963,12272.122507968274,229.84350441282413,964.348994548096,996454.2659669976,1798.442682907481,543.9680438403676,509.2335557733592,603.8658528113891,0,0,0,1,80,16952.036614694625,BENIGN
45800.8338254619,12,15,3779.118435778487,4597.992253837818,309.2719944038688,300.12186603104897,182903.0170398174,589.5089181758517,1278.0866485797364,1288.0833421786435,1382.5716253161095,1,0,0,0,53,24468.37543085376,BENIGN
71783.44308442617,6,7,1474.816883423465,1825.4394861304716,258.1850828210498,260.8025788841393,45975.1751622227,181.10025712629024,16091.447547882906,15392.275587621305,20060.324341132204,0,0,1,1,6667,5574.778669431724,Botnet
46937.64345043577,14,15,2964.9609400233353,18181.565316371954,215.5521394441365,1134.0976780925696,450523.81632079923,617.8409879188506,1935.8909006143253,2346.763255049924,2910.348030210755,0,0,1,1,80,22102.244706260462,BENIGN
13746.123284677125,8,1,974.5779676422767,76.66792202731162,127.09946630950556,71.50153178135156,76475.80833509746,654.7300510560929,383.75812465763624,376.72431830010095,455.5475790834657,1,0,0,1,21,2536.3368654738147,Brute Force
67961.24357630286,16,14,5656.940745490253,22404.869982973767,327.872636018472,1499.075845595166,412909.0236107567,441.4280613673259,2279.1318593197893,2932.306188501876,2531.7713508096867,0,0,0,1,443,16960.740839764916,BENIGN
75889.48740064909,12,10,2751.9664329683715,3840.1482099459063,238.6102351654936,385.8783769186996,86864.66161132476,289.89522466865196,3517.6756954390808,4781.862505240982,3536.2630668805546,0,0,0,1,80,5543.860076770626,BENIGN
32604.30576143518,8,18,2174.394584899703,11243.419939281603,278.77689253381845,623.7266764658864,411535.04762098263,797.4406874429806,1375.595318996663,1821.9030315995567,1712.447489800869,0,0,1,0,443,2303.507330197489,BENIGN
38908.7790492486,8,16,3033.0192247874497,6128.064540386336,352.83975086293685,406.7392962373183,235450.3016807129,616.8273738330909,1664.0314608806643,1921.1989642319104,1511.3268428013184,0,0,0,1,443,4022.3653540381633,BENIGN
43820.26508057973,11,21,3505.5940184412507,19591.950665167733,293.1474703207037,893.2913498280606,527097.3290813194,730.2557376400208,1276.6794807396261,1078.170775214699,1778.3357792422105,1,0,1,1,80,24990.914337617858,BENIGN
2470.8611170965537,123,1,8733.733261857045,33.93377658347621,69.14911563569157,35.67856196390466,3548425.679523091,50184.93315630352,30.217677728714683,37.028689652613146,30.458900541437302,1,0,0,1,80,459.55554587394965,DDoS
9683.84715298627,6,3,643.0252719241468,226.97722967486416,105.87649444465843,79.19181681576393,89840.58585959018,929.3826986131862,71.15336926924508,79.42108627231126,61.460679245648976,1,0,1,1,22,2969.0928766080488,BENIGN
108516.77055312898,7,19,2477.317488613159,18504.159762387426,378.1353023499498,894.9621196565467,193347.78526908165,239.5943029586436,3522.956020153811,4092.6705750951037,3442.655645195447,0,0,1,1,443,11696.224968536175,BENIGN
53782.077832084884,10,15,3897.734443557235,12601.434201868382,361.1149899184796,768.4957416882112,306778.1928570761,464.83886468747954,1562.421093096308,1521.5874397045186,1722.1673010493455,1,0,1,1,80,15681.26780729361,BENIGN
13817.220393918813,14,26,5107.285250063547,15761.557548725606,339.3356676865128,642.6351261703131,1510350.287817214,2894.9382625180288,276.9201027593134,335.5421046346246,293.93355347137435,0,1,0,1,80,23378.412463283985,BENIGN
30068.41053239432,22,15,6236.732639813001,16811.781708864182,274.9620532308237,1101.556310610276,766535.8407903131,1230.527299078144,954.9541923240571,1297.3795298148864,1185.4247602855712,0,0,1,1,443,15192.621291760575,BENIGN
72047.20366256859,9,12,5111.245009418035,7637.007661173003,579.2516573796697,650.3442445787683,176943.05986249217,291.4755734081369,3569.212978203456,2891.5065715299734,4222.879723201772,1,0,1,1,8080,20864.46905225003,BENIGN
28489.1437273206,11,15,3331.537384555665,11885.727025332997,301.0185644726624,741.3093720835606,534142.5686759258,912.6283418292579,1137.0078335919372,1207.9930005235713,953.3325508494438,0,0,1,1,443,19898.991110963154,BENIGN
22115.826426898082,18,12,7010.129219941079,8531.889019184748,355.15780820184347,656.4140075560445,702755.4810352036,1356.494639671837,801.1739011159729,829.9769229346496,1104.6575870019708,0,0,0,1,80,11557.446704607897,BENIGN
1791.121926781022,7,4,1015.2935626088498,272.5813973214868,142.94481015840714,73.90591585443656,719032.5464022913,6141.402120942731,198.9450275945293,192.81172616049236,293.48114931030136,1,0,0,1,22,410.9891070553764,Brute Force
3112.2224304888628,5,5,539.1339307244459,455.3365520170796,105.46366296221288,100.70658391286582,319537.08481733286,3213.1379499212776,148.72443831903968,205.94045568263866,191.96287257688167,1,0,0,1,22,1844.6673071981081,Brute Force
42399.793750325654,12,7,5405.297503658171,7798.234365639778,460.94188199272384,1025.4901602066143,311405.5683159199,448.1153873502998,2124.238202417567,2492.698442037704,2600.007353588127,0,0,0,1,443,8472.142284080857,BENIGN
7692.659673714505,18,13,7939.122455388604,8769.46802946334,406.9199776663738,641.8008648735012,2172017.376765606,4029.8156053784232,224.70498467867154,279.65730405006076,260.5464521380465,0,0,0,1,443,6619.207340015645,BENIGN
54328.04786267333,12,20,3999.664885236629,15913.74563417759,315.4793158181836,749.4059100570925,366540.1445998935,589.0143537070829,1684.0259439834394,1445.5219640425487,1796.8998365676134,0,0,1,0,80,17271.824067877726,BENIGN
21300.074906080958,19,15,6656.017870181122,11604.811649776966,355.4203879955245,803.1396674194414,857312.9249768415,1596.238517935603,693.771359094866,748.4071195236195,1070.466107660164,0,0,0,1,8080,21982.2419090193,BENIGN
113928.05182971999,9,21,1980.7085831276327,14969.546497361514,234.5771768116095,685.9206569719212,148780.34696690386,263.3240849658241,3751.6814526576773,4864.850430328572,4940.349458533394,0,0,0,1,443,8221.729629504374,BENIGN
8294.85533784881,9,3,1298.1497045329738,250.63142187756293,137.62006584452865,82.67784009174913,186715.86945507815,1446.679840846035,370.2940244632724,308.2484589659326,307.91960010621113,1,1,0,1,22,1683.6327083422268,Brute Force
31163.91840922547,9,12,1488.2723140152066,10471.796024901349,180.019347652549,955.8964483411157,383779.3496268432,673.8562116689203,1409.125144578153,1300.2648336580164,2182.5838841396953,1,0,0,1,80,12632.600704496492,BENIGN
2542.63401156021,153,4,10465.895848413176,111.00691035855439,73.31568023585008,28.721669516919334,4159821.1581703555,61746.991224923375,2.379422232170211,2.259391291472947,2.659018780795729,1,0,0,1,443,494.4408902270273,BENIGN
7324.658867102793,12,13,3343.5581763418695,9313.309841283803,287.08107303948253,695.7692888336086,1727980.5445235688,3413.128236221674,241.03534705201798,295.97752027192433,229.08457619073397,0,0,0,1,443,3871.6149956839713,BENIGN
24691.564832766162,11,18,4304.481711294756,14207.873754308679,365.9485764198089,782.4511749143473,749744.1167048756,1174.4901627909976,806.2328693294877,973.6041459166601,935.1103312332871,0,0,0,1,443,6560.968941547941,BENIGN
1175.3538423529599,21,18,6700.400111370697,18486.049094960934,290.1760633363475,1080.57236665883,21428822.79255622,33181.49700512764,38.59254560789774,34.99222096979691,56.286928387995395,0,0,1,0,443,14183.349835920393,BENIGN
63140.26059256927,8,10,1784.439241801014,2235.754287281968,223.82933178423866,206.18870111329724,63670.84157324658,285.0795962998979,15647.896887847133,13809.300515552111,20047.32185043692,1,0,1,1,9001,3233.589148279018,Botnet
3082.4975448676314,5,2,902.1068433334937,145.83394524041674,184.11154540569362,75.68548777230407,339964.84127578145,2270.8858314112927,302.4413304514635,307.2082156535345,455.7893308476369,1,0,1,1,3389,631.2071993354285,Brute Force
3833.326898634705,5,2,538.1279529295568,191.24071048550897,100.78111057833284,98.92114717771842,190270.4054994217,1826.0900218275547,316.545071505997,386.65797932063424,298.8093191432847,1,1,1,1,80,2943.662708784022,Brute Force
100914.8546549218,13,20,5402.149931526742,23930.18496655768,409.60173304445163,1095.3933275367162,290664.194071193,327.0083488981226,2023.4041956086987,2471.7737912900247,2524.2786293985937,0,0,0,1,443,12856.897490527148,BENIGN
55163.655368030064,13,21,5445.06124550974,19589.285163538254,432.31200259464725,931.7019666856913,453819.5709118395,616.3478430347928,1711.392039871407,1534.1987788006707,1994.4373750668015,0,1,0,1,443,13439.368458105844,BENIGN
28701.363342782202,18,11,4806.659938457198,7392.9667186259385,250.93988495506352,705.2592315792458,425053.9081151728,1010.4049641702089,984.6287582274597,1202.7133541617707,793.943289029213,0,0,0,1,80,5553.469049344912,BENIGN
113562.17967058154,8,19,3602.0002496625466,9705.603179791902,428.5248640024614,505.1611766645178,117183.40972370227,237.7552110951107,5193.516596157093,5648.871869390514,5142.527645036265,0,0,0,1,443,7914.9113335446045,BENIGN
135350.5960905999,9,14,3757.516453332363,12150.364148559363,447.37074943561305,941.4072979215397,117530.92384789675,169.929063220412,5440.28854270204,7054.26578227423,7241.6746681648365,0,0,0,1,8080,20528.8689352522,BENIGN
127.53564349983445,2,0,86.52780850015087,0.0,42.43942239974148,0.0,678459.8103373602,15681.890529705888,23.975223391639904,20.43629171567052,34.26639451077732,1,0,0,0,64858,17.09136576418907,Port Scan
8014.203493349137,19,18,6105.9209681129305,10696.47170939518,327.6709638987085,606.9515024492341,2096576.7454560092,4616.803158380708,216.25050528221774,297.5393054704754,310.573433627968,0,0,0,1,80,16863.443386376013,BENIGN
10108.73133056444,8,2,1071.7859832065058,128.0067848918693,139.69915683630396,60.611219457628714,118688.75815016664,989.2438203164345,58.448494153165825,47.22580092569072,52.800499411972396,1,0,1,1,22,2932.733057534021,Brute Force
32494.801669450044,11,15,1632.320473924522,9929.712162067784,153.3154911799174,722.2539153877772,355811.7619429061,800.1279793759713,1432.9405328483654,1155.3880930238213,2036.0473468268713,0,0,0,1,443,4478.441696760214,BENIGN
12514.507001295857,3,4,379.6234360391916,320.007231704408,127.76502198708803,76.61599989748937,55905.57164346577,559.3508397314541,363.2228711406312,323.231361289908,461.7916970572171,1,1,1,1,22,422.69665144251894,Brute Force
5275.651275936941,6,17,2224.5142120780165,8109.691035799863,404.0007019488231,508.3990136503271,1958849.193655726,4359.651310712395,189.6487429226938,233.0778096631298,188.2932958604087,0,0,1,1,80,23946.722338303258,BENIGN
14950.613069006344,15,20,5139.63919189789,12369.936780880045,324.7847665628423,675.8860742824907,1171161.0682425124,2341.0411224244326,322.65857760335996,353.84090287816247,410.92283640939206,0,0,0,1,443,2498.914415672424,BENIGN
8974.024650936071,14,10,5959.313510826704,7877.08224122257,411.2686417814337,729.8443976794039,1541827.2503414634,2674.3853436480795,454.29374150939356,392.7563336226472,676.2259138341325,0,0,1,1,443,18478.134319916648,BENIGN
113.0637850819441,1,0,42.961357240680336,0.0,40.0,0.0,379974.5180080754,8844.565032695837,11.9223725692022,14.765165225347975,18.588887454375378,1,0,0,0,50551,20.267070975910904,Port Scan
114356.36784977179,22,13,10152.516428505944,10003.290551858281,421.94747311196414,782.24413315644,176254.3473472557,306.0607875022663,3403.413469049554,4187.312959898548,3898.2176022890867,0,0,0,1,443,11594.66749363278,BENIGN
97988.97163638142,11,9,4720.557842752142,5006.539206320907,445.6510881287227,590.253729583703,99267.26331171706,204.1046014261301,3765.293370181365,3547.8913932872283,4382.706829686,0,0,0,1,53,15437.879516990324,BENIGN
12160.592722888498,10,16,4109.129086286717,14660.3516683939,422.8894936385296,906.8755717010937,1543467.5909631415,2138.0536781782985,347.10961833601476,278.23992658499543,423.72540610711354,0,0,1,1,80,19470.693188706613,BENIGN
31313.816501489124,8,14,2692.422007425405,15010.085775542158,363.6081348505395,1121.0775467191888,565325.7814206622,702.5652717532465,1362.4181693563166,1237.0943705056873,1249.200923230715,0,0,1,1,53,4935.278745190312,BENIGN
40553.98939139587,15,16,6299.009085989801,12830.94210128536,387.869423733692,753.9465124442223,471715.6431306327,764.4130815543663,1154.7849207561803,1043.606016939198,970.0093415448761,0,0,0,0,443,12758.241703461572,BENIGN
6826.300286982557,4,3,447.4065781965804,134.1535238303374,112.98798250570943,40.742110146952754,85194.0403406991,1025.4456595395723,124.88811685158183,102.7249560690205,186.45119920219284,1,1,1,1,21,818.9329225341208,Brute Force
68.4769552095571,2,0,84.36530039919944,0.0,40.0,0.0,1232024.70292407,29206.90608803334,31.67488527461324,42.56100334766402,45.27187032868536,1,1,0,0,30290,41.702196943015366,Port Scan
4806.299716462519,9,2,1382.5643784213153,178.1562407380907,144.42296820303002,89.80043804750424,324723.94799134805,2288.662931760756,318.1138466873075,378.4962801764712,437.74610417570455,1,0,0,1,21,1051.5691563481219,Brute Force
2262.7302380310607,6,25,2713.761402389199,17643.97786423158,460.96070568847813,692.2797306912069,8996980.251757843,13700.26328325156,65.57609844523141,72.32635937911996,86.05622360382607,0,0,0,1,22,17996.81220526186,BENIGN
5733.3120469970445,4,3,464.9826465220063,143.12488312483953,117.59564228331702,48.30282879111202,106065.66059235451,1220.9347655630245,341.75099475827074,464.0707629542853,471.5451479937316,1,1,1,1,3389,1141.262153943835,Brute Force
9207.145510140035,10,11,3522.191945384543,9136.918982570063,361.9725028655818,896.9555381569849,1374922.4354076781,2280.8372015922014,300.8578046843488,325.8541366218644,438.9107741952217,0,0,0,1,443,20540.086728901526,BENIGN
443.0826393134744,1,0,41.13324017687103,0.0,40.0,0.0,92834.24022345834,2256.9153274644887,36.6764331720303,45.14998210505317,53.524646067103944,1,1,0,0,8601,42.07072021722942,Port Scan
5588.349571283784,9,17,3609.9983879575266,14844.374722096465,404.50443956327746,919.0998871951282,3302293.9733196683,4652.536436446861,200.16498320455847,220.23444258016073,212.73934109324182,0,0,0,1,443,751.4363636235577,BENIGN
86699.95068292023,14,13,3616.39969613736,6690.354088686742,254.20607813299216,483.16594186251194,118878.42730750848,311.41886226377017,2917.4113538458855,3300.5580446375425,2559.3684675782442,1,0,0,1,8080,23040.712745425462,BENIGN
86286.9908894773,12,16,3722.012681466382,10406.483213532274,292.2736249583952,671.9725943010957,163738.4239426714,324.4985102779219,3410.6167195898715,3524.7955551444143,4073.3090626698004,0,0,0,0,22,5738.665935868898,BENIGN
29694.356338512822,22,18,9766.20901885361,11212.204762057516,438.0278567846083,623.7894214958615,706478.1449296026,1347.0573176937673,904.8677363572426,1034.7822360089194,1200.1125227761745,0,0,1,1,443,21213.928702764202,BENIGN
156797.74204072382,8,12,2490.2623741201924,6690.6788791001545,342.40684576465287,525.9247549704697,58552.764432257274,127.55285720125714,6977.869382338602,6949.569469712177,9272.28845752645,1,0,0,1,53,7949.301594614294,BENIGN
54528.59645009597,8,4,1439.7679258934425,305.4094344249261,181.73118901569273,80.40203105515438,32004.8098416679,220.0680153391126,14704.178578053783,20535.69376733833,21409.9066471481,0,0,0,1,4444,6847.745013508064,Botnet
3991.264585290936,5,3,556.7664796333822,362.64564298398557,118.35856670251349,129.33099331002893,230356.0946587431,2004.3772666644336,207.84409302574997,229.05487205741804,201.5793574833743,1,0,1,1,22,1757.4023505457449,Brute Force
6646.5445533470365,9,4,1342.8886872415123,322.9858201674045,147.91411789907266,83.11212866545543,250637.68008145274,1955.9035368917403,386.69017325984674,333.60112655558066,320.1627706876728,1,1,0,1,80,2825.589161189964,Brute Force
19722.76388064896,8,16,2378.6720600095236,10418.085890959173,314.95921495280265,696.1725320860004,648831.8791629538,1216.8679879369067,814.8090046857321,915.71914408739,1104.9046080810363,0,0,0,1,53,10989.217010016595,BENIGN
32804.61487060645,11,13,1771.3208868419908,12324.122095625893,160.74951278239155,990.2200982926012,429678.6607026338,731.604382330501,1221.9485821896178,1099.5793644236003,1488.8204666816266,0,0,0,1,443,3178.759076028048,BENIGN
175390.87030784888,14,7,2882.462591686287,6387.74458758968,200.7613543183077,949.2357333062212,52854.55943633069,119.73257195850879,6384.908194802484,7183.029396062778,9768.340093204684,0,0,0,1,53,17844.62489669589,BENIGN
273656.10043938574,12,14,3494.96881361259,9911.060837001896,306.7332200650671,728.384799158452,48988.60149322303,95.00975844592561,8240.37821915685,6901.325606638003,12694.20632271466,0,0,0,1,80,22086.803475463174,BENIGN
20443.40809160355,13,20,4718.5191551465,14085.389759068321,360.61900384653137,766.5293550492119,919803.0401759628,1614.212261093279,474.4522754973966,429.2951450057183,397.7701970432584,1,0,1,1,443,5271.240988058839,BENIGN
76974.6083121272,11,16,3511.0685113988834,15793.594097859681,334.70645000621283,908.0476305562242,250792.605932847,350.7650196869687,2660.219828532051,3413.3191618688206,2471.2560886041397,0,0,0,1,443,11443.017443476085,BENIGN
20905.134851561852,10,10,2899.624927072106,9618.947324287263,307.2326914536027,1068.3054073775681,598827.6248992524,956.7027499229823,1231.9520404323168,1487.5059336885652,1237.4248855745661,0,0,1,1,22,10641.05466618572,BENIGN
41588.30853034453,11,19,3308.8842978751813,16693.914245722914,311.8019649857903,905.4061266749513,480971.6781100446,721.3565797731535,1191.903399611352,1618.783519601168,984.4048654552611,0,0,1,1,80,1812.7671537694566,BENIGN
6616.18411064827,12,9,4973.150720780451,8945.586595011051,423.2926134619272,961.3429199082931,2103740.9302728293,3174.035010029727,343.3162770381259,410.03580894928865,500.3997042040127,1,0,1,1,443,19988.01231405117,BENIGN
53971.908719647094,5,17,1840.9529991655397,13386.110027415798,394.6207275980436,846.3195309888849,282129.4148716722,407.6194546736766,1879.6172382297918,2120.1695837756697,2902.176453861927,0,0,1,1,443,5126.959932116754,BENIGN
49621.125166907725,13,11,1344.0107788106168,14517.102524185955,94.5736405854908,1272.0083739957022,319644.3702081615,483.6649696933026,2249.2559307682827,2272.8723653615807,3189.1875080293585,0,0,0,1,80,24966.062239882143,BENIGN
17862.172171217477,5,3,977.8861617714385,191.7148357505077,186.4264257467628,58.81568798545956,65479.21419135145,447.8738600947392,350.3429031917096,458.2959942181667,444.8427631096496,1,0,0,1,21,2107.198769286226,Brute Force
175525.40192476695,14,18,5839.98292987617,9684.723672062557,443.8884906947331,534.697295056681,88447.06482195022,182.3097947595968,4451.245437386806,5130.771253640283,4924.694605201737,0,0,0,0,443,20688.232965246978,BENIGN
284.76151621532506,1,0,49.51639862921168,0.0,46.58847701312266,0.0,173887.25585998563,3511.710477211537,25.688406398416888,25.44573777279053,29.86553084355616,1,0,0,0,28830,38.8241333240364,Port Scan
14167.976194363504,7,3,704.6197042824505,261.00045292220557,94.81389251968899,84.08132031786268,68155.12278943637,705.8171091491765,142.70670089137917,133.14666268395686,189.510544675278,1,1,1,1,22,1304.7613451162474,Brute Force
6650.998784482277,16,15,5604.494495139538,14920.936175566652,383.92781429709936,1047.146414719928,3086067.4217224233,4660.954091936897,174.39871664141984,174.44350395998893,234.415210606251,0,0,1,1,443,23059.251519652258,BENIGN
22066.882957502672,15,18,6691.423529894094,9651.349543987137,481.7143177305793,542.5766360000746,740601.7925302286,1495.4536199585953,841.522728302873,694.0727191477159,1290.195379130168,0,0,0,1,80,23384.389210772068,BENIGN
6463.766677335035,7,2,844.9926622507797,118.61613928504246,133.39763241082025,61.09355896300677,149078.5248970514,1392.3769915083997,299.5506176027851,403.180647808966,289.1031616101642,1,0,1,1,3389,1515.2144608435224,Brute Force
146362.2608563644,6,11,2374.0325246133043,10086.898742267409,396.30207980007225,868.7645191681657,85137.59758814811,116.1501598877548,7601.686422886132,8137.291427020392,7957.486622490823,0,1,0,0,443,7470.813771901107,BENIGN
1145.4888367044207,6,2,850.6511546587299,191.10042320422627,155.08203536455798,92.98744970633398,909438.4375321218,6983.917907935319,232.3368731947384,288.26004812437094,211.3081799764909,1,0,1,1,22,1947.3448158913027,Brute Force
5048.474466640383,6,2,605.1859307321342,130.59702916783243,92.59035988450458,61.44874993022826,145743.62310078385,1584.6371122331877,174.74544745351363,169.13549896337116,247.09790784482144,1,0,1,1,22,2005.1651033837602,Brute Force
211220.20770254466,8,19,2917.0952742647232,20256.573811074977,403.4548246817713,1033.6586068210265,109713.31454220759,127.82867839057958,7679.54520203164,6802.9463670932555,10761.202902624756,0,0,0,1,80,5269.268274986433,BENIGN
44783.573881543365,15,12,3083.126686186175,14621.321455096173,197.0085238858527,1120.573998410785,395333.5253705349,602.899627247648,1917.7435946434887,1720.9403966552757,2138.1988536491317,0,0,1,0,53,1056.6421124489295,BENIGN
90724.79284929975,7,12,2550.309620556531,10368.850637685719,332.79948484988034,799.2336191975731,142399.4461988123,209.42456194482952,4648.08539871274,6438.736253938294,6368.941888328383,1,0,0,1,443,11230.946724301095,BENIGN
15132.19941355695,16,13,5372.9045691743595,8697.558151262889,331.22155923809277,644.1920372650377,929835.9303824339,1916.4431559115508,569.642827352037,464.68699241135016,682.9888407978236,0,0,0,1,443,2935.3119034294186,BENIGN
8570.374371489064,4,5,446.32194246363815,407.11567886519816,118.40606624497912,78.59671354340311,99579.96982815061,1050.1291553774086,119.93928048739474,130.1221598847656,185.70439231342576,1,0,0,1,3389,2774.7190848136024,Brute Force
3271.269792746789,6,2,903.9106403649068,182.46155719522633,152.18764888297454,85.73081535147989,332094.9559002709,2445.5335410542934,387.0617497625687,380.7116694083018,566.6365702149379,1,0,0,1,22,1963.6030848747819,Brute Force
6692.381563533213,11,19,5796.621972699414,17269.496464254382,557.5437811392035,1004.3597747455444,3446623.3310188223,4482.709139519181,174.67397933419147,183.48944905043135,227.05765635438988,0,0,0,1,80,7777.149276873715,BENIGN
14824.188215630274,10,19,2547.6059763303538,12305.50217815147,256.28673131091324,622.6123268968496,1001950.8615534883,1956.262263954736,361.7312075818614,451.662551893025,420.2927808930341,0,0,1,1,22,11815.320137636638,BENIGN
51052.46337886285,12,18,5145.339340192028,15737.234282206337,449.3672344461962,841.6044141029728,409041.44952669094,587.6308020118151,1831.4642325870595,1654.944430176993,2869.22926247085,1,0,1,1,8080,5921.174115433444,BENIGN
10660.037376302957,6,15,1197.8343978921248,13142.2580288542,201.081192665492,936.8502451139732,1345219.7136404093,1969.9743311109366,451.90810605462997,587.4095325857705,415.3206439794888,0,0,1,1,53,1733.4528773926836,BENIGN
112028.97854092963,14,12,3570.2393680510877,10526.456453895933,277.45715183803253,871.4365321818268,125830.79847324335,232.0828087395346,4239.043907874921,5294.656474325948,4328.452138942329,1,0,0,1,8080,12219.467001806006,BENIGN
50437.45060744236,7,8,933.404711649433,1330.532091377894,130.253316923471,163.05225980578092,44886.02765924234,297.39806075342466,14270.156802009606,11482.940822645318,21405.8026624671,0,0,0,1,1337,2689.2856239824246,Botnet
67541.71086467766,10,7,1764.4652836183407,1396.8186586026663,162.46005391014114,187.74421422796757,46804.91361189765,251.69631894667478,15424.39427168663,14118.615486817711,15463.608648304453,1,0,0,1,9001,1255.3227380020278,Botnet
530.357998086495,1,0,40.77918995963182,0.0,43.5495737785037,0.0,76889.9311536002,1885.51884502157,8.619168340984764,10.05133713030937,7.439801953969159,1,1,0,0,40259,40.227780646111306,Port Scan
44786.279333406404,13,16,3629.038501109755,15585.758922848658,289.10018048478855,1066.0627506792002,429033.12599191425,647.519741126803,1562.6277240147824,1705.416304362172,2432.0933454747933,0,0,1,1,22,10629.293998155628,BENIGN
73210.66967073483,6,10,865.2501978995859,1622.5969061146961,153.63581220584052,168.51854209021707,33982.02905673969,218.54737939101005,14874.908227174683,15685.188990065442,12772.778577238276,0,0,1,1,4444,6201.846995113518,Botnet
11128.43274730975,15,14,4734.706620558235,7162.317739240118,309.479673479533,474.3772197090601,1069065.5755343812,2605.9374809099354,343.1416675842617,437.54695534903016,531.6107604797397,0,0,1,0,8080,1747.6884721949496,BENIGN
8276.406764223117,9,4,1140.1486928156742,370.4760075936255,121.16583361733957,88.44213248325806,182521.8048657735,1570.729952060334,153.9250283821467,185.27364535677927,149.1158204463825,1,0,1,1,21,2581.1141341295165,Brute Force
26592.379502767897,14,20,3709.364984385252,10722.703968581256,285.3408347397145,528.1580358958734,542714.462670192,1278.561777311469,711.7759526905784,927.228235046429,609.0995482092048,0,0,0,1,443,20232.547142363586,BENIGN
11340.374440098885,5,5,655.5009178682412,414.0881943559919,142.8240879120576,82.73580627422582,94316.91324426027,881.8050984842793,334.1790586436005,415.16718261428093,425.75542184131996,1,0,1,1,22,2271.6257915201027,Brute Force
12272.458034682495,4,3,509.5633771761371,369.5511551140827,121.02428183425678,117.18402979172791,71633.12596431817,570.3828833814464,199.14124509401955,267.784178276501,314.43599923911137,1,1,1,1,22,1549.2218465013625,Brute Force
27998.668434413517,14,13,2542.053415851456,9877.848366169332,171.99006997196867,791.5713286734936,443589.0160674688,964.3315739549228,856.6031151638705,854.0330331901101,1080.3651116499445,0,0,1,1,8080,16274.927240848698,BENIGN
5079.6991977472235,13,16,1996.7566538127753,15427.397603581576,163.5144528309395,883.3866638970984,3430154.735367347,5708.999464547252,145.7175540070705,126.45276683762896,229.8896018093229,0,0,1,1,443,12203.882218137229,BENIGN
3143.032753744119,7,2,850.9451365043683,247.40707183532328,127.11460099463447,117.43681486453815,349456.17637337255,2863.4763634832643,284.7250657192151,265.0543945993406,256.1528674251086,1,0,1,1,21,2904.09497173366,Brute Force
261822.0607685848,15,18,4002.9932412721982,15748.854273813287,260.5774611333885,808.4428252864251,75439.96658304297,126.03979933214077,7545.5981869238785,10436.934656698713,8938.511662344601,0,0,1,1,22,16303.77433654293,BENIGN
9815.097585555708,6,3,748.2327000338792,218.55319503689992,132.4164761011995,78.9140235242476,98499.87599649953,916.9547140565124,141.94696083039133,168.18406413405626,213.70271782133233,1,0,1,1,3389,189.33696010165716,Brute Force
13714.732401251014,11,13,3278.6722256762046,12928.633950200152,318.18678867465866,905.0915962954261,1181744.251488128,1749.9430027384856,604.8171739330345,494.696412206358,501.5641745010471,0,0,1,0,443,20043.25804078858,BENIGN
56418.764055811414,13,5,2133.796409626479,969.3360408762439,170.4422410388782,196.68161230896743,55001.78003603546,319.0427919015342,15509.342149345059,16036.02988670774,20355.12934964893,0,0,1,1,4444,6231.878627493069,BENIGN
130742.74521340292,14,6,3307.399805521801,5535.878895428585,260.9085910442053,901.6486738360913,67638.77174611925,152.97215893207147,5277.879022566873,6458.684131479735,6735.1570750093515,0,0,0,1,8080,24532.216132676404,BENIGN
74342.37911071966,12,14,1473.5543941480867,1831.2056822644902,125.70074116523891,127.35667859864878,44453.24612884299,349.73322499240516,12937.713158878647,16279.771296459969,11196.189277066458,0,0,1,1,6667,3176.2510996049714,Botnet
11065.675148804985,4,2,506.9368744591123,146.55990496484648,128.1819684006454,73.08795107873829,59056.20494331354,542.2172546469483,74.04535741987826,90.5141018457735,88.45229834100722,1,0,1,1,22,720.6713950473418,Brute Force
813.1696950857477,11,13,5050.406758111159,11200.043820954525,505.22649143548654,808.4833209371595,19984082.876271103,29514.13480487518,23.917142382136092,23.12037637105348,23.09498835595273,0,0,0,1,443,4311.934943744425,BENIGN
6069.877113113686,12,19,6349.248844266276,19769.62139160575,547.692835695691,1116.4230186240613,4303031.14035759,5107.187414556704,214.4973299008738,296.78814568349173,338.00918426405866,0,0,1,0,443,21265.09067322194,BENIGN
26506.437504566507,11,14,2952.326930076532,13198.670231294416,270.1984619739268,917.1515146326832,609323.5712490019,943.1671078277878,901.5996030477514,924.2527664551602,1000.7298557162698,0,0,0,1,22,24611.49382059925,BENIGN
8333.487180553813,16,18,5750.472044393213,15720.442513585876,328.0545741188556,869.6991471457228,2576462.1811720612,4079.9246777914263,313.8106074321812,331.9477153419102,311.08636326856305,0,0,0,1,443,9409.839052474452,BENIGN
11269.9072236608,7,1,668.1000670329878,80.69788012424792,94.15169410074236,82.00028069498171,66442.24591176394,709.8550006875179,126.76943615176572,127.59717903661007,159.06508401661642,1,0,1,1,22,1673.6506147628743,Brute Force
12477.692779804689,9,17,2877.416511633401,9289.931359122385,318.70200465771984,581.2979268366889,975128.0212996427,2083.7185574949676,330.2568840126449,329.31673833014855,330.5749060602092,0,0,1,0,8080,21885.62735281618,BENIGN
15955.364348195006,13,16,4563.4228104779,9401.061339609381,364.7720778001826,613.8950808126333,875221.8906030217,1817.5705278256903,605.4332615111203,789.2470953344786,929.7353932073026,0,0,0,0,443,1494.2326427654484,BENIGN
32290.048538511728,19,23,8283.731324623375,16939.356079384474,444.56385553589496,695.0401169015918,781141.2043535565,1300.7103395929366,1025.4817223093744,1049.6740944126843,859.8317746764261,0,0,0,1,80,20157.132804520814,BENIGN
9089.786874825846,8,11,3783.6889395570583,10022.600440175938,501.9654833974771,880.7149993490841,1518879.3279597675,2090.258029329651,346.04465546890157,328.16079628516604,487.7501703955479,0,0,1,1,80,9987.458688710703,BENIGN
14127.130399657994,6,3,744.3021687444678,191.24199156409293,133.68504086553713,68.46113892108995,66223.22678717609,637.0720553565417,286.39559895042305,307.5228942816083,375.9790370630056,1,1,1,1,21,2744.9112176081926,Brute Force
34874.336500216086,11,9,2402.947189869648,7899.961455325036,225.92112213557562,881.8180972387108,295429.5243762084,573.4876131586353,1874.1817419847907,2518.6998320725547,2163.278126863753,0,0,1,1,443,18530.34522769721,BENIGN
38819.95793893705,13,22,6212.749559395828,17899.046113817156,468.11188482232944,774.5762612145684,621118.5419402132,901.598091761311,983.2838214999063,810.8414164453671,1104.2556102897797,0,0,0,1,8080,18892.96790255227,BENIGN
522.5980706570108,1,0,45.678840036549325,0.0,48.89855751325029,0.0,87407.21139502455,1913.516440546363,41.2998946822353,33.214398574003646,65.0003359219938,1,0,0,0,31494,38.835194152999335,Port Scan
6328.454701084578,12,19,7850.285938910037,10028.889531479186,603.9040318546947,516.6620388887384,2825203.9897394017,4898.510215248469,173.7478483773059,213.34445558121263,165.19408819403296,0,0,1,0,53,5309.116268641501,BENIGN
72191.088812446,10,11,5023.925963936126,10652.246994809337,456.7443584711766,930.4511097732137,217148.31036102664,290.8946290387509,3258.172539557141,3422.4734906974386,3109.3986436726886,0,0,0,1,80,24049.824325073987,BENIGN
54138.13190301169,18,15,7076.951094024417,6092.629122311091,407.8173229313232,385.0490880692883,243258.85939191206,609.5518785007101,1587.814133856012,1436.1435613704984,1276.5221793566197,0,0,0,1,443,8441.966338713748,BENIGN
40765.70069732082,13,13,5009.318557534589,13550.477529749505,363.53768970318697,1000.4041478422155,455279.7025393425,637.7910732614674,1648.1626829592194,1840.2555028156203,2466.3427025897604,0,0,1,1,80,23302.938372446948,BENIGN
11959.935865428943,6,3,720.0845495452396,282.00947818216576,128.06182609345805,99.78566335749072,83787.57536852939,752.5123964932912,197.7405716771346,273.18158921332673,260.77045131715505,1,0,1,1,22,738.6880923452351,Brute Force
13938.997008358945,4,2,246.843461963556,122.76539187966178,59.740735654970905,64.66522918312398,26516.17283665177,430.44703979790773,105.05964997785054,140.34927075714478,136.28653927981085,1,0,1,1,21,842.0213972230304,Brute Force
29251.127159798038,13,17,4926.159180203066,15274.955529269399,392.5700621480666,947.790817938831,690609.7874148362,1025.6015036996998,1184.068591866453,1263.5518374140486,962.4600770658191,0,0,0,1,80,1353.9648368201056,BENIGN
2355.7072116625054,12,23,4034.270356045159,14586.35926953844,308.3012704233144,657.9552526165295,7904475.366631987,14857.534003684299,60.179364492249974,65.10380022784415,74.25942388822787,0,0,0,1,8080,8267.514277949038,BENIGN
24507.898588503554,14,15,4645.904262267105,6960.051861770678,348.9945047817222,455.9155317232965,473559.8232596751,1183.2919862661604,853.1898353860555,875.313246604302,775.6862804540249,0,0,0,0,80,9510.990968148653,BENIGN
28227.615502175606,19,11,9096.231024484288,4472.677758356747,481.28772943002895,450.81892946608224,480696.2451998551,1062.7890265009382,885.4755334773371,1174.5092282375963,810.6434900809119,0,0,1,1,443,2681.189489431481,BENIGN
1466.259652030347,4,5,187.95007669570228,558.5882170694636,50.777443971970825,102.7043130068753,509144.67484079325,6138.067011212914,388.7905557025575,405.1938320239817,456.75482430856323,1,0,1,1,22,917.3044215689137,Brute Force
9028.064789329756,9,4,1064.8142787470929,354.02705907584743,112.97677572703185,94.22559300377665,157158.9671686744,1439.9542209050896,139.14677526337115,173.10205413341367,124.37299736943744,1,1,0,1,21,1415.9247185368279,Brute Force
92031.84149147502,14,8,4238.006749348945,3946.8834552879352,275.75018503351623,474.7541031691781,88935.41704688212,239.04769961641892,3641.6543122519292,4488.46281251504,3968.4242907508733,0,0,0,1,443,4415.458589259442,BENIGN
33813.841383303574,9,20,4133.538944364616,19446.334085895087,422.60519247168116,941.1807084541415,697343.8114577201,857.6369561584172,949.8508112082868,1010.6707776126018,1320.9553520374852,0,0,1,1,443,21073.741842223073,BENIGN
42524.898330348595,15,12,6415.324733262919,9316.024493950945,451.82095268905323,797.6872049050672,369932.6710908778,634.922152905678,1360.4176064743124,1855.344839689484,1647.229563349168,0,0,1,1,22,2688.3180067808757,BENIGN
17728.645503503376,7,20,2578.3815270554765,7696.944616824229,360.945266806555,406.2951858018818,579588.8998879914,1522.9589871749934,568.6630149680374,504.80853537331035,831.9752855659747,0,0,0,1,53,8927.53415138883,BENIGN
78796.94872300656,14,19,3190.7889942530633,18778.118346012132,242.66925443470927,927.0306490241112,278804.0361498271,418.7979424939953,2505.9685501071185,2382.333862150409,3084.801561787126,0,0,1,1,80,8247.88349230069,BENIGN
28982.470655430046,15,24,6925.623979183252,23823.874976247604,474.02357032749086,911.9746892820983,1060968.863593751,1345.6409725612232,661.0927248984518,541.8002516137063,1017.6983993443486,0,0,0,1,80,7251.871246912238,BENIGN
54048.45715770216,11,14,2276.548276876138,7504.291602636549,225.42799850063034,555.6635927977873,180964.27527938917,462.5478934034175,1752.5807408913988,1565.900122802087,2349.231349858155,0,0,1,1,443,16190.953427279504,BENIGN
43716.24758450434,10,10,4312.242217127565,4706.891816916142,449.0641974019504,455.3829127788486,206310.8005006502,457.4958077392077,1705.5340913986677,2211.2830309128967,2010.3959025766394,0,0,0,1,443,6301.763483162298,BENIGN
16952.10784555944,12,14,3797.9129816836257,16085.247326978684,294.802330611126,1095.5784606106988,1172901.9476401368,1533.7325739589742,629.93323463895,753.0806503911837,939.7954407446366,0,0,1,1,443,21906.242883596788,BENIGN
8484.56551134387,16,13,6236.3265827671285,11848.788900914591,404.51288375914356,872.9769776162575,2131531.126667819,3417.9711337282956,227.89653801451527,277.0656139170556,226.67210571199527,0,0,1,0,443,10683.680101850514,BENIGN
11794.437968268301,8,4,1457.4146049153837,405.58020026706305,169.65016757543032,100.71627029969785,157955.3693185414,1017.4287263441244,385.1353047972275,513.1921102670785,520.2687069450179,1,1,0,1,21,2748.0126734362852,Brute Force
221819.0423059256,15,11,6717.882601443761,9717.618330387688,451.33464050919923,901.2114807336017,74094.18398427732,117.2126600571183,5660.9484115572195,7590.219368032058,7594.660693772484,0,0,0,0,80,20054.252703234306,BENIGN
30320.671511350658,10,17,3597.059881357814,14895.616009351867,345.1491920477862,877.7680122063604,609903.2431978586,890.4815973449813,996.0852854542302,1086.872383739192,816.297836594739,0,0,0,1,443,4712.204107855761,BENIGN
8286.797267447791,11,26,4236.304432717741,16683.617371224616,403.42233059567565,607.2723088818485,2524488.1863008793,4464.933653601428,198.43353232762243,184.43572319291272,295.6452544765192,0,0,1,1,443,17104.88575339865,BENIGN
40236.66389882024,16,17,4703.688381616686,15055.540737107209,299.2473568511924,836.8222130482966,491075.2334838388,820.1475172738558,1367.8606499448972,1700.767764902271,1617.9809405495273,0,0,1,0,80,10387.438577570105,BENIGN
33907.987276345164,17,23,3677.1337562156573,9259.873138242248,202.14249974988977,378.5358109768434,381532.7282337103,1179.6630591490382,1032.0006679259993,1105.026574799305,941.5011685195329,0,0,1,1,443,10558.625333616974,BENIGN
1965.5953246960632,128,2,7302.577994202574,82.00713905827924,52.46800605112194,43.970105900337344,3756920.3795306743,66137.72345032501,6.292792709067725,8.598530419204868,8.381570356781607,1,0,0,1,443,380.66163755517846,DDoS
214272.38505589534,19,14,5339.665180647662,5550.443988492865,299.3465507161639,390.07394771229826,50823.67084447079,154.0095798690605,5434.932217337077,4906.405079745983,6378.415241829059,0,0,1,1,8080,15177.216163869381,BENIGN
1740.6058879103396,131,1,9002.688173029006,51.23064164874155,70.75430699794785,49.751921395636245,5201590.364345661,75835.66212020045,1.3006134281937225,1.5921566366756619,1.279166337319465,1,0,0,0,53,369.28505753630026,BENIGN
6848.702177319945,4,2,339.62397958474406,151.41560194133942,77.35978986062565,69.00683797625337,71698.1946086373,876.0783933442902,89.33169854907985,98.9513691625985,107.99631756805778,1,0,0,1,443,1654.2317701707439,Brute Force
425.3538479093829,2,0,100.22744428785374,0.0,52.7675372145583,0.0,235633.09649241995,4701.967573186451,22.968677901952304,22.06139764460829,26.131304518695863,1,0,0,0,33329,44.27628545641272,Port Scan
12923.709689549223,9,17,2625.4451961070686,11332.77872478938,302.2941378554893,721.836280391503,1080047.7770081593,2011.806255677883,398.23695260494515,374.5588315056709,619.6936087798473,0,0,1,1,443,8191.4096887233445,BENIGN
14528.546444911879,7,1,960.2652213263879,78.81793774734956,132.11659864249324,76.16184694007895,71520.10443808991,550.6400816030514,257.09339013123446,342.25404582894373,310.27519711804376,1,0,0,1,3389,2233.648188650477,Brute Force
6012.371760369033,16,13,6843.482951667707,8831.196837414363,418.19277380032486,695.5085483522037,2607070.9553262847,4823.387700533676,211.97466681202016,272.9404921333435,267.25325154145963,0,0,1,1,80,20110.602533951667,BENIGN
152788.69248993628,13,14,3003.564519713274,15647.420871399283,213.88102546415487,1112.547083497582,122070.45617816933,176.7146479231662,6889.2560264302065,6624.198178485084,5536.519649981007,0,0,0,0,443,3207.6868615879894,BENIGN
2471.9453694657677,10,2,1566.0305240938485,95.35681675920812,149.68954646012656,47.81031241253715,672097.1107917781,4854.476214655754,271.80137518623053,290.57562461183323,348.59183597094636,1,1,0,1,21,1075.614366475638,Brute Force
696.86798989612,1,1,41.09960886114101,0.0,40.0,0.0,58977.61047579127,2869.984027101222,8.159273789855984,8.432463169241165,7.178848209127689,1,0,0,0,59507,36.89187554923402,Port Scan
18554.969837449553,6,8,3151.379011361401,4338.09984199313,505.1993532174415,580.1764180660457,403637.3499372924,754.5148347125715,1007.8502042550206,936.042200151969,1282.7463586726533,0,0,0,1,443,13886.916047884852,BENIGN
3530.476051665385,10,13,2222.6248410985613,11038.476560490903,214.13623726093158,834.6158887739346,3756179.395505028,6514.702171439603,115.17357046110072,130.97288561185664,155.75590473980824,1,0,0,1,80,2678.6606190492944,BENIGN
13424.0938125667,6,4,931.6419226850101,354.80674531783194,152.83146620942605,95.40074520062606,95831.32284121544,744.9292398894514,250.02969798424297,214.23899219340885,322.10829891760994,1,0,1,1,22,2261.400827170805,Brute Force
3595.7971768539246,14,16,4203.8061777704115,9825.563116485859,316.20016548365425,653.2693385499063,3901601.9547940698,8343.073461737333,172.66084553029555,205.5287087706845,218.60404664576845,0,0,1,0,443,23481.651309438203,BENIGN
5334.845823934974,5,4,568.7001151014733,310.0038632303635,112.9460145826361,81.12391462291725,164710.2854199648,1687.0215741982988,175.1227781641876,236.40456773793193,211.42815384028302,1,0,0,1,22,626.5125959445832,Brute Force
5958.106675429018,4,5,520.990654981189,503.501614121216,139.9938030392208,103.57948694810287,171949.29948592026,1510.5469724326392,234.903011325064,214.434284822611,361.3143590177698,1,1,1,1,80,1725.9880963231974,Brute Force
15048.656156993453,3,1,381.8341020178862,77.93464628738275,118.76349439292689,74.37276861131473,30552.14655107951,265.80446508116336,321.96670522560765,444.27970749690195,323.34167241481003,1,1,1,1,22,1376.8364481920828,Brute Force
2620.6516284207282,4,2,602.3031107324666,99.63495558853467,142.6341642350291,52.08828125992773,267848.67500454735,2289.506905431667,282.284339762512,386.58368722144866,402.1313623578092,1,0,0,1,22,779.9536089066577,Brute Force
64853.6308057051,8,7,1492.5104201362753,1013.3005441373286,177.71878661947562,154.31885076978114,38637.94413886803,231.29005752875238,15466.44608898248,15259.20272675394,23282.606635398075,0,0,1,1,8080,7692.1637356212,Botnet
29417.99850735171,21,26,9359.638304813056,18003.27235142107,459.6646233199907,706.0816949780578,930141.819450973,1597.6613768694854,712.908600191055,886.2564004487332,996.6422306374061,0,0,1,1,443,10563.47267271449,BENIGN
147995.85583149488,10,28,3348.152989853845,25118.76564981774,339.2623900328804,910.3410537838506,192349.43086570918,256.76394643959514,4077.896201665014,3430.2990411598375,3694.750062442193,1,0,1,1,80,3203.780784924678,BENIGN
172.17528903199747,1,0,53.75944873788667,0.0,51.7770647416592,0.0,312236.7271176521,5808.034391126578,13.546992750914852,18.431818240741606,16.611561435701685,1,0,0,0,44738,48.69550974541679,Port Scan
24948.49429509032,15,11,4639.682748817692,10313.346839204485,304.0881687340237,972.0255568688137,599355.9936386552,1042.1470607593585,708.4308833252906,639.0079809533122,829.0416220471501,0,0,0,1,80,20837.248554062346,BENIGN
139843.39017488714,6,20,1706.078198687782,15204.165513466518,281.53899753457074,762.1730218636745,120922.72427753983,185.92226609698596,4521.126271363345,5560.986583805758,3844.454785848094,0,0,1,1,80,19985.207006433597,BENIGN
29760.114078239607,17,14,7638.630805122511,12384.437323270975,446.75847186471617,948.2328507718091,672815.5703890335,1041.662673688035,821.0974983242231,936.8181205250073,735.9162208874856,0,0,0,1,80,2565.0147751985805,BENIGN
88178.86426411432,8,15,3474.9965831718414,9648.064504299764,448.25070386222114,697.7744636415918,148823.20380273063,260.8334796772857,3313.894314611813,3830.394541336143,4385.116500355623,0,0,0,1,443,8127.571127148572,BENIGN
665.6907134289078,1,0,40.57554774815543,0.0,44.68292497169901,0.0,60952.551882772634,1502.1991141337962,37.22127893766708,39.94896480063777,46.1128900817959,1,0,0,0,41289,13.134268211598659,Port Scan
111990.90729782348,9,21,4687.357902750746,21478.43464363135,491.2015989061333,950.1352855079153,233642.1159335551,267.8788905622434,3359.443913937053,3886.522365696024,3544.3161711728817,0,0,1,1,80,4448.755975651338,BENIGN
30376.269470085364,16,21,7271.161239617149,17993.306117191543,446.7822965941216,829.4448820351902,831717.2515765707,1218.056089357441,720.9570353661081,610.304975262202,673.8954137575324,0,0,0,1,443,24989.098777067484,BENIGN
23546.753588729425,8,12,2280.1127842103465,6171.026703312987,306.85026197534637,492.776536681417,358908.90248108096,849.3739879952254,933.518419333028,1282.9494419923944,987.0258048223147,0,0,1,1,80,10259.926697797673,BENIGN
12370.495971655864,15,17,5444.352640167716,11873.40754417803,365.6616336506598,774.6487151336696,1399924.4835474177,2586.8000824963374,400.28963563507796,498.47531165945355,370.15497746111856,0,0,0,0,443,15940.579743826178,BENIGN
268603.2019942846,13,18,4776.270257839621,11031.708576067203,404.15192168876365,618.7168179252784,58852.53309170601,115.41187807828005,8091.998039695111,7350.863002245028,6639.826339673483,0,0,0,1,443,6658.843438993236,BENIGN
6993.041485675155,9,4,986.4026406989341,383.061376471,106.1546631963639,89.19279072787937,195832.38852153282,1858.9908306178015,75.56135741507981,100.61500420613982,98.58242570434656,1,0,1,1,80,2676.7566019015053,Brute Force
26250.64790925738,12,15,3393.1599765159244,5270.966470193282,306.35141036115994,368.14441700573497,330053.8134014503,1028.546041733254,807.4568358564402,960.0017142774866,1273.8396920943453,1,0,0,1,443,19483.222755434253,BENIGN
1344.3908494912048,4,3,537.403962733357,198.09822312980089,129.11672350697927,70.14958207154704,547089.5507370601,5206.819134963024,63.71899712306542,70.54238595999692,84.1645684041604,1,0,1,1,22,1493.0996032769797,Brute Force
6479.739109108805,13,18,4876.245449514638,11503.86316701575,355.42715670288777,649.8574584422669,2527896.3150698883,4784.1432313875375,198.51445902454142,235.87887778268376,170.68374146175736,0,0,0,1,53,5956.2654477970045,BENIGN
55129.491770191766,9,13,5953.721556699032,9926.40317537055,645.5533100876431,718.1322972407879,288051.3536795542,399.06045373513285,1851.4185954509771,1990.3212600655932,2522.0795464656903,0,0,0,1,443,9764.65356587087,BENIGN
710.4656961721121,1,0,39.52728890662142,0.0,43.61347987881198,0.0,55635.74584893939,1407.5274927246417,19.468215292389225,22.75355118020011,19.547201860217992,1,1,0,0,44546,26.574366207899164,BENIGN
59981.72173506995,12,18,4643.201991364012,10423.623606573234,389.11745945727796,599.8783431949624,251190.2820076606,500.1523652906362,2109.204612587693,2752.825178188803,2493.6061379327184,0,0,0,1,443,14340.493525137397,BENIGN
18390.801552669804,14,18,2980.3726680560694,15942.059254501424,213.90042112222832,830.3499249169257,1028907.4061489459,1740.0002880980758,406.0591202132559,343.4023406173492,640.4415279454106,0,0,1,0,8080,4530.626779561897,BENIGN
16886.813097835664,4,4,393.18580420089006,343.91309957748285,92.5335949099728,80.23213130801557,43649.37892708985,473.7424375843502,354.030168611594,362.0581760672456,558.0775711853415,1,0,0,1,80,1694.6982559241426,Brute Force
5194.830389110022,5,2,625.4461294784599,175.06941173779333,121.58076735411333,90.87007446719352,154098.49432127416,1347.4934647864873,393.58746017301195,337.7150653184228,440.2275334824907,1,0,1,1,21,2431.7325702696326,Brute Force
2843.155681402911,3,2,339.65384935106493,117.02076853969525,116.36819416136372,57.86449513519862,160622.44529129026,1758.6092920289288,260.34814745260053,348.7568045954913,400.04716940338767,1,0,0,1,3389,2435.565583293393,Brute Force
249483.4306472236,13,12,5135.392244218695,9650.350409419278,429.67876063983584,738.5238742813473,59265.42943264804,100.20705557536878,10154.138277383494,10710.210656658253,15276.92530113546,0,0,0,1,80,22803.088180512295,BENIGN
3932.4072553599153,8,12,3872.594675150764,5347.972941523443,479.79568402350446,418.3056247197227,2344764.1655391795,5085.9432152506015,134.5491020564493,167.62320109018793,152.20566417242702,0,0,0,1,443,6459.362237306166,BENIGN
17372.57908645998,13,11,5636.563112107574,6818.614562029187,410.6042679691036,570.881379742581,716944.6523829156,1381.4874510316874,609.7589019668694,671.823762734595,878.2999001345754,1,0,0,1,443,10906.057914153256,BENIGN
8857.309247477753,4,3,585.2669892544495,272.84005747976227,158.7528717281148,100.02428079375485,96881.2336521467,790.3077339196835,245.08505400315607,279.14308182903517,251.27670133995625,1,0,1,1,3389,2684.7701654160483,Brute Force
2697.4684536061995,7,2,913.0417644306356,167.15988602214523,128.1364415616001,91.3479823463744,400450.15132936125,3336.461632375368,288.82254146855416,281.7397264586484,359.2998730779619,1,0,1,1,21,1355.679060375097,Brute Force
60473.20960754161,12,14,6889.565593238046,3538.1061561263755,527.3990422953568,271.56380163651465,172434.56758848776,429.94245168620154,1976.1106077349737,2006.4001754589558,1617.6804324243358,0,0,0,1,443,1658.824842284087,BENIGN
7268.103116158135,21,18,5587.202308758398,13085.497671159244,267.9730145579609,807.3512725952478,2569129.7552459454,5365.9117622171425,191.18292618857237,248.32275704934244,253.17701906975995,0,0,0,1,80,9980.58220644188,BENIGN
12445.427151030806,17,6,5704.961574563318,4802.810662739284,368.61430095173677,791.3166454519264,844307.8819060288,1848.06834838891,368.4755085553947,426.2120626057892,458.32629838432996,0,0,0,1,443,10100.606047472587,BENIGN
78288.72525521739,13,16,4526.371061878131,16236.366780761111,385.1208914667141,956.389869047531,265207.25398138416,370.4237092309452,3047.898441294047,3761.4630297047415,3542.257592436513,0,0,1,1,443,9523.027884423207,BENIGN
117677.0917758667,7,17,1851.4878046510344,12201.882564850444,252.0388808191496,690.561156809036,119423.16178469287,203.94793615151133,4394.08067054659,5955.181815375252,3555.5278782261153,0,0,0,1,443,11216.573663249554,BENIGN
30108.534431942295,9,11,3834.03167428052,8121.268185788271,427.10161909072974,756.2120944718274,397073.4572648396,664.2634846677194,1461.6071453627103,1565.7893339810157,1786.1033303542454,0,0,0,1,443,5937.985359893889,BENIGN
12338.82726968381,7,10,2227.818920989137,5271.2013040504435,290.20597019879824,551.3071175806508,607757.9385088311,1377.7646471937067,700.5814590916177,758.27371620828,1002.171604818839,0,0,1,0,443,9469.309508734632,BENIGN
189059.6865355509,13,20,4282.3233639388945,17733.696368567907,332.6898081847668,902.4655553869487,116450.10174269434,174.5480520184543,5868.113656264527,6089.566135808309,7123.067669248254,0,0,1,1,443,22329.488929283918,BENIGN
12360.8704578509,4,5,640.5884382492029,349.78546965711075,147.68875244911095,71.14755075965886,80121.6962254698,728.1040627914458,399.3262773401805,340.49394064750476,593.4097449378015,1,0,0,1,22,2421.463480676597,Brute Force
77990.97508814519,15,15,4741.265991003194,12817.432720153816,289.70721609816525,861.1189905518864,225137.57125503584,384.6598913027319,2079.342921388128,2012.6600317785515,2906.982920001196,1,0,0,1,80,17611.15217561127,BENIGN
46928.362963633255,12,15,4981.771267149621,9249.877204740338,397.7579671401569,612.869575357222,303263.262835711,575.3450215368352,1718.463406688825,2201.0024013037237,1777.9373413045926,1,0,0,1,443,4182.4938083827,BENIGN
1433.8989049257884,7,2,803.347022874322,204.9479048241395,125.17849436290243,100.63517470867123,703184.1116795092,6276.59311900081,75.91405505499577,78.98548653869892,81.46745968955132,1,1,0,1,21,2199.9063207042773,Brute Force
140905.84821545295,16,10,7636.0851741754805,6249.152896534924,462.8335679727951,594.9479106603162,98542.66694082915,184.5203753377542,3588.3793945509155,4153.126584065107,4013.1918439495653,0,0,0,1,8080,23501.512585480785,Port Scan
5257.98325353748,21,18,4522.038666205777,8825.945833140082,237.80895864814633,505.2200859356844,2538612.9730188027,7417.292547244511,122.1076805148958,114.75589404215529,148.805623770692,0,0,0,1,8080,5096.576569394701,BENIGN
4941.359711906142,5,4,687.961107030889,255.18434546259323,128.6031579591284,70.15233705969578,190867.59666999863,1821.3610270700624,277.9398921567951,302.04091958160507,329.6683591549177,1,0,0,1,22,2331.882728731645,Brute Force
13228.548431529753,6,4,906.6883535070305,362.4817640975483,143.16089734282252,96.2825695084584,95941.75235277961,755.9408389937457,357.4561913203251,328.6746021535909,369.9289058006365,1,0,1,1,22,1706.8111684721148,Brute Force
19247.328806261434,25,10,7226.377393024793,7474.619041003024,303.4927296473991,803.7081981474378,763794.1130431237,1818.4341501254967,414.9193355012249,573.8224416236637,647.1941261327389,1,0,0,1,443,14550.85282023444,BENIGN
55380.308594854774,9,21,2765.2399052057976,14117.75609993807,312.75671530171957,619.406355599841,304855.5783366007,541.708790744933,1697.9653626080496,1812.1595326427303,2474.901787072293,0,0,0,1,22,18360.35452312209,BENIGN
11522.974959748919,7,4,566.2834242571158,199.08218017037265,89.01546822866774,47.723883057076854,66420.83377782203,954.6145885436937,157.24498176686478,137.1693514691193,145.8163726473289,1,0,1,1,22,2324.9034365334946,Brute Force
12337.708544444215,9,15,4321.813582893355,14532.361607760018,436.804200015004,909.8076736545127,1528174.7921613518,1945.2558725588815,482.7360612023225,663.9205800066833,755.7443981899166,1,0,1,1,443,9533.10800550284,BENIGN
184042.36125744352,14,25,4667.339958008455,15501.370851307829,320.3968704263432,573.2998561501505,109587.32908834904,211.907735444916,3997.801412284317,4698.982403277753,5609.509018503813,0,0,1,1,443,6436.417292685148,BENIGN
1707.7580919643603,127,0,8843.075132627808,0.0,72.384536088629,47.3765699496249,5178177.854485233,74366.50459897243,4.837384031815429,4.8743652871142205,4.777258387688878,1,0,0,1,443,388.71556631000266,DDoS
12537.231875739093,18,17,9013.381499960075,13197.738241104295,475.4313832674685,725.441687337812,1771612.7420475727,2791.684826993493,510.04265060168217,613.7813793295998,417.754401896988,0,0,0,1,8080,17777.49005889237,BENIGN
54551.971072581386,10,11,3292.224339507049,14248.096302250915,335.4180570949137,1179.6711511465917,321534.13152424083,384.95400967381187,2006.5662118575776,1963.3894555572422,1973.8876162944441,1,0,0,1,22,3997.2390071390173,BENIGN
78255.16590621027,13,13,3201.487552565049,6912.392074374701,238.32698673335298,585.1510094423799,129242.32553619977,332.24643637151445,2412.862572610352,3204.969675324986,2519.246778658317,0,0,1,1,443,12653.570995733879,BENIGN
82372.79506031371,8,16,3176.371109917659,6475.30786286365,410.4179089203862,428.8279126288926,117170.71110327516,291.3583299246687,3017.941584760343,4040.5519746632344,4116.348120492857,0,0,1,1,443,9144.048292853398,BENIGN
10317.341454856696,7,2,1107.990584325238,113.58848228469462,170.07848685198985,53.64875417195222,118400.56587784027,872.3177418697737,359.7517547315612,417.97142655617597,358.27876332353065,1,1,1,1,22,1789.040385457018,Brute Force
9043.608365723361,12,12,3325.5423325114452,7281.827848048391,304.21827424285044,625.1388297387282,1172913.482273665,2653.807974587181,317.8683586992565,306.54161337468264,507.7239512223623,0,0,0,1,443,1642.29155267259,BENIGN
173618.6002045799,18,14,8688.39750307744,8938.4292079885,445.82725823148274,698.4688720365037,101526.14230442895,184.31204929825176,4489.345879459409,4364.515192391712,5450.012272768592,0,0,0,1,443,3534.5195872854842,BENIGN
383643.7676033297,8,7,2838.807901730513,4806.669901955324,324.1348158813735,696.5740698473356,19928.58596777966,39.098771481958025,16127.393625011784,19374.711110418873,24670.272338866893,0,0,1,1,53,13552.25053988439,BENIGN
2341.8025769446167,130,2,8922.411622356132,115.33724346251911,74.01754514849543,60.0,3859312.8877714076,56366.835231782126,29.266944632374226,28.782568986503566,45.63422539094196,1,0,0,0,443,132.15707374428519,DDoS
1515.059373540921,18,13,6854.419594854167,8927.578905594964,354.4825298803221,761.6621057190389,10416752.489088422,20461.244319124176,55.52879002014821,70.524619348726,72.60993713688497,0,0,0,1,443,2878.9178764835297,BENIGN
28753.876681023314,9,15,1024.3613149470068,13858.22215679565,123.57813609174727,913.1901901843219,517585.28551959427,834.6700608839736,1502.7461843509288,1513.3165750811686,2185.1593021814947,0,0,0,1,443,7630.154242318938,BENIGN
86949.01545777905,11,17,3456.2053052652036,10964.727748048948,297.5568857100856,632.5906380992998,165855.04709155342,322.0277981594434,2468.2863528188564,2545.5481273749374,2011.2207857240323,1,0,1,1,53,9910.104495350257,BENIGN
52096.08251909716,13,12,2814.413060831555,11976.228618470772,236.6396480702893,1048.6835428612683,283910.8233115309,479.88253225826736,2186.3073310195186,2800.6913507965237,2651.847206535297,1,0,0,1,443,23619.34188769634,BENIGN
8974.31866569189,7,4,795.647017508137,440.29612046727556,114.86031507235153,101.35540670232936,137719.99680603336,1225.7197910803113,101.48474520454099,112.21804153601612,90.17606640953235,1,0,1,1,3389,2894.6766775126225,Brute Force
38844.050155807025,15,23,7283.513831435057,25822.67884463091,453.0619669321501,1046.1552894721503,852284.7783193054,978.27079945522,1259.6588079897545,1275.6245287097956,1787.4054849000893,0,0,1,1,443,2569.305931104772,BENIGN
23576.496738418726,12,12,2634.579811009939,10638.139118240919,240.88709657430113,981.7004744756813,562964.0008230102,1017.9629427679628,963.0867924746559,798.687273657412,1329.6583097354373,1,0,1,1,443,24319.849842560918,BENIGN
3049.9925315824553,115,0,7673.985014174811,0.0,69.541362350036,58.193907783505736,2516066.821381116,37705.01035959374,24.175221037692918,33.11084057014811,34.81117418513401,1,1,1,0,443,170.30618533412883,DDoS
107953.96208082749,18,16,3677.1795842474,16105.733197317624,188.74765122271205,931.6257231635298,183253.23499246026,314.94907036893613,4436.934587598551,4132.65539014198,5835.782156880079,0,0,0,0,53,10348.242250125451,BENIGN
610.7867766338728,10,7,2467.272456533935,6845.485529072865,262.03486016390485,910.2193432892872,15247150.62911258,27832.95357782508,26.86964549589531,29.18588048597341,24.407837051042936,0,0,1,1,443,17374.47608491424,BENIGN
60068.82243357451,17,14,5205.360992895492,10665.301524130975,312.7995467074081,831.5038778300047,264207.98467585427,516.0747080447684,1901.5379338226837,1567.9632832920388,2725.6948409890597,0,0,0,0,8080,11034.02377982379,BENIGN
2646.4652109467274,12,18,5225.483235436348,10523.738391265535,429.4332137106734,637.402856742701,5951040.490370879,11335.875444691002,73.70078159810156,102.44683800316696,100.72613393661841,0,0,1,1,8080,8096.727927850303,BENIGN
192.10092743165328,129,0,8521.381651734728,0.0,65.33018770737998,42.10440223380016,44358878.25042652,671522.0052537036,15.920957415298886,19.281133276672673,13.869396545707406,1,0,0,0,443,328.07444351077993,DDoS
13134.285735309884,6,3,927.6540293912745,287.51820461173673,143.41840609217763,90.93717768583197,92519.0953274431,685.2294964015155,211.22211852472182,259.33480412336246,240.9305831995257,1,0,0,1,443,1774.312657100039,Brute Force
51.49680181333127,1,0,52.5138935159754,0.0,51.49737137722425,0.0,1019750.5799744796,19418.681642111693,40.104921973380065,35.042075159571084,58.72982666255772,1,1,0,1,39550,11.514575430618674,Port Scan
45645.195147261606,17,13,9559.639952475209,10605.990145125648,587.1308044014584,797.9724731576796,441790.8617225104,657.2433287493523,1636.3613289271016,1885.8749865816235,2328.250821769272,0,0,0,1,80,14607.427788649808,BENIGN
36154.969854363786,10,22,3700.0033137092787,17155.78754842643,368.3016878359349,803.8875399367749,576844.3714970623,885.0788737730812,1004.9191296495034,1255.6479059300605,1248.3553201696673,0,0,0,1,443,13000.407609499971,BENIGN
69451.5814200473,11,6,976.0207727745064,1128.3392289488675,92.87848937882768,185.17723522601585,30299.670053530954,244.7748438899179,15231.998737792792,19272.640251790617,18377.127062166754,0,0,1,1,4444,6142.96963716917,Botnet
282082.7181540425,11,17,3926.421464305762,17078.461456553912,385.2167614503309,938.3624621435278,74463.55827225516,99.26166403682159,8465.91122769313,6904.689245270394,9141.728426175408,0,0,0,1,53,3892.02199122984,BENIGN
46967.43312798795,15,4,4154.948463682899,738.9505330662737,269.9141467800136,172.3312300926369,104197.71043082386,404.5356268081399,16705.455332069734,14455.12592228467,25929.79380720363,0,0,0,1,4444,2318.989762377097,Botnet
382.2578235999821,1,0,41.008250187952164,0.0,42.02287547691501,0.0,107279.03434846555,2616.0354040169,28.526984080898256,37.64284282406129,30.06204369043902,1,0,0,0,41973,40.20969445396691,Port Scan
576.1308866001968,1,0,50.87954222739522,0.0,47.51367825417186,0.0,88312.4710213685,1735.7166978168714,41.060917445079276,48.66746788321584,35.29342179767501,1,1,0,0,65104,25.08640832005749,Port Scan
43461.21182085826,6,17,2550.512674316798,20174.634536969108,399.8051084612678,1183.7459958279303,522883.42315341206,529.2075171489271,1834.0141715547954,1751.0812102318705,1857.097096866226,0,0,0,1,80,21796.960583952092,BENIGN
184827.11925395363,18,10,5496.194382498518,7142.961803558647,318.4832327225467,723.6900841253469,68383.66705640683,151.49292004885834,5205.30867055329,6722.774636970753,4260.73488692488,0,0,0,1,443,2689.3876402346345,BENIGN
15679.450759811845,15,13,5769.530440082262,6714.257685357661,352.86594573846634,487.2855936839779,796187.8459057534,1785.7768380361304,437.6873268627115,557.7751241211525,375.9479219693269,1,0,1,1,80,19678.32781324985,BENIGN
91904.91477699873,15,13,5224.400339677379,9361.047166902195,363.48549290259086,668.2738216748022,158701.4964539188,304.6627056663963,3343.670676333147,3652.7168510765873,3459.449095291608,0,0,0,0,443,14540.6941055644,BENIGN
1512.3790163450906,116,0,7611.756638587558,0.0,64.97714086431581,35.518717349995434,5032968.955746691,76700.35007516359,26.261363369120787,31.202675053887308,38.715593792678135,1,0,0,0,80,470.09079285225505,DDoS
13363.82624516844,11,11,4226.4924941691415,9599.667265784467,378.8012896170059,865.1973590988637,1034595.8938932118,1646.2351123394683,777.7358782024243,737.3706012517442,1122.4800921818157,0,0,1,1,443,5577.508373895244,BENIGN
599.1601861157003,1,0,40.506169583856284,0.0,44.69397324893972,0.0,67604.90854115994,1669.0027528079042,33.39271299244815,40.33974906708155,36.00882576427922,1,1,0,0,30037,38.828330398509785,Port Scan
83739.30387418525,19,12,5893.343144647072,6002.138028842656,314.99308384918896,541.9590269904074,142053.73848536148,370.19653335757585,2415.8433994526654,2972.335500388638,3856.3553606741802,0,0,0,1,443,11332.436312713942,BENIGN
10826.297758614965,3,3,525.4197673601072,223.44116098604115,178.9082309291282,78.24212526106328,69170.54611307422,554.2060761469021,53.93466908116526,51.448303622228515,68.77777783630066,1,0,1,1,22,2010.6621020166288,Brute Force
3082.381416799144,7,5,928.1308778447969,498.1873618312259,127.10832647996911,92.26415537318104,462732.5586322679,3893.093805523014,382.83291250191564,504.62428004523866,395.56788381742547,1,0,0,1,80,813.2212151571657,Brute Force
182414.7250181968,6,17,3009.0542060840485,14148.063132508607,513.1193756950125,841.074289692348,94055.55026811101,126.08631237256549,4901.03315541734,4202.286412937897,7195.040271105657,1,0,0,1,80,24583.287761449774,BENIGN
43647.87582423582,10,19,4149.767514473062,6056.467232743117,437.8080971126226,345.87271217180273,233831.1900518441,664.4080485561116,1298.1696736478464,1553.2502115288091,1894.5206933741174,0,0,1,0,80,3618.5696657119347,BENIGN
606.8128619914756,1,0,48.07275865345064,0.0,45.36309269143153,0.0,79221.72001378235,1647.9545221209364,32.52294423131731,27.840049541201456,37.9807458612899,1,0,0,0,8365,17.30781171878301,Port Scan
3273.728322338694,5,2,713.0782746182348,270.2412659573454,132.33577627720706,126.1319865600264,300366.8734102877,2138.234853587155,128.4598588095359,141.77250479582764,105.63355576370033,1,0,1,1,22,2954.020835488465,Brute Force
5338.358403704917,13,19,3188.3136958371692,20802.333388075487,238.89369220209457,1096.7811899192423,4494012.066942287,5994.352117271,147.34760839008726,142.11922942801428,229.8809947670267,0,0,0,0,443,9011.013024468197,BENIGN
103992.85989465308,6,12,2277.64828517042,8460.484900339172,391.1321016413583,677.2403977764471,103258.36981873124,173.08880646454355,3941.9545252448647,4814.884252877833,5068.81002319767,0,0,1,1,443,15218.013662208672,BENIGN
83256.89114826848,8,15,2206.662141568331,11767.639748737492,301.9104227831447,777.9223813131769,167845.5884861184,276.25340897055986,2394.420262253081,2772.297628854975,3503.167584739832,0,0,0,1,80,17225.450356294506,BENIGN
37203.348660702904,13,13,5502.074585030021,6525.290487977384,407.4702330820446,488.81140716088265,323287.1638168327,698.8618212065205,1297.122720249353,1641.3102727202322,1506.2247715152446,0,0,0,0,443,23058.650600296914,BENIGN
93039.40840369002,10,16,3402.8515631927394,16378.922413244145,362.2459776327268,1040.1494519310656,212617.15133232,279.45147595079527,3942.605331686485,5437.1819353530755,5234.840153006426,0,0,1,1,80,12088.319586162532,BENIGN
153962.8245658953,19,10,5449.430378289867,6462.632081164311,291.8120176230247,648.1050497225592,77369.7319014557,188.35715752660894,4352.918654795217,4062.4913188748483,6262.757891455226,0,0,0,1,443,21855.968474030466,BENIGN
43138.42314855275,13,21,5775.243734628298,11618.371101727085,414.8045709811268,547.5129017429053,403204.69703906926,788.1604731567631,1053.2865497406915,994.8079227235851,1672.9992438908791,0,0,0,1,80,24586.772799458617,BENIGN
96656.9254237806,9,9,3907.8172712112914,7079.682207734795,412.81442203822553,732.6398806735062,113675.24293549298,186.22566278702925,4600.593281384012,3881.9674583607584,5557.91056605638,1,0,0,1,80,4684.3770675391825,BENIGN
23038.49112604599,11,16,3571.488412661529,13354.819704776233,298.05508107489123,867.1628765377626,734696.9046207134,1171.9517503242805,1048.2444169335272,1104.722744829432,1622.0481887728188,0,0,0,0,443,16925.413636977217,BENIGN
93.60213861694167,1,0,50.785699233286316,0.0,50.879073637606666,0.0,542569.8598738456,10683.516581735488,49.029973917830134,58.690952395728985,64.54744257222916,1,0,0,0,55589,39.7534368078659,Port Scan
1998.246711942692,11,12,3760.744396089968,9599.974822645818,343.87856721631454,884.2510901375549,6686221.045121361,11510.090251888587,80.91109257527964,112.41551984860679,96.664946121705,0,0,1,1,443,20358.034637709738,BENIGN
12442.308705152314,9,2,1352.85841342716,156.17806391740731,166.88538177698183,73.51032725810074,121282.67455055837,884.0802989757793,203.42902231512033,273.718540348609,196.70396129828768,1,0,1,1,22,2205.1973183576583,Brute Force
50246.95506776406,16,22,5862.51768687717,18929.41071222494,371.04844293735874,814.1855478010735,493401.6074340667,756.2647318380274,1695.7429897217685,2359.5208221603943,2485.1744215245512,0,0,0,1,443,883.2374580666226,BENIGN
7461.236448735367,13,20,4785.775953925441,16393.29148852556,359.72864031094855,844.0546893735924,2838546.6119413385,4422.859431775989,232.32214712396728,231.06510102344177,307.6662026263064,0,0,0,1,80,18923.154568085047,BENIGN
15256.414644913897,11,14,4365.332016530506,11656.585317899942,381.3299989900754,830.8507382387958,1050175.7921066827,1638.6549908260633,605.107490015493,628.3297448162134,837.288617403879,0,0,0,1,53,16151.154379136502,BENIGN
1468.0766061084887,138,5,7162.151130520778,198.98453676799716,55.48857693954149,37.52449211039111,5014135.93586328,97406.36108837533,7.205096538786775,7.528745612035646,11.244838549986252,1,0,0,1,80,490.24038178347485,DDoS
33624.1630267479,21,19,5148.655976961473,15533.655630911078,245.28454256084618,782.1556290617161,615102.644827764,1189.6206893887631,757.4190373564653,951.8028311957661,680.6801885017195,0,0,0,0,8080,2926.4401615946617,BENIGN
4630.500406682261,7,2,1042.4654806240535,142.01606877943308,142.89400695211364,78.68662437293074,255799.90181928605,1943.6344259925186,313.4928562767893,388.84758904104297,430.50167900778405,1,1,1,1,21,1694.090105006084,Brute Force
53033.80286788213,10,11,2692.2348162300177,8737.985146816518,275.9095068580244,879.1980083466011,215527.0666054538,395.9738669375686,2029.4233968387898,2823.9760900077595,2697.60623293713,1,0,0,1,53,18956.03564050431,BENIGN
93259.8839803038,8,20,3970.076422163595,23280.07166173009,460.2125708101381,1063.5292061697214,292195.81797516317,300.23627314305384,3500.001482365404,4336.652978212515,3890.6096772745746,0,0,1,1,443,3754.997057435823,BENIGN
54164.305052526994,17,15,9398.270599904436,8587.698889401008,532.2199071288496,572.2043338068074,332063.14512598596,590.7949888578339,1742.6936613499906,2409.6629421399934,2112.093166362331,1,0,0,1,443,15744.159031754998,BENIGN
92111.21292325626,7,13,2041.2856864439727,10601.77023151465,318.10434638628857,791.5208338535391,137258.59769637775,217.12883117349978,3874.2372109810544,3872.9483415382324,4920.0025135617325,0,0,0,1,443,2092.0984960296964,BENIGN
1521.3865708289625,9,25,4113.094684952746,21630.28653213926,506.4760673525323,812.5300653896268,16920999.376946736,22348.034780847527,44.7325997655866,53.14553107539987,37.01628998874184,1,0,0,1,80,22945.338169819453,BENIGN
38462.906359149674,12,16,5364.826168280401,13673.62510252448,419.286771385603,793.6521358464314,494982.1288342647,727.9741093548246,1174.7071580719942,1333.0373454382686,1759.561485864625,0,0,1,1,443,5254.379403020487,BENIGN
195890.53880856835,11,14,5415.740716221828,5233.9203571819135,457.2643542421126,346.28150161127735,54365.367200357716,127.62229432852266,7508.9109052592,6361.2961710090185,10263.648035952672,0,0,1,0,443,6082.896838543707,BENIGN
92.98112405134891,1,0,46.958041687474065,0.0,43.404176181741995,0.0,505027.68348489143,10754.871057998278,14.350681696736054,18.88653984078071,15.827007516550085,1,0,0,0,43299,3.186671696074578,Port Scan
27126.11989818682,13,10,4424.861001209566,6816.798767187526,335.66805512080157,671.8148189398287,414421.95974178065,847.89126075998,1004.4832583675644,871.8892965181873,1582.6309226124235,1,0,1,1,443,22292.026908370004,BENIGN
222755.42213922745,9,12,3715.3271941157805,3099.948478157514,422.53370144771,268.07337937889554,30595.330101610656,94.27379948073498,10392.20764044203,8436.612916816197,14721.575990213623,0,0,1,1,443,11127.263591663768,BENIGN
11646.877452370663,3,2,371.81767148221786,124.24778836767835,116.17382190138083,60.11242315765036,42592.14213238971,429.2996144629542,60.63249267395769,62.29241559788281,69.59171285318612,1,0,0,1,80,2111.4051770585465,Brute Force
54074.92371947719,8,11,2225.847865746662,10263.13032136708,264.15823369442506,884.1592465405708,230956.92657658525,351.3643421591441,2322.950861320032,2041.165047383338,3589.0059904691366,0,0,1,1,8080,20506.01236297306,BENIGN
72534.86043508914,13,12,4249.335866872074,9339.866464551586,341.5350238507951,732.9013994421587,187347.1907150704,344.66186120771954,2733.9610200149905,2346.536936579571,4194.408138539469,0,0,1,1,8080,1748.0485790549028,BENIGN
4790.565088323029,4,2,450.5433787732449,184.15530712093897,111.50902853215237,86.44101202168845,132489.31476607168,1252.4618472724565,175.21871131977724,146.92665311634585,237.60794912981424,1,0,0,1,80,381.602209895048,Brute Force
17819.391631676022,5,2,786.5942836915929,134.32517531135323,149.7026321703767,65.67631851516637,51680.74634859619,392.8304705732318,76.0312525283795,99.96334031249755,118.43526081306338,1,0,1,1,3389,2786.7230739659726,Brute Force
69027.7210402013,5,6,908.1699106380233,1131.4216222230561,180.67307384641674,185.57289436280087,29547.42677471902,159.35626780425898,13805.879452314613,16895.400494453756,12578.441486818083,0,0,1,1,9001,3861.0721411576687,Botnet
634.4013622139794,1,0,43.6261770508674,0.0,45.5585684733765,0.0,68767.47064132655,1576.2891752157157,29.949868088437963,35.75370120336143,32.372074773513695,1,1,0,0,23849,35.736713493973944,Port Scan
5099.69956305166,12,24,5965.517877422638,27172.825777414815,452.0597660630864,1105.269896435905,6498097.239871022,7059.239383595688,146.1229286521382,150.32498547373817,152.82262799402835,0,0,1,0,53,4861.8252158153955,BENIGN
4056.468080220768,20,16,7260.410189137981,12830.069474113132,380.27312871772654,752.028477239193,4952702.515079994,8874.715463813225,134.75364299423305,177.08710157668165,178.9094900362123,0,0,0,1,443,12655.77952142045,BENIGN
5992.36652194672,8,10,2615.5116649955294,8978.681603085952,318.0987346016052,853.6707424326862,1934827.1214082737,3003.8216010445904,282.7283308919284,291.49848819759757,268.2934987425507,0,0,0,1,443,16772.744647422856,BENIGN
56993.20269063276,7,5,1241.0779303443887,682.8703929391586,163.30316847443612,144.4432809827391,33757.50497347927,210.55142426611314,13853.820087661157,15222.57589344271,17066.347924379497,0,0,0,1,9001,1978.4684733911586,Botnet
6175.344647759636,15,12,6125.4204365112755,7915.297504360864,384.2091601070334,654.5004828856839,2273673.5747965085,4372.225606840482,242.47265382133406,322.04119180775234,282.3212694829537,0,0,1,1,53,20465.807352441272,BENIGN
658.5780480356152,1,0,38.837180543151725,0.0,42.887987092327414,0.0,58971.264922956325,1518.4229158301994,39.82220781772273,34.832636260744806,55.06299231782576,1,0,0,0,47308,28.879562129168946,Port Scan
53304.04538526484,14,16,4386.832865848309,4720.981471210309,300.4372844891302,269.6532061038329,170865.3493600759,562.8090660506056,1721.229196132951,2373.3286668441606,1768.031835634199,0,0,0,0,80,3594.468606525976,BENIGN
49833.287015522095,13,13,5751.205882757768,13428.867572982504,457.3800804619567,983.9634035134075,384884.77490489546,521.739615367967,1394.0681734576294,1300.4054559163908,1916.9619751377872,0,0,1,1,443,20537.966898788967,BENIGN
5600.092751748075,8,2,1310.814023379203,108.23849788301742,160.7331857240497,51.94385367614791,253398.0389555622,1785.6847097538678,356.8086969865507,407.54110768914586,308.6384041074457,1,1,1,1,22,2618.506967121333,Brute Force
115090.56869226784,13,13,4986.415665083919,3755.57019881942,361.6678585411842,315.415086408258,75957.44780163428,225.90904098770662,3419.86493499173,3644.651629602203,3279.0042982432874,0,0,1,1,8080,16724.2247048466,BENIGN
2055.3923977584536,4,1,467.9779295713287,56.58697314758633,107.48656042717245,54.905689128313796,255213.99382959143,2432.625519804804,153.1407864193958,202.1921761926122,141.26888675127816,1,0,1,1,22,2627.4108473376373,Brute Force
9486.582065366318,5,3,435.7934855400168,131.50909300279605,89.66752975860207,43.10472508670858,59800.524006841755,843.2963468693807,297.153604859859,394.44415106629566,240.9415568308284,1,0,0,1,21,617.1952115544174,Brute Force
428.6507458460212,1,0,43.76504618409157,0.0,41.27297517867713,0.0,102099.54516167512,2332.9015747454628,11.227828095474713,12.069325494264923,15.716436228705959,1,1,0,0,56164,8.200095280904568,Port Scan
24641.35857705351,12,17,4261.7290075954925,19433.958150820792,331.3616659300204,1215.8550571186065,961622.5941568882,1176.8831620755413,682.5359562320261,924.8512375068658,844.193573467317,0,0,1,1,443,7204.482154811177,BENIGN
46285.31440379122,14,11,5949.000495215502,5889.280780819845,387.1568796614694,580.955297384705,255767.54589498212,540.1281231861365,1400.7002349083755,1567.1900118367537,1829.920373322161,0,0,1,1,443,17308.940226515315,BENIGN
82231.02984708079,8,17,2027.9103630239306,13143.871155139806,254.2747065652402,826.4169222535892,184501.9033128689,304.02148734474963,2803.962056655378,3764.211992928186,2533.8728064461434,0,0,0,1,80,6774.915467055466,BENIGN
2647.2334947470354,13,14,3861.173350757074,8687.607858384365,325.50020676523764,567.1953409362618,4740337.878786388,10199.326977985396,92.63297691758352,95.9706016793177,78.04304400717633,0,0,1,1,80,4248.605550258586,BENIGN
144570.4440258236,13,18,2649.3610411899826,13971.645213182299,186.2977590804571,784.317884893896,114968.21751065098,214.42833774836222,5159.665966059226,5862.00605558507,4720.031370485158,1,0,1,1,80,20720.681708723332,BENIGN
2929.52474299621,13,22,3063.729689558413,17514.738354617508,237.90119092398345,756.6143088469283,7024507.334636478,11947.330393326287,79.0784757716656,82.37557907045235,104.85460519411929,0,0,1,1,80,5331.826529618546,BENIGN
4697.628958350184,8,14,1945.7506189316928,8150.411120264378,249.87662540817226,577.8373228390021,2149203.7427200004,4683.213637146524,206.3710558654644,262.75472370159764,290.6695659668213,0,0,0,1,443,19895.157066597934,BENIGN
12002.149811676634,9,1,1132.4333096389353,80.6957601195372,137.3512961339429,76.1788139515684,101075.9812861397,833.1840675968913,361.8965862911721,305.16409007957856,408.8448158098599,1,1,1,1,22,2586.694171162849,Brute Force
29702.470007085853,17,16,1664.329325317535,8948.103609806472,107.87012629602054,584.603060778622,357291.2600397305,1111.0187129934814,883.0452115545233,1167.3525959081448,996.5705220682892,0,0,0,1,443,16793.630397852543,BENIGN
684.0392960561954,157,2,10442.840905545409,82.5890652171783,72.85119284128471,45.4386324859049,15387171.514043981,232442.7864257345,9.932980915003885,13.703232415101581,14.17903314969549,1,0,0,0,443,424.3919439757172,DDoS
4489.136951121134,6,2,890.4463642884697,174.31383421149047,151.8276569511862,79.46962771053367,237185.9468965505,1782.0797376212925,380.67643586233686,501.10331278809696,557.7508281098977,1,1,0,1,3389,1935.1172530938525,Brute Force
357.1041285077785,1,0,40.328728794170466,0.0,40.08979838374978,0.0,112932.68706438945,2800.3036654285497,15.531960405037074,21.493279421620784,14.94955458959234,1,0,0,0,56187,32.61764664563381,Port Scan
170877.65172539608,18,19,5147.2370536871795,9891.938444329102,297.31392893482973,495.17993932437867,88011.36571202739,216.529192825401,4371.8972097653805,5378.344356455052,4526.147450298682,0,0,1,1,80,2214.313270930408,BENIGN
84342.03488365428,14,13,6455.716705349966,11665.421142871139,431.3533875195401,858.950178863914,214852.98372535506,320.1250721214538,2337.8700945557694,2478.233618156155,3223.8015938708745,0,0,0,1,443,18460.874149555155,BENIGN
189.1471730197681,1,0,42.822588740531415,0.0,40.0,0.0,226398.24881789775,5286.888426799211,6.335855792846211,7.681622878656202,6.508925562387775,1,0,0,0,60986,32.15789414916347,Port Scan
113370.39880864754,14,11,4644.214670459199,7422.429483069622,318.33226827534287,648.4766261242734,106435.58001322312,220.5161158707424,2955.6616169941567,3643.9365750070615,3664.816406035088,1,0,0,1,80,21089.074949151476,BENIGN
576.515471616784,147,0,10998.690456696038,0.0,77.53131596144401,55.00982269635905,19077875.613383338,254980.1475192889,10.376207816584445,8.332966990079699,11.01534517884108,1,0,0,0,53,180.5847017191356,DDoS
55867.72825307957,4,11,707.3681007501925,2152.4918567769273,188.61329497807458,178.1348334685358,51189.83797894946,268.491318137196,13293.274011853453,13235.044488695803,13751.585057254815,1,0,1,1,4444,2046.9329881706522,Botnet
69998.14318249929,13,13,5841.7518769452245,8647.861515963461,472.55932729143666,692.4089944642434,206999.96791531082,371.4384241909496,2388.990791946624,2515.916896322953,1925.8493483073357,0,0,1,1,22,13063.231516402297,BENIGN
954.7587337313201,13,14,5521.741227463006,13366.53979003432,412.50908336340694,893.6985359174234,19783302.681798458,28279.39566939652,36.675195634712885,38.977437354825256,33.86650350940966,1,0,1,1,80,22012.82902795839,BENIGN
70293.11285592757,17,7,6393.904250722765,5110.88409160694,372.9004552290648,799.3640105861971,163668.7845352626,341.4274745406465,3038.908132434344,4107.221018582099,4041.4881375003542,0,0,1,1,80,13897.179187040047,BENIGN
4024.7888417773925,8,2,855.2095855999838,185.1843000461934,106.57959411436237,95.48204621052061,258496.5141144467,2484.602396080955,364.8343451223271,378.0133665837242,434.7594817561195,1,0,1,1,3389,513.4772427177094,Brute Force
2473.391674872954,133,1,7104.433274695416,29.93707619803231,57.59257181562403,27.271186585723857,2884448.27536662,54176.61964390776,10.727457168235224,9.962701804634085,12.551295655692444,1,0,0,0,443,234.62588161415061,DDoS
72807.0187817037,11,18,3838.71425065274,9262.225195726036,322.1477441548097,569.8311422725411,179940.61102349413,398.31324624004054,2420.60834851493,2963.5162028573086,2438.3821002929394,0,0,1,1,80,15946.428212580735,BENIGN
283.80834664724523,1,0,40.97199732553149,0.0,42.397327287366366,0.0,144365.0188923335,3523.504547394207,9.323025132326649,12.555386886112261,10.609542346156735,1,0,0,0,63433,8.058890637012345,Port Scan
4060.2843501084717,5,4,570.4206033256897,342.69925811621937,115.42225639784435,78.50236948176095,224890.61915516207,2216.593524973088,278.7685355588682,252.70976623534244,348.1951661750315,1,0,0,1,21,2483.775917025346,Brute Force
50980.76230614029,8,2,1422.5040436875381,281.62250696669656,177.8691234219046,132.8161838108386,33426.855024664554,196.15242196556105,14021.03452031626,14745.18565197891,15470.856004725627,0,0,1,1,4444,2082.713907789379,Botnet
92703.4908428392,14,13,4761.621765271621,8548.150263630234,374.76393317451954,729.5823395976661,143573.57967744704,291.2511681547491,2596.53923295704,2794.0452780207233,2527.464718703659,0,0,0,1,443,1036.8225499458495,BENIGN
10387.324672473565,4,5,373.92316623844494,438.83719063107264,91.97216078598834,96.24554889615104,78245.39835780184,866.4406171735461,80.56397306926209,104.87289311221299,89.16168119066822,1,0,0,1,21,1928.3712152930464,Brute Force
26804.440562763757,12,16,5528.345306142077,11202.323074040489,440.10908393362035,716.7876376591082,624175.2496571223,1044.603036367679,1029.1641447786153,1278.4262431948848,1438.5609415504766,0,0,0,1,443,14410.077442736028,BENIGN
33031.48855803193,15,18,3553.634677508989,17163.43837187753,255.72092717921836,898.5498061721519,627191.6269528507,999.0467108990075,1078.7717079145136,1470.8403007631148,1502.0798027154613,0,0,1,1,443,17973.947973888702,BENIGN
20265.638853878427,12,13,3723.3313363869265,9492.775291929745,289.36780653108053,743.8544488315833,652143.597525295,1233.6151936910449,693.3984346162587,769.6534443207048,685.1658392814982,0,0,1,1,80,5929.205981545303,BENIGN
3990.998699159916,5,4,451.8485517420123,349.6517521754568,98.64477302515161,84.57428625518963,200827.0020449219,2255.0746513383856,363.7907751770705,382.2726409195473,443.8053918633497,1,0,0,1,3389,1213.7946484263296,Brute Force
631.8127122000444,1,0,46.5966911312674,0.0,45.198979909980956,0.0,73750.79708195862,1582.7475147150572,42.9407247381912,58.279272154393745,50.6156589537036,1,0,0,0,38659,47.47141625794857,Port Scan
3656.2596073512627,13,16,4937.767439596667,6131.871288408712,366.69208827713373,357.2795834436656,3027585.5428178026,7931.603090134164,116.04075952284795,118.84413891219891,133.39873966933953,0,0,1,1,8080,11879.44170724087,BENIGN
128446.78070085037,15,21,5584.937997305758,15146.285363900995,381.5643307732365,737.2101868647235,161399.3223348221,280.2717187894587,4205.044231205929,4504.954109648265,4848.264989406475,0,0,0,1,443,16769.19852841101,BENIGN
24381.664503997858,13,20,7531.938958961977,16600.170967832284,574.755522377137,796.6911048972387,989764.6619998944,1353.4760924377822,793.2328451416471,769.6318018559132,792.6522695306573,0,0,0,1,80,9414.097821142448,BENIGN
53044.519541106754,11,16,3130.015436985201,10259.076888136144,273.4749104360733,683.6051524280865,252412.35929652434,509.00640129422607,2453.130147241022,2316.4965025666697,3348.6860465155128,0,0,0,1,443,10508.645926970783,BENIGN
13155.950406892849,13,15,2566.608194934103,11868.530933465618,185.3397188623448,833.9372662418233,1097232.7108223713,2128.31449906727,511.89288954722673,641.0476348346068,786.9962020836982,0,0,1,1,53,4180.709562798644,BENIGN
37358.64550372931,17,19,1572.5733789986132,14729.82312415627,86.02845000415772,787.1413249774412,436375.4703453449,963.632367142602,1221.9103994558882,1680.1727618932985,1934.5158676366123,0,0,1,1,443,21391.807912620417,BENIGN
3808.2552535906507,14,17,1961.6655146932967,11083.043831493811,148.02780425836497,669.3109269534491,3425376.8399289353,8140.210657038114,93.307545609481,78.77456964664734,149.28103382452588,0,0,1,1,80,2996.6034828418055,BENIGN
77389.702889977,8,11,2888.6210006892097,10201.280538879902,375.6681200290162,942.9172145705597,169142.67726520024,245.5106983291023,3669.6746257065515,4747.229155407082,3624.0490451711653,0,0,0,1,443,3794.59713681119,BENIGN
27985.054723312613,18,14,8587.658892941545,8278.696470508243,489.1720312645108,553.2595352480753,602691.5269670519,1143.467479923946,762.1694918557525,951.1732913411023,671.1875443563008,1,0,0,1,443,13806.98908032991,BENIGN
51250.830913037535,9,14,3961.9700366267834,7521.477657069637,423.79966371758337,536.6021619328504,224063.63934238543,448.7732118729241,2779.184152368387,2355.277825338995,4438.438711762469,1,0,0,1,80,8335.188721848517,BENIGN
31873.102405116282,19,9,6134.907532293597,4814.851401554155,317.97187382754345,574.4916021321519,343542.30079874786,878.4836707802071,1200.1098516319164,1162.7634675808206,1791.47210749472,0,0,0,1,443,10083.773201068456,BENIGN
55128.98935247649,10,4,1882.6256359631525,823.3471870003862,182.83499773595327,193.3475636625018,49084.390168345824,253.9498758173969,14701.168483342039,13163.526490580005,22249.11312402789,0,0,0,1,8080,6764.528382710798,BENIGN
5790.578615779019,6,1,517.2921790180493,84.39567506194416,85.08907511278977,87.05270368016903,103908.0710242714,1208.8601959267717,190.64050222916816,253.7080517651706,164.36905313353586,1,0,0,1,21,1486.5048067958144,Brute Force
32.10507341520839,1,0,48.29312856375155,0.0,45.48068895486164,0.0,1504221.091139906,31147.72506722546,20.506218652089707,22.55975578086893,21.660129123017338,1,1,0,0,24518,45.435175907765405,Port Scan
1826.6305602613318,5,3,560.0244175956805,176.37861358589635,115.27790460736126,63.98616011941978,403148.3142799392,4379.648613157692,92.28092755506012,124.19753255331295,90.32133277754254,1,0,0,1,22,376.7124049247606,Brute Force
70461.27130371325,27,12,9947.536174667255,5742.856676486537,341.6772073538849,471.63833503645753,222681.09219208654,553.4955483828281,2396.4825153764273,3061.70480952843,3260.468638492763,0,0,0,1,80,9179.155448983238,BENIGN
8248.401029246883,13,16,3193.515794081493,10873.289684634083,258.62056802589683,692.9466948902693,1705397.8618204915,3515.8329350346626,236.5222341092799,238.57082376696542,234.3387717082653,0,0,1,1,443,10462.54147541073,BENIGN
1998.8041430269348,144,2,7843.1007021466385,83.63658500228499,51.99779406084963,40.08408860348247,3965739.8724143566,73043.67489398013,7.8956762595314585,9.5751917841559,11.258146526881559,1,0,0,0,80,17.74785482896565,DDoS
50731.38466067332,13,16,3504.3896408739265,7635.401853989703,288.88439784873003,511.86578892937416,219583.82506951626,571.6382510347808,2068.012499994789,2707.4293100100617,2639.4899761190018,0,0,1,0,443,15598.122639710778,BENIGN
19702.811694729928,12,13,5438.316033953648,7983.227011254597,439.7685287297241,658.7062497390303,681199.3766756759,1268.8544349579788,731.6686264887197,789.8336324982248,1057.143956783874,0,0,1,1,443,19447.04575178692,BENIGN
31342.247538737774,11,13,4074.129446752244,10317.366463753984,344.9864701567931,829.8105443317082,459172.42829248,765.7395970195486,1364.895838175299,1534.7739243830429,1915.9899760726694,1,0,0,1,8080,15797.952954241415,BENIGN
108622.08527346383,12,7,3977.063816133478,6463.886515475194,335.3259622296766,861.5687487118763,96121.79977324903,174.91838747310132,4653.366842642646,4068.5112862644896,7345.092236198468,0,1,1,1,443,6295.053315301653,BENIGN
274.68405239785284,1,1,43.09041211855863,0.0,47.84289327140601,0.0,156872.63873676368,7281.092522631043,26.847579760436332,24.57481622394769,39.49374827934091,1,1,0,1,7415,9.400328172101858,Port Scan
227648.7703597753,13,10,5129.021864316483,5358.283192366996,424.1109875906371,521.1311605245298,46067.918750931,101.03283212841818,7489.31816063048,9533.476587308009,10485.506977869914,0,0,1,1,443,9321.26246946765,BENIGN
36374.68752353491,15,18,5254.250041526107,11980.096274957483,381.92332094425467,698.9870359453746,473800.5324535844,907.2242882814749,901.537049863401,721.4994814996334,1056.7542675180953,0,0,0,1,443,13320.243522545472,BENIGN
135093.39073788884,12,13,6757.7386810872795,9192.888556455018,544.7005514478067,739.8561961901436,118071.11473343692,185.05716573881506,4805.112823145168,6052.909048957404,5763.386460612454,0,0,1,1,443,1899.2469622732222,BENIGN
486.9912550204862,2,0,96.00967878836644,0.0,45.103242783394656,0.0,197148.67114878196,4106.849926731982,18.306015858966575,22.258861293301113,21.48717527951394,1,0,0,0,16780,13.871678913118895,Port Scan
11545.803530606288,6,2,510.62207799484696,174.332968162009,86.98862906970786,91.16342139956375,59325.02180044353,692.8924417250938,57.233448878685614,52.71983724538037,80.8660224533753,1,1,1,1,3389,129.40980519566148,Brute Force
15297.610546020805,7,1,858.2949192096445,66.44748888637547,126.48493075258673,67.15600747718003,60450.12097242617,522.9574890753739,313.8875337493807,411.873291535857,273.2087411954911,1,1,0,1,22,2599.494827588321,Brute Force
126206.25282021648,10,19,3669.3273423839883,15496.998345750855,387.69960251235443,783.0967923716723,151865.10382681026,229.78259279523274,3741.4914177424557,4097.684393872578,5978.039078020974,0,0,0,0,53,22673.388082250112,BENIGN
58760.15996642593,16,13,3870.147938234451,10509.417212356624,220.23640019851132,775.0856177029696,244716.235606016,493.5316720813876,1893.6007768634918,1731.51059910118,2145.35331706732,0,0,0,1,80,6632.193982820278,BENIGN
10916.143518722045,5,4,404.5408198863369,383.3641056549182,76.84257579476633,91.7217202799653,72177.95590447636,824.4669909812282,192.59944680936437,225.33694431120978,270.14437391330557,1,1,1,1,22,2718.5086255354804,BENIGN
90366.21545807274,9,17,2138.495126405938,11615.966095692838,227.44979385141585,689.6124028247327,152208.00331602292,287.71814630284297,3116.6716338827155,4267.2250419561715,4485.156312763032,0,0,0,1,53,7033.5054733441275,BENIGN
14959.027474709515,15,8,4416.696670171577,5652.754343800482,275.139166581419,707.8336840214656,673135.4047578279,1537.533107609098,558.263745961017,706.7827289911983,881.4210206574999,1,0,1,0,80,16736.775275738393,BENIGN
73686.01778016367,9,12,3256.207702507627,7601.080943933831,330.76174491799617,578.9970902480827,147345.30340387384,284.99300997174004,3408.6457097048146,4535.797976456745,3558.778266679874,0,0,1,1,80,22285.49568514048,BENIGN
7419.749411378153,6,3,567.9109418092169,234.6051027238988,102.27846104565342,83.43813930642298,108159.45391665933,1212.9789701790385,311.325759188018,352.7363963892884,357.7647198772405,1,0,1,1,22,1247.960739204376,Brute Force
1728.0445376634918,193,0,10158.935242354757,0.0,50.08263249108803,45.55816838831123,5878861.92799797,111686.9361833448,6.749975000434526,6.716569188952238,10.038744779375174,1,0,0,0,80,49.44099512156193,DDoS
61584.39839998612,15,16,7804.401677307459,14867.020613006001,490.8858597595481,928.8385864874937,368135.808408231,503.37424421453767,2142.4839183967424,1788.8729267258245,1791.534023057608,0,0,1,1,53,2242.902363035135,BENIGN
26857.61506531922,4,13,1578.0651280151476,13319.824012275549,421.9318282933518,1082.4703270525101,554698.885364847,632.9675944291796,1663.2514915919394,2322.4512890908863,2507.8830567650743,0,0,1,1,443,12139.698710477165,BENIGN
81133.66868604819,8,9,1328.2035607557377,1091.5796558503773,157.48756491147884,124.5947162928693,29824.649319995846,209.53076910379298,15158.447629640708,17998.281199419227,20027.308707548742,0,0,1,1,6667,3410.1538930270676,Botnet
44966.24244098356,16,9,5208.291619657046,3977.3342718548565,325.8812232254672,470.6248121947462,204278.26282277599,555.9726284181189,1613.2678133648778,1838.7710986001275,1564.2590631343026,0,0,0,1,443,20631.501630460527,BENIGN
4897.922898240747,10,3,1238.05435458405,230.18390878799647,123.19631777597772,74.98432795052082,299767.5328656998,2654.1863296111474,240.22452426356148,320.6189539053547,229.54278164703774,1,1,1,1,80,1639.9442413714617,Brute Force
6189.220482661249,11,12,1002.3319630058312,7482.141067974287,91.31615056949624,612.9692714600654,1370846.7899550337,3716.1384158850374,288.0451016547548,399.7087488382814,328.1278612452283,0,0,0,1,53,20409.858535638854,BENIGN
5597.105054777393,6,1,672.899522627649,116.43609039588223,110.95533736246777,115.04387661398448,141025.6919065323,1250.6465273552744,207.62593447961757,244.5280232687584,310.4300744795848,1,0,1,1,3389,2482.6658657129924,Brute Force
101321.1352268113,13,14,5689.542675245005,10474.160063429807,410.2459980862494,731.2360009234275,159529.4279174008,266.479446164509,2716.167305899802,3775.849811062637,3802.9559463824967,0,0,0,1,80,14643.74031768731,BENIGN
86915.81136641391,11,13,4932.008204376824,7926.178187373311,450.67158560221895,648.8239610446612,147938.4037220046,276.12927524570176,3589.517507789542,4487.24321267672,3377.0592942133194,1,0,0,1,443,19410.729322024752,BENIGN
13283.198777597285,6,3,839.6312596542355,142.68072794467375,137.81143727795276,49.236417079590524,73951.46335200696,677.5476412488013,79.00226459210663,84.27206270067069,93.85165806438073,1,0,1,1,3389,463.0450135899726,Brute Force
8199.36097329527,4,2,511.0548790427804,181.7839172835011,122.24309378686249,89.26432371521595,84499.12116112556,731.7643435313519,378.3776378337752,424.0335978398078,494.81784726192177,1,1,1,1,22,2062.016843532579,Brute Force
1683.7701908636325,3,1,512.1386453307401,44.387100314779246,160.34103382040823,42.73549458828366,330523.57659335237,2375.6211041771303,397.0675190319709,554.3343947899693,341.43165764567556,1,0,1,1,21,2880.0523992813355,Brute Force
11186.460879760421,7,10,2278.525237762149,10197.178120824106,355.83507126993334,927.4469747314147,1115250.2558837398,1519.6942252538488,637.2374238183517,755.2740136011683,596.0798897692715,0,0,1,1,8080,13896.850396246151,BENIGN
12553.513848285007,4,2,549.8758251656654,137.14913247451625,130.15452150764108,67.83651377027024,54727.70141835939,477.9538281084294,301.6992392544911,402.1944695990731,255.2110314971736,1,1,1,1,22,350.24738487900487,Brute Force
13088.987891450419,14,13,2954.8184031331098,8872.885857618634,227.22783989281967,671.0006312735999,903637.8029257302,2062.80273340585,496.3369505596833,477.86431526830967,767.5394518666521,1,0,0,0,443,15709.764035773764,BENIGN
6896.730424677992,3,4,286.43310664853686,289.77726521109975,98.9730175851957,66.74979585258205,83548.33905031742,1014.9737004294798,203.72482204784973,225.32625495569934,213.0472646771322,1,0,1,1,3389,2365.930578726108,Brute Force
6939.551583886134,12,9,4233.194448988513,12118.702165320092,373.91966979999523,1236.866997008794,2356333.318751927,3026.132127724605,258.9349924661566,355.23739926545954,343.7469649007566,0,0,1,1,80,21819.6640504787,BENIGN
64437.69908048093,12,10,5743.954954887138,8796.99213507169,460.39057559685386,863.7676034928929,225659.00548058958,341.4150460667846,2950.460668398164,2818.70648957169,3501.0071725255134,0,0,1,1,22,5813.417119516069,BENIGN
17333.759181902005,10,15,3682.121339691212,14770.623916771476,397.7062131555293,1048.3589384650747,1064555.302910231,1442.2722582936444,697.6374773046563,957.4675808640624,618.8036139089941,0,0,0,1,80,9115.945146788654,BENIGN
26018.173525938582,15,22,5522.898453605367,16063.733344745955,346.21169718663214,790.9884902142344,829675.141371116,1422.082913049726,670.974176021035,592.3614251421208,756.18169023959,0,0,0,1,443,22370.08975122522,BENIGN
31296.963582214867,15,20,2302.4920081639657,15031.27940971739,139.93499805402112,817.0933186155355,553848.3429022367,1118.3193509510124,854.6013718509756,1050.3895917004807,1336.8193131511675,1,0,0,1,443,13945.076327109153,BENIGN
69046.3608979868,7,12,2127.2596138006325,10335.663495431805,312.46569077690066,823.3962906995907,180500.79609041093,275.1774279323965,3097.2666854363665,4218.0224883856,4932.017826903585,0,0,0,1,443,13676.73966128416,BENIGN
53849.53314304526,9,26,3870.7363098470664,21356.410226431337,405.82367416387416,803.7092263307427,468474.7492474134,649.9592096188916,1686.8704114796192,1617.1453286128822,1987.4972997420678,0,0,1,0,443,4966.432169951135,BENIGN
7533.146777834202,17,11,2407.5557436585955,10895.862723896242,129.06501819273439,974.9663069138408,1765984.2373839424,3716.906204773308,266.09398885356234,332.3466853421423,344.87519383627347,0,0,0,1,443,8863.46160213811,BENIGN
118742.70280614587,12,9,5205.754795742643,10010.736911944763,412.74352503185867,1208.905901726048,128146.75216319763,176.85297288780498,3983.2212039512506,4656.255102011088,3448.3230914617598,0,0,0,1,443,16383.621088625969,BENIGN
28055.692780289606,12,11,6243.847030491023,11351.378601358445,488.0929826454859,959.3032318697034,627153.4896550803,819.7979704196982,1317.6783026444903,1822.3762681192256,1535.2576580344935,0,0,0,1,443,724.0083622567126,BENIGN
1944.2124238204808,114,2,6595.09838634806,85.95407586573853,63.35411212825939,44.62322107388032,3436379.8833695212,59664.26228881607,2.2318712776293816,3.0911707868784997,2.5876596282992166,1,0,0,0,80,471.0583437176721,DDoS
5226.693503960341,5,2,386.06171257257694,147.813897811387,71.19436562667494,68.01698514044514,102144.04383563694,1339.278837509029,114.57581914872463,156.36065505132913,146.90364005676489,1,1,1,1,3389,971.2290930915221,Brute Force
8826.484135312025,4,1,371.6799438004266,84.67954141528736,95.24076621061488,77.96093950645273,51703.42779974659,566.476971277448,209.7759564765376,232.27815949129797,190.55324657516238,1,1,0,1,21,671.9595600686424,Brute Force
49534.03509603,22,21,6442.511133642687,6651.786052457945,314.86536260553993,343.10450975017943,264349.49546741246,868.0899893706886,1400.8361765914815,1867.7720786501727,2109.148490231181,0,0,1,1,22,6733.8949680224805,Port Scan
17351.509268570335,12,10,2246.654061241332,12119.462033930391,201.72099371561606,1238.6945269667908,827946.1960806946,1267.9012332287264,932.7352189069491,1076.8824581250049,1336.421174035242,0,0,0,0,22,18918.054158213297,BENIGN
8768.8371064031,11,7,2788.0841451633846,4750.036446347852,236.67359709643125,658.7582776750295,859648.8337098678,2052.7237285382125,621.0408430539462,868.5686528762069,961.5868924370326,1,0,0,1,443,16217.8052609957,Port Scan
81297.60634570416,14,23,7089.63443580707,12032.291878824908,468.10640111068204,497.57146184940103,235208.9707699297,455.11795073847355,2156.4927216119013,2032.1660761308872,2305.731217399258,0,0,1,1,443,11152.13094453474,BENIGN
3008.477004595304,4,5,457.5842486525958,358.3613461332727,113.99354162379836,79.17768696102672,271215.49991558876,2991.54688111391,251.42375139706056,300.5718138341043,263.2897109039873,1,1,0,1,22,1714.2699775949538,Brute Force
11033.635374012536,6,12,2213.1861518368737,10255.406980417574,397.96091688780535,831.6499089495406,1130053.0341633058,1631.3752802086706,408.32589285197383,341.10765664502435,345.8165098181589,0,0,1,1,53,9794.388037057854,BENIGN
8545.732553988,11,24,3330.1053734098055,17906.9128647141,310.7860790363263,686.9271895600825,2485102.137699514,4095.6114386784434,284.78041416643657,312.2202383129886,372.79925390321677,1,0,1,0,80,9456.729456867803,BENIGN
11633.455255129682,10,12,5518.097744495765,9958.370184131785,518.3486232734602,857.3300017972934,1330341.4668486665,1891.09765908106,561.8181535591561,498.99919728482377,542.5452452607627,0,0,0,0,22,7436.821707649865,BENIGN
25621.685412137707,21,13,4237.61446158568,14663.400218802726,215.969450267496,1064.1901175473308,737695.9937004951,1327.000915556213,616.9478517821285,659.6834794713321,836.7059141658982,0,0,0,1,443,5798.808476992309,BENIGN
108074.20210019256,12,10,5606.714020111291,7796.122189863379,497.0022865149113,820.97111105233,124015.12987853731,203.56384384503176,4537.08750828556,3679.923845514515,3741.2225709053782,1,0,1,1,443,6759.877274155116,BENIGN
61481.91265745706,9,11,1085.953697644253,9761.475271916579,132.68813948521262,907.6228717346108,176432.84830770732,325.29892346435037,3434.7510464011307,4663.917961387706,3074.681031216839,0,0,0,1,53,7411.937566661244,BENIGN
228905.0731918102,13,21,5273.6688702926585,14984.402872763103,378.3332224633948,707.7338179860687,88499.88102308499,148.53318681805632,5435.304608531748,5449.683544756484,5324.397310625203,0,0,1,1,80,5503.944544445443,BENIGN
30.193957450252697,1,0,48.37425293011185,0.0,46.15030053869516,0.0,1602117.013306813,33119.20941955328,8.640466199253092,11.656168477149237,10.17313473062635,1,1,0,0,42074,15.433965657857712,Port Scan
5147.211677512491,4,5,299.84381588996786,372.95382106404634,81.92329690054964,75.14473495509726,130711.08769304768,1748.5195021840364,172.29819136886954,144.57252321693625,148.51810706464596,1,1,1,1,21,2736.071932167823,Brute Force
7659.918491415029,4,4,344.7356384583472,324.2367016785334,80.88783991037832,76.79898859361877,87334.13297891375,1044.3975362095723,147.62649020321695,161.615957070492,139.9624322220339,1,0,1,1,443,120.54435921048399,Brute Force
5893.2336228856,4,3,589.5559133168659,207.46355942769134,134.29963048913046,75.38840628062208,135243.1489648462,1187.8029020971471,291.12898486181155,404.05411023147207,441.08082951279226,1,0,1,1,21,2173.8301179876744,Brute Force
524.0634910767684,14,18,2090.8905802830714,17112.501480357936,139.97494363763852,963.0290059903618,36643254.84911133,61061.30372533893,14.7835710701299,13.784167121750759,19.7278957483168,1,0,0,0,443,24846.11508200725,BENIGN
2059.08010570489,172,5,7414.1641506612,199.46006325345434,40.0,36.86696160211863,3697585.243439698,85960.71590881947,60.438948127119815,79.97523328455742,93.55805682376531,1,0,0,0,53,324.50328880661334,DDoS
73326.09468665179,9,6,1990.5492612827707,1647.5343314266806,218.3489098776074,250.2287492571846,49615.12826035892,204.56564697874992,15813.243014425188,15668.810808204747,14470.645010716593,0,0,0,1,1337,2008.1805767143571,BENIGN
301.17412648223774,1,1,51.23844770323155,0.0,47.14758990515483,0.0,170128.9825314839,6640.676685478669,8.100771977452883,11.01426413800678,6.597311760291036,1,0,0,0,29789,16.223466685416554,BENIGN
10570.311743357914,12,15,3970.677263224253,13230.658694350635,309.3225649126278,949.1369060963,1627325.3216380985,2554.3239078985575,457.1715714232138,560.4529112707772,597.3486457439689,0,0,0,1,443,22423.50980048525,BENIGN
128597.22031214258,10,11,4797.058604207446,8493.909433382425,480.1907380846748,713.3829484262485,103353.46289234601,163.30057484156296,4681.4763513944745,4439.193524579539,6319.603942668576,0,0,0,0,80,605.5458259744494,BENIGN
12133.303475172812,8,3,445.0682036605562,324.6186593140469,54.1346344611722,105.50198073855914,63435.88657034235,906.5956375778633,337.6152220748484,275.9796472646065,364.9086394788794,1,0,1,1,80,2560.04973711767,Brute Force
18317.18181632843,12,19,3024.3833169074096,18351.28298551049,239.8718881116389,948.0528073856034,1166973.5288298037,1692.4000815652637,714.5215138590706,976.4119549175508,730.5529511844362,1,0,0,1,53,11951.905665061271,BENIGN
63106.90175516965,9,9,1913.6410956465745,2316.4275895407845,236.18267205562182,239.96976228665852,67030.20695895335,285.23029176480617,12643.19891060625,11022.92605467998,11085.708681341437,0,0,1,1,1337,3637.845082188648,Botnet
12477.308507766002,6,5,525.5408940548797,386.3505254432725,91.0255141153782,84.38526079723519,73083.98433288571,881.6003862654746,285.07967779110015,383.33141889832,400.93772462792737,1,0,1,1,21,2582.8931797603564,Brute Force
56308.992696748806,14,15,4299.539938209838,12248.473598383238,330.77930741243557,769.7164674262534,293878.69937066967,515.0154284623602,1705.2104173142072,1946.819835265824,1722.9642341711192,0,0,0,1,443,8371.305002917721,BENIGN
12523.613800111716,5,3,502.20458700100755,163.64939983548769,108.05125122268144,50.37602660963319,53167.879293000515,638.7932531046779,204.5423898971715,218.63922186927223,187.0061357945283,1,0,1,1,3389,1639.6489085813912,Brute Force
13104.752971702463,20,18,11285.401017550914,15750.065172736147,516.2626700790986,877.2967405648324,2063027.5327330213,2899.711278957695,485.9325409652423,476.1683352327247,689.9001554181707,0,0,0,1,443,11257.270058550219,BENIGN
10317.641596426485,16,14,8188.663226699491,13687.773386518504,485.20966601375903,1001.4146435163674,2120294.294850763,2907.6412201011613,231.96074299647523,322.6157081384041,286.93455490889136,0,0,0,1,443,16038.10423150972,BENIGN
5379.01432807294,4,3,360.5051541765628,353.7513617771094,86.50196102744559,108.10950853747059,132785.76192407325,1301.3536631548232,154.4170401664885,199.22206485112486,170.05908488107718,1,0,1,1,80,1475.9099532569521,Brute Force
24029.417722666443,14,6,5650.076372220533,4968.200727836183,389.6191459759382,816.1653366497133,441886.5751391353,832.3131351258013,1350.6299884198563,1410.085672926823,1344.297689865953,0,0,1,1,80,16297.019409656,BENIGN
168061.43468514414,11,14,3069.435585668204,10015.96034797264,271.0111827024495,699.4449560229727,77860.78917007802,148.7551266406622,6813.996298347538,6341.390545361615,8239.742916706015,0,0,1,1,443,17276.653280616927,BENIGN
33078.14985622319,7,8,1845.1502478410378,8257.32969065224,240.95558295300737,1058.013447948565,305412.4847491323,453.4715534332692,1630.0140430174367,2020.3712749555448,2028.2035536136686,0,0,0,1,80,20716.47834807344,Port Scan
15249.352783199796,15,21,4247.246232175109,20425.63448851123,274.4422253500699,1042.3207270856878,1617962.4847992526,2360.7559292392516,408.4096996754759,378.56684022778126,465.4388377389794,0,0,0,1,80,20678.249006896596,BENIGN
13031.343617296694,7,2,779.8898280797681,134.5057111808721,121.13396116042883,73.8397829902519,70168.93776378897,690.642520396298,387.33973052889917,323.1430977079158,615.5868283625135,1,0,1,1,22,502.3791080899883,Brute Force
2311.6957696204063,10,4,1111.8438930540087,343.3567869163645,110.93919116471795,78.52419788311582,629494.8924915519,6056.160236992984,354.81951001162975,406.6659507634329,323.11150077772356,1,0,1,1,3389,366.87453721066294,Brute Force
151341.5328357876,7,15,1921.9722963078116,7718.333816397384,279.9888369848306,541.1829155170739,63699.01197687328,145.36657312616882,5560.505576581534,6261.298747064309,6557.323440780832,0,0,1,0,443,22371.44716775788,BENIGN
7001.219211002309,8,16,2351.9860800943256,6127.829179507548,295.1659887914989,358.13137246360657,1211191.2231338185,3427.974367990702,370.105320865779,441.46287483394025,488.193893685133,0,0,0,1,443,21122.242299405254,BENIGN
16185.88354448304,21,11,4390.445258926966,9704.231515519956,217.15617524457258,877.9952187892989,870800.579758965,1977.031399741363,629.385943724634,522.280233029281,829.6612298291307,0,0,1,0,80,7585.757736111096,BENIGN
98851.29604050842,12,15,4966.28056321733,10718.519033635725,397.85462707157706,658.3917075976605,158670.65203096133,273.13754175702087,3034.8014651365743,3450.1656805853568,3936.7381417423803,0,0,1,1,443,2924.6729344892774,BENIGN
58878.71906936957,10,13,5259.898308466741,7495.190602165771,491.3783310281326,550.6683973790168,216633.26091732323,390.63349820674466,2590.2535426684967,2672.939720573453,2874.6517407874303,0,0,0,1,53,18770.200995641935,BENIGN
14962.660642464163,13,9,2400.03928604406,9359.165594173146,172.11905160848377,979.2977321678479,785903.3337189029,1470.3267370486105,633.3249245606431,777.4347881461424,768.3749362382644,0,0,0,1,443,22299.139048064342,BENIGN
78326.18264185362,9,17,2563.4310452102686,12619.66388455871,304.1968079581697,763.4914741370039,193844.4389559193,331.9451953746421,3708.6540588006847,3761.0306859092525,3685.325270511217,0,0,0,0,443,19988.3693380336,BENIGN
129743.5267473919,9,11,2756.5865779181386,5199.846285682596,323.0598689120401,518.0698650329075,61324.31469272262,154.15027247517025,5071.880229889525,4678.7265002102085,7341.38384466375,0,0,0,1,443,1493.400773446475,BENIGN
19611.505881147707,14,13,5600.1904360802455,10359.068524817067,384.28127772933925,871.1609504655947,813770.1947833973,1376.7428245250028,732.8603572334895,902.0964349208948,613.036208862013,0,0,1,1,53,21114.03593585176,BENIGN
105819.6119034644,12,21,3134.181693095447,18187.29591329204,278.02064643422983,916.8583964387376,201488.90383229093,311.8514555704926,2727.4280156990317,2415.042407788521,2225.5552848017596,1,0,0,1,80,16208.250886023101,BENIGN
29949.63072136456,15,15,6231.053359449996,8504.104262593994,440.1173239532249,558.3146657725861,491997.97350197943,1001.6817996556969,909.8634026461776,996.7129936397337,1262.5973418622034,0,0,1,1,443,13672.132543642918,BENIGN
43080.89056204324,12,14,5332.666845477157,6158.931290678929,428.08530077866516,466.4236564008423,266744.67463959183,603.5158433541646,1086.408704883399,1245.9780591701713,1552.8578616377943,0,0,0,1,443,6681.782751374725,BENIGN
14796.524282588824,12,17,1359.323982347702,11633.430078711559,123.02522945783306,692.752963498017,878095.0048078472,1959.9197383215535,541.3260122546493,646.4166470927285,734.7009410387518,0,0,1,0,22,7998.975533461205,BENIGN
239.29583798338595,1,1,52.76594362324543,0.0,53.761470116346025,0.0,220505.06213530095,8357.855351161008,12.060337527981403,15.611383316819394,13.812220618414594,1,1,0,0,6680,13.423179115931983,Port Scan
19574.58705894405,9,13,3014.9175471698422,10104.137836425343,316.1633330991269,833.6550225169569,670208.5384529636,1123.9062123636334,730.7426180014431,732.4613758179753,735.3947652159168,1,0,1,1,8080,9759.53629757352,BENIGN
1239.559838813741,106,1,6240.419087327841,26.82546288129162,57.499721026360035,25.714505349529226,5056024.206307691,86320.9638208342,32.156850977656205,36.26517582295015,46.308431075718225,1,0,0,0,80,268.99808855075685,DDoS
1080.8177080703645,127,0,8059.2193369114875,0.0,63.90587121647581,43.7395952564979,7456594.462446398,117503.62623752638,27.46887928622175,25.807843339503673,35.93505740218488,1,0,0,0,443,122.20024680270778,DDoS
102350.0884515914,8,15,2154.1663996330362,5782.4262467826065,247.23812346876065,396.445573699057,77543.58365962155,224.71890691993227,3027.3753086569855,3707.4899735500308,3431.3001623225878,1,0,1,1,443,3751.8257131699247,BENIGN
2103.1265805869584,15,16,2996.2470820104722,6477.715715240989,215.71801361544522,384.86674665768226,4504704.036695397,14739.959204618228,62.79777849348351,65.23695116557037,68.4351196316007,0,0,1,1,80,13078.935426837645,BENIGN
795.5982348409817,7,1,729.299132419134,76.85839453805026,112.50282852147392,79.14110070910658,1013272.1412061868,10055.32648221496,73.18121217723521,64.37940695739128,94.87339228255094,1,0,1,1,21,1414.570331304815,BENIGN
852.6041014221577,152,1,8228.349880493115,52.55022095598475,50.88383786601553,48.161412299298284,9712479.787085732,179450.2275379552,29.38948431385299,32.72455301203415,25.17221879971616,1,0,0,0,80,33.93973088574326,DDoS
36290.92788517201,13,14,7821.332818273112,12042.676222334892,626.4903143154464,870.5171441682729,547354.6750708509,743.9875906571086,1641.4920978865823,1887.301470949133,1635.6133679552747,0,0,0,1,443,22616.978756626286,BENIGN
5206.937289664092,6,2,788.5669438780733,113.90978844996627,122.43003022465206,54.00165438228458,173321.98989979769,1536.411820415086,317.7910740938576,341.7510012550242,362.22022631160803,1,0,0,1,22,1562.4886700838185,Brute Force
556.2264726850427,129,2,7611.172774920161,73.32785507094454,56.04084755952499,38.616857359408996,13815416.934214082,235515.5794143177,19.8441028766546,21.089236861280465,23.675387678477595,1,0,0,0,443,29.26833949968975,DDoS
1224.064340699759,3,5,221.44707046948892,280.83695641893615,78.81167348881738,57.051002638854534,410341.1970985815,6535.6041622997145,58.20137042370372,59.48731680253342,82.60630880732744,1,0,1,1,21,1782.240405326972,Brute Force
2456.3779478794827,9,14,3566.1262039174103,7062.802567403183,381.9654024844756,476.2769297837399,4327073.84484388,9363.379939090892,86.64012937829061,111.80214014941026,94.72108845591247,0,0,0,1,443,18244.592166120976,BENIGN
62614.731915040094,16,3,3112.5290755671303,331.05176092401905,182.08936042318754,122.1436721140585,54996.3360246217,303.4429665175359,14341.262168857176,13692.73056150385,18512.07229278555,0,0,1,1,8080,3154.339467490374,Botnet
518.6067390257415,145,0,9095.481062618654,0.0,61.58763153559472,53.35671122610385,17538300.94785404,279595.2869266568,7.436735762432788,7.80592025380142,8.303658234032202,1,0,0,0,443,154.4502291676142,DDoS
10378.927462209344,5,13,1580.8128051062156,13053.623634227006,303.0320517281237,992.4718934925241,1410014.3288040685,1734.2832451175425,453.5724459179433,602.6449060249975,550.2428502882416,0,0,0,0,443,6048.501682978366,BENIGN
565.9617747851335,1,0,48.45991229314879,0.0,49.20109970552464,0.0,85624.0022774445,1766.9037814075846,13.420660426008592,12.612128468894237,13.12843515212653,1,1,0,0,40327,22.08827471218044,Port Scan
107126.4397901173,17,13,4436.091793495652,13614.608815826641,251.4227863728054,1068.4666292037198,168499.02456095174,280.0429105902909,3092.173559995866,3557.5581410602695,3192.430608933267,0,0,1,1,443,14163.598172048214,BENIGN
83.92850467314554,1,0,49.033870554961204,0.0,52.55901166157059,0.0,584233.8159832661,11914.90309394215,9.586737591290623,11.453958813699533,14.81208748838304,1,1,0,0,4531,15.664696377389925,Port Scan
25782.627179089788,19,10,6422.947815659188,6095.319553120286,325.3331260867104,624.7087223575527,485531.1013042159,1124.7884010640919,904.8006007283327,766.4917814068396,1121.4187553915485,0,0,1,1,80,1809.7762383703916,BENIGN
4428.825406112898,6,3,801.2934483779317,325.5714515720018,127.13445132234453,103.45725097804991,254438.77250039595,2032.141521672479,206.81229073855823,212.87711662913054,285.29858689442204,1,1,1,1,80,1227.0021790364663,Brute Force
12244.422417397624,4,2,593.8112502316455,171.83565018097434,139.4703456658313,79.68884211681507,62530.25862001804,490.0190303361989,385.96127560840927,464.404230220416,460.3583047179908,1,0,1,1,21,2593.5498346223244,Brute Force
2576.885824539116,155,3,9912.034207059027,146.45298670113598,68.12267865263536,44.73055670691475,3903349.9652857743,61314.31920475514,18.62014774228459,16.554081775490374,29.616866181360496,1,0,0,0,80,139.99833066447283,DDoS
52471.786411749315,10,17,3814.9323395986935,18011.515699901873,377.72380338010737,1052.1860236979596,415965.40792850265,514.5622408989348,1625.8363130156438,1949.810743707882,1518.2553992798717,0,0,1,1,8080,14557.092248837122,BENIGN
55722.453830710445,9,20,3158.706953380044,17659.260413763026,369.72979697141193,887.9686579140514,373601.05192764534,520.4365207624285,1993.9463079383631,2046.0303798337802,2584.5953233889736,0,0,1,0,80,9923.298831293894,BENIGN
46604.36250855899,9,17,3229.6790747497425,12630.71438320219,376.7802236358015,676.8346847332514,340319.93153085484,557.8876869139674,1762.7680688196792,1755.0970597115895,1997.8410424432554,0,0,0,1,443,11642.04667242768,BENIGN
22997.232289854015,8,14,2819.524654382199,15645.41322753411,361.01426136749893,1088.1205607119475,802920.0057288079,956.636856240567,1125.9448729239311,1258.31619387591,1487.5944050787289,1,0,0,1,53,7394.851273504011,BENIGN
44763.07598137088,11,4,2157.5920545247423,659.8670580389202,203.04029874140943,151.98652617191348,62941.58859270996,335.0976149682514,14872.93985932855,20298.88095104536,17410.106596354162,0,0,1,1,9001,4765.695335575877,Botnet
39877.454824711655,13,21,6188.809109075656,14162.921179135305,487.5613605590458,739.7144088861669,510356.801297138,852.6120874427157,1529.583918699779,1280.5407661357758,2309.8618554075197,0,0,0,1,443,8988.299410263566,BENIGN
7875.811496412598,10,12,4942.564866601595,9693.07276898089,466.5473220566627,779.5225841051714,1858302.1752423812,2793.3629455226187,370.9156007232776,393.57318403173093,422.69144505650127,1,0,1,0,443,20425.197248061017,BENIGN
6228.21849429076,12,17,3177.998448535643,8957.43189363986,244.38415321382098,565.1411797417386,1948459.3151797298,4656.227142092642,162.96063664676325,186.2980902876696,205.2204141953648,1,0,0,1,443,3290.422604623009,BENIGN
1340.7877266093099,136,1,10697.860393495472,57.954096056401504,76.33851164880011,53.21780296582453,8022011.446026605,102178.73961783381,16.126673310460184,21.02871490479133,16.88545448238788,1,0,0,1,80,179.97266727905148,DDoS
1081.6688781539237,14,13,3751.8092721312523,7579.294878298885,250.88013554825739,624.2082112789919,10475575.63990271,24961.42816467152,37.066434719748585,45.40883533949835,49.85086569141148,0,0,0,1,80,4447.650320450557,BENIGN
23073.483560699005,14,14,5864.234134828004,12382.702798867052,428.9123430654066,815.7614148683648,790818.4685547441,1213.5142024107843,859.676710757564,803.3757029962524,1375.166359846435,0,0,0,1,53,8803.120127224707,BENIGN
23290.85223527619,18,19,7657.813091615184,15501.625890410032,401.0391445409284,744.7870683293355,994357.731012868,1588.6065321371113,571.7525511992014,744.6437733969701,797.29318754651,0,0,0,1,443,17930.04477339082,BENIGN
468.32790131573245,1,0,44.645429307943296,0.0,46.81460882724048,0.0,95329.42449620293,2135.256082737275,9.461774847632231,9.487451384458614,13.52357445260854,1,1,0,0,852,40.6180486238205,Port Scan
674.7372810029473,1,0,48.065330845010806,0.0,44.844328423204544,0.0,71235.6234022896,1482.0583183332833,39.37001663789931,48.871452320427096,58.550611683035854,1,0,0,1,53251,25.489249718300666,Port Scan
112067.0475210525,6,10,2122.807704396774,6441.676786593394,377.52973505934665,589.7896866239726,76422.86185313552,142.77167422470282,6937.930312210742,6664.788260077222,7810.183211354716,1,0,1,1,80,19002.84398576507,BENIGN
58736.44494878999,2,16,519.2839547492524,21678.62248264877,280.0883872597541,1243.2057347161463,377923.901535946,306.45368502798385,2897.6825232229153,3649.693998980396,2898.1092566358857,0,0,1,1,8080,24637.078007384178,BENIGN
52181.9614979428,10,14,2764.5656503442588,8295.722794068142,279.8350566170583,655.3087525826205,211956.16505999753,459.92905040463387,2115.3843002449435,2168.4060063010124,2443.045855273551,1,0,0,1,80,1818.2722429792366,BENIGN
1672.7835066808448,148,1,9602.653183175933,34.287444558126715,67.42360141685049,37.607212484587855,5761020.830995508,89073.09248621624,56.09339642625014,52.58341050906948,47.402491107687105,1,0,0,1,80,150.993986148751,DDoS
14893.855700957029,11,11,3569.4831315232627,8327.413101002763,352.26864384841684,712.3367363554474,798778.8032457957,1477.1191853689274,1081.1985727701283,1069.063399329991,1561.5716102814442,0,0,0,1,443,7424.373032039254,BENIGN
11347.705921359633,5,5,397.29350955405295,463.9862965537478,84.90774880288913,100.25904059022017,75899.02417955911,881.2353853105354,248.71108814055128,199.72961806076043,300.24773531946283,1,1,0,1,21,2398.351745030567,Brute Force
15621.899597208121,17,25,5242.08177682266,17911.352605175613,327.93536495633975,734.7896718140004,1482113.8900506154,2688.5334743481553,418.8826848381553,355.871342287361,587.7135394984111,0,0,1,1,80,12157.708048489592,BENIGN
27851.790978977475,15,6,5095.622307922708,3324.5118314748474,324.77525626520645,531.3667536508314,302319.306710045,753.991009621277,1082.4732513789825,1509.328380868508,1337.339213440579,0,0,1,1,22,4395.031474632423,BENIGN
46410.6349676454,9,7,1662.6327473991755,1505.4992220021027,204.19716751885375,203.8867299770211,68263.06021475255,344.7485691836408,12682.404925329536,15463.661666208895,17411.388853356475,0,0,1,1,6667,2065.3621877189544,Botnet
18640.067847601622,15,13,4020.9968092216195,9361.437588781431,296.20439845425835,654.8698637246706,717939.1463279969,1502.1404551165679,675.2987143456382,679.0762550522212,569.335431348059,0,0,1,1,443,22916.646644515335,BENIGN
1092.2857053533044,111,0,6947.967576827735,0.0,66.32625025060106,45.48704568903439,6360943.426042901,101621.76384437495,21.41006443293812,21.048525905027194,33.408800458925015,1,0,0,0,443,280.62677423011877,DDoS
55144.9399528809,13,12,6860.702582781193,13213.385077255938,559.9379811182885,1027.5844098387797,364024.10950469103,453.35075206105,1766.176592552642,1808.2182540317333,2521.7550930774814,0,0,0,1,443,15550.77153802906,BENIGN
101233.73372625909,12,14,5758.891547570196,6700.962494545575,446.80144644989286,459.81240674286545,123080.06020807075,256.8313845887109,4684.04863473606,5164.973284111989,6517.964634533617,0,0,0,1,80,21886.847164671028,BENIGN
31551.15760103522,11,20,5362.916403512665,11729.09925998197,482.01575929942567,545.7586982768275,541723.884734227,982.5313033516991,1084.8544674298219,1413.2558631496192,1527.927879002669,0,0,0,1,443,23204.343805858643,BENIGN
9861.909603354843,7,3,488.3752920456696,193.24391691012673,66.55448927272268,69.44511036745035,69116.35133259807,1014.0023993525737,345.01136301633034,336.8518563003553,394.07780663706177,1,0,1,1,80,2184.754453147618,Brute Force
7422.566162489674,8,14,3285.036171401579,11845.077131469081,444.6677888139608,809.0414180772331,2038393.8615908173,2963.934509762695,297.959188100783,280.7555493088751,351.221650239104,0,0,1,1,80,3957.870911792181,BENIGN
71381.23748329529,9,17,3219.3636635130288,10504.323295659015,392.5555988691871,578.0049039900516,192259.02272125322,364.2413737375251,1735.1066961691074,2030.3720922725663,1869.2433288569712,0,0,1,1,443,15463.361320157657,BENIGN
37427.626647616096,17,17,7741.899515866301,10012.753053696362,438.38047968929743,574.6209241144377,474372.9207497992,908.4198771167763,975.1899867848986,787.3002178780137,1506.3905192112707,1,0,0,1,80,21082.174658225205,BENIGN
52860.18503257259,21,14,8283.008797485774,7997.588328860527,434.18423100043253,571.1480753533637,307993.5705165268,662.1240538305514,1298.9309754249853,1758.1044377907,1308.172469840559,1,0,0,1,443,5703.463696055008,BENIGN
212561.6255857958,11,18,4897.093848123509,15023.270064138556,431.9148792846604,857.3701722333856,93715.71118429207,136.4310228625665,6637.896403656217,7503.614807954245,7171.076786258019,0,0,0,1,443,7243.670141074184,BENIGN
250200.50597310378,13,11,5974.835583138013,6648.821360666932,502.11342947396844,660.6330398556119,50454.16233155808,95.92306740810496,9801.357533352515,8125.529902216804,9547.678933665076,0,0,0,1,443,8339.602639000761,BENIGN
13958.494442938592,3,3,398.00114802023126,247.57161979284388,134.09358538438187,83.88643004305248,46249.4555162904,429.84578491094476,398.033345641561,436.4406327128231,559.3047135311807,1,1,1,1,21,715.118363791937,Brute Force
3314.1256812063752,12,18,3985.5687329898856,11735.672758543962,353.7612354567568,700.8796923461636,4743707.090133998,9052.161229166088,106.06492746820786,100.73707532127435,136.52217631600544,0,0,0,1,443,21354.261354846065,BENIGN
566.1679258428021,1,1,43.338473239169126,0.0,40.906269456091295,0.0,76547.03006118747,3532.5208453353907,18.430067321919196,20.622568230569932,18.739102119659997,1,0,0,0,56362,26.425472734965293,Port Scan
12096.867303732508,8,11,3836.564006305264,8035.442334539516,448.96039874934644,810.1562678189504,981411.6368112637,1570.6545771678852,513.0417901135347,520.5296000597701,808.6802396775504,0,0,1,1,80,10699.835858456387,BENIGN
79203.45410288539,6,12,1326.0270048252999,10094.169375602776,242.74401685281867,856.3114397335254,144188.11035176858,227.26281579358871,3399.551055447488,4163.20099014647,4544.1933993506755,0,0,0,1,80,17527.774010735244,BENIGN
34550.581561167724,8,11,2829.6853651719825,7340.436985488339,323.18054532509217,643.775174732453,294354.59234326694,549.9183846258201,1970.6009176319578,1988.3715781868248,2583.2140344356567,0,0,0,1,53,24126.39451776916,BENIGN
13325.718002132611,11,17,4802.48290198435,3523.536092304832,464.2776425133344,202.99439841904643,624808.2837230015,2101.2001001010944,402.6217178175813,363.1863532055752,580.6389539812229,0,0,1,1,443,17887.5757560802,BENIGN
5118.837200783906,6,2,766.9827512538052,141.45857744711935,119.26038934998189,74.7758133888633,177470.25214277266,1562.854938769076,233.29407262086016,220.10592149344373,203.77430075101393,1,1,1,1,22,1419.10280581322,Brute Force
62255.60596884501,3,4,411.16274279665544,778.2034228160362,128.99065503365185,189.42704836501673,19104.563309654302,112.43967336054936,15784.666093082275,17364.641108673593,19423.577096152727,0,0,0,1,8080,5767.87688189638,Botnet
107239.78568116363,11,19,5069.96777935681,23207.139995244415,449.72680896576924,1210.6089396173386,263681.1291163184,279.74692237070946,2938.2124157964868,2453.8536577075038,3226.3465766513527,0,0,1,1,8080,3043.188766145776,BENIGN
14399.59369153212,12,12,4797.371853087777,6590.861270701358,403.957445444917,560.5279542068313,790871.8376190115,1666.7136944366375,694.0142159127001,626.8629366193461,965.4250325082444,0,0,0,0,22,7078.428733553124,BENIGN
81682.91604279255,10,12,3510.8619446645907,8641.061603277134,386.0229036183135,737.6840470890592,148769.4629018325,269.33416515730784,3654.7640548569098,4490.559723917648,5603.814687060408,0,0,0,1,443,1541.0308295855446,BENIGN
17273.20864321246,6,19,1621.699194873492,21889.54170541181,298.3701552755838,1088.4752897874046,1361139.171414113,1447.328085730256,653.6747202659802,641.1636562499905,725.8235549254492,0,0,0,1,443,8017.202055488466,BENIGN
24207.169820314306,6,13,2417.816098011951,8546.943670525468,405.48234979483436,605.2266082853617,452955.0480261411,784.8914243603758,1046.5240887524583,1120.1898200425467,1266.9255679675343,0,0,1,1,443,22596.358012994166,BENIGN
21730.59290810825,12,8,3878.298993512652,6478.681534506917,329.77262686095827,884.4767431662726,476608.2808608093,920.3614500797848,776.2739524479088,984.145202300944,754.3067894312693,0,0,1,1,443,6500.435335723577,BENIGN
12872.371959708673,4,3,276.62436946807685,167.57876275224086,63.46357851910082,60.58192253772187,34508.257966029974,543.8003207109332,167.32739256085893,226.8138514352111,249.0811639489692,1,0,0,1,3389,2215.475559059948,Brute Force
393.86891782963426,1,0,41.96555686217481,0.0,40.0,0.0,106547.01339070064,2538.9157527595116,5.691755412663388,6.739538139664874,7.11865107228616,1,0,0,0,9338,13.9162221885967,Port Scan
1397.1118228717287,110,2,6332.252680830175,42.833903695425875,62.665307968128204,22.652826536203833,4563046.765592298,80165.37986901203,9.707067734992396,11.107015577584173,8.438971809975177,1,0,0,1,443,408.5305515990298,DDoS
115155.08233614884,15,17,3624.5444749895855,9694.55669143728,258.87757267969914,614.310902579792,115662.2955428673,277.8861284349474,2335.0157608916434,1917.3930254307352,2788.583988817606,0,0,1,1,53,10511.008374827781,BENIGN
1583.6858476313416,169,0,10657.028060608793,0.0,57.848557103256596,40.272691672012016,6729256.358859367,106713.08343934931,34.79385911269583,29.68178406156025,42.63292781477588,1,0,0,0,80,72.74163139739761,DDoS
48474.58514834202,14,18,7512.425939355906,11838.399686760566,562.9616646867411,600.085969930129,399195.280720795,660.1397392483822,1254.1722628374266,1205.8756788674002,1571.4145660751012,0,0,0,1,53,16979.945763467607,BENIGN
4577.101749301089,16,13,4674.449393955105,8284.971405221697,267.6844549820478,648.1899672815362,2831359.5609177076,6335.887115559148,113.60434323771162,114.54018960210965,141.55696248357518,0,0,0,0,443,23628.64641445117,BENIGN
12573.658707426373,7,17,2892.9287541034923,15039.59846794107,435.32694724924374,855.5554025296387,1426198.02551608,1908.7523018121124,476.91524252217926,481.16803610251696,571.1505390859659,0,0,1,1,443,17288.3232354081,BENIGN
77756.76243064906,18,14,7146.257621972663,9822.410714009757,371.04997063269053,767.063341035456,218227.5573924095,411.53976837115187,2622.1083761067835,3428.0200188843933,3408.0434568178102,0,0,1,1,80,14706.122775115706,BENIGN
22017.57886986875,9,19,2987.387763454675,12950.218586036777,337.5503946291902,743.8878794436115,723858.2608781843,1271.7111252553862,746.4669964206,755.422750128128,946.4937552265147,1,0,1,1,8080,16875.681400599875,BENIGN
49986.57992840169,14,17,4818.939856785571,10859.255624669222,314.73308426612306,639.177538340008,313648.0932264513,620.1664535641941,1119.9104274700453,1255.0426749882854,1461.5753697899377,0,0,1,1,443,20291.493281600724,BENIGN
10872.681825248497,6,2,545.658575516686,163.95919878517137,85.4933020147627,75.90571257358307,65266.121616286604,735.7890287401249,130.02576304192033,159.69029026008852,125.6781715430875,1,0,0,1,443,1968.8767016059726,Brute Force
22227.9584755443,11,21,1970.8996103590741,13135.643309021923,172.01875711958024,588.3791327035349,679619.0003684574,1439.628386709788,694.2833897452219,652.5615324137345,730.7264585634729,0,0,0,1,53,2417.785382815152,BENIGN
4164.333290256046,10,4,1017.5253159179977,268.067945251461,98.3785185436479,67.38765483002365,308715.26642153406,3361.8826890628643,104.53295276022206,129.24743116976666,157.44300513343364,1,0,0,1,22,2628.6939126707994,Brute Force
20514.255014923136,20,18,5491.62120055794,14668.416013285761,301.0101296341415,760.3812613855308,982733.0897065598,1852.3704600706594,633.8786602963041,507.6763294280639,1008.1546303216675,0,0,0,1,443,20803.74179440891,BENIGN
68499.75513569367,20,10,11882.031378296824,9409.690701839414,564.4171497522455,860.4133117819833,310829.170673073,437.9577699302998,2076.968515826395,1744.8238790414568,2225.2517928167254,0,0,0,1,443,1361.59662222086,BENIGN
18005.07565664071,5,14,2390.3418688785,9553.730489682039,471.57239192832657,667.1004292225277,663372.5170799422,1055.2579929311398,653.7048837418682,727.6946303027235,606.0568772640751,0,0,1,0,443,4554.1602272866,BENIGN
153756.57086420283,12,20,5664.605169392332,18598.35493916597,489.189247873682,943.4774136306875,157801.1266262386,208.1211867573599,4797.621753788592,6204.909732546624,5293.420930645238,0,0,0,1,443,18513.61878689195,BENIGN
4636.046679891735,4,5,474.1335819499712,566.7394698431347,126.12667748822756,111.03183597902836,224517.37949657856,1941.3091846198095,160.74882482369964,182.229350583644,140.4012508898019,1,0,1,1,21,1925.5457419729157,Brute Force
3776.947938711778,9,4,1170.3143350332728,361.9208080613452,118.72189215002987,88.77198797539887,405680.7686942131,3441.9325367862953,57.57270592242235,49.59641330131247,82.47270346602785,1,0,1,1,22,1282.0896377186193,Brute Force
16979.2461256114,7,18,3766.483769874799,15944.149359261455,529.7144801838192,969.7740474991904,1160866.2118045893,1472.3857475798138,630.8602625851883,762.2641685851279,896.2016461946997,0,0,1,1,80,4970.564512282489,BENIGN
469.7039402600396,101,3,4823.121485718538,121.21260657501699,50.0005379876077,44.827251811493376,10526490.558193423,221416.068901664,12.090484507503614,15.203198490378774,12.656120641549634,1,0,0,0,443,211.49909164887762,DDoS
41065.170831625524,8,16,3424.506075180702,7807.733764037486,440.1961873692347,499.5254174960693,273522.2966750184,584.436872268333,1237.1244904653834,1677.333982873518,1454.9507184988802,0,0,0,1,22,20317.04439472957,BENIGN
98548.82035082372,14,14,5371.276677921426,14579.110756884356,405.81135401190465,1088.634458758539,202441.66661543428,284.1231371448472,2852.2558475630663,2459.9711153201324,2788.326220310211,0,0,0,1,443,596.6255606141624,BENIGN
1460.2347051212605,5,4,703.3595316993741,241.77106345796247,131.48040949088684,66.92259033385488,647245.6734815456,6163.392753531784,119.8338295838558,165.9556722027421,184.4010760938226,1,0,1,1,22,2210.0596326858913,Brute Force
86061.56501221802,12,17,5318.5335465285825,9214.518866391407,447.6786386591852,554.4325950190683,168868.09356600422,336.96807623569146,3088.331150820458,3190.2994537686304,3914.7181213101294,0,0,0,1,22,16810.240383598466,BENIGN
34287.46819189025,13,13,1390.4867932002826,8059.603557876738,111.13437170570947,605.6701246809018,275613.53606482316,758.2945423234714,1207.888439398326,1088.2777156351115,1425.761280047252,0,0,0,1,443,9135.812466817199,BENIGN
9191.378294392578,9,13,2801.910044555853,7555.381803358912,326.1981620814819,574.7520451028114,1126848.6092269188,2393.5474414562646,413.0301532999531,426.3881230676798,367.4692523160487,0,1,0,1,443,1485.5237939173367,BENIGN
10930.236723244041,12,19,4448.508075141658,13011.32470155453,373.2685882677974,657.3331688461762,1597388.3474606208,2836.169132007541,345.6744540298822,334.5256803633463,382.6807929793656,0,0,1,0,443,17108.35839974113,BENIGN
14836.436647681552,10,15,4244.428521121429,13422.610566212792,409.3485821766304,923.1524358204545,1190787.2157493425,1685.0407273438316,463.712433834486,444.95880277001874,636.6338957608666,1,0,0,0,80,1861.7328379849694,BENIGN
673.7055474177658,1,0,47.43202598018842,0.0,43.4863817621106,0.0,70404.68371084341,1484.3279884407698,5.036536105961639,6.24094398756657,5.609326722195904,1,1,0,0,51098,19.562586948131226,Port Scan
18481.932425208757,6,13,2869.8547593813746,13691.510997830404,480.2360884901999,1063.9018608988474,896084.0985774093,1028.031028513264,1017.2458223279149,1296.6226446814046,1383.9403063314915,0,0,1,0,443,2518.250087470476,BENIGN
22472.51391525853,10,20,1654.2521030641058,16554.946408484593,174.32057975899195,904.1545058045338,810287.5619618553,1334.9641305430637,687.8903084346181,702.2071616119092,637.2722788854433,0,0,0,1,80,14220.624668688164,BENIGN
47312.20955764013,14,15,3476.975839901997,7137.884521147356,256.72246355386403,441.97825536511203,224357.738949337,612.9496016175169,1579.325049188187,1344.4369211433793,2101.3652037067727,0,0,0,1,22,17520.62982109305,BENIGN
608.6546431813722,1,0,48.775064569411576,0.0,46.482930335688934,0.0,80135.86212777342,1642.9678327484824,8.527699256275621,8.276683811044446,9.167648865693033,1,0,0,0,26156,35.481704315361426,Port Scan
7653.316823944994,10,17,4348.6558620030455,6674.3289377509345,405.6062023614818,427.5158669112562,1440288.577269698,3527.8821746311196,299.5801457301734,273.6787734071603,276.18909249851305,0,0,1,1,53,13012.038014553927,BENIGN
10745.8461915763,9,2,964.0258119657258,129.3814388686417,118.32169525398574,59.908126823102236,101751.6193086304,1023.6513536386676,75.384254815506,83.9892484445343,91.29844363255584,1,0,0,1,3389,2105.6541237040783,Brute Force
1214.9688597000554,5,2,483.49855503625184,171.22132212603734,101.2704579194912,87.89980918088906,538877.907804092,5761.464538052539,212.10405303841108,173.40763242876073,302.892885021009,1,0,1,1,443,2115.0479357559307,Brute Force
8544.35606233251,5,3,544.5011437846582,281.22828559305975,112.67648035946458,97.26571072721133,96640.33466698758,936.2905690772551,312.5845339110202,355.8339462327778,486.58673635211574,1,0,1,1,21,1546.3706563391506,Brute Force
54209.4626574025,15,12,7042.784658895409,10074.299367036405,466.3860444414444,836.11362702528,315758.2308850725,498.0680249615618,1987.0520515623348,1637.6215539022016,2197.974199504273,0,0,1,1,53,8679.146331789181,BENIGN
125587.27445304558,11,15,5339.430422627455,14644.956658874458,509.1087883772741,984.9808921318771,159127.48460015075,207.02734503344007,3480.829544584093,4863.643305746485,4992.284429915435,0,0,0,1,443,21939.003016078357,BENIGN
2097.1192217048165,119,3,7166.601426258894,127.86270798147383,61.84187959555467,43.78384117991556,3478325.914303747,58175.04257141004,10.288463504093642,9.219396780261052,8.287315839098524,1,0,0,0,53,20.358070269089513,DDoS
71673.56970089959,17,20,3899.7627245792005,6834.486439228534,234.67889882066896,377.9007266462515,149765.7952380877,516.2293458300516,1995.2424452353562,2179.4284830461766,2247.751122905592,0,0,0,1,53,17037.756979821737,BENIGN
127349.28899697897,8,21,473.30521954047276,16713.927061453913,54.76683308285749,756.0091363096175,134961.35248467786,227.7201563385874,4691.239660226563,4029.7557392182835,5827.576571729494,1,0,0,1,53,22030.792755467875,BENIGN
41894.89643815852,20,17,6135.310792198082,12728.940583615597,316.210953405389,708.5973042831014,450275.64165624307,883.1624647793575,1070.0810062434518,919.8065711817095,1408.5571663637684,1,0,0,1,443,19499.296920045817,BENIGN
9887.500835671253,17,15,5361.173344517172,13859.188567491721,324.978037065374,858.8601953026221,1943904.9595492692,3236.409334556334,454.0456453396753,591.3950254528462,500.44130274833367,0,0,1,1,53,10269.647876151681,BENIGN
2248.9315288115467,143,3,11148.62666780893,139.4470320459748,84.15241408397245,43.54451780098328,5019305.192372893,64919.71771019372,13.419622911867492,16.59700132320546,17.53294996546201,1,0,0,0,443,431.8005863301379,DDoS
8145.899347561593,21,17,8667.344811704374,9321.25414649831,381.83626909114855,529.4449345862027,2208301.1575127575,4664.923832059745,216.45996047516823,238.5598738944136,269.9457953366188,0,0,1,1,8080,21522.25189480528,BENIGN
10588.869211708581,9,3,1301.2982844650746,197.929772879076,135.52221264935645,64.41520452442391,141585.28426117377,1133.2654847347692,106.39614823887169,98.13234588288721,109.33898127223257,1,0,1,1,22,333.52095939932303,Brute Force
1741.8252118253022,139,3,7841.791229121071,120.2538481367704,55.914468227721244,40.425371042958716,4571093.025409947,81523.67931980653,36.43336166161605,47.88566793097955,46.99901821640587,1,0,0,1,443,384.41630569112687,DDoS
3726.26142247896,21,17,4982.835512116481,23128.811787533414,238.77547343456536,1254.0613032350475,7544196.209655128,10197.888900323005,114.88699858133043,109.96067071398184,177.3663965427737,0,0,1,1,443,12455.864172740754,BENIGN
9387.049846208694,6,3,526.7835757947614,141.02348769508137,81.28079433501591,49.15365208612532,71141.31430329639,958.7676796704111,104.44955464462774,138.4099427941099,129.94937276375117,1,0,1,1,21,2974.465935218376,Brute Force
68617.49314950706,10,11,2641.8083238641816,1938.8287895538604,247.06598867896338,180.007988111681,66756.1128098564,306.0444069888155,14060.136480268266,18963.38879732483,11955.62726031854,0,0,0,1,8080,3634.052473228929,Botnet
1967.4933871121693,126,1,7536.329461539554,53.73079059031281,65.40966908269478,50.705614976613184,3857731.010354419,64549.13690277098,24.73227635203814,24.912537031532537,30.37139600330293,1,0,0,0,53,82.86347670743505,DDoS
2610.7790831307184,111,1,6194.024838899881,36.08604577328938,53.965993768621175,32.82815710687311,2386303.3547834028,42899.07205235269,35.73893963653668,30.006184624322273,51.68150267374782,1,0,1,1,443,309.1978841468117,DDoS
46600.54861884929,9,13,3436.357030927125,5079.096266920196,388.0476247131019,363.11411313368586,182732.89800719076,472.09744631850316,1910.9303346139334,2381.184420280396,1611.4045940487142,0,0,0,1,53,7975.074787157024,BENIGN
3868.0660067488343,11,16,3833.9422274847543,12511.041581920957,340.57328522468964,756.7390330010998,4225621.739879229,6980.232486439364,151.6990028259943,164.227577341848,213.0747741313836,0,0,1,1,80,16951.8188011597,BENIGN
5158.648869510402,5,4,493.49478869913196,328.67658460517674,95.41141041836065,75.53151650803207,159377.26992113332,1744.6428760045019,320.3510390949601,425.2593724311867,316.13859395588634,1,0,1,1,22,367.76040020390303,Brute Force
3870.870055154386,11,17,2896.264850836004,12881.897445491943,241.7471854110674,732.9531412097804,4076128.124042296,7233.515876544517,151.92430584246873,198.68610631019862,174.9285516000239,0,0,1,0,22,15844.583106103468,BENIGN
3797.7715466357413,11,9,4856.290630992146,4632.794446208381,427.78883761949055,567.5241349318709,2498592.914470182,5266.246206335664,164.44326615640114,173.34121897539112,137.64783035485434,0,0,0,1,443,18963.370002602893,BENIGN
7538.739273977495,10,3,860.2361942575357,193.5137813840095,86.1566481376745,67.6727612426729,139778.01026743546,1724.4262638016799,56.252955822449415,48.542381799976155,67.91184239396657,1,0,0,1,22,1802.2317340537106,Brute Force
6563.139252156136,4,4,417.89390849495874,286.5083256875045,110.28322382731182,65.21058750573134,107327.02859398445,1218.928883365049,305.52490669438475,414.4686427748675,419.1309418138058,1,1,1,1,21,685.794869487618,Brute Force
116621.20691488191,14,8,2583.1414136499584,4752.7393278177915,197.48344043399268,590.9044633887517,62903.48844376113,188.64493501646828,4664.871542268162,6200.720135014852,6374.549024813222,1,0,1,1,443,23742.19651815787,Port Scan
549.22699568096,1,0,41.93257773960646,0.0,41.505202693428714,0.0,76348.35517801938,1820.740800914471,35.646269236351614,42.51922454169178,45.71427969134582,1,0,0,0,23739,22.71841789904708,Port Scan
64913.126804743726,14,13,6085.6376770963825,4655.585231079114,402.87683535347963,396.85025837821223,165470.7366120984,415.9405243444056,1981.5935349220047,1907.983207160812,1665.8995706767992,0,0,1,1,80,22021.241615006238,BENIGN
10462.210634976196,4,3,522.8403850628197,214.5348422821081,119.3750197892775,68.76194878024842,70479.86826797485,669.07465775907,322.11163401758387,309.5087599210811,437.9887763319998,1,0,1,1,3389,2904.02567749856,Brute Force
6947.083194367549,14,20,5684.443096091995,11996.487733156899,413.2248881927101,645.2717563985917,2545086.957297988,4894.140324613645,218.1242374960622,300.8844459027211,224.2575050352066,0,0,0,1,443,10612.14014389779,BENIGN
115164.64324641372,9,13,3541.814594619309,8907.037515316673,415.26702685023645,725.5016263782336,108096.12880317454,191.030852697797,4169.685408744026,3540.918306949543,3535.7625021110407,0,0,0,1,22,15980.498707664814,BENIGN
63072.62148315296,12,13,4059.8903471097033,5806.481256837491,367.30396349456703,473.6510450596769,156428.75421917505,396.3684941599841,2683.1229565340736,2945.946101904944,4272.615835422061,0,0,0,1,443,22624.03086777446,BENIGN
86492.88274239657,17,10,6448.572577435529,8603.425097619825,351.5796692825586,864.3548486266966,174025.85273848497,312.1644133473343,3139.2729943791987,2678.12958946642,3797.645945537875,0,0,0,1,443,24456.062767401443,BENIGN
261.500449746921,139,0,8910.684904789208,0.0,65.97603608407027,46.930496659439356,34075218.277494095,531547.8429751215,1.3068623887087376,1.6911098369163233,1.6032685696744442,1,0,0,0,53,482.6308776802056,DDoS
13842.988685563938,13,12,4535.466927924821,12189.689560117506,335.13029667811594,929.1414846720454,1208204.157927546,1805.9683907761244,409.3111667796671,444.2626587861522,385.096564387961,0,0,0,1,8080,5441.908233870571,BENIGN
13107.222900172528,7,9,3065.0547083563933,4426.500547112754,429.5859013672978,534.3807391261973,571559.3083696271,1220.7009922589623,833.4185472023029,1069.9914874946214,762.8996957759371,0,0,0,1,443,19317.015169257793,BENIGN
28844.77472244175,15,23,4496.75250235293,20851.54619328517,325.93003521228144,837.2556591410964,878783.0357335628,1317.3963175533252,789.755440778333,748.3069618686407,927.6281066667668,0,0,1,1,8080,10603.004525921511,BENIGN
34323.54866634582,11,15,3205.764936476323,14452.205782361167,288.99912685381605,940.8743093691738,514456.4418582714,757.4974328191465,1053.9614862667304,1326.9123148087858,889.6646114180046,0,0,0,0,80,7802.142388479641,BENIGN
80573.9970331342,21,15,4193.582015135943,13756.42860246467,199.4013479006207,859.1943674593568,222776.71803000022,446.79426769899266,2225.8603455305347,1875.5366138339843,2354.107280080078,0,0,1,1,22,13136.166072577516,BENIGN
278.886119904898,10,24,1314.9759838456016,22827.948663257866,126.59856034599181,891.4921775376991,86569115.21927431,121913.56103198761,15.06015225410669,20.211218173193647,20.653448776297903,0,0,0,0,443,18494.785643910454,BENIGN
7301.649444373277,10,20,898.8180242176602,5706.053898909784,89.67674775043281,306.6577772015996,904572.5864334974,4108.6606839387905,346.40865645147,430.8375796795266,424.41781131128823,0,0,1,1,80,9808.46858839523,BENIGN
49670.902576317545,14,15,4381.975230856917,13756.45171379981,322.3230862935644,859.827958431631,365172.0827256499,583.8428233801983,1528.879833347851,1521.2489549549725,2108.9200152227013,0,0,0,1,8080,22331.66140004199,BENIGN
69499.18930893144,14,13,5242.601821511479,13719.856486268447,357.1536064661419,1024.4554666113957,272844.30935575004,388.4937402648263,2885.1741441871864,2711.9460004574476,2903.4712943419,0,0,0,1,443,16751.143565898798,BENIGN
115113.8004365412,15,22,5441.8239482850595,18879.33728507728,377.23350667617916,836.1125453597645,211279.28311922832,321.4210621114624,2160.0075095286693,2996.6817889983695,3240.3313388471897,0,0,0,1,443,2559.196777999109,BENIGN
12759.307056502807,8,17,2721.6906181349673,14256.948975847234,339.5656803723973,798.4381987453726,1330686.6524016287,1959.3540534208478,403.39838356698,514.1366938211984,325.5493273617622,0,0,0,1,80,15400.390994243637,BENIGN
1190.8810703006798,172,2,13566.753680358777,59.12093170503309,81.46923834409748,32.81397173053171,11441843.314062823,146110.30802267062,19.762200257147697,18.331282115241486,30.193723065527657,1,0,0,1,443,48.64115499499532,DDoS
4841.047635249916,7,2,855.2083465841432,197.39232030251281,118.05872395997625,90.32374988552179,217432.41260882906,1859.1017230375548,342.2989322613003,381.64341818391784,471.66538135126683,1,0,1,1,80,300.0338388182237,Brute Force
189821.95409794,11,13,5198.944713757568,9709.27083830546,499.5645205078405,742.6695371990937,78537.88895446218,126.4342689656278,7833.500050264292,10268.369900531943,8470.116681259362,0,0,0,1,53,14954.448512626637,BENIGN
1816.5242526196585,138,1,10355.426690545388,33.41978925114409,76.16765698404558,32.82063082757749,5719079.425895084,76519.76008552838,22.294611927507294,22.442050851733736,22.47472919455792,1,0,0,1,443,480.61286371180336,DDoS
42370.2432040868,17,17,5821.592237133104,16754.852257836235,341.9211948935526,931.1472287063383,532837.2647337493,802.449960842343,1195.9148662506298,1278.7240683280975,1091.4374603238994,0,0,0,1,8080,23986.51098040245,BENIGN
38588.242164366166,8,15,2540.5964848278513,2318.4703612551807,344.2195977208955,147.1117789092258,125920.91718990187,596.0364792475326,1322.1221109764238,1487.6411677108326,1677.1964774816572,0,0,0,0,22,18760.643018265284,BENIGN
69885.15632649421,15,22,4201.0005659421095,22170.41213715508,291.7072785275607,920.3389685990903,377353.5624631565,529.4400405594129,4202.75058077823,3975.0684713353376,6145.241404890917,0,0,1,0,53,21334.3729251666,BENIGN
12006.476124737344,10,13,3274.7036275621977,13660.329883208167,333.81535849778777,1016.6649069750774,1410491.5826116998,1915.6328435628445,556.6585589074023,617.0888532838004,808.597529844365,0,0,1,1,80,24490.47519103258,BENIGN
130461.79309068872,7,14,1882.5089667590044,12934.540487256085,272.22548963336794,980.4758357553487,113573.8602313646,160.96666696434363,6858.369807055416,7256.118518688858,8288.719576943791,0,0,1,1,443,7518.928230877828,Port Scan
112147.96032994175,13,15,5451.89953207037,7906.982225752567,457.4625341681848,521.654232198561,119118.36576002643,249.67016714011908,3465.194561138537,3924.1381130549084,4982.087123515109,0,0,1,1,80,10403.3760500032,BENIGN
52167.6064340566,10,11,1790.9244813433081,2048.8921387366986,186.91620553750195,204.5365394152161,73605.38239249669,402.54865874564183,15858.16370695678,16530.872372714195,23979.546724232958,0,0,0,1,4444,7610.393956783862,Botnet
90496.40688947194,15,21,5192.751723024938,15252.733473249704,315.18814132908955,734.913384520932,225925.9334046908,397.8058492860242,3003.1115568016635,2637.4926673742893,4370.648761919636,0,0,0,1,80,23602.057653140586,BENIGN
5654.905917368409,6,3,863.3623277819904,256.97765325204057,136.99686704046982,82.88267955028407,198118.23528186962,1591.538414875747,259.6487100401663,318.14503223875556,389.6611555301746,1,0,1,1,3389,2247.4278184000636,BENIGN
97706.95713190899,12,14,4134.977605113002,9672.781346938282,367.39056560509044,721.8016379477243,141318.07352684374,266.10182901201983,2322.1138710581035,2240.5467049883623,3277.9479866772176,0,0,0,1,443,22967.96085348786,BENIGN
8009.237821665132,7,1,1019.4761890080139,99.40299684457202,160.09875185724408,101.47547849407995,139698.58440537218,998.8466041500049,175.685244306201,218.77835985253688,145.38029093428182,1,0,1,1,3389,297.10009233009873,Brute Force
112433.71461171817,13,14,5694.331772328163,12043.330833525048,442.58802443604816,936.236904368666,157761.06541626743,240.1414921960248,2888.208805500964,2776.5578207297144,2583.7916466533525,0,0,0,1,443,1309.6248954881735,BENIGN
902.7794613585545,1,0,40.14858588492556,0.0,41.0587663036217,0.0,44472.1968137242,1107.6902419724331,35.093575529719644,30.519031589972418,37.86650798273676,1,1,0,0,11045,24.9093845334089,Port Scan
6687.662603670472,6,5,848.4435639088261,266.15706539121066,137.4594308845911,52.89266827097227,166665.20058716732,1644.8198200014958,266.34739816011256,232.87110589003103,330.2703486585055,1,0,1,1,21,2503.4473138362914,Brute Force
11545.296881892902,11,14,2865.306023105817,12170.466335604791,264.5308608055093,821.4902550668216,1302328.7761696281,2165.3839009725957,546.8454262047329,661.4979627492706,677.321942852104,0,0,0,1,80,20697.89839858648,BENIGN
2825.7624561941557,4,2,600.8305171081369,112.76551413796209,154.6267052859269,61.91670720215957,252532.20761068404,2123.320729542507,172.62507628835044,224.14090906436908,225.11538667560532,1,1,1,1,21,1027.1113121033827,Brute Force
24221.98723547607,11,13,2242.157908386874,8969.11604737226,215.3769183637614,704.3346623276234,462855.24993336835,990.8353004516928,787.1907928288957,895.447705789591,726.9381317930289,0,0,0,1,443,6707.682221047454,BENIGN
13837.793176311176,5,3,413.0350839255351,187.4124097349051,89.34012086913538,60.68473188187334,43391.85345596451,578.1268659004925,316.3221351872831,392.78539294173714,374.7520261071713,1,0,1,1,22,1872.9285833919212,Brute Force
27213.459097059836,11,19,3913.752625236073,15659.488106300412,332.7338619141744,881.035098533062,719248.5402802465,1102.39568931688,846.1157478341163,713.9931912032753,685.3727368353277,0,0,0,1,443,1452.9733701750283,BENIGN
1276.663984870097,123,6,6758.673920064812,249.96948239107866,59.54797737137699,43.95200093795425,5489810.541784049,101044.59867967998,20.509057074944465,17.496562223116385,18.594052378360548,1,0,0,0,53,153.87596734086083,DDoS
13679.438303955594,12,16,3600.067172469388,13368.637443867787,310.54630321913146,852.2075372489226,1240453.3168171418,2046.867669405945,371.98230122480305,364.28906775003657,498.4635636166996,0,0,1,1,443,16285.60399625358,BENIGN
23763.192457357913,15,16,2678.2129858882086,17662.024706517277,192.06595687858783,1031.8091437287692,855955.6014582308,1304.5385234171818,650.8193151444997,905.9797256584701,970.8918958406983,0,0,1,1,53,14734.564969614828,BENIGN
2028.9400625315857,11,14,4286.136682513026,3349.3321141820884,413.675126603035,245.8584854577487,3763279.6245188485,12321.70454991487,70.57592544216156,62.95202447256929,63.12311922369417,0,0,0,1,443,8098.139815188487,BENIGN
82258.07821542746,10,12,5097.776919734279,8752.831943451314,484.7180580489818,719.0072769908014,168379.92284371066,267.45093585074676,2446.384673831025,2333.976404509458,3477.2798755681356,0,0,0,1,443,1345.571601565786,BENIGN
126736.84684419194,15,12,2587.415413224097,10625.848391449174,176.8381478151072,826.9230792358366,104257.47628799242,213.0398591436737,4615.795668626077,6189.922969646379,4295.595804110245,0,0,0,1,22,5261.186445431771,BENIGN
2872.2348512399917,122,0,8147.151694625269,0.0,62.3980611496924,34.90372375774845,2836520.0328615215,42475.63528704157,20.743140981805595,29.008733133440767,22.521541748615288,1,0,0,1,80,459.24237479869777,DDoS
12025.070224576166,6,4,595.3791534111352,494.95322822795987,108.99419855174528,115.35467350256727,90671.60201781896,831.5959751788026,330.84518232930316,275.36395551876956,455.6800387041239,1,1,0,1,21,789.3723004472544,Brute Force
857.7927126402799,18,14,4051.255730098945,4230.286015342726,226.44274105576852,310.96412892005117,9654479.017373724,37305.049959569165,26.55938886184579,32.83365436480755,26.720208017129405,0,0,1,1,443,5555.631458335723,BENIGN
477.8724221770575,125,0,8734.468689245628,0.0,66.24759435464074,35.77398986840654,18277825.38580852,261576.09060287222,1.0865577947787068,1.2118265350974282,1.5966663925465185,1,0,0,0,443,152.05969312724469,DDoS
8778.81841013157,4,4,538.5094584764033,438.1745319191206,127.13551551558302,108.61986802305235,111254.60680088113,911.2843695191667,373.7542589588138,318.804960911707,419.05436221206287,1,0,0,1,3389,661.019510342484,Brute Force
5578.432587631333,4,2,589.4505020922352,184.85794714735658,137.07014843846764,96.37924433967667,138803.94484938504,1075.570943225769,60.10409678584698,68.44497808266367,70.99316259885198,1,1,0,1,80,1558.7717579262699,Brute Force
11304.483680531494,4,2,555.8828998759468,116.22720265325827,131.93664745433549,64.36811511101132,59455.179159284264,530.7628521179752,204.68549151212252,257.96194163129405,295.31972330229394,1,0,1,1,22,2918.3378715322,Brute Force
70232.21606191668,9,17,2116.0404322004088,12186.407488626113,250.24073882032224,760.1690597229608,203645.117907393,370.20047861053416,2194.758763182179,2998.784037480266,3400.15413185615,1,0,0,0,443,15304.241369691767,BENIGN
74396.89505613131,12,13,4114.152504956566,12227.127733277162,313.72403369475876,997.9295856672918,219650.0300974185,336.03552918623666,2492.4518933098675,3132.738436220781,3415.2154218301594,0,0,1,0,8080,21863.307609317155,BENIGN
341.0110492061488,1,0,44.573290921321004,0.0,42.56022801947778,0.0,130709.22782439068,2932.456301131397,41.85197836251093,44.227696386741655,37.1614402152054,1,0,0,0,21552,28.85252296239496,Port Scan
36027.50151859175,12,16,4291.5843317040035,17745.035446016467,359.9665030349419,1222.4575684578685,611661.060269434,777.1840627236054,969.4559190332797,1115.2643759804278,860.3664574618249,0,0,1,1,22,622.2864247040543,BENIGN
30386.03422419342,18,20,2708.4818079377915,17310.03714387859,159.34538960155794,922.0775262857187,658806.5689690298,1250.5745145822393,944.5624929702826,1083.3303305908753,822.0201327114936,0,0,0,1,443,7595.058651237264,BENIGN
1779.5630866685472,174,5,9514.406644057728,195.95647221301724,53.45257001556234,37.73774305047404,5456599.537838892,100586.48740298336,11.19694640015355,11.901830230055413,9.991116434789543,1,0,0,0,53,418.7353909933346,DDoS
72635.31798397408,14,5,3258.3657438721148,1091.254834700304,220.96298631103684,229.58947724444346,59882.9976834699,261.5807368557548,16259.78789406475,14858.916163901777,15987.457423204198,1,0,1,1,8080,4582.510561598307,Botnet
19949.420020355778,8,19,3527.0966922063703,19031.65271828669,454.76695150689886,1041.6974111511452,1130797.2556332366,1353.4228048960836,584.0271118906147,489.35893654146327,534.778552370415,0,0,0,1,53,9305.79982134907,BENIGN
96187.88684162225,12,8,3535.711992559039,6304.21818878403,310.8613134146748,776.1391887824738,102299.0576510425,207.9263892441146,3749.620026865641,3497.883025216639,5466.675743211592,0,0,0,1,80,4652.840277742666,BENIGN
13720.333714672373,20,20,6715.017174307066,10495.962460893712,363.5027227833246,493.72643405609955,1254414.0684271802,2915.380983570716,295.1164708381309,333.8671162515966,386.81162156447766,0,0,1,1,80,17351.306550837675,BENIGN
51174.29681470126,11,6,1940.3428057968874,1314.6420625619141,193.45016156502606,202.3855830001107,63605.85432458186,332.19801850049595,13572.666317583105,16603.247855652142,15851.298384365165,1,0,0,1,4444,5556.111142710322,Botnet
34126.40990712308,12,20,4287.763751826601,12709.437641256698,348.38907080342693,583.9008538321755,498065.90963837464,937.6901961586284,907.2646571762735,844.2806418094395,1274.082372947724,0,0,0,1,80,21579.01602159165,BENIGN
9092.241980985018,5,2,644.6036107270498,142.45054386611847,124.9906149387387,66.68465172886319,86563.26528035299,769.8871207606869,147.42916794641303,204.61695374106768,161.66068804623214,1,0,1,1,80,1932.851239457752,Brute Force
745.6518407369618,1,0,48.09115576805651,0.0,45.60147556783397,0.0,64495.45637884541,1341.1084709609972,31.195837068302822,29.967533744231094,37.97802457901412,1,0,0,0,8797,32.177811785389196,Port Scan
10153.696671007208,9,2,865.7826301155748,179.1021034313733,104.1891431866233,91.30161875189106,102906.82964072627,1083.3492821791024,102.48089461743433,86.9990422611521,90.95930064228133,1,1,1,1,22,1358.1963899654043,Brute Force
28854.699620161795,17,16,6614.281254294044,12097.469707485268,381.3758791939792,703.7583674365849,648481.9183043843,1143.661186371933,726.1072635058273,937.5714178737303,992.0283195879839,0,0,0,1,443,5435.316622677727,BENIGN
38987.15156434648,16,15,8159.969286034002,10952.465188207852,498.0024285799687,736.5283607478109,490223.92525131436,795.1337493542184,1297.1087427377765,1734.327082364653,1218.6507327392626,1,0,0,1,53,3057.540246929737,BENIGN
9842.564107768912,4,3,561.6960632254043,283.21193078360403,154.81663178961793,91.33979297240384,85842.26475518785,711.1967901204499,127.98101453188139,157.83115910186459,121.70396205838315,1,0,0,1,22,696.5083188404124,Brute Force
81236.05174429652,11,14,3877.2728869884463,17209.56574938477,371.771159951343,1335.0048230881828,259574.88311651847,307.7451385585738,2535.251666360081,2668.4456190944125,2946.213936198069,0,0,0,1,80,5705.099963248488,BENIGN
7895.052716926083,13,11,2436.2987449070674,8734.521375148504,175.81560251996083,837.8577920659725,1414913.936686784,3039.878372002098,277.55881657208425,315.28176455969106,310.8672023457445,0,0,1,0,443,17112.47404441267,BENIGN
8922.354835559885,6,4,980.28403256854,305.4389345199673,155.01953563015644,84.68599927453275,144101.30405980733,1120.7803527545418,269.7491444162039,305.5692048571657,285.5092697885036,1,1,0,1,443,2207.1684736592442,Brute Force
12217.17603442319,13,26,4001.4584409109857,21046.31781586441,320.2779372083891,822.5182550093741,2050209.981930409,3192.227065412937,292.1407419788011,267.27980565158384,367.37934221024506,0,0,1,1,443,18996.22486459394,BENIGN
663.9317812904328,8,17,3824.586046128927,19971.77481969966,496.44625122377636,1072.726018517669,35841575.19855043,37654.47099310329,21.6047404804026,23.575352025682584,30.379112744776663,1,0,1,0,443,6117.1235700245525,BENIGN
681.7106843166102,1,0,46.42696348329882,0.0,49.455162292037485,0.0,68103.61719625993,1466.897942200309,47.29936974812902,55.12602347255401,43.52726782198212,1,0,0,0,18707,0.973527238621591,BENIGN
94602.51397512095,11,16,3027.327823268242,14811.153366286542,273.3285081214125,886.5060401732362,188562.44342773,285.40467758711566,3079.5125644971054,3972.4724367549074,2870.1111697284095,0,0,1,1,443,24844.8810204216,BENIGN
21850.77152664275,18,14,3645.606731196253,3044.648605776603,215.62533780960723,223.34682799493316,306179.3643677705,1464.4791814779742,635.0465732704051,762.014175178406,515.5351097381675,0,0,0,0,8080,18876.054425702514,BENIGN
42958.70783688716,19,12,5539.618924656397,8002.696953300309,265.244212128339,609.154381229886,315240.2984134543,721.6231949458538,1783.0654112589561,1986.1754103583019,2617.147616638089,0,0,0,0,8080,20084.04094589329,BENIGN
94730.4092995621,10,15,3889.541543566648,6799.748738278355,377.531299575852,491.5384817418013,112839.0593990014,263.906808646245,3239.319650657141,3111.4055255576245,4809.222705523365,0,0,1,1,443,23640.812123646498,BENIGN
44077.14377341847,9,16,3118.5498987282713,16208.162066603707,348.86067512916514,943.4793849356889,438474.6902994042,567.1873869258449,1384.7389978534761,1903.056408104599,1335.640060640077,0,0,1,0,443,4604.03284286773,BENIGN
56997.59093008539,8,7,1237.6853491531124,1133.0915060423347,159.1184634493699,166.44330378409163,41594.334365876945,263.1690174133738,16643.830795689883,20877.379667540605,22635.77072624282,1,0,1,1,1337,5102.47721931348,Botnet
77049.06210708205,12,20,4898.140733888804,21891.600684097742,371.35950125704653,1007.3620922943537,347697.17742643534,415.3197861841161,2895.642674270562,2509.5347202317425,3194.040437720125,0,0,0,0,53,22908.393311004642,BENIGN
6236.065929561032,4,2,561.3323913356027,117.25166987703481,131.430774975143,64.465588431611,108816.04987463694,962.1450555161707,204.78181769538597,279.54286195088974,185.18153337598054,1,1,0,1,21,323.27488723903457,Brute Force
5301.727129099749,14,11,1997.8589422433918,9212.79068359328,148.91241802480727,911.0263720763595,2114527.8421260957,4715.444494074723,214.06551021037745,190.96379560859236,305.1706117719713,0,0,0,1,443,10984.463671490093,BENIGN
27675.246862671793,8,14,2581.9888390319657,8666.83210983133,353.97802726076503,608.6611117359005,406457.8359384262,794.9341918851487,997.1047069241456,879.9695911716717,1436.1491742975627,0,0,1,1,80,21209.721261385825,BENIGN
670.7983338129369,6,12,1012.3816674435635,8099.547645238075,160.86288763381225,664.6079218966976,13583708.92319874,26833.698136494768,36.57939465310181,39.88371697077766,41.865070242720726,0,0,1,1,22,20103.99861406567,BENIGN
27720.336647723416,12,18,3524.2955716141905,13401.048329167328,302.4435940758636,700.8145921846833,610574.9766271884,1082.2379389271887,989.0882199654623,850.174995617202,1282.3614462317446,0,0,0,1,443,23987.963529057528,BENIGN
70414.24220108612,14,14,7659.625077939973,8574.010498889145,554.0279142915153,676.672299843662,230544.7743152552,397.6468271864482,2993.709865052706,3587.2457214169335,4427.584858870901,0,0,0,0,443,15148.69562990014,BENIGN
14308.44238432115,14,12,5873.943250863761,10649.703943115459,410.53981418256086,843.6364371878932,1154818.026320282,1817.1090396597033,581.49158903649,535.9144037893669,723.8169517369511,1,0,0,0,80,18304.9587404748,BENIGN
108176.45090480706,10,13,3663.711526151994,11872.019003303816,404.12208862254687,951.1724241431742,143614.71835609505,212.61559061721763,3034.9103718065458,2735.624656367211,3807.960051324194,0,0,0,1,8080,10124.83380981519,BENIGN
77689.18678906291,7,14,2573.5429317855205,14481.518584296504,344.58578328728873,964.8674331053256,219529.4122770125,270.30788798211984,3570.788133257923,3414.785384282839,3020.23906051819,0,0,0,1,80,9981.317796432639,BENIGN
96855.3681916157,18,11,4951.527464437276,7908.587475971358,277.82891319095387,777.6913701718762,132776.4808551094,299.4155155409382,2869.6062250469045,2914.052417764667,2432.9471429077007,1,0,0,1,80,6204.875370135868,BENIGN
18521.47636201101,9,12,5164.335557967339,7568.297574270213,524.1912243596983,693.0196556454144,687452.3868061174,1133.8189024214416,613.2707183099733,848.9036566042319,590.674191045071,0,0,0,0,443,19474.353533132395,BENIGN
63472.7909190279,10,17,2610.3530168220313,16307.469728845748,244.5265772202239,915.7868310667149,298046.17808284506,425.3791208652514,2558.6245525125873,3375.55671213226,2697.3246927568757,0,0,0,1,443,8207.125318276412,BENIGN
10294.451928356562,15,11,4099.310219055349,4190.289476994834,263.7205706633919,416.6160506029618,805249.2501534814,2525.6322707556437,316.00213823000655,279.9950363808986,281.2631301932102,1,0,0,1,443,7511.262949128374,BENIGN
26501.27031667625,10,14,2540.7529659998913,4949.682773145842,239.3796690935306,330.1097911031445,282644.4034432675,905.6169652704423,1054.6434373020672,1231.8495582077733,1334.2386005856713,0,0,0,1,80,5081.764291691948,BENIGN
160596.14376574216,15,11,6344.3764409131745,9432.063829369223,434.6219015037842,888.0375550613064,98236.73159484527,161.89678899093363,5441.5974847611205,6673.8454685771685,8162.393656678556,0,0,0,0,443,5266.986774178133,BENIGN
11890.218248887968,7,3,967.3897798253639,194.71878676550872,127.42629436275492,71.0045832756606,97736.52108526761,841.0274555671213,174.34975445398004,210.7902634872643,169.72986005539434,1,0,0,1,21,971.9178273028914,Brute Force
12554.689068605083,9,12,3187.3652520657156,9743.6624245274,330.5463404387789,794.6131306952897,1029975.9401393003,1672.681807191363,784.8748738914978,727.9316661088393,861.0858983748199,0,0,0,1,80,13909.435425227826,BENIGN
95409.94465350892,8,17,1785.1182195473905,12336.447554827657,234.28051140453846,785.1479530592003,148009.36973246315,262.0271931902915,3227.243635760717,4035.9704057541053,4785.851836559363,0,0,0,1,443,11937.663212824014,BENIGN
71848.11287824585,11,9,3474.872818206464,8393.993192888558,288.5776440783437,1025.2975498031667,165193.8448433302,278.3650008162649,2996.22446502999,3070.764342528987,4649.258651404258,0,0,1,1,443,1191.5584146635183,BENIGN
221647.42375322583,11,19,3898.09772881597,15348.7054568716,364.8723500156793,754.9856488957107,86835.22172184712,135.35009562484655,5342.094804800771,5069.836853700608,4708.763483086616,1,0,1,1,443,7088.266273318024,BENIGN
10696.21112258592,3,2,362.57414994031006,114.45886107742484,132.86238891585938,55.363430320986545,44598.316689022795,467.4552458526265,343.14905451507315,432.9153737664143,337.3852718792871,1,1,0,1,22,1738.5228158100244,Brute Force
52326.09821698344,11,13,4555.026749141894,9341.714093855975,384.60639979000644,711.9368894300161,265579.5351943022,458.66213644437835,2612.0737271132552,3040.4547606981823,2195.537820298584,0,0,1,1,443,4544.1536447940925,BENIGN
7991.641178392905,4,5,378.4859754485079,277.2655385961288,97.3485785967954,57.9105198259154,82054.67430364614,1126.1766887549213,377.1685895986141,460.1428516383596,372.0185158212805,1,0,1,1,22,838.4313285844478,Brute Force
24617.33632985477,7,16,2786.5050618033893,13059.71314312544,440.2374362768014,783.3717219255253,643701.5765069297,934.3009207745463,842.9173058582608,1110.1253620807695,1213.8494502647254,0,0,0,1,443,6668.489644967928,BENIGN
744.7598738501596,8,18,2079.0912940034727,13585.306765929594,280.0699056360521,775.3936825631766,21032816.89835593,34910.58113212879,42.583400878558095,47.84047338994963,51.88537395358176,0,0,0,1,80,9637.259360281292,BENIGN
6897.335440003888,8,9,2683.9002039422885,7034.854186273473,329.8983009988851,744.9200871847287,1409059.2627767404,2464.7199121854537,303.93735824421356,411.4037004035264,477.03538161603774,0,0,0,1,443,24484.722563697287,BENIGN
22748.357682680315,16,16,4177.01074644728,12731.637954092086,267.4599548538531,754.9517200274377,743290.9635236186,1406.694955581937,647.0279849262389,797.2955925788762,725.6862650938131,0,0,0,1,80,21599.82561199391,BENIGN
30558.415560361766,13,16,7612.055502098734,11823.691561479396,555.8938845298275,750.4245894916871,636019.4632862058,949.0020823467289,1003.6528757398626,1142.8089528582182,1148.667509090529,0,1,0,1,53,9026.19847278901,BENIGN
4047.8819954502615,10,16,1998.7293323960946,11730.880879768443,216.07646510968064,697.930276517117,3391801.0029927613,6423.1121433933795,125.61391632050884,109.82335504308244,190.246208431696,1,0,1,1,443,13086.824996694872,BENIGN
14668.692132400765,11,12,4185.261225702267,11701.644663671208,370.47854467848714,905.8750937331333,1083048.5598836637,1567.9652822760338,710.8074946030102,725.1529250117001,928.655711649315,0,0,0,1,80,24808.234277732805,BENIGN
69286.76831825793,22,17,9084.539340342044,4077.769670624923,378.147113818282,250.78162653114316,189968.58029960294,562.8780349641883,2174.9142051490717,2177.014274648526,2271.204344853161,0,0,1,1,443,24583.238043127443,BENIGN
7931.270845518727,10,16,2820.4651286004914,9472.638539208965,259.2324429207765,592.8422253966007,1549953.8355514896,3278.163172890552,315.05215019871434,437.8765215838846,276.06139084330897,0,0,0,1,443,10850.44059716636,BENIGN
18610.485651852054,11,19,4673.912012436455,14864.919723474748,391.5164391049915,823.0668631078447,1049882.958533474,1611.9944724287461,620.840067141805,693.4550915769598,718.7990979096594,0,0,1,1,443,10686.664662927677,BENIGN
65709.7789116871,10,18,3735.6514202130884,14704.183865031966,354.90998106670435,816.1588237598203,280625.4349147621,426.11618032730803,1777.5348182680088,2217.6229783438685,1911.069654306698,0,0,0,1,443,4020.4453934799812,BENIGN
8002.5304270647475,10,2,749.1202854551113,155.620543906706,79.57713465227332,74.87980713770605,113056.8434081753,1499.525694949652,331.18611716785637,387.6855987053403,480.5160639354946,1,1,1,1,22,1389.0022082335877,Brute Force
7262.149609487321,9,2,1289.3830820120552,123.42249931321265,147.9903395494953,56.124216936969354,194543.71739733499,1514.7030275484171,84.8506947455696,71.44471518391882,130.50197950974615,1,0,1,1,22,1183.950055300368,Brute Force
3146.1113700454866,8,5,1185.0670337035415,505.68483926375166,150.7784161451244,99.32465817742226,537410.0513621831,4132.085126983933,384.9503495180335,503.7750268067012,583.5818589863775,1,0,1,1,21,1629.190018395556,Brute Force
36587.270098398876,12,14,4326.921579414687,11113.367363158672,361.1402508616728,865.4768448733445,422012.59894623986,710.6296788493604,942.0644153820009,1094.6384357273716,950.0173225187368,0,0,0,1,443,5985.428639490409,BENIGN
7560.508230689384,6,3,741.1866002309146,243.73902420492334,132.92986641952035,84.77761260575333,130272.40952372196,1190.396164568339,275.3513337899189,284.82432723083286,397.05249730706987,1,0,1,1,22,537.6031346905136,Brute Force
13679.181132188027,7,19,705.4043740997355,15206.459541179585,91.80138602496487,760.7101118366754,1163217.5757829277,1900.698568777649,414.8802350398139,357.5509433668439,653.9553878056495,0,0,0,1,443,1682.4804270143572,BENIGN
27339.37869700567,18,26,2151.234896085846,21815.138769402227,126.90869919592305,822.294086600729,876624.6640459673,1609.4001435672374,787.0101892999727,1042.285920627883,645.4643974539068,0,0,1,1,443,20569.605658212015,BENIGN
6781.429167794687,4,1,358.76429968482597,85.83373868511406,91.07422265229482,82.06255029868072,65561.11217401727,737.3077084908924,228.14084912861847,292.7651732298973,318.26635191348987,1,0,1,1,21,430.92079431983666,Brute Force
755.6826318903871,1,0,40.885920342999555,0.0,40.0,0.0,54104.618284954995,1323.3068457567138,22.927042301235243,28.32017224814345,34.03351854546669,1,1,0,0,63139,8.076439028741683,Port Scan
19304.058722418573,15,11,4307.800973692279,7825.4106310976285,314.0884404031344,683.3033777124185,628531.6357175772,1346.8670176497735,527.9045783751039,487.69173340694243,487.25386926131745,0,0,0,1,443,24734.649558501835,BENIGN
195.2156637106318,1,0,39.28842137106714,0.0,41.82069365526838,0.0,201256.50075551507,5122.539764443801,46.75204512353937,60.23048642348396,59.950497575173024,1,0,0,0,55065,21.092513493824033,Port Scan
116765.39278634619,11,19,4511.949464876243,15809.045664801723,438.20821375336095,897.2340688389949,174032.68763768655,256.9254406987959,3220.249083055405,3946.0751742056455,3594.8430161734564,0,0,1,1,443,8407.080725188518,BENIGN
26793.409900569637,10,10,3740.8090027674293,7037.431481943463,342.0404039536301,763.4737703235726,402272.0708080438,746.4522087416277,1242.1279006625157,1547.203394450642,1405.0149069314368,0,0,1,1,443,24165.790824744534,BENIGN
57985.1388693897,12,11,5512.4503339143375,8533.16775811789,437.9241742057252,724.0911220041123,242227.894351856,396.6533571956603,1925.605225070524,2453.446656345105,2888.181559044813,0,0,0,1,443,13078.443499968815,BENIGN
136143.23928128585,15,11,5929.46894023925,6875.500624599287,431.4302169735198,595.775048631689,94055.12629519678,190.97532963999294,3892.1621743499295,4250.088458189501,3806.9104984179894,0,0,0,1,8080,2797.6292913461552,BENIGN
118301.46466760169,17,21,10655.339598924695,11655.700038412111,611.5266657292113,528.3943396150194,188594.78790077023,321.21326736546115,2666.3896012304494,2559.3008680137186,3224.5737815794164,0,0,1,1,443,1662.1875168083523,BENIGN
2705.2563247162457,172,4,12241.386418340428,186.37987260550042,68.39738153739077,47.91081993891045,4593932.995332513,65058.530088996515,20.49562128471683,28.173489877698035,22.355525000193932,1,0,1,0,80,99.6618026110525,DDoS
379.0845317698702,1,0,42.08812273009351,0.0,44.52174249176148,0.0,111025.6926960128,2637.9340653420995,20.810451702421673,19.72507984025419,24.369248327067947,1,0,0,0,16119,10.230776002410186,Port Scan
166927.42442997883,16,13,2476.5109130760834,8672.721631369765,150.2425125141157,629.4639838804892,66790.89779596178,173.72819414801822,6064.551933338372,6354.594961783876,7427.161947167296,1,0,0,1,8080,4691.431358130136,BENIGN
5813.946075753791,4,5,627.4240735078521,458.7616718754692,144.3965944983797,90.3354275233821,186824.1864012292,1548.001973656615,124.89347237219611,146.9723915481877,133.45174314329947,1,0,0,1,22,2669.6755371481713,Brute Force
88764.79445812601,14,17,3948.6918576391304,12149.859980729881,278.81907179400025,731.4501488875724,181361.90070223573,349.23755740372917,2026.215812850058,2643.75180866657,2787.7251590316123,0,0,0,1,443,5377.812641663808,BENIGN
111446.59299539146,11,16,4473.93865543254,11907.08159567322,396.6647706575337,693.249017938229,146985.38385810636,242.26850973467177,3673.3538548456086,4501.757985145101,4095.8735016908186,0,0,1,1,8080,23588.803823128863,BENIGN
1801.3216907827555,17,14,8407.048473290888,12829.195383237857,476.01449549685634,910.2488281025696,11789256.724766713,17209.585694007328,40.26084820311725,50.83119241058463,43.470205870675144,0,0,1,1,80,14501.15302426483,BENIGN
15776.371284130972,7,12,2243.071549791912,8346.770942957224,324.30215766659273,731.9373642670507,671247.0378661266,1204.3327111039525,729.1312673180704,646.2172060642552,709.9045830783408,0,0,0,1,443,3690.1041529924855,BENIGN
64998.38606580928,13,19,2741.50802459208,21644.959943531423,198.26906564290877,1188.1362008422545,375185.74604964495,492.3199164914769,1929.5476171441094,1651.3646364792835,2288.981546539915,0,0,0,1,8080,2332.002294134013,BENIGN
86889.6991809932,9,12,3835.0541066451847,2984.1640817264906,445.66594322218185,226.84433547719664,78481.31887494616,241.68572567222876,3818.2270957159576,3619.17712051781,4101.918902722174,1,0,0,0,443,7688.720704602187,BENIGN
36711.19421062416,18,13,4021.1868910475255,6442.088503253321,228.90960979164464,457.3424485550545,285015.93639993307,844.429081280844,905.9743501140846,1213.7177135919428,905.5371700891831,0,0,1,1,443,8873.7407330839,BENIGN
49102.43463050968,10,8,5270.3411518847515,7516.591338220729,516.6570768879795,1000.9752823174672,260413.41099124137,366.58060105263587,2070.874079459388,1913.1656618844936,2794.1514300215727,1,0,0,1,80,18950.169888709715,BENIGN
2614.2019953354898,15,11,4174.709509593137,10576.52135300161,285.9575953225161,949.268441626118,5642728.025192892,9945.673687952078,93.87837648427019,115.78671125026007,110.26708157927467,0,0,1,1,443,14269.631198318775,BENIGN
1168.220297337679,5,2,492.458701130729,103.42857850583913,103.75546532955862,50.5402901884749,510081.2586415149,5992.020525540159,280.27812556464596,231.0765452812858,325.47931532826317,1,1,1,1,22,681.7542388120062,Brute Force
39542.308372012274,15,16,5144.247324934716,8719.5447355216,318.30278922470774,521.6948938881239,350606.54350338824,783.970417416034,996.4308433366645,1120.06669978441,1594.1849652844146,0,0,1,1,80,1313.808281997506,BENIGN
61858.66217091638,9,11,1971.3573266448022,2537.823432097114,209.38109138521875,246.04125031534386,72894.89621167339,323.31769388642306,15968.863259912263,17213.18443548561,19328.244274428434,0,0,0,1,1337,4312.23395935871,Botnet
90602.35142720888,13,17,4499.845840334344,8663.046937358755,344.864073573318,498.1143296700314,145282.02160700364,331.1172340168499,2409.5162761222086,2551.2950237682003,2675.244659270505,0,0,1,1,53,2126.442387721503,BENIGN
58531.469207674774,17,13,3879.2373300133313,7682.984311746499,242.02124227598839,643.622061089389,197538.55145402305,512.5447969460218,1933.8775442512456,2173.179794207244,1936.1445794569065,0,0,0,1,80,5729.358506411753,BENIGN
28136.624445004218,14,9,5514.1225391783955,4884.332063703404,382.5726514597808,576.6862379374644,369570.0819835939,817.4399187420562,1467.9556056436302,2005.4960681312605,2134.8155278396694,0,0,0,1,443,8038.993757392618,BENIGN
67147.4644284347,14,15,9058.41440786906,12236.922175587095,669.3007285416307,789.4778943534952,317142.8253430563,431.88525801905735,1971.2551919266416,2597.9626093784377,1666.0829941243346,0,0,0,1,53,15347.193087806747,BENIGN
4085.981970066231,7,2,597.7363765809268,186.1203512785165,88.17759528002188,93.6952247878522,191840.47643918937,2202.65289125936,252.55573447974575,334.9644817203247,252.8142713108745,1,0,1,1,22,2253.7136534569668,Brute Force
92112.28056845802,16,16,7275.8255908718065,10627.245339867952,452.16690239970853,632.584039393507,194361.3904709933,347.40210319966553,4037.3018772564474,4902.193946510641,3947.6027566998087,0,0,1,1,8080,3721.4531617455364,BENIGN
33395.80542716285,16,18,4929.051895224342,7953.46227277981,316.57166916864605,473.03825467200045,385752.462119869,1018.091929962729,774.8337027332095,948.751615351111,740.9219997829316,0,0,0,1,443,5726.982290465693,BENIGN
74723.92541763786,6,19,3179.5952684110625,13270.806931946387,566.4149810180506,758.1360778805347,220149.06348154042,334.5648647374056,2790.1214274789786,2727.4512367048465,2742.3060062669733,0,0,0,1,80,13782.732610741024,BENIGN
42563.507755491184,18,17,6840.992443034223,13924.870481978696,360.09258023141365,745.0154242956911,487879.5010106723,822.3006478004529,933.0618001865654,840.6714976376442,1460.202147318744,0,0,0,1,80,6156.184214260215,BENIGN
9892.707824588198,16,11,6795.850854407357,9894.229358553843,409.12108179569685,959.3850524819245,1687109.3849025054,2729.283071808898,343.92765330549827,371.3491022091293,324.8152037362186,0,0,1,0,80,3389.9892993511708,BENIGN
26777.016067565255,11,20,3679.234918766682,20146.44067082192,308.2050468765343,985.0327506008937,889780.8303012678,1157.709280293931,889.1669125063335,1034.652868354341,1176.8146139388248,0,0,1,1,80,20318.001581619545,BENIGN
200.85806292443004,1,0,45.12633132188776,0.0,44.8649509228605,0.0,224667.7612283152,4978.640067719042,22.554905971863153,18.701437331046325,34.33399158989578,1,1,0,1,18365,49.7486341608186,Port Scan
15308.507578650764,17,17,7971.26775894552,8529.846807737382,431.32532099181276,484.56507259514586,1077904.850091027,2220.9872402856818,362.2813121722632,430.8144587161107,534.1145740832854,0,0,0,1,80,22422.480978815136,BENIGN
64874.01604755168,13,14,4469.232682990747,12761.028978623639,369.6780183444863,1004.5658248316315,265595.7301762367,416.1912834286289,2576.7802206025012,3109.601601213696,3629.586856071532,0,0,0,1,53,24356.9634419971,BENIGN
8958.94213380204,6,2,744.1841242085245,167.7351336776578,117.62870073598302,77.83175689636553,101788.72061752871,892.9625708615802,164.13643793015774,147.97306940961468,167.01700008035166,1,0,1,1,21,2523.3826507550593,Brute Force
25726.282276939648,5,19,2118.904825389883,18531.173500606244,388.9163796762249,902.2679083095704,802684.1229409314,932.898105588811,999.8688151820644,1380.2433506892662,1450.345079917528,0,0,0,1,8080,20277.916139463137,BENIGN
8608.299329450192,16,16,5163.127416969247,12597.069091222176,301.38516916189093,762.1779849960624,2063148.1118960762,3717.3428542991687,298.26006730341487,302.86096840551994,439.8017237045898,0,0,1,1,443,13699.245112571292,BENIGN
32067.473677149374,12,22,4785.335710304977,8424.488738380704,427.7056898366052,395.8224507531878,411938.4202722128,1060.264376991684,829.3334615894188,1125.4065608160863,1176.064008391653,0,0,0,1,8080,3246.7824089780684,BENIGN
156531.71991268106,19,11,6712.38565902398,8202.955513363862,334.74427170232343,686.3951972505849,95286.38144848947,191.65444560843684,5690.0203193847665,7121.143431048622,6674.350796346035,0,0,0,1,80,5408.539478162491,BENIGN
11074.039270958334,9,11,3124.415551210806,7362.040889303847,350.2676405258312,719.6617807738309,946940.514109913,1806.0257427883605,516.2044049677197,676.4369149049313,528.091883090233,1,0,0,1,80,22170.989872228478,BENIGN
84965.466622427,11,11,2885.671858871057,8308.28029544364,244.12457902965474,825.0363625358768,131747.08030568273,258.92872568763136,4009.568946823068,5206.902268345562,5640.359610698413,1,0,0,0,53,15998.178313079372,BENIGN
43662.40393160062,13,14,3694.9806412191283,10009.995409666446,283.4853393703848,733.7377589284093,313885.0548026425,618.3809769681229,1346.9673474310912,1862.2989085283746,1507.2105754675897,0,0,0,1,80,7483.061826737021,BENIGN
4219.2225810492955,11,17,2213.42858608438,12253.454829187358,193.72149307955448,689.3987193323976,3428803.088097313,6636.293644654454,108.58157394344816,139.320886762387,148.77886698731706,1,0,1,1,80,6803.086843983029,BENIGN
132958.22664714712,18,9,4152.8748562723595,4229.69381013411,251.73301059760294,516.5631167992256,63046.63410300031,203.0713005194804,6888.688475122313,7672.276051317296,9081.733052575957,0,0,0,1,80,8694.479236260002,BENIGN
39896.89147462949,13,15,6371.315352095352,12500.06475434555,450.1483972106681,830.6437834482088,473003.7706932944,701.809062437991,1241.3283001182583,1323.3214761067643,1574.2792391743938,0,0,0,1,443,1518.7421614625005,BENIGN
47415.284636273194,13,18,5174.264792627282,13812.731039301829,369.50032111590104,754.305008857905,400440.4060332026,653.7976147945482,1736.236213763657,1393.0451323893496,1642.075045440685,0,0,1,1,443,8075.936889646672,BENIGN
28049.556843434737,14,10,4129.341285356495,8757.589253689124,299.35619559917285,924.6031550427423,459434.3722069151,855.6284911723097,824.7060006919054,755.8875178294189,986.2022188277538,0,0,0,1,443,23766.666756661438,BENIGN
2168.307844709739,6,11,2694.8734170152466,7935.249433958784,477.9020726071556,731.6112474214782,4902497.0678907605,7840.215143563117,93.39111878606002,81.46169673179769,134.095627812551,0,0,0,1,443,20916.031977995743,BENIGN
1445.1660227342704,3,5,251.27151138794807,485.20001217645387,88.86503209648588,99.40630458113266,509610.3229516768,5535.696158192198,206.83826015843343,277.29318822568604,221.76628210063092,1,0,0,1,443,231.90540148417062,BENIGN
2036.1918709715374,5,4,623.962357608912,446.7547723688072,123.7087376376345,120.82226987634199,525842.9449808397,4420.0156813835965,362.25679138815997,422.44864743114687,342.7425769106829,1,0,1,1,22,277.074608414943,Brute Force
18836.406590311926,9,19,5396.40918975176,16979.746333490348,591.7722056751151,946.927731809399,1187920.605554924,1486.4830967495232,928.2230976557667,781.1275842082797,936.691748190699,0,0,1,1,443,2386.596227403824,BENIGN
32553.456379244086,19,10,3639.7286820315526,8904.371796773807,210.56209236317747,900.2525238911746,385338.5131418307,890.8424242929315,1176.2098747448244,1073.9429239071708,1303.3887543650937,0,0,0,0,80,12855.924365073242,BENIGN
199.04984496193788,1,0,48.546057299076296,0.0,48.114276101838904,0.0,243888.9480590112,5023.86726395702,14.847208945296117,17.47352887344682,21.780619104300186,1,0,0,0,58544,0.9144636034870091,Port Scan
1062.0529691681015,10,11,3630.298603926395,6634.306396974746,386.9393901568698,611.5804182443424,9664871.055293348,19773.025084096465,42.910054220866805,51.75385158945117,53.792540205944746,0,0,0,0,443,22109.674994254852,BENIGN
4166.9048247460105,19,11,7383.566050618224,4984.371843896638,374.0236924150314,473.6537437240042,2968135.442178893,7199.588486360166,162.3533071838087,159.9162303034492,150.41004845096947,0,0,0,1,443,9192.330314893215,BENIGN
936.4060872538231,10,4,1587.3917124302727,303.4590732322453,153.93093333595343,75.39059354791826,2019263.662849281,14950.778503648437,169.79084329971795,200.7981872397012,226.7100598348248,1,0,0,1,22,2785.4818579165903,Brute Force
7436.222969904092,8,16,4039.8119278908966,9182.191233083906,515.8658272441191,571.828115793669,1778053.6186834285,3227.44491351764,273.58081038946756,305.2044589953332,271.44378871530876,0,0,0,0,8080,8285.491375541478,BENIGN
35575.66586627861,6,19,2119.8171518679937,6790.86973350991,350.385843003173,373.05237506332116,250471.4014031751,702.72753555674,1123.3814455279976,1406.017143298689,1273.538394022352,1,0,1,1,8080,15789.640914287951,BENIGN
152413.80103969548,12,18,3908.3762835006883,14617.19535510829,313.9354078971981,788.7125714647212,121547.8618880719,196.8325689363697,4830.939249223517,4325.559455760861,6602.087293146695,0,0,0,1,22,5913.636098540669,BENIGN
29753.840982013313,14,12,5400.292825374763,6600.843839813394,374.18207941876483,577.7818992170153,403347.4761273021,873.8367599570565,983.4726912046855,1065.1498495720202,1154.0374973786136,1,0,1,1,443,7991.261204710182,BENIGN
9133.300909000773,13,17,2333.2172464071,18072.440670519958,169.6599548489629,1091.1375621733482,2234204.0539601073,3284.6831938314126,348.8206156845857,466.53248449418606,481.68377540142495,1,0,1,1,443,1259.5919387908166,BENIGN
65123.49656157918,7,4,1569.1245665691183,906.0318040895253,246.63030312614666,242.66578474070937,38007.11726708649,168.90984945193586,13895.722245300176,19386.127153350815,13977.1881396935,0,0,0,1,1337,7575.7956421270455,Botnet
57269.8254227089,11,11,5754.8525884846285,8772.075607318378,569.5489087643388,774.3138322440082,253657.6301495538,384.14644776054195,2490.4776508977984,3483.110346480315,3432.9937976931496,0,0,1,1,8080,15431.051039298218,BENIGN
13359.632265657761,8,3,1094.03551811231,154.3443181996666,141.1673569125843,54.4158593782402,93444.17656772326,823.3759568574783,288.06836618161367,378.1392948858734,376.6199934683674,1,1,1,1,22,2001.1869013652304,Brute Force
100560.45002492638,14,18,4829.160123433847,14006.206125524059,341.3014666152153,725.6594521618655,187303.91763649724,318.2165552368552,3654.085107711495,3502.233183086242,5663.504296564548,0,0,1,0,80,17709.87491554768,BENIGN
12119.435406507771,11,13,5666.092069814508,13329.763538862442,566.6417624121166,1104.5290517499682,1567387.833799316,1980.290268894269,431.44301973288464,603.6730458108287,499.7874009055407,0,0,1,1,443,20683.75049084085,BENIGN
2396.49285577415,117,2,6494.495075685537,73.23198318785211,61.42590187050495,35.27648644199926,2740557.745894797,49655.89599538317,23.508490452461608,22.48455356873715,25.03092785912605,1,0,0,0,443,35.603833017665366,BENIGN
7871.031334464918,12,16,4631.749642964232,15438.387562970935,376.16475504975506,923.2121277560417,2549873.8796851146,3557.3483080160386,279.883827761818,303.49534568971364,362.1110116406361,1,0,1,1,53,7607.596824849414,BENIGN
10238.363234609997,8,12,2375.554059459736,8323.307752312028,281.1106000340742,740.9523073089235,1044977.7534367101,1953.437238131144,504.6377824884441,422.02588127081276,688.4582132300424,0,0,0,1,53,12441.994581726884,BENIGN
12889.051234581802,16,20,6548.528313837814,15958.446723642408,400.58976077990593,766.854283628952,1746208.8269998627,2793.0682673842325,303.0125600110277,350.9809839100583,427.83233003143687,1,0,0,1,443,10350.988158608892,BENIGN
13850.70509072811,6,1,891.7681512972623,70.29204051006663,141.91685971163685,65.85293211142803,69459.29362479516,505.3894335448608,211.64872026408574,183.93810457961152,275.8051834296708,1,1,1,1,21,2715.4518464058833,Brute Force
19540.789433457354,15,16,5093.590052482632,16371.93981097612,321.7528687653994,1017.0461539299382,1098498.6014283486,1586.4251598209444,574.3696568188316,582.383211545499,498.51992232844395,0,0,1,1,22,15397.104289679248,BENIGN
55707.8618139979,10,10,3926.997403702049,6386.114703543236,358.57438787465765,704.8548431658721,185128.48584423453,359.0157537687891,3398.580345944634,4318.340080851917,3886.6469429942395,0,0,1,0,8080,3414.836331817936,BENIGN
89465.27582502669,10,12,4019.672536614732,9441.12634405155,372.0273971734036,806.4197348277485,150458.3622699882,245.90546217089735,4329.133845953487,5963.718385359107,4830.864607706189,0,0,0,1,8080,19821.06041076842,BENIGN
8615.022677730445,4,4,553.197874217605,280.624416139869,134.65064502761126,77.22284668517698,96787.01049886702,928.6104400722869,183.30077876961053,232.67990975558348,286.0749292085735,1,1,1,1,443,1557.0598846512055,Brute Force
79539.62319601193,10,17,3902.3021412408766,17577.6243726461,407.85993455076795,1142.5221666268608,270053.1590519776,339.4534562159425,2915.905859110531,3930.8431961005817,3320.7259514397383,1,0,0,0,80,12103.95166343761,BENIGN
2224.0263527412103,8,16,2267.011516876027,12637.269572992318,282.9418451339335,762.5426585596055,6701485.830641423,10791.239038340955,78.10160864427719,82.88167347577314,73.52113439287282,0,0,0,1,443,22990.950163812304,BENIGN
14571.017482899424,16,19,4824.598686741097,16432.051748982103,279.1768440704481,798.4235936964792,1458830.892260616,2402.028550242018,401.6985341842264,441.1520795095617,369.9536043449962,0,0,1,1,443,20363.12948342602,BENIGN
2943.2016867933685,6,1,699.4634487735083,81.20515385853469,128.53331665788642,75.99552101993943,265244.6844315943,2378.362322708007,271.22318196142703,226.4919793032602,399.77775754993826,1,0,1,1,80,1712.8694325098606,Brute Force
4614.282728389161,10,19,5175.314103987854,17733.450296912455,481.6790514613658,886.2627435866984,4964750.915663488,6284.8337882676415,152.50169343491788,139.91302232435706,123.55835898857063,0,0,1,1,443,22941.237954053282,BENIGN
28110.62131700545,13,12,3316.4862626356253,9392.582727013036,281.1459618721741,848.9035406266798,452109.14573276765,889.3435587237025,883.6392057646016,1200.994620803777,848.4588202540907,0,0,1,1,443,9638.774138367662,BENIGN
13458.041181168004,10,17,2681.274435240122,14030.484550404359,282.10061165304955,825.6581829298658,1241767.5619115685,2006.2355016257059,373.08211925632986,331.3482355267139,332.89931358674215,1,0,0,1,443,11955.627835314333,BENIGN
79914.54094487791,6,13,1531.5560391753763,13494.223316800715,260.89984153059106,1000.9100641245022,188023.095400627,237.75397787876298,3541.0249906379163,3039.0951787786635,2967.591634686234,1,0,0,1,80,13120.621595027207,BENIGN
10337.916863731094,10,3,1478.8376641075838,215.0397010625201,137.3733628056326,69.73487030289336,163850.93704059452,1257.5067270668806,233.05722957933477,205.75987029077166,372.40103594460726,1,0,0,1,22,2179.1555883761225,Brute Force
14408.873018091677,7,1,551.0091946427355,79.68832913978271,83.71495882368616,84.49542262273168,43771.467969120065,555.2134431301641,75.21685342320158,90.69183757791586,80.67455578385857,1,0,1,1,21,1810.396141917788,Brute Force
7093.516625119014,7,16,2598.464839917238,14767.059490204345,349.9770301290567,981.7043894902366,2448083.9684830126,3242.3974194342723,200.9609210254675,254.32819388620086,262.7374627591752,1,0,1,1,80,18306.549436075642,BENIGN
58637.008832859145,14,21,6414.713343392329,18235.461354313702,456.08360585682186,929.2341330008758,420385.95058574184,596.8926569867359,1293.8238851545693,1668.1352307992404,1052.3347618631399,0,0,0,0,443,9334.28125294351,BENIGN
8015.822234886732,9,8,3351.7754170686085,6196.5116524568975,353.03728558733206,826.5314863190637,1191179.992486501,2120.805514624816,329.09985207280545,356.9514595045309,283.8627993631768,0,0,0,1,22,15834.634574482378,BENIGN
233.59460287551775,1,0,41.670771928371195,0.0,40.1370685163157,0.0,178389.27533174853,4280.920824754237,27.308371510045543,30.936658020477022,40.23098917313101,1,0,0,0,24077,12.657982092493098,Port Scan
5839.12742968465,12,16,6042.810839606199,12199.288623058319,474.03382044116086,741.0506469557497,3124113.950643771,4795.237017376101,243.42260692607917,270.65267867228374,225.20209506544873,0,0,1,1,80,19754.566287203477,BENIGN
1267.9360206558235,10,17,4132.383118418272,12573.168299286612,450.3236261145048,779.2086642737893,13175389.88210474,21294.449846163847,38.07934113937069,30.912829371738013,41.14592615877549,0,0,0,1,443,14010.306374386606,BENIGN
10695.268419976313,16,14,7548.406819539734,13378.475285579607,476.27902398516255,931.5228477795847,1956648.611645194,2804.978689825761,268.09036648344915,280.73574769994224,349.5575823217367,1,0,0,1,80,10701.692492349035,BENIGN
792.0692447438496,15,11,2062.527584052737,11850.76392570428,134.18590515479298,1030.8268610407913,17565751.48206454,32825.41289481356,32.273663274386735,31.300545927259208,34.837376260359754,0,0,1,1,443,18291.528820090072,BENIGN
1107.0077127598079,6,4,776.1453732554974,367.031132779941,123.8929888857003,95.61795921790937,1032672.5756819348,9033.360729772749,248.3110868447975,301.4687243574885,255.07539567234448,1,0,0,1,3389,1255.9222933512413,Brute Force
11462.262123316714,5,4,781.3235212057389,356.75074374836953,165.11771091743435,96.13883988600108,99288.8011729395,785.1853240811915,112.99876791058932,115.47257416598637,95.10958673611542,1,0,1,1,22,2162.2481045210297,Brute Force
11168.745262043529,7,2,1041.5978534817243,97.91535189407068,164.3611185383732,52.85786999823579,102026.9670979406,805.8201515783595,75.75035261038707,92.04444253234581,92.78953998349792,1,1,0,1,21,2996.6803436304754,Brute Force
46423.82782636325,11,4,2296.568959613825,613.2788708838849,207.3969899770772,167.93694040151604,62680.049593955715,323.10993518465904,13949.131370805251,14409.751080932863,18470.55776977667,0,0,1,1,1337,3538.8450395342143,BENIGN
10830.560780861611,13,20,5569.487298974979,10890.713096669107,395.60126753808584,541.0725298983925,1519792.0706682573,3046.933641544527,294.622791872958,311.2144092041712,394.60916729850186,1,0,0,1,443,19122.854328522968,BENIGN
50475.31234063009,16,12,5503.925682311088,7595.477584472618,316.3003736547521,700.0195514935679,259520.99470693804,554.7266317252961,1579.5849298297283,1556.3590437425114,2125.0151018612155,0,0,1,0,22,1018.2766974965269,BENIGN
578.9341645848233,160,2,12526.344436050837,88.88857952444103,74.06950854399977,41.94919027617204,21790444.902525593,279824.5636724111,14.725362906625428,17.57360934974517,20.36865955528348,1,0,0,0,443,32.05244516682083,DDoS
38158.423132276985,14,13,4416.564641093215,12250.594316290122,316.18192326936634,876.1845705412302,436788.46213341353,707.5764086582909,1046.1066262307952,1452.2177420354562,1651.7559449033865,0,0,1,1,22,15919.123819081353,BENIGN
5811.67838069257,5,2,568.0286204188862,169.59986108754174,118.03051659879705,84.9881839511938,126921.76565670963,1204.4713319400548,115.17466458458772,126.23270538510226,175.94802993238332,1,0,0,1,443,1839.0727054776016,Brute Force
386.9482397766145,1,0,46.341493777516305,0.0,45.3383224036022,0.0,119761.47973762405,2584.324974775181,36.92722200861354,42.248724664993034,46.471039669879595,1,1,0,0,53579,16.456810692648126,Port Scan
5864.037578713385,3,3,327.21373139353625,226.06011326059314,114.24231770402494,83.5882505417866,94350.3238557898,1023.185803204973,218.12942617126112,217.9181742046011,288.0703187202633,1,0,1,1,22,683.5242920703337,Brute Force
13182.927883115017,7,3,714.8592965220208,287.7154059789036,100.57995321281392,88.42541579569965,76050.98892978426,758.556831127645,368.59095150489463,391.68264713855535,450.3071580635585,1,0,0,1,22,665.8244967934323,Brute Force
148591.03368677598,10,21,2121.796775856279,16491.076330864635,200.90596904807447,774.1719072266844,125262.42428568144,208.62631634521617,3924.3459846059986,4657.174874436751,3319.6934361928215,0,0,1,1,80,4189.845968848266,BENIGN
212568.29878673804,9,19,3420.319134893607,15791.347335849394,371.2873872243485,842.6518278308688,90378.79392362904,131.72236951518047,7015.92579386543,9530.12650795304,6137.022764858806,0,0,0,1,53,10652.629921076097,BENIGN
20333.49781629595,7,12,2164.4253064418,10556.815157305125,318.0668866494157,816.832593480341,625629.7159828397,934.4186706909206,766.2058519382236,716.0018941131818,1068.8778982704032,0,0,0,0,80,11552.580555373423,BENIGN
71989.02532446336,13,17,4358.322413870283,19689.536058323833,350.72322186434013,1088.2106266476076,334048.9520980103,416.73018720265094,2573.2773981209716,2086.0658337140776,3938.6414904689295,0,0,0,1,80,19782.03141316257,BENIGN
66121.6315847208,11,10,2357.0477901180434,1947.8228471356215,218.6399057107434,184.2453184565941,65105.329890988694,317.59651866867455,13963.711304084376,14132.945862365044,11268.576434955905,0,0,1,1,1337,4023.11681470566,Botnet
28821.50500125764,12,14,4248.599355714311,6540.4542637209315,390.333712191712,466.58783918433613,374340.3968309239,902.1041752977674,995.7368728617242,1185.9970227708002,1420.7954705193345,1,0,0,1,443,16976.548916618663,BENIGN
18802.155998793067,18,15,6027.29300405985,7630.182890601278,363.44453698164125,553.2986966988697,726378.1821370815,1755.1178706377243,685.1047969756455,793.1473417210343,814.5311164984918,0,1,0,0,53,13096.90759729623,BENIGN
8755.11886010913,18,17,5460.862191291297,13209.777885573361,332.9834922645974,834.0326104866048,2132539.874693595,3997.661317822901,290.957599081653,392.67344180644136,321.5640262693014,0,0,1,1,80,17470.271478171973,BENIGN
5717.929045518116,12,15,4160.524326807857,16006.422128245158,336.6824902677526,1047.615879295477,3526966.895621146,4721.989340032718,175.68178301709446,158.90223870338798,233.62586083410562,0,0,0,0,80,13913.251476890146,BENIGN
117807.99415921036,15,7,4625.355981834452,4646.198989211081,316.7317278840777,638.3029678717584,78700.55879667717,186.74454273678862,4158.547071021439,5303.122747825288,5284.660064922505,0,0,1,1,443,12341.098621870211,BENIGN
48389.37314692238,11,18,2909.4388260478545,13451.571604580271,262.7841016287111,753.1847094071456,338111.6424251242,599.3051390012569,1464.7064909978626,1686.8425112071684,1409.0803306286045,0,0,0,1,80,15174.334504426533,BENIGN
63163.78377367543,11,15,3470.875713062471,10399.601432109004,291.01536022203595,757.7627045272019,219595.41237857618,411.6282851762268,2294.430117184238,2647.161933371699,2726.207507461678,0,0,1,1,22,15576.575512487347,BENIGN
16988.923901064674,14,20,4968.2111903803825,15257.71907654747,340.26521877297586,761.4827121440144,1190536.2802678938,2001.3039200128069,507.4794833590142,661.8208359152161,618.140197684273,1,0,1,0,443,14709.370798254195,BENIGN
6729.8161789888545,3,5,286.8259705033535,274.28229747001126,103.83100742772552,54.42937781763799,83376.46275171671,1188.7397496794613,231.10973404740758,252.64645769196102,294.164176591792,1,0,0,1,3389,644.9353226537808,Brute Force
169827.67851230234,12,18,5486.377241359239,9566.724456037591,453.2016093540876,507.1227697162081,88637.50496540162,176.64965017953062,5072.357687129697,6677.635767170035,7953.241152613773,1,0,0,1,443,15891.99594928041,BENIGN
59063.240519310246,18,9,4108.0035351882525,1943.772145313905,213.82540827017326,217.9362488168747,102462.64219999203,457.1371256064518,12268.520591982344,13465.052955464233,12367.8418488,0,0,1,1,4444,3956.9558977898023,Botnet
12359.627675445325,16,12,6527.656440163377,9326.938965492269,374.3606544304106,747.0015150388843,1282772.897532643,2265.4404109297852,536.7389009582095,451.7037578076803,713.4681923955249,0,0,0,1,443,9974.96540384606,BENIGN
26313.91782795689,12,22,3830.1395989901102,18774.335011204235,305.5696282931122,850.0169634469717,859031.1316613791,1292.0918968545661,634.0405286500053,662.3775236101588,961.1180670763396,0,0,1,1,443,9765.346226970407,BENIGN
14807.568229418675,9,19,4375.642372688569,14830.770449185482,448.4473707065756,747.7826586288652,1297067.3188401083,1890.9249355590673,549.7224739533474,736.3909638974745,504.34522048604316,1,0,1,0,443,1521.4303930355331,BENIGN
16129.996852251541,12,11,2787.543401719673,6990.987759861064,256.08474313976717,588.4738650464151,606232.6763700378,1425.9147233986903,763.0524065317921,972.4657803298832,1031.680891216969,0,1,1,1,443,24568.228517678806,BENIGN
4546.201320581697,6,2,640.2061523608226,161.96867695972378,103.97757608483452,74.93128159319285,176449.47347336265,1759.7108961677884,268.7625849112991,301.4488114539962,294.64714038147207,1,1,1,1,21,1975.4473462952606,Brute Force
3665.164841609384,12,19,5383.133827718417,12818.342159164858,436.2151638187986,735.5491666336738,4966072.952639958,8458.009759361277,127.56733218104725,170.7483277847571,121.20014958300894,0,0,0,1,443,17239.015994763795,BENIGN
243.65166171741777,1,0,59.51157020748527,0.0,54.85867356306488,0.0,244248.57104609275,4104.219905381888,8.933936194521863,10.25051157359183,8.085026415020572,1,1,0,0,63923,11.686408683149029,Port Scan
68653.33566179051,8,10,2517.791749874987,7490.712793534949,308.52279614733055,770.9369450084326,145783.22301359405,262.1868235022705,3439.0574380637213,3000.7512100235786,2969.549023686355,0,0,1,1,443,4973.742975608949,BENIGN
57345.902814996145,14,7,3333.1240271378633,1838.5883432249386,239.72648831343454,247.10738640644422,90184.51391457354,366.1987861233642,16029.877286693636,17358.018966268475,15161.48374959735,1,0,1,1,4444,3932.9926803513417,Botnet
51255.03019821051,15,12,6188.526963401625,10125.885868973946,382.589787530611,792.2281189154451,318298.76539503364,526.7775649645928,1804.0140979719251,1772.9024839088931,2250.3745207643383,0,0,1,1,443,18645.728116562488,BENIGN
729.7002555213242,7,21,2107.604837826695,6676.013352393899,313.6868066525442,340.6173075117626,12037296.305926684,38371.92023455685,23.63758420813299,29.45309458617731,23.025952320800563,0,0,0,1,443,20313.817473154937,BENIGN
25440.668026241274,13,14,5725.387472053384,4464.705793387331,480.91075208530253,335.44182017645153,400543.46273179405,1061.2928863404973,916.1047365745948,746.8321620234823,1266.051180775518,0,0,0,1,443,10660.891355670223,BENIGN
4273.696636468314,5,4,587.8256972637417,396.8223910687323,120.02172846000596,103.56526223989215,230397.28181225443,2105.9052070287785,266.93966418544926,226.39179192433858,245.29253058009817,1,0,1,1,22,1461.7918488723483,Brute Force
165737.9979083853,12,15,3920.871502514795,8519.47034575921,329.49412375612957,552.4251610359681,75060.28795611873,162.90772388191115,4803.73835318343,6334.743500788431,4854.004533024456,1,0,1,1,8080,2117.944275786097,BENIGN
47744.249736503494,12,16,2364.0708559584855,14784.184808841837,182.90679873471245,895.4085537893662,359169.0257871913,586.4580583950874,1343.306126631959,1226.1678802125302,1734.2298665906385,1,0,0,1,80,1033.0562166351347,BENIGN
12301.26501873575,13,11,6827.012547677623,8483.273254486076,524.5694719613615,850.6156301145885,1244610.6785639513,1951.018855658032,462.5426636994069,375.5741824307621,548.3604877439972,1,0,1,1,53,22168.504337056947,BENIGN
19712.811889949877,10,13,2729.0375897621593,5944.964612415404,278.3890054919659,499.3192288870381,440018.51438555063,1166.7538922605972,972.6943106342696,1295.8621475342,1174.5006187706624,0,0,0,1,443,23318.004397730932,BENIGN
10697.354558000596,9,4,962.6817682736191,303.94353015925105,116.73130035023851,78.01617041113035,118405.4703960014,1215.2537274065808,83.09020770954712,87.18584296676133,129.27675843092834,1,0,1,1,22,2586.1710723191004,Brute Force
15946.548075664634,5,12,1637.834308072477,9474.07805572698,341.73087156633306,840.9081397686052,696822.4289717528,1066.0614397132754,780.3158961691063,1045.6676122174124,1093.9929673053075,0,0,1,1,80,4694.093034563458,BENIGN
203330.63772052046,15,18,8955.147809647488,8780.203079984562,582.9180931171699,452.52900310704615,87224.19350304417,162.29723355984726,5183.020941502592,6987.796765291789,5121.163228681332,0,0,0,1,443,16004.943109265116,BENIGN
5939.218995981519,16,13,6290.424182672379,6592.656078236193,400.6647988691248,462.6350822796418,2169153.9358331924,4882.79688282608,189.2970099040814,167.69043982824732,252.96089118842693,0,0,0,0,80,16388.90830647046,BENIGN
13088.48461619752,16,21,3927.484495460705,16924.01339764924,259.8195019794424,863.1129192894158,1593117.8058081213,2826.912441354061,329.29519965025287,401.8317686956847,403.98038424417973,0,0,1,1,80,8077.101414769742,BENIGN
103226.79156108064,14,13,3200.979969294994,7740.624486463377,249.34725690150682,542.2123136073042,105995.78162113158,261.5600038680244,3729.7062512293023,4235.703093312304,3065.775693391269,0,0,0,1,80,18992.238946528454,BENIGN
14412.57722399388,7,3,892.5293503438002,189.11182086918492,123.84208258407986,64.7716353128315,75048.42155588121,693.838433236779,117.20642056321209,159.24818183588994,122.02001569577041,1,0,1,1,80,2306.985047465852,Brute Force
1869.1964210654205,3,3,349.1625866180834,250.8765857604305,109.54979415184428,83.5191074288297,321014.50955940655,3209.9355275782464,101.48100252840675,113.4298727634427,143.41544557995337,1,0,0,1,22,2274.001174700274,Brute Force
71944.55083515824,12,11,6147.820005747194,8223.275581885287,515.9099315371114,795.6164252129894,199752.3845907387,319.69064693583766,1845.760790395331,1750.4574979474148,2597.447805182469,0,0,1,1,22,11935.258927599196,BENIGN
99734.25510151297,8,13,2454.4582517618005,9883.562605898782,305.28436158413075,801.7330782720869,123708.95882365109,210.55955126576595,4576.5295841377565,6233.378429577122,4024.227763613074,0,0,1,1,8080,21693.620130488165,BENIGN
4121.81194168851,11,21,2820.5581657735397,22180.252599168238,271.02563621193156,1011.262962605824,6065490.400491229,7763.57593522113,99.42386525632544,80.23207678861058,115.49805720893454,0,0,0,1,8080,13140.536571545912,BENIGN
23697.992168440054,10,11,2940.8816704615565,9115.998436967666,298.5101007120044,883.8219757472475,508772.220943091,886.1510228688014,1021.5892340800809,935.4081232181558,1350.5277261003876,0,0,0,1,443,6478.549241601772,BENIGN
118425.48068871179,15,20,6100.953266578678,15933.138814692658,410.2873479433704,849.0270942244367,186058.7092670472,295.5445044128596,2562.0417011640743,2689.717702367186,2538.0685637113443,0,0,0,1,443,16629.631747662806,BENIGN
54723.34018444986,6,11,1201.3842104590892,8881.787588010016,195.5874419998112,827.3623381158666,184257.24315224332,310.65355189759975,2887.8794851622847,2416.7412357136564,2953.689247108709,0,0,1,0,443,10209.403686349202,BENIGN
12457.584025817643,7,2,1051.8931361619018,150.50410533469795,140.84732169121503,74.69911023524432,96519.29611750552,722.4514786613524,296.1029576688877,327.8338893652229,371.5944828954241,1,0,1,1,3389,794.2725921997209,Brute Force
137643.70364363742,15,20,7611.832301243082,14334.309112869678,491.81576101664643,700.7472593931685,159441.665932877,254.27970240190405,2819.505244286952,3820.0345742163513,3128.0041232324165,0,0,0,1,443,12621.090461640048,BENIGN
25380.834666184688,15,14,3225.66576010137,7866.77361635274,218.22216866658334,608.2216095283501,437039.97612153995,1142.59441745772,887.0655532517059,1164.7655130076218,795.2676064878161,0,0,0,1,443,18758.515533048274,BENIGN
14823.46155162645,6,5,485.0744020600622,402.009309214421,76.17654136681116,85.6358956755785,59843.222730736015,742.0668891466222,235.85677093485114,296.76242785813406,284.0830817789038,1,1,1,1,80,1203.103814500162,BENIGN
12074.824855438526,6,3,747.9276163086791,172.9929191875827,131.55810797767055,54.32646707027672,76267.8172579437,745.3524260392383,116.97805286603398,102.28731372324332,131.3375312528517,1,0,1,1,22,535.8839833393627,Brute Force
12811.782415977837,6,5,716.2470302089757,364.61932446914835,115.09607368233976,71.5112825628258,84365.02584762548,858.584671737921,200.75998085865572,260.8708986926241,236.25128107871578,1,0,0,1,80,2917.0906154849704,Brute Force
20275.417684025622,11,16,5755.817032880825,7873.484015120506,497.48759626316144,501.2684834059796,672208.1517827096,1331.661839019596,742.9241868435399,928.1946293983834,665.2269017627673,0,0,0,1,443,19727.50504076416,BENIGN
67809.32527703929,8,16,3051.2266892933294,10185.803343814601,368.1192447706572,599.8355656094153,195209.58185363456,353.9336205152681,2586.9282908141286,3443.0829859018304,3357.4609117811274,0,0,1,1,443,7602.187382108951,BENIGN
6653.565122219854,14,14,3467.269342939074,9643.168161140873,232.94993997713576,725.7095697167704,1970437.9927532536,4208.270225911347,181.03722471482078,150.3684153809171,154.59867205974254,0,0,0,1,443,6185.046124659589,BENIGN
1804.2164107954634,10,4,1352.0297519839476,388.40360310099163,125.85294969012658,91.7813812718804,964647.7798733674,7759.601296292123,335.1577465095233,374.75630644223736,483.97917218647393,1,1,1,1,22,1545.9529793613099,Brute Force
5557.6716446529335,9,21,4518.707920231953,18422.15724155018,489.3700908019309,847.5225601510551,4127783.4727522386,5397.943944540726,186.63149708423234,250.01841520904807,291.1987182395076,0,0,0,1,443,16932.381472744757,BENIGN
3278.1436194816733,5,3,596.7689770559248,357.7105442935922,117.15330352165576,130.03587957416977,291164.64442776167,2440.4055857884982,179.02844324167592,207.23684724693004,246.48900207387902,1,1,1,1,22,1301.307706474822,Brute Force
4407.315818721904,5,4,450.1531949786723,297.18839293589804,95.92253526384843,71.90594910174772,169568.42183624022,2042.0592419923173,76.70050759099728,66.48928926444857,66.30947220239639,1,0,1,1,22,2896.9126801953903,Brute Force
35609.751980363246,15,18,5411.965940406554,13401.695313827777,375.90404774877084,801.5121343065247,528328.9045261814,926.7124359135561,1173.9053755913171,1194.363466114925,1196.0649751266553,0,0,1,1,443,14074.750620198945,BENIGN
72064.02759127595,15,11,2619.5191468664966,2121.6421479018236,190.22849273303672,195.21296620031015,65790.95636534037,360.79027038932185,14496.066140688506,14997.87573658207,13551.603334295649,0,0,1,1,6667,2792.340981275328,Botnet
348288.21475181513,12,15,4775.343145967597,14574.216482125019,366.499473175635,898.6584774915168,55556.17103461515,77.52200291715235,9990.501560277888,10047.317807403648,9428.190152433826,0,0,0,1,53,10170.909696533496,BENIGN
17520.205169257173,4,4,421.08443522824416,304.79169790113866,114.04193574963463,72.66648639688836,41430.8009590597,456.61565733474714,133.8882805442828,151.9802764936604,205.74288474020395,1,0,1,1,21,2164.4429277282297,Brute Force
2326.007621674214,147,0,11282.44897420663,0.0,76.15040072302968,52.01287066040574,4850564.060527776,63198.41716347959,9.307617992243467,9.3736894099801,12.248143243812809,1,0,0,0,443,431.0462461011217,DDoS
24073.58915261489,11,17,3820.5437257626904,11726.253778674516,326.630522197578,653.2220700379653,645803.0585251764,1163.1003512809646,1146.754420296104,958.1732687371843,1226.3448690249616,0,0,1,1,53,4581.854483424624,BENIGN
42527.42066861205,10,11,2577.8927000557997,7860.949561815134,235.82375724840566,722.9676887579751,245461.4481140039,493.7990517609581,1601.5804771048536,2140.605962469878,2524.310773507897,0,0,1,1,443,7708.064202792699,BENIGN
18910.502559948058,5,13,1466.932074490274,8607.606818750708,301.66351209617494,681.3413363847847,532748.3424252609,951.8520167794758,907.3431456549318,956.4450911522574,1130.72589338493,0,0,0,0,443,17866.724731419232,BENIGN
5107.85438924463,9,14,2812.1581881636125,10962.573752658327,286.5479140257204,821.5221551095002,2696774.5928362305,4502.869159393037,249.30095676074316,288.69328067393343,239.86564719103725,0,0,0,1,80,17292.887541531974,BENIGN
1144.1090421169852,159,5,10617.937881604159,227.22175015304603,63.1609122310162,43.49724071023409,9479131.125202915,143342.9804003166,4.97523168455672,4.1713347871376705,4.444200661473908,1,0,0,1,443,115.00209428621415,DDoS
70299.51729741425,5,19,1831.9649128881501,9672.136450865883,388.7135550322645,552.8743492926119,163644.10178072695,341.3963697426805,2377.9992860774237,2580.4412184420776,2123.526017447475,0,0,1,1,443,5249.833470870519,BENIGN
535.449820853145,179,0,10055.976861456083,0.0,53.95634329279457,41.75476090117818,18780428.09956245,334298.36565225676,13.235317963782265,13.047437585022,12.767777678968251,1,0,0,0,53,343.31952490545297,DDoS
15380.462920647338,17,13,5305.946027944509,9383.57034879776,285.9783533765741,707.0584033402885,955076.3492965148,1950.5264669067158,438.56433781584195,512.3126833480746,446.38621968890953,0,0,1,0,443,7766.767734055283,BENIGN
16584.52064000405,12,20,5029.492568264711,20767.520476327274,383.8742658437004,1038.6354027663083,1555487.4092873198,1929.51009526388,528.0478974412446,496.72848736995536,821.6763605629882,1,0,1,1,443,9263.739527299249,BENIGN
26661.273508414546,15,12,3529.324184848423,8344.91496402893,256.2470442001854,701.3036724722314,445374.04205878364,1012.7048128994494,1196.2231795452142,1155.8007307688076,1840.572563747701,0,0,1,1,443,13300.786054376546,BENIGN
39250.12467181364,6,3,1533.431967824709,640.0772619372198,238.02705017271975,207.82741301583187,55375.855438308274,229.29863472416164,16332.695167552965,21676.58693452335,19564.661013711295,1,0,1,1,1337,4079.5341842672656,Botnet
1505.0819965948149,9,14,3738.198692634146,9352.066672134868,409.1974871864409,688.5774563483991,8697376.883375917,15281.559444625967,41.56617648430953,36.39765904887644,63.42483445026292,0,0,0,1,80,11144.701737277592,BENIGN
8663.074136876925,5,1,462.8335286616303,61.98809994300204,89.37993122453935,66.25611308609894,60581.4541480806,692.5947885473165,259.9901963545764,296.4012367183435,260.9914624746849,1,1,0,1,22,2228.5874815016437,Brute Force
58417.03576086724,9,14,3918.066069308498,11134.882851192897,447.1640112313934,864.7324124133274,257680.8070529514,393.7207648493418,2658.1233426891527,2203.3999422692555,3739.0746857724275,0,0,0,1,443,19897.211607448422,BENIGN
2782.7260250383283,6,1,954.8562977392689,66.25727951002708,154.51413687312032,60.27393242978819,366947.21940340195,2515.5189325199863,379.5274390016548,487.46408250071016,380.411947241597,1,1,0,1,21,2529.5193889778207,Brute Force
5100.46657680195,5,2,541.0769912635557,178.07801230127583,120.02392370356526,89.917605872411,140997.88572984823,1372.4234625588074,225.92731987018905,290.66521067720043,288.30795296233595,1,0,1,1,80,2873.2749086006656,Brute Force
154834.8177551923,10,11,2051.5811165676782,7728.8891810334435,198.78982210227275,719.5419146697468,63167.12506527388,135.62840906496157,7418.27014390032,7579.891609769652,8761.614081678592,1,0,1,1,443,2932.1207926445986,BENIGN
120688.67334304242,12,13,2401.9034245961093,9325.24652917486,209.53883288446502,771.3863805776497,97168.60438458889,207.14454229636473,3586.0549091021076,3225.535329658653,2915.9183931891694,0,0,1,1,8080,1812.0683297336698,BENIGN
167593.22208086375,12,21,5826.28490828211,16550.919504816233,530.4033599559732,739.6970975826333,133520.93918393273,196.90533775928895,4096.428063269353,3627.20158190407,5067.085455150059,0,0,1,1,53,9133.146010824134,BENIGN
186691.36918113328,7,19,1635.9490186319642,6295.182457938173,222.9236166801296,360.2601583982652,42482.582410519084,139.267284363714,7033.415578815891,6128.628708438387,9438.23820625583,0,0,1,0,53,1348.8154832962455,BENIGN
70086.87403307334,7,15,1817.8380856966187,6767.901977873386,239.25386718835318,476.3800329182005,122501.3981864632,313.8961510769963,3297.7179253826175,2908.614823739946,3015.6167256379654,0,0,0,1,443,4426.175088230259,BENIGN
81619.62637639059,12,12,2007.6757074112293,9471.096758314443,153.01262162354166,815.5801498457946,140637.4051847662,294.04692309327055,3098.1709241217386,2527.8140541609455,2943.391772908737,1,0,0,1,80,1113.079199554104,BENIGN
6957.402649666978,15,14,3494.240476972662,10735.80547673768,239.63752760650155,806.852951690692,2045310.106407522,4168.222174317899,238.95984557113835,210.16438367567181,245.93582710630085,0,0,0,0,80,1913.9902320461913,BENIGN
14668.977750253714,12,14,5317.492317612208,4804.06634685205,406.6174835748411,345.4352904017197,689997.5469857942,1772.4479812201164,436.01185835202125,518.6169662849662,455.6133197064014,1,0,1,1,443,12899.400567354076,BENIGN
46760.48659445393,16,23,5284.820439965494,22228.470318683325,330.7453289398495,1053.373857831025,588387.6059132383,834.0375141567845,1234.2931865324651,1457.6075537731053,1230.7638638423982,0,0,0,1,443,7893.973610817898,BENIGN
12662.746169139185,5,3,619.1941817493865,174.41814068541913,137.21052167989336,54.94190372352186,62673.00250943556,631.7744897625031,213.69292000716462,249.42707067733616,202.21582253191767,1,1,1,1,80,2693.9586781274493,Brute Force
6261.756261308204,12,15,2560.7436750434904,10195.284692037676,230.84758592260778,750.9766662968265,2037132.688460183,4311.889328371777,239.36332623455098,269.9532027897915,219.18874603220186,1,0,0,1,443,1642.4539763216105,BENIGN
8744.830414878728,21,19,9316.02891059633,15262.31297835652,451.31914429039875,741.5552461983868,2810613.89676974,4574.1310125285845,227.34030983668177,289.65407816993167,206.52146221398735,0,0,0,1,80,11439.791448252743,BENIGN
2036.9549446656413,149,4,10323.272038177412,184.6643066812753,73.97106565389483,46.98471072750491,5158649.371394676,75112.11791928681,1.8866320346954395,1.517469746914193,2.614400824432869,1,0,0,0,443,348.69228595241356,DDoS
460.4510781563005,121,2,7557.279317300287,73.21250436764657,62.921965968040766,38.265993813163824,16571775.338698974,267129.35604908614,54.748430395601936,44.85431318212511,74.80816292786868,1,0,0,1,80,434.1326767953055,DDoS
18626.805526414475,14,15,6290.716509944618,11783.66793745754,475.2782874534157,827.1198559612247,970342.6828487078,1556.8960527813215,650.5772553968624,760.2613007751052,826.0731333093838,0,0,0,1,80,12789.927153045172,BENIGN
55430.12651636125,10,4,1742.860045128669,397.6222012486937,160.64284509037518,103.83085461876333,38615.8643485246,252.57023355102095,15031.666609153512,13104.700272282937,13455.966244057148,1,0,0,1,6667,7167.769398993946,Botnet
36021.20202309518,10,12,2611.7779484967323,8718.372288908653,273.2742174636878,760.1932008357112,314541.1480200189,610.7514120682199,1692.6447867378158,2195.0582424115805,1943.7006724207845,1,0,1,1,80,11900.072262501424,BENIGN
183254.20490434815,21,22,6580.300130728167,18816.38580177629,294.4358336815079,821.3234245603905,138587.19337851254,234.64673032984095,3751.53366937759,3864.7088007070074,3169.1903501874276,0,0,1,1,443,10839.963503243247,BENIGN
35652.03059060405,18,15,7656.216653376215,13533.047910685438,403.6892384308793,874.2671483438828,594335.4196954492,925.6134770819201,1196.383544403953,1239.4524411744007,1346.184182303292,0,0,1,1,443,1756.1154713469805,BENIGN
14862.146838333618,9,26,3326.101540769773,27029.911421334324,376.45903320316427,1019.0627648288315,2042505.251247248,2354.976059698539,464.9057433549363,634.6504745590337,393.0933745955427,1,0,0,1,443,4974.196080629265,BENIGN
19602.040419054854,14,13,4064.256998886489,8467.13952482926,285.9857919154819,651.2664389511805,639290.4134374788,1377.4076281239425,681.5954194220711,627.1812833638141,883.2128648918563,0,0,0,1,80,23058.435332914483,BENIGN
12623.729829408625,11,15,5524.1243900250765,11031.780371388797,524.5171379657756,809.3386418224009,1311490.738881684,2059.613153271833,395.41865691352285,371.79685133615817,450.69325676544014,1,0,0,1,443,13612.244284114051,BENIGN
13647.149705499749,8,17,2677.580279622001,14351.533568950766,369.49180535551636,775.6471342629599,1247814.6877593128,1831.8843523732355,508.1528704854381,613.3568018112408,808.4584400403793,0,0,1,1,443,9130.581030666646,Port Scan
2434.8801735725374,4,2,362.7628412294555,234.65827928650802,88.90862770969566,125.8147071308207,245359.55690969684,2464.186971138132,125.90144763633681,119.23378717131585,170.18787341782462,1,0,1,1,3389,2379.338188653297,Brute Force
55273.20124853411,8,7,1568.0606806513579,1603.8787069752905,178.79699405720686,216.80027889356057,57386.56918683122,271.3792518105293,15175.298289340239,18619.313472278838,22688.591608254956,0,0,0,1,4444,5981.201705324003,Botnet
8582.584434019698,15,15,7206.980983244313,7482.532621241113,454.9432290007683,493.71846366618075,1711548.9765832128,3495.4506105510395,402.704168841037,560.4450314124412,412.7217294929363,0,0,0,1,443,7917.427284738904,BENIGN
4803.458924242239,8,13,2161.735217216373,6866.40579497621,281.1850561293686,560.8496593971653,1879508.3198544893,4371.849604878805,198.46866492687332,185.9472908872771,285.7218021821042,0,0,0,1,443,749.6236295237069,BENIGN
927.5253233409261,11,11,2059.845980839042,4347.952023449582,173.98665318332783,415.9859373997754,6908488.472538815,23719.028954116828,42.434532523915095,40.553683920848975,42.82211125016337,1,0,1,0,80,8180.334434150029,BENIGN
676.4136692543505,1,1,37.86438645433539,0.0,40.0,0.0,55978.150908859476,2956.770525061557,9.115876649138402,7.6515496964780985,8.947092218894774,1,1,0,1,39869,39.33323026793359,Port Scan
10400.09966855193,5,5,710.5913620705072,315.05361761391123,135.92113905692702,69.77092986616763,98618.76447067026,961.529246708879,209.42238638307015,267.70621692927125,228.39499208923985,1,0,1,1,22,1040.3835534622474,Brute Force
7766.444290986093,14,18,4358.3145450631855,16200.028497148098,343.70525806810673,846.6052161072307,2647072.7493753806,4120.2896462078415,214.18850021760503,199.1131329185318,215.31987141945515,1,0,1,1,443,16729.640916210592,BENIGN
8844.170813616176,7,2,1099.8901993609402,119.07752046021307,146.64766371930065,64.78862267150379,137827.24751815887,1017.6194229699764,230.2021744919798,315.0678128523201,326.0823918611447,1,0,0,1,443,416.59931180978947,Brute Force
18250.44583867905,7,2,1033.2727559139646,108.92513009734738,143.99459278847826,50.36904992429953,62584.65662195478,493.13863779293905,359.67186360614124,495.67456597354123,558.5691912647495,1,0,0,1,22,2191.521416474977,Brute Force
14685.72037931094,4,3,361.5855747678525,260.92186646248877,86.68631803247841,95.49207318556792,42388.621405819635,476.6534987184907,357.29239853836447,393.0429234704225,310.8983351359615,1,1,0,1,22,1578.7560496112528,Brute Force
8631.258087097,5,1,461.032857353706,86.61508892582675,84.20635737123847,95.71483198055611,63449.376759828345,695.1477918345986,322.6147250935379,268.68523354820655,278.86703755588326,1,0,0,1,22,1640.843621511479,Brute Force
31386.009648871805,11,14,5214.876918699422,9362.003403888471,435.3549223303014,720.6868386941917,464438.78930980555,796.5332413927505,949.7005756310351,849.9351175900844,972.1265287303443,0,0,0,1,443,22445.334797241463,BENIGN
70882.27025643578,8,23,2938.472140337353,19032.97332201132,357.4684701319775,764.7897459989617,309970.96146696527,437.3449085060216,1628.4068693347433,1739.2236280297561,1846.98677875685,0,0,1,1,443,526.7235983191566,BENIGN
6755.630510834689,6,1,692.9391903753193,41.57701531599681,107.83863609550096,40.0,108726.52145692369,1036.1727138234382,331.89399016229385,408.72880432983493,465.014111074731,1,1,1,1,22,367.7793721250984,Brute Force
54007.331970967156,7,8,1270.317057726982,1654.778367962677,169.78966658058283,193.5885764577669,54161.07996710724,277.74006699800657,15676.330871496635,14357.717822442784,21923.12587853156,0,0,0,1,4444,1271.8611039485,Botnet
20366.40183724074,20,14,9318.694321497833,10706.924123857516,444.7652533715104,758.981408400179,983267.3736574197,1669.4161429059945,878.9640339738557,1024.8611505857618,760.253121631664,0,0,0,1,443,19839.24353468838,BENIGN
6321.150945342503,7,15,3753.5686326983973,16279.783096489517,499.29734079290904,1116.528581693751,3169256.975891189,3480.3788408517366,278.13069557617615,297.0029307296074,224.73602072548968,0,0,1,1,80,22921.63269390462,BENIGN
20602.432190676423,8,17,4182.545154320825,16626.816932626985,478.5536818680325,929.2521425891431,1010043.9547309872,1213.448964113746,550.7857673616478,703.0924651533641,768.8418681655794,0,0,1,1,8080,23749.317036285647,BENIGN
57743.06222984064,11,19,4262.334677885442,14404.021629003253,384.07081540959086,764.6800264947511,323265.78442599875,519.5429345362378,1931.2354458657708,1708.5779903393723,2836.8373783246,0,0,0,1,80,23230.337695844053,BENIGN
25436.532801617304,13,15,5350.94895420676,11341.886736331893,404.48213391197964,741.2655634831189,656254.3653542786,1100.778955149882,826.8421849771712,837.8083397720992,971.5650082614262,0,0,1,1,8080,14643.471183823136,BENIGN
2376.7910214801495,9,26,2913.222088051384,16118.651796500517,337.96407519037757,606.9473012472621,8007382.101561363,14725.73721614099,80.1197453668253,65.44608090936218,77.28231017890256,0,0,0,1,443,9626.756626229355,BENIGN
3344.537885804124,9,2,706.0387884489413,129.82126889790143,82.81214352506629,67.15809537873496,249917.95156354693,3288.944654114833,264.08304311613404,251.95693669287593,221.6487034648523,1,0,0,1,21,2384.3185661400994,Brute Force
137871.01420619286,14,20,6863.678066299589,19171.765865942045,480.52188804680486,973.4058976725597,188839.14129553258,246.60731043257096,3485.330886922128,3829.6563979345938,3547.1089077571546,0,0,0,1,443,17083.07291894084,BENIGN
109645.36422192995,13,13,3993.3137500144353,8578.974540687032,296.81622459738173,727.2915028730481,114663.19967029584,237.12812834817316,3767.0650540239935,3495.973375189849,3546.742968226237,0,0,0,0,53,9554.202185368262,BENIGN
315.63992762838717,1,1,45.266714093632956,0.0,43.40068063371847,0.0,143412.50941777835,6336.333983559466,48.39331181560755,40.70471358916548,54.23316447108582,1,1,0,1,61938,33.04811143501729,Port Scan
28160.414181116535,11,10,3895.4347139718066,8215.382554452615,366.08027430273785,823.889885494271,430065.3104933927,745.7276680994955,1456.4280449173957,1630.0261623943193,1778.5940253242156,1,0,0,1,80,13373.047980993773,BENIGN
3647.1118054438775,7,3,487.781679305141,195.46162244262808,75.70392773214341,66.32463923809276,187338.18380010256,2741.895651532661,246.92811378975532,314.4457746380055,300.94775992432204,1,0,1,1,3389,440.69696273327077,Brute Force
3354.0293866917864,7,27,2757.002201246362,15019.022498431865,413.0746686655521,565.6494490398077,5299901.297886788,10137.060854298466,75.02403782139997,60.389112582345966,79.41030774899413,0,0,0,1,80,16279.453639632604,BENIGN
4405.971155900524,9,4,832.6798629482341,283.0365384664649,98.55206922004746,68.72385480465825,253228.25818333373,2950.5413312999704,397.4428123032424,395.73117731495597,518.9812675129871,1,0,0,1,22,2830.9999247433047,Brute Force
59674.104196212975,6,6,1461.9434056654973,871.456181190889,258.5495546918082,141.57207260028093,39102.38148165562,201.09225201844825,13393.126421932995,11994.892072030676,14684.666495794741,1,0,1,1,1337,3865.245851624166,Botnet
229.60187159477175,1,0,41.75019767055284,0.0,44.40606667681659,0.0,181837.35777310422,4355.365193907988,28.419791855302414,31.481782918443436,37.28596264752305,1,0,0,0,2646,41.12326707842887,Port Scan
8810.355539026908,4,4,537.9083963524018,269.7696988433485,122.65826849884951,64.97575849332335,91673.72322467672,908.022379410535,227.2983571766281,297.5786158819051,320.66978869155326,1,1,1,1,22,718.2855824375173,Brute Force
72576.60799912256,20,13,9542.738317427502,8477.692715694528,499.46249860383955,637.3602149831607,248295.30519447665,454.6919580534677,1747.1751229749486,1812.0700028499257,2280.5461736108355,0,0,0,1,80,15623.350735645243,BENIGN
24242.702720957786,9,14,2358.778821245744,7967.364952018062,249.76798665034846,566.5391331513086,425948.5376742613,948.7391016067086,815.470445786431,969.9799995391023,1184.050196858422,0,0,1,1,80,9949.881064599698,BENIGN
521.6243335527639,1,1,44.28852760111922,0.0,46.119156590949686,0.0,84905.02599729523,3834.176957156263,44.02154017253562,59.48101238335305,67.67963784542722,1,0,0,0,19626,41.53171640099534,Port Scan
7288.964326028439,11,25,3720.097865432238,19238.38274524979,340.08648711323525,814.8315242239307,3149758.9484282043,4938.973273808768,233.5583780745981,313.2564286175232,298.3206116205779,0,0,1,0,8080,2356.176366916661,BENIGN
84778.23866695684,17,20,5971.792847754667,10136.120786243233,373.91065462895205,561.385424991453,190000.5695715889,436.43275186868345,1882.659343130887,2236.6013626273625,2075.730612973269,0,0,1,1,80,18614.230229388504,BENIGN
6710.343621818885,5,16,1336.740866048514,12489.355026918527,288.67427735229876,751.9653024484377,2060415.4827498063,3129.4969652102263,275.11679963793074,330.38411618848403,429.29850822493677,1,0,1,1,443,18371.097745455936,BENIGN
10657.221949315275,3,5,340.49371646900596,408.4567192855795,117.88396896842421,83.26703080979956,70276.32898296778,750.6646702158623,104.1267272595586,93.24263447149688,99.09851787292342,1,1,1,1,3389,2697.142072888845,Brute Force
12138.149041472418,7,5,501.3387537142715,554.9549268098737,72.15324729928943,103.04835752122901,87022.63227408942,988.6186072521926,351.1306118719157,442.73453759343505,385.7669827556822,1,0,0,1,80,1399.7543000331304,Brute Force
59138.19054357335,8,11,3262.6388039234894,9777.545236033495,386.60314022420533,831.3977269915,220503.60215787977,321.2813889867106,2721.203718481723,2257.142152514625,2791.256643058369,0,0,0,1,443,7182.349365413682,BENIGN
34988.04124945302,16,13,2723.6870013010966,6682.447093283897,162.26142321150803,508.99631761287594,268838.5447908446,828.8546304504362,947.7502018518769,1179.7614187523595,1182.2188021924212,0,1,1,1,80,3278.545827566869,BENIGN
475.2009392675893,1,0,42.77766490893323,0.0,42.99852031875875,0.0,90020.16068163703,2104.372944929918,28.298885627599574,25.236717744486143,38.51438380570426,1,1,0,0,53430,3.4833696546296586,Port Scan
100897.83524103889,9,15,2667.883988418924,11841.757047740055,271.53145665022043,763.0069030827985,143805.27591594323,237.8643698615083,4062.236678620839,5276.204287523355,3740.347399062126,0,0,1,0,80,5496.507123273488,BENIGN
7315.652516262144,5,5,665.4304905588883,411.4742356408499,137.59264038347655,78.1344655124539,147205.56010634187,1366.9320648801668,55.91015651989552,45.39440083882714,76.93624640720772,1,0,1,1,3389,664.6843685389385,Brute Force
165206.04968696422,11,11,3997.68538773805,6302.3685532810805,394.299270611619,550.4435069145703,62346.71164001489,133.16703620530873,7077.770627402274,6933.408877806062,6064.640990889842,0,0,0,1,443,8532.691924807954,BENIGN
15775.085032091763,12,15,2406.380288159207,10686.788263149405,201.79856384309093,715.8956051849048,829990.362947189,1711.5597123611713,548.3817547408655,750.4557370497039,802.4750687247841,0,0,1,1,8080,4594.460342784147,BENIGN
14121.975067993137,12,19,3023.5355275673837,16185.353019610218,271.64949061689106,933.1353712220973,1360212.6086961972,2195.1603689104504,508.49850289765624,642.1119950911923,419.7970180038609,0,0,1,1,443,23272.654302622454,Port Scan
2569.777148810666,121,2,7719.235296795536,88.05860335460486,68.10546975983877,44.907937255380595,3038120.99183911,47864.07259358126,3.8430896025640875,3.1900728790594854,5.55810157500856,1,1,0,0,443,187.90621550418302,BENIGN
375.77115148921763,154,2,10567.289052022772,64.47900667464621,71.01214689021793,35.17978519244255,28293199.242578063,415146.29151747504,2.7720521689460034,3.064724435458292,3.47892867144673,1,0,0,0,443,78.00752411611897,DDoS
1702.29262920838,156,1,11845.72702681293,40.78091337663988,70.35714306634836,39.819201715945326,6982646.659121807,92228.56123920948,4.465565903519208,5.641976361984919,3.6090528236376582,1,0,0,0,80,172.41962763875227,DDoS
138.55718001429375,1,0,42.12943271248545,0.0,44.146635689498915,0.0,304058.09867189365,7217.2369551461625,17.10366865457292,17.281235550821584,24.454230497853832,1,0,0,0,12059,36.2654810207628,Port Scan
16364.50115166072,5,15,1840.3250532495972,20223.244118994808,355.2227479864886,1226.3869462195987,1348257.9742435552,1222.1576334436775,601.4005047774012,652.4064211269191,698.7469941356551,1,0,0,1,22,23296.882808414695,BENIGN
66926.32031230548,8,14,2058.4999433275575,10612.62398948811,279.9069795324299,727.2571308103408,189329.4577333258,328.7197009687524,2720.294759329847,3361.4992289132033,4183.356686515617,0,0,0,1,80,13998.037385785809,BENIGN
85685.26983252342,14,9,2890.305150754993,1479.2007948668866,194.98521578308134,172.3136109540694,50994.832065795206,268.4241999232163,13936.241616733001,12082.919883964112,13512.498507393046,0,0,1,1,8080,6831.808267081643,Botnet
124609.11963301731,12,14,4259.793640076744,15151.899353676798,368.70317503872604,992.6245129513663,155780.67681500645,208.65246521740818,4911.766167170609,4467.868853033863,5341.652530082085,0,0,0,1,53,9068.944739083061,BENIGN
93334.33182172863,15,14,3151.5405023216354,10670.127077762403,206.14818474553104,845.4163331775817,148087.7112452451,310.7109617004691,2454.688743934581,3335.3589360226565,2529.6219331350394,0,0,1,1,443,781.8270933448083,BENIGN
118439.16014640257,13,10,3830.8447801055154,8537.524491579668,279.0827339441248,864.0628131289776,104428.03931061864,194.19252864989681,4031.8317998306666,4113.509665358113,3936.229756691201,0,0,0,1,443,11645.556196522386,BENIGN
155015.21356000775,13,12,3680.207868902841,12511.746828768575,278.6991085929103,949.9372468789701,104453.97148972974,161.27449316658382,5424.729853995675,5259.141731517993,5693.2345982508605,0,0,0,0,80,8309.904722575238,BENIGN
2904.997243720021,8,13,3479.46650321882,11234.265160282896,397.84990480150475,819.2525676205773,5064972.676070395,7228.922521492053,106.93807086328808,133.54140361065586,113.64140836042677,0,0,1,1,443,2542.563595210487,BENIGN
1153.5840887695526,4,4,504.61573038197395,291.55026002393055,116.22122001566852,75.98190032511908,690167.2779269337,6934.908410996756,252.58757639264527,251.25654979241875,388.5030233897861,1,1,0,1,22,2968.9428134242225,Brute Force
25083.649265402226,14,24,8508.306019043188,14800.67976562504,561.9371936477937,586.3071789706655,929250.1875641443,1514.9310851038426,580.9181070233509,735.7333048604421,747.8162105324961,0,0,0,1,22,15748.544982202962,BENIGN
109.40673748643206,1,0,36.85137157407581,0.0,40.0,0.0,336829.0876843475,9140.204917672587,31.5355365060006,38.462619278213765,44.53947644348493,1,1,0,0,11742,37.44581385867621,Port Scan
3449.077146408634,8,3,903.6545811060832,169.1804162426208,116.00692061718208,61.81321875576572,311049.86980815954,3189.2589040676567,201.1334075970403,250.90769355355823,212.51018554419744,1,0,0,1,22,2621.5174176997716,Brute Force
4331.171500632291,7,4,680.969473474195,521.9701100834636,97.23697312566898,137.11370164716288,277740.00253327447,2539.7285696015856,249.28497446581102,296.5550871805403,307.15764348795506,1,0,1,1,3389,1979.2355505183023,Brute Force
15723.256396449646,13,16,4203.392605181402,10693.050170123033,354.871801889074,626.4571045990666,947414.606726638,1844.4016473933657,451.14811110461187,629.526129882281,720.7419408332613,0,0,0,0,443,8514.31265707523,BENIGN
45630.72836664879,17,15,3720.1996016589087,15861.659642234014,228.28212445024303,1137.9014858314638,429137.5558713452,701.2818148085621,1719.7300794356906,1391.9744499848093,1682.6184094309856,0,0,1,1,443,15220.528132726402,BENIGN
44534.0190295468,7,11,1305.0314602832204,10116.049712565324,172.39514548732916,854.6749055844855,256457.45481159128,404.1853933743913,2340.264320221308,2914.564910781662,2935.5623577622478,0,0,0,1,80,12542.936557310444,BENIGN
60004.01513258369,4,8,859.6231816884153,1860.323743300907,199.33719870646158,224.02617314836206,45329.415356278754,199.9866171202883,15030.736796021707,19682.20985685453,21304.95454666403,1,0,1,1,6667,3151.1247784633115,Botnet
11971.502418192462,8,4,678.8208318737604,415.7248060895346,80.9173666350126,110.29093862652972,91429.2625710848,1002.3804515767572,315.5107611370666,337.5417230920682,328.2638690349673,1,0,0,1,3389,2808.0245477466838,Brute Force
11535.472752674756,7,12,3237.9005275588966,7108.570206428836,442.6464086647793,588.9260816114642,896926.459436929,1647.0933101198152,638.2155675237253,777.291385801577,1006.3014306604315,0,0,0,1,53,22051.829953128963,BENIGN
880.8205184456262,1,0,41.38014150403905,0.0,42.61398394970345,0.0,46979.08443034696,1135.3050696011128,15.324517478970552,14.646253412822352,21.371255644660653,1,0,0,0,2057,19.132144515224592,Port Scan
21020.029499689368,10,17,3361.8228750932094,16744.65167927449,360.72791129184594,949.9875044780586,956538.836192634,1284.4891583239216,664.9758890052212,894.1086221065163,918.6683467923085,1,0,0,0,443,14029.109661382601,BENIGN
57267.12378347586,12,15,2967.5325122855434,8917.549130319725,258.5010297647963,647.5163853124945,207537.60373128168,471.4746999008656,2007.4083167041556,1925.4113195607304,2320.900793790538,0,0,1,1,443,18902.070054349806,BENIGN
186536.97948243862,11,23,2271.657644764012,16927.9749969343,225.376847575431,679.0377778392416,102926.68346495793,182.26948937597066,5848.480050240813,6298.6911379360845,7001.209044651219,0,0,0,1,443,22078.63542853686,BENIGN
199766.98857329672,18,14,4942.800837706269,5658.724112828095,258.2720766855874,431.81573226598397,53069.45369827481,160.1866265719816,4776.87994292333,6204.122184677384,6937.175589357403,1,0,0,1,80,3005.174439177184,BENIGN
30934.46470028291,9,13,2782.5212790835926,9602.209916617467,308.2162223887815,748.7994768270293,400353.8226923899,711.1808855641456,1311.1710876999382,1086.577939304482,1480.8766334951993,0,0,1,0,80,22964.44577758812,BENIGN
9885.189326890859,6,4,800.9105221828381,342.12112862546877,147.32791862630341,84.33410309037801,115630.72926675236,1011.614413170299,266.27639892775784,294.34814406226684,363.80315356649885,1,1,0,1,3389,2013.8787585003815,Brute Force
2257.352528897907,8,1,871.9267450692133,60.531670913154336,113.03754645764874,66.59991370553699,413076.11639977916,3986.971412211815,357.15147233918634,329.3510429639786,509.15538865377493,1,0,1,1,22,2822.6181492999626,Brute Force
247626.31147129947,9,21,1753.0163759862432,18882.518703066016,204.2244184918754,884.0508169668659,83333.370175584,121.15029223571453,8071.8909352457395,8062.106055677549,9417.702413603793,0,0,0,1,53,15578.995325016436,BENIGN
1788.4406804061182,4,2,374.23728898352624,161.1228232389173,94.77426373250773,85.9272678484807,299344.6291441292,3354.877836170402,251.7355651510587,350.5468338825836,368.1679319284678,1,1,0,1,22,1640.7224633454075,Brute Force
3025.4093308890506,185,2,13753.837396476829,105.4299937899021,73.11610857887756,55.44591786110672,4580956.120140619,61809.817961078326,13.90197336153285,15.08518971837697,13.867778806120484,1,0,0,0,80,325.0548644572652,DDoS
3062.754523569136,134,1,8543.069511493957,41.98590013827636,60.027210343467694,45.14460192948593,2803050.4389322605,44077.969344627636,32.69764480351053,31.17777086904789,29.927159848978956,1,0,0,0,80,342.5404345144037,DDoS
36048.11620291211,17,17,5654.355185432593,16150.397716717636,318.3823227869624,901.9785393453129,604879.1226540919,943.1838215516334,987.4377463453943,1380.0368155209567,800.1463837462159,0,0,0,1,443,14960.898769883664,BENIGN
9126.814550091922,5,16,1205.7914028432026,8976.9830578015,233.23972042975765,515.5973483725618,1115698.6268053562,2300.9123155448024,500.45128666021685,484.42489956390375,667.3791646778532,0,0,0,1,443,23377.156379184664,BENIGN
8592.680476156851,7,2,792.6110421373414,167.85513527454947,114.21301341625886,82.8727526837774,111777.24809819387,1047.4030804442675,215.09720222181008,187.95491481117426,212.25953862758675,1,0,0,1,22,766.306304140734,Brute Force
2612.6672696140427,10,14,5069.452049255702,13941.781802357971,555.17650982022,1047.588216345446,7276561.417796655,9186.01472109589,81.4745703413086,67.0969666112551,113.58501316612485,0,0,1,0,8080,14087.737745090335,BENIGN
27649.5674139842,12,27,2953.980587768418,20065.746141922333,227.74226303579923,821.4197208147611,832552.8709012701,1410.5103134552166,884.9124026852307,958.0127764845644,1227.3347623657808,0,0,0,1,80,3895.1425590044464,BENIGN
7417.945714826273,3,4,312.59375980821966,325.7765260221946,108.44125599325972,82.58266241726311,86057.55695333569,943.6574853883168,196.08877847503052,181.50230646552612,307.0770144463111,1,0,0,1,22,1962.6940797000136,Brute Force
42515.39170880813,14,12,6463.408591286217,15065.050480991214,439.0004553434388,1159.000182216284,506368.5928081728,611.5432306981062,1316.787013254385,1522.8172590351462,1306.9127693073135,1,0,0,1,443,21611.174255911727,BENIGN
50110.05168785704,16,21,5951.718293221982,12359.155051741152,367.38804844560707,552.6769464570505,365413.18015443854,738.3748121131165,1984.0236009397715,2036.754586651747,2565.7637551991565,0,0,0,1,53,4537.491553407405,BENIGN
68241.98808316277,20,15,7927.958283377884,15218.507198027115,430.9967819055567,1017.2599532144006,339182.1682158156,512.8807202590202,1908.7023244949025,1905.078763997145,2371.2868404251235,0,0,1,1,443,12876.423815268708,BENIGN
24997.94659456305,9,19,3392.5486876221084,19737.529742945542,398.62398335578047,979.7249240356277,925279.1361510607,1120.092000120117,781.8779231649535,691.0644060101632,944.1305876631673,0,0,1,1,53,10499.280251360873,BENIGN
116981.33774853537,12,23,5210.027856428384,21135.791964238244,404.95926935056343,957.2611622021388,225213.8702439867,299.1930223540139,3072.315743550545,4041.7834344776606,4433.428422655998,0,0,0,1,53,2480.007091048128,BENIGN
7827.044087590141,16,16,3695.8949152900154,12791.852859948835,218.4359346821575,822.6006188133084,2106510.144919248,4088.38887859803,260.9150988661315,238.17916983526248,233.0913227103455,0,0,0,1,443,8833.32420754023,BENIGN
508.9421200394329,138,3,6974.5983265398,117.73496669825322,50.67772553550647,40.01602008010182,13935441.799724767,277045.2561267189,11.874164604427733,14.39387612702569,11.424066100784254,1,0,0,0,80,51.02111339119101,DDoS
12307.516713886807,3,3,274.41749489010067,179.86241768261402,89.99030214816459,60.45395536370004,36910.76950235964,487.50695526012044,393.54400985146,461.6186694158876,378.2763157416826,1,0,0,1,22,1824.3946978084377,Brute Force
2879.6701601983245,151,2,9530.377164804124,95.4384890160052,64.04913985596576,45.74301036818142,3342679.9314950686,53131.084981435095,7.429465275151558,8.18430845655614,9.73824242543039,1,0,0,0,443,241.22700738025227,DDoS
1470.5117250343442,151,2,11165.378108246055,72.31312903322092,77.61315054305142,33.92000906216715,7642027.632943094,104045.41316828101,3.344911668421666,3.6629001652389204,3.912125788715814,1,0,0,1,53,269.568976332162,DDoS
85307.76567631464,13,10,3815.381565243515,7726.44924163617,308.44143245432207,848.3932358003315,135296.36739840472,269.6120314212597,4476.943257727362,5643.425917200492,3630.2978360893762,0,0,0,1,22,12609.788025407835,BENIGN
60920.07595619415,13,15,4083.620420227319,13307.946075795497,291.9682111561746,869.5782198237499,285481.6942206143,459.61859962443225,2735.928661276574,3436.7444029548146,2388.3639984966226,0,0,0,1,443,12411.546738456655,BENIGN
15155.682895674583,13,15,7430.482372372747,11039.144533928353,522.1425022023947,775.3126763636403,1218660.157608095,1847.4918083692007,494.1589216127174,411.5826009218015,590.6819421201598,0,0,0,1,80,24735.74574882962,BENIGN
28245.737286103868,16,17,5123.91616482706,9869.473708245641,299.34228877414847,566.4483915606667,530819.5612386808,1168.31788335846,975.0970230554905,1137.3488354211695,1263.7170307812617,1,0,1,1,443,6592.821564572507,BENIGN
11352.094913024664,5,3,732.4386642112205,237.00575588626126,153.84823442058087,77.77497591249355,85397.84308755236,704.7157428908838,382.89561130692067,422.96903178222095,601.1345144469162,1,0,0,1,443,2467.5868229197413,Brute Force
33529.60344759575,10,15,3014.1555554068304,9499.821208704669,325.2611817959817,663.2107358338844,373221.734747621,745.6097725424377,1465.7148541315498,1869.3851693038669,1489.118922116491,0,0,1,1,80,14064.77973139551,BENIGN
37675.45994959488,10,15,3503.6336765987053,13155.43809592449,331.4723274129427,863.4456252123775,442173.01646246604,663.5619056395574,1619.3511051101004,1552.8319687396408,2487.6138942963107,0,0,0,1,443,4603.647867515286,BENIGN
77456.83127487042,17,10,5752.202190474838,9711.96745138223,370.2538783801057,911.1623911011568,199648.88038060188,348.58126204756974,2358.5946358797046,2807.164788540469,1973.6140632474505,0,1,1,1,8080,22221.66820920533,BENIGN
37084.00048794145,13,18,4701.309307763057,13405.752000276654,341.86684310115606,782.3180964274887,488271.5205962625,835.9400170453623,893.6870219808233,1030.4637455109141,1123.9590370114818,0,0,1,1,80,1310.3736476011507,BENIGN
426.52280101010484,1,0,39.76775793089851,0.0,41.24125865969545,0.0,93237.12082148773,2344.540544214209,46.5691409925533,51.54389231966294,68.22986905066925,1,0,0,0,900,16.088624419592996,Port Scan
26862.59498006483,18,18,7674.723832025009,16476.87774138815,418.36509511914323,899.5886506489132,899079.2435107797,1340.1534746258203,797.4149926559934,917.0906118602027,1200.6267495949826,0,0,1,1,443,6677.288217460351,BENIGN
13003.287532861228,8,3,707.817015026697,157.10674727215547,93.18918152736263,56.19465801802443,66515.7761153141,845.9399188244801,104.40242479485855,144.4446696619246,132.52241035328376,1,0,0,1,22,1497.99753063381,Brute Force
77407.96058290976,12,7,3300.1044872590714,5132.701487758082,286.9364187309731,728.6349894393023,108939.77714326918,245.45279137860206,2887.407794686824,3816.029630855443,4604.877079822546,0,0,1,1,443,7278.729292880874,BENIGN
55625.9627019456,7,6,1212.0520022591816,1285.7884859975184,176.836279182277,203.34669681555857,44904.220384294305,233.70382045622208,14492.537133352072,12876.72425508575,17592.952004531802,0,0,0,1,8080,6158.078810890427,Botnet
5795.280285374729,7,14,3515.0844914039208,12340.157759632615,509.08405694102,881.5321588727618,2735888.769875316,3623.6383687941193,287.26601805779717,330.83711235550226,237.49643968524637,0,0,0,1,443,20950.067083860555,BENIGN
27325.089952652295,20,16,4968.857282336447,15220.084464585314,229.71149502632272,877.4313345394601,738842.6454187073,1317.470502837473,828.5138774540093,1001.2670061521459,1003.8255275691167,1,0,0,1,80,12980.77759930177,BENIGN
134916.58608424594,13,10,4166.071390615723,5009.078791338357,344.55444568797617,546.4531143112861,68006.09508622493,170.47570404455766,4918.362192362612,4118.475407008802,4934.422996473291,0,0,0,1,80,18991.13286478147,BENIGN
30044.929238280427,12,10,3236.276593328683,11929.962331682005,283.74464034013147,1116.9777788819129,504785.3101842986,732.2367054194845,1062.676071803317,1402.1022394278148,1609.2332314134446,0,0,1,1,443,17736.342897668455,BENIGN
48907.98467793937,11,11,2113.1001868014278,5542.7152052931015,204.0568809452485,498.19800291988827,156535.082001606,449.824300569134,2265.6133238834004,2925.951584313974,2531.090018734804,0,0,0,1,80,1806.9356350750763,BENIGN
27088.83692395853,5,15,2686.4562422697995,15966.299670489503,514.0084957693346,1077.29804198738,688577.2159624175,738.3115065494429,1256.4257367835548,1649.9192385911194,1149.2622773557218,0,0,0,1,22,1642.6250501603542,BENIGN
14852.455316906866,4,3,496.8405992674273,237.48891029995798,122.95053630510724,78.5634208571375,49441.62388635382,471.3025456492538,336.54485688885495,309.38087854117686,472.2736235346344,1,0,1,1,3389,2646.1686170458806,Brute Force
47736.156697924285,8,10,2788.573267662458,6189.844825842003,349.8441129772155,579.3652210880857,188084.22618352243,377.07266870905625,2072.6409791173005,1936.2540021104373,3172.968744014131,0,0,1,1,443,15064.864380591545,BENIGN
37681.36827754508,5,12,1899.0282397350281,5633.9383388636825,385.64335668792125,462.6401235203861,199912.23575306646,451.1513455346198,1814.3409953437013,1615.0127752005635,2140.7642496450662,0,0,0,0,443,16204.63964703348,BENIGN
33140.34458304302,11,12,3869.861155843103,9900.776959013301,355.4232395849379,769.9631275439211,415524.892336287,694.0181307519794,1138.6474802072241,1339.7366870998428,1728.1270855889534,0,0,0,1,443,4957.638685121705,BENIGN
2034.8506734023003,6,1,768.211958324055,100.72225376336446,137.16721866390137,97.67705999563873,427026.03362759226,3440.0558682254045,312.98562090626643,327.4187020982262,365.52858448564706,1,0,0,1,21,2960.511381512565,Brute Force
47017.77818519688,10,18,2127.3177929544695,19449.07448308064,201.38969504285583,1021.7400047255951,458898.593443708,595.519420116188,1992.917048205668,1711.2655288817039,3089.0759308509428,0,0,1,1,443,6474.8930072751955,BENIGN
119.55890864858439,1,0,47.914652300498666,0.0,48.560106805499075,0.0,400761.87414300215,8364.077686082494,25.873848690394897,35.12097648411638,24.310182528138743,1,0,0,1,46462,16.662692772198035,Port Scan
6850.582783147366,4,4,426.8843709018336,466.9323565602242,115.34796075035221,112.5089171946139,130473.09342219366,1167.7838591601628,264.74371127976883,244.52368777505498,293.990112240169,1,1,1,1,21,2964.235751059575,Brute Force
58971.176087452055,11,22,3951.167017472349,14059.037795710605,365.78475115891774,603.5293266955689,305406.91246303945,559.5954191427729,1849.135875170011,2341.482525016441,2946.9010346366194,0,0,1,1,443,12775.08343905339,BENIGN
57762.63461977582,11,7,4452.779412304625,5918.006069472406,443.55651508412063,869.4972490689108,179541.42067866228,311.6201350316777,3340.5091345326923,2866.868374883731,3403.6496107332923,0,0,0,1,443,987.9870215714084,BENIGN
60163.86381344496,9,16,1986.069459271733,10063.709713313729,210.70870190133945,629.0207187773574,200282.66818017547,415.53182284833895,2793.132627669046,3213.436929444806,3664.987013799791,0,0,0,1,443,20707.262491404956,BENIGN
17430.282117633444,14,18,5219.921434438724,19023.982854292128,390.17711724569506,987.6838442937915,1390907.1651917999,1835.8853737442964,446.06488235946057,437.7517168774889,667.7933015999323,0,0,1,1,443,5875.094923422347,BENIGN
10143.521955265724,9,2,1199.2403932061263,189.59504004300737,129.81064336874022,96.17490446003166,136918.46277595515,1084.4359630226522,195.2728180480328,265.2951086907532,278.2661924482307,1,1,1,1,22,1190.4492896370407,Brute Force
53044.72105267921,8,6,1208.698670740807,1255.3831591299859,138.04563349538472,206.98122482885296,46452.913333707416,263.92824247480667,15822.587536419633,16938.23563892299,15477.725550157043,0,0,0,1,6667,1530.9311478292461,Botnet
149678.0107471838,12,16,3626.784915811409,7404.446185955369,312.0622763022774,448.2471355414151,73699.74418219164,187.0682263896056,4325.225655500848,4791.148290409432,5850.414343898227,0,0,1,1,443,3437.4076620406227,BENIGN
29360.756557556324,9,16,2362.1760380827577,10942.827339713605,260.71975442633686,717.0345948847649,453156.01291521115,851.4766964874401,1061.8641235098994,1077.5078796450794,1337.2104498607762,0,0,0,1,443,2923.8225658528054,BENIGN
134688.40923009536,10,13,4660.399218730698,12111.680106789649,444.131881880201,887.1260068452042,124525.03835625315,170.76450847903234,7986.545655659243,7039.388787721137,10612.293368091538,0,0,0,1,80,17896.12209025439,BENIGN
77353.1412622642,10,11,1511.4978137916376,1991.1630902789977,163.75642547355667,179.92769417490732,45281.43068159233,271.4821875016031,15656.711238564598,16424.028076394527,16326.63633945307,0,0,0,1,9001,3821.3625106528084,Botnet
3706.401513283561,5,3,621.0297121657289,339.43309385806236,136.1949186158435,105.51878937909106,259136.2005928229,2158.4277826696302,260.584471578717,359.91715033083915,343.90538670815545,1,1,1,1,3389,2615.124610686696,Brute Force
721.9646310029511,148,3,10716.927154415607,100.17038206499399,65.87445454623224,33.63183719332072,14982863.525396697,209151.52005470303,21.177066403306803,29.209119961089304,28.448194067509668,1,1,0,0,80,177.6663471171081,BENIGN
8709.98063841869,13,8,4011.805429821789,6340.695062566526,326.2023350492298,760.757781173595,1188579.0476645452,2411.0271735130495,419.4965039012368,381.0469096555849,606.2363991346887,0,0,0,1,8080,18163.820149048843,BENIGN
106076.83841273581,14,17,3899.800816435179,11019.973112338093,301.5837882450073,604.8185945981987,140650.62790353652,292.2409874187773,2583.019847683644,2096.7599916340237,4076.8223287300843,1,0,0,1,443,6404.543706745617,BENIGN
30083.52890111862,12,11,7500.739548662626,7993.960812923418,672.2928442485552,678.2293866899303,515055.94348706515,764.53796612753,1067.077564838364,1128.629743914137,1670.8737051484286,0,0,1,1,443,24702.184999726414,BENIGN
83126.60555225387,9,8,3366.26896855028,5492.5814330314715,401.737432928378,629.0461914609566,106570.57800842148,204.50732815396512,3304.487227275466,3226.206392936223,3770.3734079757696,0,0,1,1,22,854.1682329502034,BENIGN
13189.018325877976,8,12,3939.4590193971694,7509.445148298937,454.07528575112946,680.1322425242747,868063.4058436617,1516.4130874515731,692.0497809051175,763.562658849146,701.7873141884572,1,0,0,1,80,24318.02355774301,BENIGN
318.44677849931367,1,0,47.91046189690985,0.0,44.54632011715706,0.0,150450.45241998925,3140.242161382566,9.074620503604535,8.936963841933107,13.830266922705587,1,1,0,0,38188,4.2035526101866445,Port Scan
217904.73692035695,12,14,2951.686971668524,9905.075932553527,239.81608226978184,662.7349411636918,59001.75960342308,119.31819549890218,6024.624259406537,7065.742301031979,7721.542017629548,0,0,0,1,8080,21962.292605048275,BENIGN
7954.505698263626,5,2,608.2099852763113,166.37816726628932,125.50611632881423,87.3302213633059,97377.28300473579,880.0043982026459,62.162516271410055,82.52483717330907,91.59145732646849,1,0,1,1,22,1025.4119580016202,Brute Force
7276.512457882113,5,5,339.72096598716473,447.73568098317725,68.0918834783098,85.69714101975235,108218.96499570312,1374.2847357002368,140.30826609301852,138.1323321352692,146.6700626750263,1,0,0,1,22,373.2717582862514,Brute Force
141.72048550088806,2,0,72.53122691877411,0.0,40.0,0.0,511790.7031042425,14112.285834551894,48.021981706615385,63.15043591289758,68.66115515134916,1,1,0,0,42965,26.125117609409752,Port Scan
51056.97383774232,9,10,2936.8836372336036,9564.830469442284,344.9684154404264,873.1788669746112,244858.1098128925,372.13329682212435,2797.9480105764615,2310.005495066358,4054.7807663211283,0,0,0,1,80,915.0686304569922,BENIGN
4242.124388018689,8,4,784.4566323273307,228.64808697874452,108.6376527682284,57.68718659007312,238820.13506427428,2828.7713660382965,216.67753154923588,263.6460405968603,298.27887675548544,1,1,1,1,443,2871.7826965815407,Brute Force
34536.14238457838,14,14,5303.51541815662,7975.566662979092,381.80114926675134,555.215779622956,384498.1275924232,810.7448622433002,1791.4248733413292,1604.3589949632415,1707.8511043773753,0,0,0,1,443,16767.602365273648,BENIGN
16905.526260214843,12,25,3774.3653806218404,21877.22842024973,308.27012562006433,942.4072523355721,1517349.6172810402,2188.633434445346,442.50366861591374,401.9694742636273,478.41314182427476,0,0,0,1,80,22495.86978417976,BENIGN
18354.23119937734,11,13,2991.7252231139305,7278.801010198659,281.1659508672011,583.602999682864,559572.6741014908,1307.600396840059,643.0281057829126,636.7637355892634,825.0439975360839,1,0,0,1,443,21629.942871164687,BENIGN
99777.92892692803,10,16,2062.2601857204054,11353.424060649475,204.28541738913552,716.9670030344107,134455.42907785554,260.57866984832884,3686.3518144811223,3184.0279919624577,4290.555330278547,0,0,1,1,443,20069.069941596837,BENIGN
57674.493518510215,11,2,1933.363373315549,309.72358697052476,186.177588672155,152.69100886229623,38892.183068173304,225.4029330284061,14948.700626906082,13506.78419914502,20442.86231072357,1,0,1,1,6667,4490.212982247379,BENIGN
490.58827928056525,1,0,38.64407939794294,0.0,42.886796724737614,0.0,78770.89818495758,2038.369121794906,13.231967237739273,15.966002683200234,11.182560703253998,1,0,0,0,27585,35.73390979504168,Port Scan
24465.65904801722,16,11,3134.947340659238,7486.45066706639,214.16289354292516,657.3566545391668,434134.9639051077,1103.587683741067,1019.5631883698318,1408.3515378279303,1547.936588212258,0,0,1,1,443,1906.9195275347147,BENIGN
58652.33861253154,17,18,6786.242380009835,19435.772654252272,372.90939360620786,1021.9256545502901,447075.353763636,596.7366490058756,1905.656650255677,1898.5315209200448,2638.995465370987,0,0,1,1,8080,6411.580376680771,BENIGN
50108.3687788105,10,19,3624.6623318219663,16822.482273476784,396.86516880409243,889.4146183213123,408058.47613114293,578.74564083322,1705.3195471785489,2321.944307046879,2182.2216370248752,0,0,1,1,443,11787.861068694572,BENIGN
5906.592350603415,4,3,586.5250636867421,292.2385093752655,149.98424355265527,99.20730645827224,148776.74315415276,1185.116490946744,146.81954064683944,130.1646152612599,143.68978918188824,1,1,1,1,22,1986.2573621141305,Brute Force
37437.39367775119,10,20,3000.5272906432956,9083.986052460805,307.1120140226306,497.6422374649526,322792.59200369625,801.3378350595173,1475.9928383338195,1319.5906526277058,1333.6403596356408,0,0,1,0,443,3301.192322591518,BENIGN
8651.482144355565,14,20,4726.192121299262,11117.459070476969,336.9453369358081,516.7971221248494,1831322.185888462,3929.9624541423136,222.31927476882302,193.5051949599333,234.66346429716668,0,0,0,1,22,6021.37321596451,BENIGN
123557.23573307597,11,15,2159.3156008192655,11970.436209410738,203.63402041093062,795.9012666770095,114357.94695791743,210.42879314788573,4935.643887258064,6565.215379378106,7426.903414047793,0,0,0,0,80,23514.90337471679,BENIGN
33077.24803520402,17,20,7260.766586006983,14709.817764826434,410.3516110130702,677.7269392429882,664220.4432318609,1118.5936617405716,913.1683156993082,753.9305440310465,959.6243280629691,0,0,0,1,443,15817.666292572665,BENIGN
28825.38915243676,20,11,6250.781082780874,7541.25261326755,332.58869115185905,735.9686082543083,478468.25668553065,1075.4408149032538,894.6164549991448,775.9662789499087,905.2829211136988,1,0,1,1,8080,13990.494923215554,BENIGN
9480.57120705163,7,3,728.6143222140164,324.4291136566404,99.80047729468961,101.04968064271445,111073.83857708967,1054.7887655294462,147.6727435417705,154.55720799978604,132.35632027786238,1,0,0,1,3389,1672.8776049402886,Brute Force
62899.61224522363,16,23,5545.89656167624,10305.911119703118,334.9356603891541,489.8131265329784,252017.5739649824,620.0356187881193,1271.6540537492217,1404.5341101621336,1866.9023403205185,0,0,1,1,443,23595.953415559696,BENIGN
125753.84636253705,19,15,7904.500228672568,9459.551044311178,396.3978029826256,675.7421524369825,138079.68324821448,270.36946370595336,3151.25962707617,3704.627065529792,3831.8638919280243,1,0,1,1,22,5050.813312989585,BENIGN
14453.81052405918,11,8,5349.182017627225,5913.854574480715,499.0711656569946,695.9093593848046,779243.4094358704,1314.5322452078249,616.497177011952,576.3263775282221,696.9351642186945,1,0,1,1,53,5805.408854105853,BENIGN
61875.343285088624,21,5,4051.9832265097143,976.7526659244523,203.8333230779209,186.94410876784542,81272.04837093882,420.19968891656646,14066.391344116348,18613.21882374823,13404.013013536965,0,0,1,1,4444,6221.061045085089,Botnet
14759.370994114133,20,14,8195.650013599394,9336.77074928714,441.6309106503459,683.4162808956544,1187884.0073793293,2303.6212053724244,463.66090657777806,521.4931573898558,413.6839674689062,1,0,0,1,443,18350.381794283487,BENIGN
21942.957075127302,17,20,7218.290233670363,11529.09760890618,404.33103079752897,603.6231962612369,854369.2528946799,1686.1902374106223,581.7612207642155,547.8487334945191,640.7488740341527,0,0,0,1,80,17715.29163980155,BENIGN
12551.677575926513,4,4,620.9085240049942,467.6939865267688,150.65916661682965,128.1333720072581,86729.6426271854,637.3650017383811,179.58278276673101,147.7370758279209,171.57466764644775,1,1,1,1,22,557.9244442147016,Brute Force
1848.5782733550168,152,1,10273.291840983602,51.680258532647954,64.70665900771336,56.827876654016904,5585358.352598875,82766.30868452092,40.06132344668012,48.88732423787982,62.23411443657386,1,0,0,1,443,242.6853244646025,BENIGN
156531.8706231868,11,12,4661.918392740599,10462.904473585262,386.88734894074935,947.381609166927,96624.55834783491,146.93493349585668,4710.582364782287,6165.224153478779,3779.1607139526286,0,0,0,1,22,18401.04990551477,BENIGN
5799.7116298977035,12,10,4294.252096412629,10555.289175409498,392.35468329650917,998.136166442453,2560393.036659315,3793.2920468992425,244.3049465147841,287.7191394027798,227.31170398160725,0,0,0,0,80,21413.282920480793,BENIGN
51097.81662661997,14,18,6222.75960628641,13054.207601289103,477.30885007311406,692.0641297113647,377256.18197026773,626.2498500440672,1198.42258092048,1259.618655114618,1165.7962744252618,1,0,0,1,80,17144.38274970668,BENIGN
38305.25090830415,7,17,3112.3234072187247,15444.329685761235,406.52432124338674,898.0792855403253,484441.49700001266,626.545954690433,1276.198166154582,1237.342155560229,1425.6658264572095,0,0,0,1,8080,2390.742052518345,BENIGN
23480.522572275553,14,15,4331.774986184433,9041.220497757298,334.13479976318865,665.8235019009959,569535.6840026974,1235.0662090562469,773.2440691043026,664.8309138849262,1079.0862035536709,1,0,1,1,443,22229.85980188268,BENIGN
2574.0334722814264,20,18,5985.283008787632,11523.846017565284,278.35786506558907,609.2250317157655,6802214.97307654,14762.82278735082,74.61867112302178,76.5876354376954,93.72773879416242,0,0,0,0,443,21631.44446241266,BENIGN
6575.17065844263,3,1,385.4167365194338,50.78896141285256,126.39004052558681,51.66420896978748,66341.34999556109,608.3492289076836,109.17268618400917,138.9676809730597,150.437423049721,1,0,0,1,21,2895.718924467651,Brute Force
58995.73062579284,17,17,3617.233303660847,11550.081525448446,202.85234680547904,711.5086338803495,257091.7364396224,576.3128897523179,1728.918989254628,2228.8786873735744,2491.184144890177,0,0,0,1,443,13585.452062213846,BENIGN
1289.801098199787,118,0,8522.462373703522,0.0,67.43442665994843,45.77153610589306,6607578.785286019,91486.97435960943,8.005453582565416,7.50796237741819,7.91690300258318,1,0,0,1,80,14.375651272389604,DDoS
219641.18445685937,13,15,6397.655365771393,12087.539140279116,501.85767129840576,862.57393523978,84160.87607504804,127.48064562317818,5930.119193116678,4961.400859323963,7458.449525240853,0,0,0,1,443,16103.45531151799,BENIGN
30527.710602894247,15,19,4269.6384466131485,19093.459820500695,262.2867730533623,1058.02337693832,765307.9056933556,1113.7422141566212,1110.5042029049232,1437.5755016295202,1245.6144416902214,0,0,0,1,443,6682.543292362314,BENIGN
120184.78765799095,12,15,3698.263443571775,7029.125987027388,321.4042559554581,475.6116747926715,89257.46460630295,224.6540558596627,4326.798219717235,5917.875961356527,5376.5621848581495,0,0,1,1,80,21086.531838241634,BENIGN
20495.453930731226,10,15,5009.096273807725,13706.385002634974,519.9266583858189,864.0232844977738,913152.8064562841,1219.7826934935354,833.1631144647778,1092.5766031215667,921.3414295709371,0,0,0,1,80,6729.271097543947,BENIGN
8302.318910816488,12,13,4974.893052322168,5989.508186160644,377.47194949601067,462.4210073105712,1320643.227062513,3011.206901174239,234.63247448295692,309.55976762366635,315.8777060445045,1,0,1,1,8080,18050.32949249359,BENIGN
19105.596244964312,18,9,7265.3427448940065,1500.3618827692292,376.0079351815058,166.92203910361684,458802.9871076975,1413.1985023558962,749.7444071345218,766.1950271859017,936.8233549314829,0,0,0,1,80,20085.23300496576,BENIGN
6450.832559102871,9,3,692.9140789934127,138.42215322733267,85.46048980240597,45.882598213674356,128872.70357802634,1860.225000425195,242.6851298959697,320.601196287214,236.47258077088762,1,0,1,1,22,2801.5285062354633,Brute Force
55386.19378723611,9,8,2397.6370258434263,1175.3966348736478,283.4138401746417,152.08166601469134,64511.26926039985,306.9356971035929,15441.970963258864,15845.87565297704,12949.255440761135,0,0,1,1,1337,4582.871206806136,Botnet
577.5038790624031,1,0,41.2315445416414,0.0,45.31972509847911,0.0,71396.13435771581,1731.590100526309,40.476697735832836,37.07450534665397,34.28214044062908,1,0,0,0,47960,29.305243489508335,Port Scan
16813.140304614106,10,14,1747.979453842458,1870.4197746426364,160.62785716676888,144.70649464518738,215212.575576502,1427.4549290124921,557.0073922841947,464.4707925893907,863.2704198953462,0,0,1,1,443,11678.941621965469,BENIGN
2786.911125922151,129,2,11925.343947476602,81.41307506171934,85.20099254893614,37.072558109953,4308266.923497766,47005.44584343496,9.83380059922944,11.7306613597213,15.670155245193257,1,0,0,0,443,93.93701334734037,BENIGN
53109.72613306166,12,11,2927.2674448904695,9031.945533055998,253.4452313520133,870.1805220956318,225179.338111888,433.06568635612166,1670.3135301787331,1463.2095660797995,1687.7519169697716,1,0,0,1,8080,6904.624686645832,BENIGN
1260.3968266342386,110,3,5732.644236651573,127.19274995130024,52.92555672911803,45.60627580904248,4649200.047774614,89654.30379712634,4.425028713023751,5.445199389930014,6.146324286416038,1,0,0,0,443,421.18599090804884,BENIGN
22233.44708220352,14,19,4102.805423981933,12446.544815835248,292.63574400434425,684.1166318604919,744344.77832562,1484.2502774306388,574.7337522909803,620.8001043454565,627.0171183811494,0,0,0,1,443,2717.6388914144554,BENIGN
3185.457591200745,12,16,4857.613823915764,13307.936713873743,393.97580295179523,806.9811129821719,5702650.2528140955,8789.945933464936,105.93949847235648,144.06984241803775,86.80538805556607,1,0,0,1,443,24505.373958532185,BENIGN
81830.28937984596,10,13,2614.6995593843894,11285.481234060968,266.23235682566127,871.5430926118656,169865.96159916357,281.06951807584204,3109.666125208402,2950.932637701808,4456.9188337737305,0,0,0,1,22,2078.36165273953,BENIGN
23517.62183608618,9,22,3007.974782068489,20413.34395197664,350.1237017602027,868.9945206918273,995905.0663067778,1318.1604932703112,790.4983257000472,1072.6966712346912,1255.737716390806,0,0,0,1,80,21734.36640011167,BENIGN
9227.359149040012,4,3,475.2213977688405,204.99552415700055,122.61872330078302,68.3162639673954,73717.39963070677,758.6135845517902,86.14108152118752,92.61725345251904,124.32933425615362,1,0,0,1,21,1302.1271908577496,Brute Force
233668.73318910797,11,13,3246.0041631941485,10096.674278100498,301.309787456147,707.3019069243186,57100.82927738743,102.70950534309104,8976.019821811522,9108.848719129763,9964.386070630395,1,0,0,1,443,14807.809704510884,BENIGN
20130.897875412353,13,24,7642.42116390669,21571.762878571575,547.5336238618879,903.6399800508962,1451211.1791178542,1837.9706771644485,701.6757724680344,669.7426533806546,800.2649747206628,0,0,0,1,8080,17540.148445020073,BENIGN
162.7470484297006,1,1,40.81866944891886,0.0,40.0,0.0,250810.5052765408,12289.009350998522,26.475098767379006,28.325544200735443,34.86745632126442,1,0,0,0,29427,6.113608860326858,Port Scan
7327.962159487519,8,1,916.0965682851262,87.42562481274012,121.70878396884407,87.2066632497007,136944.23787363656,1228.1722809318403,120.72810748036481,163.01082792614542,103.7123888205274,1,0,1,1,22,1608.02643992284,Brute Force
150.23570874723163,1,0,38.329347429241864,0.0,42.01008357875336,0.0,255128.07673261067,6656.207158329306,25.92178802753667,31.734043106010017,25.605200084673026,1,1,0,1,15132,3.3687816286223136,Port Scan
3217.2733162790223,3,1,284.9047870526697,89.1122248478227,100.86040587139854,85.02632677157501,116252.79394449037,1243.28883709086,315.9854244055937,328.93236228145105,357.37963424590504,1,0,1,1,21,2327.698745029434,Brute Force
12608.160618218213,10,15,3203.390177085431,14602.08709193785,300.11243471302544,925.629210138456,1412218.4677196438,1982.8427600990542,402.2934438765518,450.2374776698144,431.7171296927199,0,0,0,1,443,11015.42080040186,BENIGN
2911.821495155704,143,0,10817.666456378027,0.0,69.9343752848785,60.0,3715085.720184085,49110.15329679519,14.326404586320935,19.176348796967158,21.391754155045952,1,0,0,0,443,245.50924185102457,DDoS
25175.87815632672,18,19,2919.538473104733,18774.007048540385,154.41403723801764,927.9881714610431,861679.7947202296,1469.6607510670635,872.199020103227,767.7843385952926,721.5717457161951,0,0,0,1,53,19782.127316540806,BENIGN
4578.945384978858,5,2,578.2054511324937,179.3039937530668,119.75308460049806,83.77621913481433,165433.1688188629,1528.7362943797857,82.05187220081345,74.60365457597315,87.9776884528832,1,1,1,1,22,2335.2046199632323,Brute Force
10337.150293421411,20,23,5627.039881536019,16171.547576621111,269.72113188818787,779.254415954781,2108761.780510225,4159.753779275639,221.43108208821107,219.36400423942507,323.63119872206147,0,0,0,1,80,21066.63999775137,BENIGN
50719.74356702147,13,24,5884.763937325347,23472.583589436606,420.56930312905087,999.1336526923151,578814.9833204288,729.4989563799334,1414.330509285878,1566.463193724767,1950.94218630821,0,0,0,0,443,11918.189317970808,BENIGN
10492.339466882995,10,4,1453.0695392029634,329.83504193387404,150.53033732790993,75.4761262032721,169924.40882838616,1334.306809667019,296.23956838471133,299.3476525755863,388.3565504934265,1,1,1,1,3389,360.1373922212708,Brute Force
11977.426839448033,9,3,1152.7649301767917,284.7613810878643,126.25066885495308,91.37355491618958,120019.6277993632,1001.8846419063585,376.5013195893198,326.08705913083827,352.8843925351068,1,0,1,1,80,718.8213122743922,Brute Force
990.4984289284415,4,2,583.4025143191902,109.93508507247134,143.31545528096115,57.66854634628939,699988.5907358181,6057.556301720768,275.5417868504454,332.50697571994027,376.44138238315026,1,0,0,1,3389,1026.7743341622174,Brute Force
4958.251652128755,9,14,4528.52748278646,15593.417243995724,472.7002573628148,1031.0312240532985,4058274.193917348,4638.7318784284125,189.737488487238,164.8974850760584,247.14476492467392,0,0,1,1,443,8893.072369367934,BENIGN
4643.678358005108,8,11,2775.630335301406,10125.640356598007,383.961206362337,906.1780942098015,2778243.8182134796,4091.5839847620855,234.45338115460004,255.22036231506584,221.1548067095318,0,0,0,1,80,15565.714702568148,BENIGN
4190.439578080355,6,4,977.1182324186835,316.8019347383504,162.3773154865797,86.24755217813122,308779.1013442509,2386.384486321841,335.9732697385853,383.13001208299954,429.0580079518175,1,0,1,1,21,1467.63898308076,Brute Force
4112.095915208621,6,2,698.0556962132439,84.95335606392212,119.81165850068118,40.0,190416.04778264064,1945.4799121810206,129.77660354919396,161.14359203388813,163.7549295846018,1,1,0,1,21,2394.209869921275,Brute Force
93498.94632989971,9,17,4394.723682866718,7828.4652890495545,534.9515576042121,433.60101167934795,130730.76704830692,278.0780000264618,4307.948159673737,5730.897641130331,4949.479700364918,0,0,0,0,443,10649.496825199534,BENIGN
7751.21420681911,10,23,3135.4311854845582,15588.9066092749,307.118444671221,739.0198112619187,2415665.1197030228,4257.397501796343,215.53463083716935,248.08969158465874,192.45634366813826,0,0,1,1,53,1780.678082134693,BENIGN
24111.96668911029,15,9,4331.793080025081,5829.671990609799,291.54174525136193,643.8689360886203,421428.2974778707,995.3563850450715,904.4904716679862,769.996645783401,928.1503040658405,0,0,0,0,443,6407.472408295749,BENIGN
12826.4772389878,9,13,3321.662828215339,10454.522718205733,394.23595074883224,817.7886191878554,1074042.801444071,1715.2020457439435,483.775013365356,422.39896220259146,690.9061717480778,0,0,0,1,53,11097.732100935886,BENIGN
17719.19199394957,9,5,950.5595774442738,391.9418669042971,102.49400355708559,75.3113525511753,75765.38731602344,790.1037476641411,108.48721898075941,89.98933946135352,117.88226959944365,1,1,1,1,80,1016.5851792323475,Brute Force
1953.4870559309782,143,2,9985.999417108003,91.15514283949925,67.40188695790998,44.97809153253173,5158546.881256405,74226.24048609167,9.665050531298863,7.7533851861479155,12.49872112105096,1,0,0,0,80,99.18798575395067,DDoS
55715.64091318915,10,19,4115.119852694785,14770.260245549827,378.5791716357287,841.0635382615224,338960.1158437723,520.5001598237928,2460.1220081290853,2891.4075284563014,3468.925292430838,0,0,1,1,8080,17993.806536304746,BENIGN
19312.494620652622,19,20,8095.3573103170975,14556.829400476836,426.3766464006733,771.6629448314557,1172929.0884342757,2019.4180382214176,482.8323268352558,576.0569640553657,705.3063379581216,0,0,0,1,22,11125.32010694382,BENIGN
57574.37760527561,14,15,2311.390442508524,14621.614505897578,165.57952525764867,1028.983827074205,294106.6087504611,503.69628307267527,1413.2812859371345,1708.2295973420812,1591.055794982628,0,0,1,1,80,1620.1569903334648,BENIGN
57140.43910236264,17,14,6372.64453458516,11348.826136616712,389.4488195455758,778.3038544138279,310138.8604916955,542.5229572433967,1891.4766829564805,2284.391663601514,2276.906130132381,0,0,0,1,443,18299.308070787043,BENIGN
30746.021847253065,15,20,6633.0893810196185,16596.61834645958,421.1113825774958,820.613223899085,755535.3939083539,1138.3586525073324,629.3656695798577,618.260355514934,634.5296632731701,0,0,0,1,443,13921.860084112557,BENIGN
30747.659906442004,26,21,7528.416523565417,15323.167494503676,303.0280094790558,742.5471841550941,743197.5014554331,1528.5716097748607,525.1342306853437,702.4250003683018,514.3646421578023,0,0,1,0,443,9644.515025617953,BENIGN
4831.864453839071,4,2,516.1516501489313,237.22912210167974,125.89504617842401,115.22396995212861,155919.26873114702,1241.7566877797676,80.1311391299262,75.34188397999293,78.86456254199926,1,1,0,1,22,887.8208217672021,Brute Force
10399.000143882167,10,2,1196.5961718822862,77.97763855385692,109.28879339425824,40.0,122566.95766909738,1153.95709529437,274.93980987697773,379.0065225858861,220.47552093096354,1,0,1,1,3389,2970.1678406353826,Brute Force
83807.67000133096,13,13,3307.149740419534,11376.758946878677,263.9233483005212,799.8198970389813,175209.60416946342,310.23413488988643,4144.009076794168,4589.565880237117,4341.36467894497,0,0,1,1,443,3096.0702624948776,BENIGN
230541.55984816706,8,16,2541.354553814969,10204.896523401625,315.6964694985704,630.4560979991921,55288.300667398886,104.10270502119539,8100.019586471404,9180.870748966521,9729.30420673988,0,0,0,0,80,1003.0675302874666,BENIGN
4212.219803941037,6,5,680.3782776337714,301.6430243209833,108.53528792367563,62.42669187097444,233136.29099695984,2611.449665971415,366.0013030797447,391.0494822217958,450.10820275552015,1,0,0,1,22,1579.7512066250401,Brute Force
75626.40938773812,8,14,1712.1561322315413,8983.337276005685,236.6030258239216,630.6738502863095,141425.3763311863,290.9036694735242,2950.455139018737,3242.284263733632,4355.586747170655,0,0,0,1,443,7380.166015871568,BENIGN
69823.88808369682,19,13,5521.786089503066,6734.732604727526,273.22257170390156,492.73921729052415,175534.74936169255,458.2958766438514,2007.8349551660654,2548.847797630565,3210.373452216594,0,0,0,1,443,2593.2313396552963,BENIGN
785.6581743678863,1,0,52.39477039388387,0.0,50.85674103752616,0.0,66689.01578735422,1272.8181703252383,14.977992070665971,20.28189996820739,18.552682086743395,1,1,0,0,32640,48.33646353034172,Port Scan
46030.63445467051,12,15,4688.883238495657,10414.879764761274,417.72619008186416,685.0729044274199,328124.1543201111,586.5658885625122,1814.3117085907454,1964.630865959342,1665.3895731663126,0,0,0,1,80,13122.507257321204,BENIGN
15189.268444848483,14,11,6470.791021390727,7531.19465307469,428.1625727179873,691.2027357235079,921834.1044735608,1645.898885175005,694.9853993427215,682.2284384965357,1028.0183676523768,0,0,1,1,443,3740.922022089242,BENIGN
52376.940172697075,12,4,2318.0439207476597,734.1583469541148,178.34185629077982,194.15858410806703,58273.779599153044,305.47794405791655,15732.830331448207,15891.619569837425,22387.901754912124,0,0,1,1,1337,6468.559405418829,Botnet
31600.712335911983,16,10,1837.8668028411703,6310.725812312252,108.416569430621,694.7197758910721,257861.04213521545,822.7662631026463,1300.4817572411162,1600.3689430161016,1648.1460813567496,0,0,0,0,443,13495.376653337571,BENIGN
33492.768198120386,10,14,3031.4420362415103,5324.960681593579,333.523704903699,390.8932801817364,249498.71770539554,716.5726003306851,1165.9413009310642,1581.6494119746417,1806.6195804901204,0,0,0,1,80,11306.74160649863,BENIGN
11410.578811854613,6,5,833.8891556076958,327.6693643160772,152.66268551516794,64.36952205595519,101796.63442813377,964.0177050941485,64.35574718153453,67.51549099673448,83.88499064122014,1,0,1,1,21,1830.4025761907853,Brute Force
10051.237894885175,8,11,3529.629771357837,12871.248022310727,487.60260127397765,1068.1521632085523,1631727.1529325324,1890.3144268099186,403.0402315979557,359.9752895117714,375.69144256215463,0,0,0,1,53,1572.8082860698123,BENIGN
313.77621353292386,110,3,6920.0283480952985,111.52914970520982,58.4852245414323,38.910310614645894,22409466.347463276,360129.27406985604,14.785490211007021,20.030737367295103,20.75162001815232,1,0,0,0,53,29.662694568058797,DDoS
49872.527351559016,14,19,4518.605820878619,14147.04048410562,299.09270005182714,721.3211962362325,374267.10247522173,661.6869397329313,1219.4700366487396,1456.8666508419021,1060.9584041269216,0,0,1,1,80,6173.114732900838,BENIGN
10713.679743415447,7,4,860.6159890507681,257.04916169122,113.54977346473947,61.81717471176373,104321.31419915713,1026.7247354262688,391.93028501660007,349.82531322146417,442.6725533196904,1,0,0,1,3389,1733.7590062531215,Brute Force
24805.652738155448,9,12,4716.946310948144,9829.159400790539,511.1878674195377,768.1048159221148,586402.8600773008,846.5812297572929,805.191261776493,818.2820864876619,1020.7117798676181,0,0,1,1,443,11030.168299526465,BENIGN
12991.209611902786,8,11,3131.1691449910163,9257.341998747295,357.3721890684924,803.3323584219493,953607.2093231201,1462.5273987259698,523.9724577873318,536.7084710643423,717.3179011977097,0,0,1,1,443,17078.91129722298,BENIGN
42713.31574877057,5,20,1906.5643439974276,18036.40364099906,353.4137411111115,897.7492442753922,466902.82960695954,585.2975720041023,1527.7859160354017,2040.232036867064,2233.419463316384,0,0,1,1,443,9450.061850954176,BENIGN
63582.56372426341,8,15,1493.6182575203563,9790.26119812669,172.18743661974386,632.0436623297628,177468.14212433313,361.7343915187725,2447.0419763020736,3421.7716637895833,2030.4256858755614,1,0,0,0,443,24953.91477381364,BENIGN
50409.59606136245,26,11,9605.817504574392,5197.993359684528,373.40070664183304,440.15652655461906,293670.4917499949,733.9872343940377,1427.2654989655414,1349.4204480270978,1575.962503350062,0,0,0,1,443,4789.283181415973,BENIGN
157651.8841577444,13,21,3063.085304813614,23095.624371692487,232.67666920485448,1018.7966621722346,165927.03484807094,215.6650406155631,5213.714231693002,4753.302603364492,7232.727634595849,0,0,0,0,22,4623.157831158359,BENIGN
686.1162402851073,6,5,900.7304513443446,408.4113853987668,153.88908190571047,79.25036705010515,1908046.7126082215,16032.268811228085,109.53575914297826,105.9014502389333,143.5772604790779,1,0,1,1,22,1441.2479866895649,Brute Force
10472.221523030312,11,17,3921.946859725214,11258.82904390516,343.1408510545093,680.986027146085,1449623.2599974226,2673.740231566237,323.303077352712,301.7408523794483,406.77843290296096,0,0,0,1,443,6231.98334328763,BENIGN
144880.8283570237,10,17,5624.030878604344,18304.68256637476,515.0770230311148,1187.4158166185073,165161.35168700572,186.36006092859327,5906.523537608004,4892.760308387747,7597.782924249944,0,0,1,1,443,4195.2320998151845,BENIGN
52783.329181702706,9,8,2012.5329728187703,1348.230597244471,207.61892191403604,160.9344814910017,63670.92834356964,322.0713862416438,14053.992785341254,12959.813094015322,12717.625043225837,1,0,1,1,6667,7497.324200551137,Botnet
21639.68975318359,15,16,6915.248678716401,17068.700927390637,422.95631652931405,1076.6698018336067,1108331.4908698525,1432.552885627177,807.3544020792701,1117.1903637693747,816.787516005662,0,0,0,1,53,13099.624747614173,BENIGN
12694.584535856317,14,20,5371.7607828247155,14520.659644256406,399.8478314600004,727.417237222344,1567000.5088306952,2678.3074234501933,413.05239636023765,541.1202014465255,532.4841461214771,0,0,1,1,80,8837.012894692414,BENIGN
32016.23800457206,14,16,3475.8946756306373,15139.766244527615,229.96617745062832,1029.4095144906432,581444.3570009647,937.024518487021,1097.6246318959684,898.964999826959,1260.116757876888,0,0,0,1,80,23402.422358232016,BENIGN
539.7918487305257,1,0,39.20083993292313,0.0,43.39724320168436,0.0,72622.14134043535,1852.565951767862,7.349272603371002,7.1032781988099964,11.68476744289351,1,1,0,0,35158,13.038778570349429,Port Scan
554.1021077368752,1,0,52.14839696737723,0.0,53.39652304534887,0.0,94113.33441839348,1804.7215234107484,34.34481785703599,39.85296635514142,42.10786065174384,1,0,0,0,50604,21.703155204736507,Port Scan
27909.879894245194,13,15,3910.034787430759,12449.999676935638,329.8802631271045,890.02752921253,586173.5889354262,1003.2289678814916,1463.7193781725236,1564.6348143402458,1264.1185111188615,0,0,0,1,80,10088.16874701656,BENIGN
5429.674473665735,4,3,550.6032561350581,245.0032420785947,128.60544072008392,75.34213045879339,146529.31811518254,1289.2117260344876,112.5675583409136,136.5282595291377,170.07325780090156,1,0,1,1,22,2679.430383473217,Brute Force
52893.64081060894,9,13,2234.81243225365,10350.176915072383,231.28014474096545,821.0939649625859,237930.101888578,415.9290164723816,2632.034988984333,2872.8268690982973,3241.776737451945,1,0,1,1,80,19021.83286123247,BENIGN
310.7444832547728,1,0,42.74300363404406,0.0,45.94875447919188,0.0,137550.3216866443,3218.078047680484,31.825473987215823,25.65370248535513,44.83960802537423,1,0,0,0,27720,13.164581279262244,Port Scan
269984.7194320218,11,17,4790.558425179893,5714.468924765154,464.6129338026726,328.67531881740575,38909.710786761985,103.70957311548882,7927.271123779708,7975.7956964896175,6461.16329740864,0,0,0,1,443,13859.933202551498,BENIGN
23866.716486763165,8,30,3204.7876137186804,11599.373734825116,402.3902006545402,374.1237141637892,620284.7952190827,1592.1754473882222,607.0297943980606,506.08899769152185,871.9279015239372,1,0,0,1,80,16508.659824400333,BENIGN
432.0510538348943,129,0,8055.923297657602,0.0,60.76374079849578,40.61846842684607,18645767.03644872,298575.8253683061,12.855382949842634,11.950700844142286,19.189005626546773,1,0,0,1,53,343.7724602459544,DDoS
212977.00113796137,12,13,5545.612592942638,13209.353551402814,473.76644994660757,1091.7237566492104,88060.99270876877,117.38356661246067,8690.845937005533,7068.599798091107,10641.121053109198,1,0,0,1,443,14823.782150924633,BENIGN
24597.226333620798,13,14,1034.6383273125407,10274.636697620817,85.03137155624404,773.2524731526734,459778.4673581362,1097.6847402950862,844.5286879895854,781.5354921795504,983.378828265278,0,0,0,1,443,24608.89485942312,BENIGN
1825.300058658929,135,0,11161.467116717102,0.0,82.8048662939399,44.85545992190736,6114867.012559881,73960.44248154257,14.459946376420271,19.079176749793874,13.74331006147128,1,0,0,0,443,56.6710173803921,DDoS
354.6299637995604,1,0,36.31280924313642,0.0,40.0,0.0,102396.33688613154,2819.840684881348,18.58768662444669,19.30540171278704,24.847546889167468,1,0,0,0,44647,40.47143280933922,Port Scan
22203.976417934802,14,11,3290.041941889581,6871.81512782086,255.89379834820005,675.8647038307073,457659.3344560757,1125.9244528744305,879.0771800877526,1219.0356816090139,980.4351375715606,0,0,0,1,443,10562.969043932977,BENIGN
43740.46408682858,11,17,2914.6526847467912,17031.17270044988,253.87119737186237,1043.2285660945909,456003.97255965305,640.1395271988334,1778.9427650814555,2427.9065927098827,1436.8579201125915,0,0,0,1,443,16758.810101101888,BENIGN
69536.59925342172,10,13,4072.4341502795055,7132.820495883582,452.26415775339143,578.4270199516952,161141.8269870554,330.76107038507826,2088.4473429478703,2409.987399684256,2460.595196082173,0,0,0,1,443,22190.480859700336,BENIGN
2100.2004046918637,10,20,3466.8164002441235,15356.159473370837,339.2199851409588,733.6406496827759,8962466.549175158,14284.351118578861,74.29590340232532,79.82868864424303,104.55353846917136,0,0,1,1,80,2129.970882554164,BENIGN
24574.1143173669,14,20,6141.200387034244,14580.867981598822,413.45173001303897,706.2870228626097,843247.8217124784,1383.5697010643303,688.4663658742318,924.9674264428185,557.5672409879925,0,0,0,1,80,5792.36518794544,BENIGN
7000.379799050024,10,20,5265.4271009866625,16877.25563243475,504.46267299245847,919.6887207101938,3163068.7718438148,4285.481768299358,243.20032569907323,239.40515818789245,382.04565298874866,0,0,0,1,443,12581.57337788844,BENIGN
33269.269382123275,12,15,4398.318263752783,12232.831196017483,402.3604585920179,866.0908730303526,499895.2417243871,811.5597517301667,1155.377003514173,1516.9940572143316,1461.7408006705514,0,0,1,1,53,1384.133228164108,BENIGN
7892.896979815676,7,17,3815.466732436175,10030.626521083163,523.1650434042881,641.9052090741154,1754247.3047510479,3040.7086347857635,321.136914700967,366.14583550649206,372.4301061433952,1,0,0,1,80,22864.29626050748,BENIGN
3075.977234828531,11,15,1884.3974686899223,12132.785204053098,169.90296872307434,825.593169830492,4556985.179873869,8452.598317571541,125.67725444770547,165.73548507337395,192.007449436608,0,0,1,1,80,10596.057194235857,BENIGN
36591.07778003308,19,11,7267.384479300263,7709.776642579772,370.0836997376283,731.4371900947596,409311.8331172177,819.8719966748373,1188.4716397332734,1637.7116939780126,1287.066731480613,0,1,1,0,8080,13931.80447571116,BENIGN
16308.83134349977,14,14,4386.3397489021445,8974.602754324646,292.00846105382897,659.8013627038538,819245.8565433676,1716.8612152678857,594.8653660525501,687.213896042761,630.9407035268052,0,0,1,1,8080,24233.31364718398,BENIGN
551.5415811050865,1,0,48.76250075490735,0.0,50.56981383016895,0.0,88411.28652023883,1813.0999262038736,15.844297582533484,19.93711205451323,22.840948222923203,1,1,0,1,57551,42.136445042838716,Port Scan
97772.0725426892,12,10,6084.884699303728,10106.573280142282,547.859112899417,1058.8338382293975,165604.11944194496,225.0131292900063,4187.4137518966245,4979.416827062686,5704.576076114776,0,0,0,1,443,16555.6818322917,BENIGN
4069.432779616793,17,18,8384.579267777197,16352.722477963373,543.4256247755625,862.4269520950572,6078808.297226625,8600.70724728763,133.4284625805202,129.37246880868096,206.20900745181152,0,0,0,1,22,11550.055215675564,BENIGN
11882.024393679063,8,12,2250.2319158776663,4004.6283203186067,289.7510062053205,325.7485872817799,526413.6841465922,1683.2148577846292,484.90012826842457,531.8385581345299,524.1233236634894,0,0,1,0,443,21123.624919356662,BENIGN
4217.982682768774,8,1,564.4218497056856,106.83214037100433,65.49581850384332,110.0105529034215,159141.00188672764,2133.721420139214,267.95059589326354,359.30697444076645,223.5080755480843,1,1,1,1,21,1726.3283232579142,Brute Force
8662.334767899147,5,5,733.4769745156583,481.88033892351297,161.07361220303568,100.88387464600734,140303.66477442533,1154.4231743453242,122.45212104135426,118.29298123358075,186.6271109587587,1,0,0,1,443,1291.8248008308892,Brute Force
1956.3698776629092,7,3,830.6930919085944,315.0066359501987,129.90415606021253,97.00226496117276,585625.3160202265,5111.507856554231,57.72026982794695,71.08879750265935,64.71998737822611,1,0,0,1,22,1884.273574021252,Brute Force
3993.9464365656518,18,13,7175.158183886648,7604.218086344136,393.14357941091953,577.8349269246961,3700444.2861130103,7761.746556284951,114.24512651767934,108.78093141836845,131.90866930884346,0,0,0,1,443,10730.670835198465,BENIGN
3533.9653552028544,11,15,6203.356550787447,19031.531847084418,541.3257510227091,1156.2655289355494,7140672.2651426075,7357.174557957024,146.4995955470657,161.05241119054745,198.02732150659395,0,0,1,1,8080,9380.674705717154,BENIGN
54489.4434718078,16,15,6229.910512192974,13594.583082319177,397.4450615950858,958.9785868839973,363822.6476798045,568.9175375050222,1697.9919634415767,1441.8656155159779,2341.463647176456,0,0,0,1,80,17439.668080039708,BENIGN
27590.834784420415,23,14,7123.379578611193,12030.315386243466,286.6208364721013,854.103959331737,694204.9819989529,1341.0250283870575,800.8126386512735,644.9129105862929,783.5388793882795,0,0,0,0,80,17552.099463868493,BENIGN
60230.99636116757,8,14,2072.769542920536,9717.549900235237,238.0412342312453,696.7803300329231,195751.69191053408,365.2604361395547,1933.2184873470364,1940.731428696258,2922.3582018960665,0,0,1,1,443,2647.607810061251,BENIGN
161207.37684202063,9,20,5576.72315250907,23330.069684626444,582.836445173888,1066.4535097981554,179314.33041965246,179.89251216722735,4965.239712966897,4453.3603510304865,6501.650147661224,0,0,1,1,443,18960.416177558396,BENIGN
1955.2852388732215,177,2,9867.031409421099,86.02564081052205,55.99543400193188,43.69320349521713,5090335.0837790305,91546.74542684776,7.256760313531536,6.503829596761588,6.184265977989486,1,0,0,1,80,363.6576543810709,DDoS
48043.70849998267,13,11,5350.69022735686,4739.936054224724,400.4989201118751,462.5278084826641,210030.12874381302,499.5451173384889,1800.0240239732152,2486.7134274255714,2637.601467932406,0,0,1,1,80,6241.734602169889,BENIGN
1913.2893019637822,133,4,6972.290114348804,171.88984645369365,52.39337747825568,41.130007424686745,3733977.8952768818,71604.43528293629,2.0301338179072594,2.5171259343777277,2.5224520792785143,1,0,0,0,53,367.78610226826834,DDoS
9519.277565058332,9,20,4125.202322200403,12662.086634917197,462.85104908950336,597.6233342853379,1763504.5141174777,3046.449670345577,284.5825213027992,309.80175542266227,285.8300217884429,0,0,0,1,443,18873.27948813868,BENIGN
164440.63760224532,9,14,1212.8076401807282,10294.535942148812,144.06040404792412,714.2661257741845,69978.70933925651,139.86810277173208,5004.981438493277,4455.832411904626,6397.566782732648,0,0,0,1,80,16751.446556449177,BENIGN
397.56227989178217,1,0,47.380424597929746,0.0,43.794676268221814,0.0,119177.36413732928,2515.3291712488503,32.637091453973554,43.35132939801484,40.82620573569673,1,1,0,0,11524,38.04659527870902,Port Scan
5408.686153946929,5,4,525.2970500895323,332.48685473734935,108.26992286024092,86.70587547805914,158593.76573383226,1663.990060401702,122.50920119243465,137.44090690715703,142.48823778618595,1,0,0,1,22,637.1713223133613,Brute Force
50953.75252960458,14,10,5364.5631305544575,7195.623217719744,396.79609748999104,655.7130720416606,246501.69466864332,471.01535821244545,1844.356356078501,2441.1570531736315,1727.7290344408843,0,0,1,1,80,8687.485890612114,BENIGN
9599.387445077684,7,2,845.7381891713253,184.09532821371795,122.78886024365336,98.81063837458662,107281.17010352729,937.5598236338471,391.04377611180144,338.43146825365784,566.3779953770503,1,0,1,1,21,1622.9203098558175,Brute Force
7108.03628727341,10,2,1017.4822024040006,148.74740196142645,94.26953960186651,71.62253960587975,164071.9823636106,1688.2299857536475,296.68525069645864,355.4883412434655,461.5847268265606,1,0,1,1,21,1014.5536105540588,Brute Force
95980.7424372943,13,8,3999.1581103211724,5278.128209701592,306.59548324251494,696.1777943253443,96657.7886817635,218.79388996933028,6451.166818981645,8219.90464683276,8143.047059474149,0,0,0,1,80,4652.714814608245,BENIGN
9748.044522913186,14,18,4482.022097277682,16288.1694002934,347.8615033679174,880.5630683405798,2130703.388638601,3282.7096680552354,300.4849986690114,303.2185331695868,414.52468364582614,0,0,0,1,80,8341.348558281112,BENIGN
9508.240799043244,9,2,1199.320627868638,86.86321382914392,146.24517031117136,40.0,135270.4321315887,1156.89118865257,192.87963643802362,217.4041619771569,166.59373723804129,1,0,0,1,22,451.6484892182882,Brute Force
65459.3528980723,15,2,3090.3428325362534,306.52596772451176,222.4081324874449,166.22606502611518,51892.79529771824,259.703147791133,14327.833646485182,12625.8899383448,14589.555436119015,0,0,1,1,6667,6038.321150433865,Botnet
71915.83824076025,15,11,5455.007391809776,3550.063573477419,400.1744345453627,324.73445173455605,125216.79765644905,361.53371268450013,1958.7177293278698,2674.380280176517,1840.960962349974,0,0,1,1,53,18161.589044063505,BENIGN
6366.578886987024,5,5,767.5343215946152,200.20502617196595,155.85604364594923,41.06173334521247,152003.04039970244,1570.7022841481648,185.03662764088182,175.35580393216264,274.2071274097417,1,1,1,1,21,2969.1914437747114,Brute Force
39769.40714669945,11,18,2627.253670949581,17739.990122353265,223.57352252169113,908.775703451063,512133.4526857076,729.203729213921,1323.2085225785743,1405.9925028256064,1950.6858531071205,0,0,0,1,443,14916.623064082409,BENIGN
77556.919978359,9,7,1378.6459595386195,1003.1650246863389,160.11753140992872,139.41875188412607,30710.48959769888,206.30009552293384,15475.3730760827,19339.748549813943,22318.114057557395,0,0,1,1,4444,4446.674657803361,Botnet
67979.35934677537,8,9,1268.2810169685652,1993.2804482324009,153.1228361300901,225.1195388624051,47978.70260240515,250.07590779548005,15122.811842738125,18306.589391731704,12984.557767439097,1,0,1,1,6667,4132.002133880091,Botnet
26729.902914279388,10,16,3924.6187827351155,12249.810042058822,367.3307736486084,754.0050228230349,605106.1568260838,972.6933944870609,749.1162789924587,775.6662507728697,769.8183570396898,0,0,1,1,443,1701.3703766218953,BENIGN
55335.71290069108,17,25,9364.694450819323,26606.700759203984,524.708721858461,980.655449356307,650057.5003809893,759.0035042175351,1715.4030215941543,2205.937759616445,1534.612399435178,0,0,1,1,80,2990.5177689975253,BENIGN
51.94996978974686,1,0,46.187477399974924,0.0,43.99995569151672,0.0,889076.1166350235,19249.289346023175,11.504365444041095,15.428933730707357,9.323342122080197,1,0,0,0,194,18.569431204749627,Port Scan
55557.654728724774,8,5,2981.611404506607,2311.6922516650557,398.13205689775185,431.1394355007133,95275.86580134898,233.99115861668395,3592.7040965808337,4778.418467157295,3778.249395707297,0,0,0,1,8080,3571.989729701617,BENIGN
3743.080919365133,11,18,5660.830633414595,14089.898072337724,473.09673207376574,852.9037688244152,5276596.774483373,7747.628390817347,103.81809785776316,137.51282734519785,109.84497450081233,0,0,1,1,443,20448.659282180583,BENIGN
8666.431974519035,14,15,4640.345698434847,11859.861494694387,313.97787310998115,750.1647886808873,1903921.618682636,3346.2444619960715,252.9166022162565,341.37519402305526,247.4028084416198,0,0,0,1,8080,16482.554403296897,BENIGN
45495.285771590134,13,18,5483.643592980924,17108.890902784675,383.6173927260473,993.6122149522552,496590.6711563876,681.3892796637443,1885.0763450053012,1729.6975170939443,1510.451610863424,0,0,1,1,80,2784.9443468240515,BENIGN
11688.140455256294,9,3,545.680440111945,285.66573398083176,61.145879696175435,94.28577998988614,71127.32579449032,1026.6817074912424,100.6683606991612,91.21715528142899,148.639979515376,1,0,1,1,80,2069.648300981829,Brute Force
11956.204290621397,7,17,3353.7373028726975,7605.995646004678,477.81551703357354,412.60025887399314,916656.5477201099,2007.3260222582442,458.62810637079787,570.6397836375955,699.6988026131578,0,0,1,1,443,2075.359958601022,BENIGN
58093.61056744842,7,6,1401.742737470712,897.8357151880214,203.21370540341465,150.03810424702382,39584.01673087359,223.77676086953852,15357.030677880271,20392.73721920407,22185.63385297226,1,0,1,1,6667,5661.736576575511,Botnet
16059.518610873607,6,4,692.7968226078995,385.3528274736369,113.74392436920209,105.21381205059458,67134.61817912407,622.6836708062459,244.10738743916738,295.45458097162447,228.9891994812115,1,0,0,1,21,104.654944568678,Brute Force
40455.96685266194,8,11,3923.1023549242345,7103.841088971449,446.2322908804746,703.3144841213249,272566.5532616019,469.6464200002138,2060.2891177314036,2732.866735739524,2008.4536284679104,0,0,0,1,53,18935.88322833386,BENIGN
69541.57101583628,18,5,6923.618752757617,3383.259641948853,421.1013899267634,738.0866522072132,148211.75656729622,330.73742315603357,2319.0929597908716,2462.8215717741336,3229.824966261924,0,0,0,0,443,18985.754723426995,BENIGN
584.8360662049822,7,14,2609.906735064477,12515.655558725075,402.6967331029005,988.5039201111215,25862909.570436984,35907.49820931803,27.02163850196868,30.421574833587623,27.787757463737794,0,0,0,1,8080,12655.629007838363,BENIGN
1115.8160848585546,4,4,455.7867704636149,321.04201206325484,106.19190116048483,83.7899026382224,696197.87083939,7169.640327432735,57.396835918633336,65.4742373745883,90.89964243430124,1,1,0,1,22,425.39993437954,Brute Force
17609.718760916494,16,16,6497.6944463657655,12217.35525346602,436.82014539825894,775.3362600268136,1062768.2334920927,1817.1783680623964,480.93358155879724,637.7908602238923,500.76871744301,0,0,0,1,22,8045.2505767584025,BENIGN
52236.10547201808,16,17,5414.383902209124,10329.605178017444,358.0031088837897,599.6825854217836,301400.51479642437,631.746944030456,2205.8589021472253,2506.8220234025493,3456.19076316401,0,0,1,1,80,5718.9673611763355,BENIGN
66441.26731544547,5,10,2435.5574960809636,8358.60881853319,448.9787918903884,822.5226769442836,162461.7764042086,225.76330353218563,3756.624358848738,3905.1177805705074,4883.880838767648,1,0,1,1,22,19122.7502731551,BENIGN
62658.90992488052,12,18,2514.2394323231442,11122.948653296857,201.9155973015779,624.4343793356934,217641.64269645174,478.7826669178558,2045.580461617624,2416.2719291598637,1697.5483311501823,1,0,0,1,53,22742.84386386273,BENIGN
3588.28919467532,9,4,1245.3853583858363,360.6025478098365,145.0022750016356,94.61131610207542,447563.67702436197,3622.8963984538273,87.09844599056474,115.3784659129178,92.31754837687724,1,1,0,1,22,2300.392412886224,Brute Force
71561.49650809832,12,11,6629.223039182141,10100.06307293488,519.6057753578702,901.6848510959113,233774.96179420777,321.4018868009165,2692.336245425936,3634.1533875966998,2525.8654836465894,0,0,1,1,8080,1759.0374605131265,BENIGN
165037.6278809056,9,15,3974.029493048314,14616.224128473077,403.5018868696071,1026.1645187795773,112642.51589302097,145.42138243357974,6952.552471881688,8267.28047200217,6717.947974129033,0,0,0,1,443,10498.33379727181,BENIGN
58968.32650651152,6,5,994.9110044675293,1065.2880099793776,159.82099218810822,203.44689512181031,34937.38310886966,186.54082032979747,14292.415531345376,15847.047222066249,15708.428651724167,0,0,1,1,8080,6373.914595294117,Botnet
2041.1797360569776,125,0,9178.418478330243,0.0,67.3345101535233,28.198430366255018,4496624.337482662,61239.09511343039,25.98409008971312,21.22670452296216,25.470523922341435,1,0,0,0,443,167.0341854635849,DDoS
26677.555642393538,16,13,7599.146364233785,11339.968281646756,450.88319540145756,903.2072628301679,709926.9100870782,1087.0561152130388,856.2102652263196,1085.025090075205,1335.5651548239025,0,0,0,1,443,16989.29745951839,BENIGN
18058.059445771898,17,16,5517.642881790749,17563.50280427038,326.2861133268854,1058.2463166418027,1278163.1246354843,1827.4388839564153,570.8813105081105,491.77176450179894,838.5107335347769,1,0,1,1,8080,16838.570345344415,BENIGN
33687.985401092024,14,21,4401.654515811406,14802.580496890763,334.79383794816795,727.4203299441922,570061.8420500637,1038.9460688517588,966.1346089846619,1323.1779621564158,862.1082635988959,0,0,0,1,443,24887.19666763006,BENIGN
854.3441475460638,2,0,83.77885591250663,0.0,45.75103867625522,0.0,98062.18741375473,2340.977000597017,33.9882307311563,36.21215940439327,49.718601144938205,1,0,0,0,18451,12.010203186900432,Port Scan
3573.9613072615307,7,4,903.8749355754372,263.4371990761378,140.69619728103484,67.05769251572416,326615.7728903904,3077.8173165026537,342.9827881386111,335.7675319026548,343.24434226019474,1,1,0,1,22,2791.9578411604016,Brute Force
9483.103614384032,12,12,4150.550358625568,9574.973708057752,351.6191128084933,828.9889405299203,1447366.2447243915,2530.8170168674155,279.451416346872,334.5784575926736,273.7052594825248,0,0,1,1,80,24732.42480735238,BENIGN
11972.326532197292,7,4,890.2665934358006,197.9626215615882,138.80189151926837,48.96496435865084,90895.38378950855,918.7854984089847,385.05227890509383,457.44485045679386,434.85735493994383,1,1,0,1,3389,377.4031909366231,Brute Force
8568.004900483385,3,1,410.8842593277711,39.04652025152551,132.58700014131728,42.578696981446214,52512.89942118411,466.8531410123645,180.2477352826887,193.470240484838,170.7687093572986,1,0,0,1,22,2016.6758437929554,Brute Force
23295.47406972732,13,17,3491.3583032501097,15158.934496662714,287.7352648322259,911.7058746657713,800597.2638328511,1287.8037987209402,776.3747696850755,821.3520621850893,1083.872097152475,0,0,1,1,22,17273.334807363328,BENIGN
3506.3936410764254,16,15,7840.56245865425,12713.835858231838,471.6001896726973,801.8885750503077,5861976.840277438,8840.99253342341,197.52175515130037,246.34863160065646,296.00651638635713,0,0,0,1,8080,18526.15799449533,BENIGN
40373.25127377169,12,16,7344.230724863247,10032.313727123174,558.0884048023491,692.2297384716746,430397.4513758078,693.5284901909814,1137.7243442262745,1387.4686847663017,1482.6151643150265,1,0,0,0,443,16680.82813556185,BENIGN
1501.7937837826037,6,2,914.6514735463923,130.66894385191696,143.88754111274443,64.66737800985038,696047.9053025749,5326.9630533762165,243.01276837378745,314.93236123766115,361.7745142960263,1,0,0,1,22,1912.8350213989008,Brute Force
28037.938507080944,7,10,1745.0209784438084,8789.736853321707,253.2237659752318,839.4495367339869,375732.253963856,606.3213240768993,1221.5003414828143,1301.9598062922248,1437.4316913686669,0,0,1,0,443,13789.867018160736,BENIGN
13042.871736512243,18,18,7424.449437946793,22188.917032246747,411.2560683774101,1261.9719485074306,2270463.6730647148,2760.1283465221486,331.80849714274956,311.53872759916567,326.80640631781336,0,0,1,0,443,13418.014636803147,BENIGN
418.08223222729407,159,1,10832.526868510055,33.40058179970471,63.58724736494805,35.63422395027019,25989928.80520788,382699.83191492007,10.809389733928453,10.754421081705264,9.833207689604507,1,0,0,0,53,321.97305189438856,DDoS
11721.539524040374,6,8,1862.9664683634182,5611.746997546436,303.08894018448586,763.9872658551964,637690.4203223082,1194.3823566253052,714.8615590102514,808.4715144726864,946.7439140567857,0,0,0,1,80,6517.466004611847,BENIGN
14373.554983427726,10,18,3021.938770636945,13515.791306519915,276.29314307347465,800.1459343938261,1150566.4462427257,1948.0219077523377,523.0484091983947,640.7897602096567,727.6297997538471,0,0,0,1,443,13031.714714766447,BENIGN
11780.571320883191,11,16,3068.067230584235,13930.313839949944,295.4359359987737,817.4288405362197,1442916.5281993987,2291.9092176911336,343.11350608293833,312.0759612808443,376.1886589728849,0,0,0,0,80,908.1928263224859,BENIGN
2020.4859434428542,159,1,10173.790918359557,49.30607084522041,60.049376835982564,46.37676841475119,5059721.906198909,79188.87063740927,4.036265803051347,4.228380534420499,3.8249628983705213,1,0,0,0,443,424.42164898858,DDoS
710.104223696854,1,1,40.411186818773174,0.0,40.0,0.0,56908.81066498889,2816.4879650875127,30.642721411982723,26.24612649002753,25.06999801438286,1,0,0,0,25688,49.443530715369874,Port Scan
9433.362021160083,6,8,1671.6180190252135,7213.517296462979,272.9779494356836,848.2872087018321,941884.271541561,1484.0944266314002,490.38486113466485,521.2231689362462,420.39174890387926,0,0,1,1,80,6458.415544561136,BENIGN
13171.772364764734,10,1,887.7790664539497,91.02909965829777,85.23231702400614,85.22815734981899,74311.04478624433,835.1192000118107,336.24491025108875,302.99051605219734,274.86663053593304,1,1,1,1,22,980.7364333748422,Brute Force
17588.498845977225,7,9,2318.0426477948918,7974.237841248556,317.9822078258268,922.8634187388511,585171.0586089875,909.6853654261382,998.4583471266708,929.3260730382596,1064.9448045118045,0,0,0,1,443,5769.546471770326,BENIGN
4620.749402731327,4,2,638.2727931062062,162.32420662911815,156.14494372157105,84.58042018828024,173261.2894484369,1298.4906726284264,83.685025771985,82.9442554080648,87.82050829056026,1,0,0,1,22,1988.893081020135,Brute Force
3761.4964771745285,13,12,5294.923011736167,8187.7032870400735,433.98256313139336,698.3477184757473,3584378.2868311494,6646.290951408495,161.20903627611693,153.14698613982668,147.99700198575243,0,0,1,1,443,8410.789426601548,BENIGN
96511.34614038708,12,24,3834.0266334574367,15882.838390574958,352.80978403214306,689.0022872224258,204295.82440340126,373.0131372080727,2138.6919522982366,2370.023473533562,3182.169218971647,1,0,1,0,443,8505.076904908277,BENIGN
9550.815463506598,4,3,513.5404893448878,349.91260474817926,142.63342391986774,128.64473183070018,90406.21687145955,732.9217098526096,157.04141908980327,132.37794852780362,207.101348540519,1,0,1,1,21,1589.6999348331576,Brute Force
111330.92502713882,5,26,2268.696353601355,12363.947512668841,447.7011522845254,489.08044644731285,131433.77603934612,278.4491370429485,3326.177432742305,2809.434534480866,4725.0765703311945,0,0,1,1,443,20107.64866073624,BENIGN
869.490725859252,4,4,489.423335259938,271.736550733464,128.1137279390114,64.58547654941225,875408.8610217264,9200.788187929438,287.28907168448046,263.05251462182815,342.3970323846008,1,0,0,1,21,2313.185370310655,Brute Force
93958.72071938656,15,16,6035.347912849481,11761.676656328984,399.74796820429043,731.8479854281239,189413.2277761674,329.9321208574496,2639.28605820178,2153.457295422994,2482.0455699770296,0,0,0,1,443,1199.1989938099582,BENIGN
68200.12004591098,11,14,2809.364435362603,12233.677386874488,255.02221458466116,885.6075192484632,220572.07248477582,366.56826972108684,2404.592991566658,3336.34703373605,3502.1514100224554,0,0,0,1,80,24850.185376444653,BENIGN
57431.67547487854,18,15,9818.525654398973,14782.115123899466,601.6375856317621,1014.2610497157534,428346.21443456097,574.5958084478083,1930.4127486000002,2368.531269174657,2265.974970583215,0,0,0,0,80,1544.9384621157185,BENIGN
9922.577914977539,8,1,1014.5317076099379,101.75980088471063,130.84966253089937,94.20312083312345,112500.15047094498,907.0223561978826,377.9733991126417,346.80924895444394,313.5875925653134,1,0,1,1,80,1967.3989644249075,Brute Force
18706.681711452773,10,12,6289.09074289373,7477.119388679207,610.9945167323687,626.0250017100509,735898.0253106495,1176.0503727676598,731.2734689719516,952.7087494959404,601.1324904453961,1,0,1,0,80,22581.481355624066,BENIGN
6769.401356577451,12,14,3605.4713717405457,11963.342875052596,285.52484525395397,863.6765755281565,2299880.5103594265,3840.8123008893904,227.30081985712252,195.0611964693557,224.4394336855433,0,1,0,1,443,4936.929177219326,BENIGN
5871.268944293455,5,2,737.3834204111312,156.81997190471586,148.90570380643743,75.41493866692127,152301.55538777742,1192.2465256515984,126.13414933292103,118.19996894356994,107.50547258335347,1,0,1,1,3389,753.8563713542247,Brute Force
64508.14730954574,13,8,2486.6095256576928,1729.8167003388378,180.8264785892258,199.86063214417587,65362.69295975573,325.540274769176,16001.302157586393,18179.36624399691,23523.927293525925,0,0,1,1,8080,6424.46139604244,Botnet
2054.231830837626,143,0,11437.634605444358,0.0,73.15450648964749,57.49568078436783,5567840.218297362,69612.39615379284,10.82277436468876,11.875073482702511,13.89165116723927,1,0,0,0,80,76.41876762538502,DDoS
7861.606498735351,8,4,753.8510315867567,208.42161673409072,93.12308288028642,56.57107646055686,122401.52804336394,1526.4055765103947,91.83947529012426,117.16189005247776,123.87457724894145,1,0,1,1,22,1689.842245801838,Brute Force
35896.17829422759,10,26,2418.58697762826,23349.582326707212,255.62337177998361,839.3455953124695,717852.7221790408,1002.8922774152007,868.2318255245731,1007.1092440994669,1100.6447476456804,0,0,1,1,443,11456.105761954188,BENIGN
15972.207688598552,9,5,1488.7392257864017,298.3502842588987,169.79201783631765,54.47306877740215,111887.4450474983,876.5225367056569,295.1397803993839,292.96738831685,458.01690414067195,1,1,1,1,22,1349.097659779856,Brute Force
44286.0945359293,11,21,2466.2327285781503,8372.50264850462,235.7716330874761,382.7208891476446,244743.53610678646,722.5744409238526,1113.8264476011818,922.2232147124796,1452.1276359023218,0,0,0,0,443,11094.863267130606,BENIGN
159.6155301017812,1,0,42.87527295642189,0.0,40.0,0.0,268615.923081431,6265.054530485444,47.59902254576227,42.56992926979082,75.20411348301862,1,0,0,0,20561,11.473669700103544,Port Scan
157.33695935042599,1,0,41.08619438772449,0.0,40.092901974617504,0.0,261135.04771765665,6355.785723383452,5.694522121096588,5.2191547149762405,5.461893667191099,1,1,0,0,35975,31.140888434470337,Port Scan
170424.7270957013,7,16,2233.6323495614006,10519.822893669014,333.4019287686901,600.767325666628,74833.36168740799,134.95694194120344,5827.713416383337,5297.441586825605,5620.064781418721,0,0,0,1,8080,5082.991636554338,BENIGN
9725.796652529236,12,16,3792.273260282438,13610.408108503096,294.6908960613472,788.4519282580804,1789332.2254748035,2878.9415407650413,351.68535670279056,298.8625595763911,417.20430567958675,1,0,0,1,8080,17634.905108228573,BENIGN
11477.509812590277,22,20,8499.657231021994,13995.645215889239,387.02386269958276,737.1783542246793,1959946.2613601924,3659.3303500318525,274.90316490142203,251.8228309107313,379.0678686471196,0,0,0,1,443,19205.193861218522,BENIGN
539.007869249567,1,1,38.532948365364526,0.0,41.087471194683054,0.0,71488.6564068387,3710.5209665760494,27.096426015661088,31.65257934079773,40.504847195479,1,0,0,0,57964,40.810666364383394,Port Scan
23978.640995117737,24,18,3429.1620509693653,17458.162446372102,139.0189968670395,1057.2301447477882,871080.4128388389,1751.5588147197989,762.1678218078017,947.3558264756846,1132.6056546362415,0,0,0,1,443,21849.701411524853,BENIGN
2166.8893301548055,134,1,9554.93375524353,46.56782410950804,70.92172898976725,46.350838750874715,4431006.902723128,62301.28974346624,20.456954992362036,23.75404893657354,19.23204529024729,1,0,0,0,80,93.60672137660724,DDoS
11479.097615087236,12,15,4347.1347258082615,12178.771552887358,337.0946100028198,819.0524423169813,1439652.0382382018,2352.1012631265803,378.741088440799,485.73189838103434,326.6753190932881,0,0,0,0,443,14797.503591448338,BENIGN
2650.943158173459,156,2,10016.708044062767,76.25344385212722,59.648286684632346,37.34138618151632,3807309.6576197813,59601.428839713204,21.616514399860392,18.34551417846787,22.744340459088775,1,0,0,0,443,208.45097147266532,DDoS
295571.4154794866,10,14,4523.01045867995,5943.292810691149,460.9039325452849,439.45565883102813,35410.40412311957,81.1986502858077,8974.126711498207,7376.532125311555,7874.5938451429565,0,0,1,0,8080,3939.596538655515,BENIGN
160013.13093367312,10,16,3846.9686643568357,11369.537987401958,355.7062423921721,735.4816709530833,95095.36225540249,162.48666498987032,4690.657849668616,5043.217939992251,7054.491358822426,0,0,0,0,80,21196.97436778268,BENIGN
64219.10878246578,8,22,2968.5961136922406,18390.894963973595,342.02993738728793,766.0095020823524,332603.3556463458,467.15067475665626,1979.8630710294244,2098.9785342007267,1957.504614830276,0,0,1,1,53,10189.801486098453,BENIGN
47175.714308564755,12,10,5103.648372861153,9358.897802186326,429.55158642768043,916.9568303132879,306567.61401537067,466.3416404487997,1998.6354173442394,2446.1360234174513,2510.5006702926435,0,0,0,1,8080,21875.513984299276,BENIGN
4830.283489763444,5,2,780.6030346100998,115.33662174940598,147.4745032864782,60.527730287721674,185483.86616607945,1449.1903042201805,261.93924731595746,311.26820238806425,293.38879766755116,1,0,0,1,22,2207.3134713047707,Brute Force
40058.53871205124,14,15,6094.655213930629,11220.203690848484,427.08424634363195,778.5601078778003,432238.9048996962,723.9405363350315,1194.5816285875117,1028.6665584859525,1747.3185527775045,1,0,0,1,443,9365.622014653685,BENIGN
13252.67469848132,5,2,391.6271482967942,99.96855899564689,83.24792748664126,47.56406513395026,37094.074854849874,528.1952631646622,243.90864859648875,265.69972158850044,271.14280988066554,1,1,0,1,21,2037.1335624801668,Brute Force
17886.24838718228,21,15,4476.975715322367,12044.284968682347,195.31873184380362,782.398453680569,923685.0750571177,2012.7194490823729,367.94040460901095,397.21475502688435,339.4623757639412,0,0,0,1,80,12173.379985509826,BENIGN
25411.82809941995,12,20,4177.80006670401,23637.051473136606,353.17808200919376,1235.0749152692358,1094563.1865216151,1259.2561178520814,926.4862526398025,982.3563937303084,1103.7144306646833,0,0,0,1,80,15874.10423417039,BENIGN
2724.24683288998,139,2,9804.251704877002,113.0725338969492,77.13321952481327,59.5547082866591,3640391.2153045596,51757.42458344792,40.68006049149379,43.47597700785885,37.60562655244589,1,0,0,0,53,193.85643382764832,DDoS
78206.22429333616,7,15,2574.86338383661,8757.067782106267,398.6231418351737,629.2334086420262,144898.07260658735,281.3075327288827,2449.3575623421793,3256.073981498791,3096.850388636495,0,0,1,1,443,18469.28063932452,BENIGN
68514.87216679024,18,21,7014.223939665053,16423.26077137071,429.9532161067395,858.9491539235485,342078.7920902831,569.2194813566863,1704.4503325959463,1485.720801638304,1541.3237876052665,0,0,0,1,443,3166.1991135009794,BENIGN
1082.0575170524858,12,21,4393.92592615486,15387.120617305689,345.09126052634883,720.1505689655311,18280956.63282663,30497.45459917111,34.015071603980026,39.62965969224374,45.52353798420631,0,0,0,1,443,21735.306688929668,BENIGN
104252.15651894789,13,10,5358.326485423941,9638.319621058296,388.74781179254353,1023.8534610950874,143849.74476529498,220.61893746840371,3254.399651065575,3683.1214597730695,4687.66190164468,0,0,1,1,443,13373.057607734716,BENIGN
7490.357389548894,3,4,394.29689746918274,328.96812726374526,141.3332574526761,83.13570208768749,96559.48135960526,934.5348473981926,267.4014980951731,354.4728558405855,231.2606481049369,1,0,1,1,3389,2154.6070580461887,Brute Force
14125.251525078958,9,17,2807.8916340890855,8829.18073257472,318.2390246442217,520.3967653514509,823848.860036406,1840.6751875418136,487.90803011122733,609.7408872355911,762.0808838268523,0,0,0,1,8080,3680.993194566216,BENIGN
14162.903505395358,13,23,3200.7335715289532,18793.532086131196,262.824620224186,904.377044464612,1552948.9168150749,2541.8516751375028,403.6416266939936,475.59429379109866,475.75275557376204,0,0,0,0,443,13238.502502410203,BENIGN
48623.43545527478,12,14,5072.136903124209,9607.709523230817,396.43616098129405,634.3494847602483,301908.8694351506,534.7215752353726,2498.577520175679,2633.0563377555827,3542.3678383085285,0,0,0,1,443,15111.108192816007,BENIGN
2782.6646614022043,149,0,6849.909513163621,0.0,50.12826039667742,25.340242406578454,2461636.7211534227,53545.79804988714,4.577622076166113,3.8982264026004367,5.263171264534193,1,0,0,0,80,401.3913945732353,DDoS
675.2140601055919,1,0,37.716039664875865,0.0,41.78723547859776,0.0,55857.90032123698,1481.011814006979,10.820582572507094,12.242549339482213,11.569503114295248,1,1,0,0,64670,42.1998882991901,Port Scan
72275.26999738679,12,19,4430.352516762963,16010.471962356785,338.36161247754876,786.8456031136188,282819.06770958885,428.91572734520184,3192.8413512058296,4060.5209371296296,3624.3811201316275,0,0,0,1,80,22300.377439202064,BENIGN
213.5748669687704,1,0,40.28466592257948,0.0,42.42772059471378,0.0,188620.81711360742,4682.1988663405,26.08751661207243,25.678565082782804,29.0605209404645,1,1,0,0,44173,48.51381059748985,Port Scan
1413.807628600682,162,0,12625.348502268866,0.0,83.64743830303206,41.65787541476359,8930032.804225864,114584.18862850509,5.371346410219025,5.369866026670269,8.50988495389,1,0,0,0,443,452.27293883431406,DDoS
5259.600848894003,5,4,679.9929891346887,194.06033642684835,125.53205321674405,48.170015192482744,166182.4443855534,1711.1564657786785,180.922710159256,175.37071002976163,231.93012645615403,1,1,1,1,3389,2491.3324510016887,Brute Force
12459.99408314446,13,10,5169.131431062422,9281.801593890166,411.33439566185206,973.1498479220672,1159786.5078043188,1845.9077786492508,511.8582825192829,591.1143708485515,677.0122944220307,0,0,0,1,8080,3325.668394218168,BENIGN
36831.5338689197,7,21,3057.2949205129685,8913.26356316744,423.36156117894444,459.500527244838,325008.41605681175,760.2181353524298,1521.3852010140508,1824.894339612098,1648.6415981222285,0,0,1,1,443,24054.334134599994,BENIGN
2798.6896651974844,3,2,432.64604447954736,72.369730612492,140.6468025077133,40.0,180447.22191676218,1786.5503496784393,157.5730097868498,193.9401773724639,162.57116847857097,1,0,1,1,21,1346.465341125844,Brute Force
2945.8527388091984,12,16,4887.4707179485795,11830.89105587282,422.7275214573621,726.706441186587,5675219.794109417,9504.887882249823,101.77132706950633,122.24305637134314,106.57264409345956,0,0,0,1,443,20499.255154838796,BENIGN
98786.4536044881,12,15,2452.292736891246,8755.305843419592,215.88508726508877,556.2556981366205,113452.78802276643,273.31682649627305,3180.7645322784956,2724.381511030334,4932.756308455057,0,0,1,1,80,13635.104914232696,BENIGN
73682.04416737743,7,16,2847.167599847384,11142.721861354981,401.78645279899933,675.1702772702688,189868.36778608753,312.15203459546797,3085.5547842198084,2684.024698655144,3515.566826584797,0,0,1,1,8080,17012.65521191644,BENIGN
56858.943744216514,8,16,2470.0091733437607,12013.04662038503,315.51658271896133,773.2573876698592,254719.0440061939,422.0971833026918,1789.6544614372638,1639.8080274386982,2636.9768069673232,0,0,0,1,80,8172.106607605866,BENIGN
33671.924409219384,5,14,2639.834188876448,10523.708762671451,480.21822064876426,807.7571478961563,390935.2727087887,564.2683135389135,1481.3141021746956,1199.371469109133,1259.9516113672473,0,0,0,1,443,3183.0791673668678,BENIGN
21689.92705076456,10,15,5705.572095000276,12864.128798439831,601.9963551279975,895.8538499485098,856143.9994693544,1152.608763574369,606.6233864194637,705.5900400818739,648.5012785932217,0,0,0,1,443,9188.826607485049,BENIGN
22119.03206342791,12,12,4578.328146654739,6614.256032624293,403.26194927523903,584.0424764506463,506016.0022908549,1085.0384379921454,950.8809884530579,871.3379016009534,1419.300433820532,0,0,1,1,80,8556.877778208484,BENIGN
13770.781912424114,4,1,552.3869282530414,86.65055028786787,140.97015459179178,82.52386679629976,46405.31544286272,363.0875887656719,256.6016707947683,206.49813238440805,334.24443184854647,1,0,1,1,22,648.6147027213301,Brute Force
8984.218377093212,9,13,2610.6378811836726,8242.744460146278,277.3216353892474,646.5939177613233,1208049.702910438,2448.7383405653554,318.68821174308914,364.4061663833141,481.5012643937291,0,0,0,1,443,15221.50422661862,BENIGN
2242.5562365532883,133,4,9112.962755108594,104.00731293881368,66.51899502298278,27.807523120335972,4110028.510238606,61090.99864115919,20.88435014427256,26.11651297107219,24.485372383213512,1,0,0,1,443,86.89207046840822,DDoS
11830.552313773802,9,4,1245.8173341474635,362.85619699855926,131.54788944908879,88.22012739637111,135976.19861526781,1098.8497962909696,96.21858093628032,122.96542767223397,100.79612090574538,1,0,1,1,22,1446.1967669187143,Brute Force
24619.294840500803,10,9,4637.763347708039,7117.823106239555,456.10913531190147,876.1336762798243,477494.84825246374,771.7524048959926,991.7758276571128,1319.9998558184052,1476.3971913462258,0,0,1,1,8080,6606.33464852363,BENIGN
11408.92333443951,8,3,1264.3576740513172,219.79770083973813,144.15141438486677,67.3614965663167,130087.24236150438,964.1575876660407,322.9199575415341,321.45775843054423,365.1066288968392,1,1,1,1,21,2824.630690036724,Brute Force
84498.3912529694,6,6,1040.631683847836,1101.8662060677677,170.60984680986599,182.09891768858077,25355.4873429654,142.01453805285675,15147.148185293865,20808.48643530114,12478.72077770098,1,0,0,1,1337,2093.577139879285,Botnet
84674.31878861555,19,18,6990.25505390922,7644.190306863263,367.94977030830563,407.0985417673061,172832.15938597056,436.9683810786636,2022.8887889374616,2456.973858182294,3180.4149773499776,0,0,0,1,443,893.4338881080412,BENIGN
1987.6736155597926,6,4,711.881887190075,306.86780622250944,116.46795468059494,77.18127499439595,512533.6903592554,5031.007063593627,339.4418396136993,439.5447599884176,348.54735196047295,1,1,0,1,22,2659.7497605380513,Brute Force
70878.07257899868,14,20,4797.032052872469,12139.359766299705,336.25195370991673,649.9832530463921,238951.07757473734,479.6970171854571,1819.778175745146,2071.344072372761,2091.2783746555656,0,0,0,1,80,6587.434427001903,BENIGN
13434.218341526885,16,11,3799.8437286668,8290.54774041409,220.38174472829644,720.9622681078172,899969.8502523176,2009.7931501187197,500.7428949842361,700.4874269990888,577.4175542544982,0,0,0,1,443,23033.92982857133,BENIGN
25741.41686681267,8,20,3344.2825198988903,18848.39907251175,398.2648110224244,1045.915307398095,862139.0853206195,1087.7412127262983,730.2199916465357,981.1406732972557,636.8990392652669,0,0,0,1,443,17455.940897729342,BENIGN
55209.82721291944,16,18,5006.261405587098,15199.448227835484,324.24875993683935,911.9272186753815,365980.30918478087,615.8323928252358,1620.7659608684355,2090.7832506795835,2288.292458349279,0,0,0,1,53,4672.763573856798,BENIGN
21208.93308289527,15,13,5390.835013719984,11185.378558508932,344.1285848307885,830.7751650731407,781567.5360679703,1320.1984225496774,543.1129829924392,459.8554105549399,649.1102672399127,0,0,0,1,80,17807.054272524547,BENIGN
188392.97593507948,14,21,9491.749007697978,14159.3879928618,617.3803107487408,710.506644881415,125541.50112640079,185.78187337547584,6155.309698071928,7477.680332118502,5838.090449987592,0,0,0,1,443,12380.241912111862,BENIGN
18104.018552069614,15,15,5330.548523350856,12549.627880134003,339.6019951223298,859.7506231326889,987635.7755632566,1657.0906571773514,550.5559703736259,615.7207706886134,697.6398398146314,0,0,0,1,443,19823.162078825535,BENIGN
9316.723668802653,6,4,714.6645342141833,265.2062946387671,122.69129004511608,63.41466750980313,105173.32741488074,1073.338692386608,66.6527112346995,67.12125403234006,90.96201451702089,1,0,1,1,3389,2672.9110296127214,Brute Force
44555.010866173434,12,10,3113.977607828107,1485.626310335644,251.68023822300864,150.25751802259424,103234.26767820209,493.7716223676785,14267.395352245707,12918.855922720924,14878.474499842076,1,0,1,1,8080,2560.9977511923057,Botnet
46214.81181018208,9,16,3407.2500170254516,11863.307386851713,377.17070527230743,697.9939054858629,330425.6104427703,540.9521108228765,1589.216002913935,1677.1268275168254,1326.1850850366668,0,0,0,1,80,8153.396437337706,BENIGN
9269.716436490997,22,11,8557.277976478761,8771.17670193947,370.78531017141927,729.6216682262794,1869361.8944160312,3559.9794477091878,283.7599764187386,370.4648441895912,425.6968348492828,1,0,0,0,80,17471.135946813192,BENIGN
9526.524940497684,7,4,900.8148134779753,257.72222297051667,129.04867695962287,62.046944086474355,121611.71504663775,1154.670781707452,158.3245849291354,168.92632676991477,178.77470876272827,1,1,0,1,3389,283.9599626661159,Brute Force
19162.470811221432,5,4,531.8110377387754,307.1817640941106,117.87130251717683,73.94553421810052,43783.122233985436,469.66803439197685,317.82512768063594,311.78771572729966,259.5504617753776,1,0,0,1,22,548.9691492083624,Brute Force
18241.058881633762,8,16,3180.368688579564,4209.884674160267,406.17247539155875,285.4388694935069,405143.87956835114,1315.7130929589125,763.7686723269932,902.0915332723919,1058.392322146146,1,0,0,1,443,5155.319516576632,BENIGN
183248.6074786009,6,14,2278.3393810088223,7201.948913357638,400.9230232571057,477.03551403893624,51734.57209203368,109.14134778533325,7994.854200534028,7309.169822612216,6964.746160592218,0,0,1,1,8080,20592.47149547153,BENIGN
646.7034630655116,15,14,7770.147873735558,8260.176046138191,481.83173911916646,536.4793559182459,24787750.237004474,44842.80919501165,20.762673133109555,21.69738780208104,23.677680621415657,1,0,1,1,8080,24580.249036059126,BENIGN
12499.208903760997,9,3,788.9309832825911,263.6830034241772,97.32779248346648,92.99969388230916,84214.4486752308,960.0607600365184,196.89505100833588,187.7866506536369,299.74417769031623,1,1,0,1,22,2956.806511703738,Brute Force
31936.106779133606,10,17,2090.8260156848983,9826.7219971171,223.07030837076402,596.2121918472562,373168.467127893,845.438055011804,1112.586933471871,1119.33451386603,1326.5545849453947,0,0,0,1,443,16483.246784982675,BENIGN
38027.9040302817,15,17,5565.676326710911,10871.463460640352,372.5336017924247,701.585824080548,432238.9099925763,841.4873450432169,1023.0044957200754,1349.2968443962702,1610.4231417287156,0,0,1,1,443,13051.377724488488,BENIGN
5668.81122066981,14,13,4997.856384754829,10171.84968070592,336.82196290761664,754.8843983362227,2675994.2208250747,4762.903358212335,215.81020953153958,196.12431458551134,340.2237305782913,0,0,0,1,443,2650.8576749964586,BENIGN
67252.03920007382,9,14,3244.8870429164867,12737.195467342135,328.5472075726005,932.6499371962866,237644.57851920542,341.99706467747905,3925.58218355797,5153.936511424763,3684.556310319362,1,0,1,0,80,10129.365919903354,BENIGN
11932.48220129522,8,3,1080.732731707985,272.08690282800035,135.14318337178094,92.98102281003877,113372.86003989534,921.8534596939098,77.2421174325736,85.02718944961113,107.86254380800035,1,0,1,1,3389,2835.7206870058963,Brute Force
1115.4236828056853,6,5,775.5187294140894,531.6607027266327,134.239840335773,112.16911137442955,1171912.92626377,9861.723549146012,252.73880580537656,348.67248448154487,245.5502822199513,1,0,0,1,3389,2925.8069125571737,Brute Force
13386.523513441332,7,13,2823.4027927141037,9568.326772582734,420.8384926296277,674.7423546810339,925686.908393682,1494.0398812221945,637.5573148737303,761.4958793026774,544.8404742603799,0,0,0,1,8080,2161.212369255576,BENIGN
82034.65718324567,15,15,4235.026763405609,14862.245919749199,292.9691144755537,958.021155896682,232795.1787559263,365.6990963342143,2289.7199566215418,1834.8564046213128,3646.8038973182497,0,0,1,1,8080,3187.8785997270807,BENIGN
20548.89870004633,16,21,6961.846334214937,11988.233568245867,424.9789878393729,584.4557902773162,922194.428960715,1800.5831134841583,535.2940280724341,438.97297636308093,784.6613608307163,0,0,0,0,80,4192.0007209315045,BENIGN
30407.005660771214,14,17,6074.953205633042,16688.468034516445,411.88242912507553,1006.1219952165177,748624.2313401187,1019.5018985376065,740.5257649639387,809.6967425088482,1164.8427778890537,0,0,1,0,8080,20627.920728518362,BENIGN
31464.718917668513,17,15,5309.994449777495,13222.044391983924,323.78299830224626,869.2602196385822,588978.3694001171,1017.012104374176,817.8685629361094,682.5722451364404,1146.7793806283423,1,0,0,1,80,2113.6940841190717,BENIGN
5275.395803073639,6,4,653.7715140390732,273.0026788020133,110.3837478089936,75.16485571229096,175678.6082858681,1895.5923637376427,352.62362653444274,409.12219662083265,388.8859173249487,1,0,1,1,3389,2059.8751235214545,Brute Force
46567.18238525209,9,17,4069.5198417091233,12844.901882346554,437.0029641899306,726.0544466650225,363226.22193720064,558.3331150444319,1509.586048152676,1537.5180090712906,1215.3272163730521,0,0,0,1,443,8191.185580087159,BENIGN
8772.380840601463,4,5,551.5356147258399,432.57036350340593,137.71559459170663,80.34737623394386,112182.3135715312,1025.9472500720717,397.95353641055914,461.5388855743579,536.4427724341787,1,1,0,1,22,1724.8026224165174,Brute Force
6031.366092390752,7,18,2267.2368461849765,10075.07725758213,324.7286943118749,537.4311001303777,2046354.659077705,4144.9979353003155,191.55397403511014,193.19554349527922,301.8224386719645,0,1,1,0,80,1243.157644535945,BENIGN
32608.44821443385,13,14,6251.574915864376,9660.769802846096,465.0925342001209,735.1598057780043,487982.27422754234,828.0062829867716,881.4615977456965,952.5687975041177,878.4230990642939,1,0,0,1,443,5486.497885025845,BENIGN
9484.766808422277,7,5,940.0541317751066,226.24186352771346,136.15859321578503,47.62062005553917,122965.17340491421,1265.1866136913611,297.6127899638127,395.5489910609587,443.3081213017226,1,1,1,1,443,493.3515329214277,Brute Force
11311.240296176846,3,2,426.67726226444466,148.9076016507922,130.0517667090879,72.42612713486744,50886.09638235537,442.0381734521174,398.571964239078,419.23127710305295,606.4642664282579,1,0,0,1,21,1636.0951759451032,Brute Force
40511.3011727761,16,22,6611.182301813265,15281.960147827825,413.6021072944966,671.8055778941916,540420.6188359471,938.0098614442009,918.9484164674278,792.4932344377004,980.0657541496128,0,0,1,1,80,6079.683353930647,BENIGN
4068.157294901443,4,2,749.5471072991403,161.13112714210797,174.1794061550073,73.39914470375847,223855.21709855882,1474.8692258088706,320.3403796733514,312.72633025619365,375.01848142922506,1,0,1,1,21,2250.552077291653,Brute Force
73480.21292013467,11,11,4871.988785067949,10683.123972533514,482.89720912464895,920.3597820867551,211691.17697723943,299.4003300441128,3657.8046693315214,4449.083095244295,3826.767805865762,0,0,0,1,80,22760.61634692216,BENIGN
72839.56257187879,15,15,4152.09095672346,3109.8788722822505,303.4900796858079,208.02494363421545,99698.15266036954,411.86408787663584,2134.2722415437493,2333.858685409782,2250.973486415148,0,0,0,1,80,24969.651925677917,BENIGN
34922.56989172516,14,28,4355.40229229484,20284.675818959247,287.25288495512433,799.5951811554296,705563.141190606,1202.6606326572726,747.4731045949699,748.1223221988064,885.459232664163,0,0,0,1,443,5782.028139517423,BENIGN
54200.24439113001,9,20,2433.239041284218,22931.221707986217,262.39451124254805,1100.0236582890257,467976.87047738454,535.052937966935,1730.8281846620332,1634.5226094234995,1768.005466948091,0,0,0,1,443,19324.88833171401,BENIGN
87888.42477043136,23,11,7826.8367111056305,6933.019933655946,313.85687304671336,690.0363842785649,167938.5730636885,386.85412884358294,2330.890906743641,2533.5185745339227,2551.1750373291716,0,0,0,1,8080,16337.785571794955,BENIGN
129336.73348819015,11,21,3447.247941525648,14693.461793717415,338.8535676451417,674.3113481541617,140259.53219933074,247.41617587645317,4562.409465672928,4442.469795152032,6374.659459997015,0,0,0,1,443,2385.7282132654846,BENIGN
97292.35974943894,13,7,4411.899139915798,4665.1360744773865,376.502642105365,618.1867984004094,93296.4853331716,205.56598741675947,4144.411255029929,3754.4870837542326,4195.165933677037,0,0,0,1,443,5770.234153865863,BENIGN
2172.213067278045,6,3,727.2993497225398,227.95555755503923,133.71500750772591,79.8993509904949,439761.14574920095,4143.239968295427,196.93660642400624,215.35751721350238,312.23406748676763,1,1,1,1,22,2275.5228177259073,Brute Force
41318.61026922085,8,15,2137.6399404236377,15666.444707761966,280.7004267302332,1009.4763901476406,430897.4704661899,556.6498933564861,1421.0389456919495,1830.5354928457036,1258.2124983417586,0,0,0,1,8080,11989.324406118565,BENIGN
5241.126495756442,4,2,553.0116045085728,176.2201961199409,138.29682971230957,88.81606124831072,139136.4625942433,1144.7920604202154,186.0700980930569,222.0954763433684,165.16416674661085,1,1,1,1,80,1522.6973095680614,Brute Force
89457.21091500673,16,21,4334.587167768322,23430.333192447288,289.51002783975474,1127.7430617243729,310370.9592130594,413.6055620508188,2040.4829281216576,2820.5849164614374,1826.2491949639266,0,0,1,1,443,11770.574832243037,BENIGN
131268.28940191172,10,15,2607.5936585165,5939.970026815308,271.0173163600818,430.02146686500276,65115.22108101247,190.44965173162308,4627.13070031652,5697.228249213038,5101.549653351493,0,0,0,1,443,7974.381196406141,BENIGN
1233.763772669706,108,3,7557.868107933394,92.73244733618614,70.4920119220786,33.722420437432945,6201025.451342816,89968.60052051155,37.74360687950947,30.301849663624836,57.27694227678577,1,0,0,0,443,498.55211720039426,DDoS
13626.288936388233,17,23,7347.54306043638,22538.8396963503,456.0890619396903,916.7316411076379,2193288.4952246086,2935.502115560038,300.99539999697936,329.2304827365068,365.0680253285441,0,0,1,1,443,2085.478995182393,BENIGN
54.412245522437225,1,0,49.79008095357037,0.0,52.05198037812261,0.0,915052.8612725443,18378.215976909898,44.514141738833494,38.49725309544751,41.36895680475453,1,1,0,0,36371,31.63644973670222,Port Scan
77933.29366039141,8,10,2689.097778590903,7016.5823967230235,340.06655539758583,766.9799950762418,124538.30345741838,230.96675572879408,3155.2649433881375,4188.211110099603,3399.7493329535837,0,0,0,1,443,5810.617034344556,BENIGN
3055.9735629968054,12,16,4547.18309261631,9536.477065446043,393.36841392521586,589.8090389046747,4608567.406666756,9162.382927338585,112.72910190920074,109.37892124742106,165.04915888318487,0,0,1,1,443,15645.385084413696,BENIGN
203.786214001824,1,0,44.19615870204055,0.0,45.89400205951971,0.0,216875.1155151495,4907.103284185109,13.983549116692839,13.884814501443687,18.635645176769167,1,1,0,0,35268,43.5093769695181,Port Scan
33778.78295624349,17,14,4783.625216700057,7950.600757283319,284.8060574035222,576.4618051588079,376988.8924204016,917.7358473855294,1174.231505294255,1188.652743117169,989.9303126067938,0,0,1,1,80,24338.248101621346,BENIGN
46508.30039895707,13,20,4744.835705385152,12874.128711197622,372.64929586275025,659.9515380249891,378834.8373396563,709.5507622708142,1424.066103034307,1431.5715656564448,1467.1413674721089,0,0,0,1,443,4599.4905426216155,BENIGN
2754.543626266227,6,3,682.046785475552,339.338564765332,105.58854549501741,116.92437822778196,370800.20824551897,3267.3289013031404,131.8500140321509,157.14721866281732,200.17438965194256,1,0,0,1,21,1402.5418625786224,Brute Force
124757.57405926593,11,18,4626.358795655444,15992.061250383045,397.2927136769616,939.4146089589153,165267.88214272054,232.45081686362056,3668.5645913032904,4957.6950965981905,3727.5514646151723,0,0,0,1,8080,7151.512799991024,BENIGN
42634.24290023295,8,14,2766.598496311107,13494.118073912601,318.81090515363053,1057.891927093315,381400.3829802935,516.017137948984,1741.1695326588513,1947.4114860406942,2363.6273875302177,0,0,0,1,443,13706.345618088042,BENIGN
45620.89902609313,19,10,7741.094504914024,5271.019811911019,445.65541298517434,532.1526657962784,285222.66317861667,635.6735754684116,1906.2848785782955,2038.5421796430574,2140.1315096527974,0,0,0,1,443,3388.994418766695,BENIGN
398.37955596737856,1,1,39.43475620295528,0.0,40.77652507293766,0.0,98987.90139267188,5020.337941648218,24.589455071692093,32.321384748213006,36.526484934775326,1,1,0,0,64145,30.047847585892224,Port Scan
3309.0250728356323,13,14,2233.3997808783497,7120.43734338024,185.66713556627542,488.4714131679888,2826765.2611779463,8159.502997317168,117.76132639886475,130.5954219585254,187.3473468126593,0,0,0,1,443,10464.393566883986,BENIGN
84293.52512366425,18,15,4564.736387586075,8296.543524042187,247.61465534366644,519.6160869163185,152577.31709238523,391.4891440545023,3095.872531559875,2591.1942524458723,3575.709576979394,1,0,0,1,8080,22813.526592869046,BENIGN
6127.6125098589155,7,4,980.949608551593,383.8601619729134,134.94173771913012,99.72417955064958,222731.0829998828,1795.1526768870815,66.2597270470404,86.27430770089093,88.14553548574297,1,1,0,1,22,2241.387862767598,Brute Force
9360.3574045211,13,13,3959.6113615452314,4975.7416057118335,330.91741741101316,380.4035057196271,954595.2767723639,2777.671714484093,309.16404069600526,278.49128561040857,478.24712142164003,0,0,1,1,80,14989.976605332151,BENIGN
2603.3272156081257,4,1,452.42646545192576,93.89108386485248,112.58130354813329,99.13383852544156,209853.58507426846,1920.619110046073,81.99102411390095,109.57560411307826,114.93364639515394,1,0,1,1,22,2253.4382961537926,Brute Force
94656.18402430014,8,19,4086.9042851928266,12922.091375184707,467.50997038900437,664.4899415290446,179692.38709233183,285.24285315652025,3011.7022438475706,2499.3737729158725,4639.674286800186,0,0,0,1,80,20190.684275064737,BENIGN
13555.910240830102,7,2,1081.0024013401023,106.90932219082016,168.59246202292496,57.67964942647191,87630.5391837841,663.917054635859,158.4242931589729,208.27651217110053,163.68185597119933,1,0,1,1,22,1445.783675361423,Brute Force
82920.69043850835,7,3,1206.5276055860754,494.21607713187734,183.64299953375593,178.2856770660836,20510.48626975889,120.59716274812881,15159.390088880207,14100.796631954703,15326.868758639377,1,0,1,1,9001,6162.816526003508,Botnet
55128.78542459189,11,6,2568.544410586554,1551.7520167021964,230.9995232196153,239.18790433207442,74739.47404345979,308.3688470382412,14957.276206103532,13628.57327091264,23350.267938783843,0,0,0,1,9001,4014.175890779984,Botnet
1383.2107713863638,146,3,10076.381222174945,156.47082418985693,73.33203271418925,49.089632535335284,7397897.8894941835,107720.38729185166,17.338729366636784,17.38849481700694,14.380071233524095,1,0,0,0,443,61.12623735274656,DDoS
34954.6578756193,8,19,2646.9823141267593,7183.858766377737,317.42069991257904,413.59000239846415,281245.5242870925,772.4292452260667,1242.2257137642769,1011.164684597831,1290.5333994969421,0,0,0,0,22,1909.9130122309994,BENIGN
3097.227321388858,5,2,668.3303191100907,145.72606295399254,126.77931714687261,79.39791517543799,262833.9148509914,2260.085965166116,177.17226355020017,207.78918126314724,169.5974268486183,1,0,1,1,3389,468.16859040896077,Brute Force
57516.84623444897,17,14,6202.124403865674,9597.100962105893,368.80035130483935,696.4629791422369,274688.6590681814,538.9725276945549,1727.0989554303433,2288.86664161397,2724.8571618040564,0,0,1,1,443,5863.632583172912,BENIGN
11762.494514409631,6,2,925.3350091630915,166.89052730163533,153.4656623016882,80.82808233965807,92856.62451333748,680.1278410969381,281.2831104360168,250.5286774436403,242.37448444077864,1,0,1,1,3389,1750.9024869639816,Brute Force
31796.432737485302,17,15,5229.856266521012,11165.108001978213,321.8478298635892,816.8044020880578,515622.75566752336,1006.4022044295148,965.8400486651122,912.1768298768344,1505.7251715162383,0,0,1,1,80,12214.06398699053,BENIGN
27195.663274545514,15,12,5438.935169602751,9380.326365487774,366.1449643695715,824.4024430201189,544912.6717553161,992.8053501556386,892.7135295853957,965.8650373032251,1074.222906267602,0,0,1,0,443,4128.956000048802,BENIGN
7091.323059433193,10,15,2054.85741034539,10800.14935386256,190.89655854635254,679.4102212159495,1812779.738910308,3525.435210111305,300.21390452150564,364.72094832623674,426.4201725705912,0,0,1,1,80,16833.922542249216,BENIGN
24943.2143946204,8,24,2926.2781468493636,10678.331137974083,351.5882641187132,440.0611379690406,545423.2589909344,1282.914042021046,1013.0757167589109,893.4927907534226,1483.1556892918002,0,0,1,1,443,2674.57633198762,BENIGN
53798.29291432158,9,6,2114.7676257102858,1441.5958187782298,232.17094807809315,242.02517177665052,66105.5072909531,278.8192559174469,15286.183436163468,18054.281449011924,19015.232845158975,0,0,0,1,6667,6412.951393370891,Botnet
8388.428447268694,5,3,561.5014497783058,192.37536927311572,115.71503095833056,65.38033691792305,89871.04363951353,953.6947296254082,171.32376337008685,193.59163175061394,261.91442571722536,1,0,0,1,21,2664.2419243857244,Brute Force
43698.30448828404,5,10,1767.7720966648249,6413.295254130389,360.1424044002686,704.5067830639198,187217.0430088115,343.2627461328998,2806.5512155265633,2597.2464474436147,3603.816546555822,0,0,0,0,8080,11045.776970925772,BENIGN
138845.84458105938,14,12,4560.572318103461,7244.221612507805,314.37727419077896,637.615262529687,85020.86588352686,187.2580348259611,4048.5605649179306,4009.541007315486,6308.8345523836715,0,0,1,1,443,13638.915976121667,BENIGN
7257.619987661199,14,15,5836.674772156531,11182.052192021825,404.6849505382745,793.3817228183466,2344946.0006327387,3995.8002829169045,269.0332622519642,320.16438486938904,405.77548279093656,0,0,0,1,8080,18204.96463204442,BENIGN
77213.11113289153,5,18,2068.3585291834574,9459.942038570745,398.8389641708169,581.7659804740375,149304.96127675567,297.876871719554,2801.796829637127,2484.147633414502,2975.128857165069,0,0,0,1,22,4904.495258890288,BENIGN
29128.571466757872,11,20,2066.5362115497014,20555.374082588263,184.01226794930386,948.1768699887859,776622.716289213,1064.247178595004,1076.7767969360973,875.641360103918,1414.2480020966548,0,0,0,1,8080,21224.81271198111,Port Scan
9323.897824401249,4,3,329.1874288152156,316.18229951084504,87.3940736139493,109.96583464215605,69216.73107968707,750.7589778258341,269.46677279374785,318.5702325421829,320.1098953719675,1,1,1,1,3389,1009.2983511429358,Brute Force
1815.5624967271096,139,4,9282.449971262584,158.1097300133471,65.16528015243391,40.43626559983702,5199798.805215631,78763.4687639694,24.4352568149699,21.12743743396735,33.88943752273381,1,0,0,1,80,226.05670797019985,DDoS
152.24358138436332,1,0,42.75326382361882,0.0,40.0,0.0,280821.4535868107,6568.42141328336,15.848390242493059,14.711945327420384,25.285258354882554,1,0,0,0,56930,44.03634943791172,Port Scan
1711.154886758804,5,5,723.741340142355,373.17113079430476,154.9672160971177,77.7350065207193,641036.3430129836,5844.006335944007,310.10495155226687,333.8963399394736,484.0484544640605,1,0,1,1,3389,668.4914283189664,Brute Force
32173.79617961139,14,11,4642.920476811735,8055.0330156020955,348.5292651729207,668.2172333764076,394667.55559484015,777.0298493978327,1057.47145324805,1071.4031297549861,913.9479976226144,0,0,0,0,22,6916.555532614536,BENIGN
1531.3905747234621,175,3,11717.970989760033,67.28435249631862,63.26936114297261,21.833842671970537,7695786.781490757,116234.22720369241,30.981961734371822,37.399855512181844,35.51472852873431,1,0,0,0,80,31.662186991011247,DDoS
1430.929509391987,13,14,4620.841420976646,6110.961556731437,344.28752521423326,445.17949028814803,7499882.354280407,18868.85400209023,51.246974222889506,43.41648871619878,43.09651127283527,0,0,1,1,443,11771.856796124206,BENIGN
2845.1747364861044,117,0,10422.56511979588,0.0,87.29470110523442,38.53971996525528,3663242.5369656314,41122.25463680986,2.3741985661043694,2.65141453161043,3.5206998172030395,1,0,0,0,80,140.30660808122025,DDoS
78151.90599628343,13,11,6427.555298022556,6718.8679819631925,541.6299074770125,619.8205901296113,168216.28484161265,307.0942377418324,2932.999430964349,2561.2726307985804,4403.410653279164,1,0,0,1,443,17946.99781169135,BENIGN
56986.13524744628,8,9,2257.1067335408293,6512.054512167804,281.11643038790265,780.3703818826939,153882.36467749593,298.318177328262,3468.878983419581,3575.3472104068496,3894.7010212349337,0,0,0,1,80,18499.24945755945,BENIGN
687.1181530494474,1,1,48.222537343264676,0.0,47.2088730435132,0.0,70180.85190916854,2910.7075560788935,23.31627891736818,25.7471993554411,36.464335058513065,1,0,0,0,43940,15.029988146583312,Port Scan
13329.993307297806,6,4,689.3854362831772,346.19847444606955,124.9747899398485,90.24128931972561,77688.25436411082,750.1879235397121,250.75096122924876,253.04788098397646,335.412685768119,1,1,1,1,21,2844.835444937554,Brute Force
51225.278337192445,12,21,4215.9531841915195,15476.973872617149,356.74241956328405,761.7981684338603,384437.6779600725,644.2131906590371,1488.9456432108707,1423.6443038008122,2266.0411821784896,0,0,0,1,443,10249.9961539959,BENIGN
12651.34607650402,3,3,340.24564014861363,247.90659002863012,125.69284045467002,76.99984820261105,46489.300555104994,474.2578349937919,174.24388866548998,162.29574131868563,166.34834878873397,1,0,0,1,80,2158.4212986287093,Brute Force
35629.224561311385,11,15,3742.332351245711,15244.79868586479,331.63877776172063,1055.7052039157788,532908.9047233434,729.7380260201495,1099.3433185082106,946.7447502644574,1573.5865415200328,1,0,1,0,8080,18101.218997119562,BENIGN
72225.63555836899,12,16,4210.964667125346,5706.328627499574,358.26489922441,375.0026422211298,137309.87921332006,387.6739856082244,2518.9196761741737,2706.626552921281,2439.1650722550226,0,0,1,1,80,20681.898022998223,BENIGN
117393.29897422319,10,16,4900.214253386823,13393.386135266297,453.549330869727,798.9480895786158,155831.72590345182,221.47771829556464,3774.5800677753155,4357.331174155202,3203.5979270353932,1,0,1,1,8080,17713.585917085,BENIGN
102874.42233575183,8,20,2441.2382053683314,15748.201076060994,313.42747256228637,825.6970335924838,176812.0672606486,272.17649795025085,4193.370430950362,5814.147952168505,6245.04816499846,0,0,1,1,443,15337.935393479389,BENIGN
905.7828545652565,14,18,7050.486360520185,13298.259342952519,524.6250712731937,756.6170432226689,22465368.604530916,35328.555667306,32.720294116471976,28.911881527949426,35.58264253648679,0,0,0,1,80,8345.431972452909,BENIGN
132685.59518491654,22,19,4785.482033102308,20532.466102684484,228.16382441258588,1009.6404301790062,190811.580567601,309.0011386907567,2660.76301829337,3543.1888705253823,2710.611810802166,1,0,0,1,443,16258.725559464556,BENIGN
2207.1501334915984,110,0,6652.329421656031,0.0,66.5206957411269,44.553678197984965,3013990.448910871,49838.02339987885,40.7611481078527,48.67915115384864,40.35431303942785,1,0,0,0,80,93.6202631309717,DDoS
7841.3948694519995,9,1,995.8616605469724,100.15189221910305,113.60284324066146,92.08752284631197,139772.77907988723,1275.283309473083,235.5069891008007,195.898840519046,218.23687376367138,1,1,1,1,22,960.5378201350784,Brute Force
3192.7830828917135,5,1,495.20072491868126,66.07468769755006,106.76286629110558,71.41071425400213,175795.03462787156,1879.2382207706328,288.5462026787453,244.05146013234554,378.68102866524384,1,0,1,1,21,2519.5636673344225,Brute Force
2237.1276067281115,7,1,1047.922434136474,93.37271133400942,138.9101033455873,88.60253955122657,510160.95015682775,3576.0141602741737,218.8778325677076,247.7622848683785,232.48069060857986,1,0,1,1,80,690.8125792567755,Brute Force
10793.46264186037,5,2,907.7603612790911,150.27346158763126,172.32451256965615,72.58348723579445,98025.43057529487,648.5407169384036,244.00050829246797,269.98529762758074,236.74471103576383,1,0,0,1,21,2773.4709272872587,Brute Force
29795.831618578974,9,16,4619.283639522867,11966.73537082371,475.6801249396692,698.3074476368705,556655.6833407691,839.0435387079926,1148.405177259353,936.2453394788613,1384.5396166483115,0,0,1,1,443,12138.107617821568,BENIGN
63421.59625341812,9,22,2614.979950292982,10784.458261870812,291.8106851024303,446.3465452215119,211275.6380117384,488.7924907492256,1969.002407312247,1625.606624024128,1723.2428884350177,0,0,0,1,80,12110.523633655639,BENIGN
45539.30759778841,12,9,3000.126121903034,8146.203241219269,265.5125949352149,831.809319845425,244762.82032148459,461.14008112455036,1447.5435121995733,1293.0876561066398,1498.7909611729206,0,0,1,0,443,13264.914012346471,BENIGN
8248.223115037747,5,5,643.1645183363,562.97389316754,124.3083031613842,114.0822708205711,146230.09036999362,1212.3823350229823,310.69363757119834,353.0851219563961,460.3729769426947,1,0,1,1,21,681.3357420566884,Brute Force
10135.840640217353,7,3,908.4000169210193,250.67492886751262,122.91920415880189,87.04300595150053,114354.10114771464,986.5979897436075,300.68488628087005,368.50321005306574,336.7463657364856,1,1,1,1,21,698.8053501302329,Brute Force
59626.35964394153,8,12,2878.111017122993,7885.471492199373,333.9969409659044,723.0339632178135,180517.1835677549,335.42212067665855,1986.241871531058,2020.3035967042938,2641.049561767868,0,0,1,1,8080,12696.370335523921,BENIGN
5371.100209630886,12,10,3672.194599703099,7580.719431723786,319.8684237898676,707.955573473415,2095085.4745270542,4095.9950738867133,221.54745462800145,240.32905501667292,247.59104697270536,0,0,0,1,443,18241.43353692436,BENIGN
10846.141415103508,6,2,1060.1458730315592,170.69116935200154,163.78070576902212,83.35085632801277,113481.55950369511,737.5894978521866,334.3134251186731,441.57190191406846,402.7415460464336,1,0,0,1,3389,358.04680764677687,Brute Force
75185.44787614989,10,20,3570.469429289402,6992.57936042941,352.60948014633533,323.209705439214,140493.26150346166,399.01338420458507,1866.7067183749705,2484.546220545969,2110.9807349870007,0,0,0,1,80,16387.273623802168,BENIGN
17850.43343273791,12,18,4990.36329835175,11729.330691126575,401.21509030305754,683.2506035223396,936654.7906234144,1680.6314599050372,566.2193136958426,647.3283680591425,639.3735182361256,0,0,0,0,80,6219.248867643776,BENIGN
34666.67238755527,11,12,2948.5465780850154,6932.0499633283225,255.78085135237947,590.8089775771579,285017.16089024744,663.4614289733963,1120.5308435566872,1302.1502408008992,1333.0267427525296,0,0,0,1,443,6877.556862880157,BENIGN
25841.650454205293,9,16,4951.139237967777,6758.184179549977,521.9471166538945,395.74959123309,453118.2494813236,967.4304682784559,1081.5542869834858,914.2539263647634,1644.0011662798393,0,0,0,1,443,16500.59596896695,BENIGN
47284.146996483985,13,15,5870.40780481685,11271.117973830505,441.93978580606847,789.5081468718059,362521.62442355126,592.164642455791,1861.5243337789216,2104.6375369168063,1560.5174252415366,0,0,0,0,80,15236.34861719735,BENIGN
7201.409735092273,9,5,1148.5835610192096,472.3687450082733,123.76264851409114,93.49510936545242,225088.19323647514,1944.0638034770307,158.37066748975798,127.01913643739934,161.96892161301125,1,0,1,1,21,2405.3821620182944,Brute Force
12433.511368221672,8,5,902.6222282982395,373.8094345729084,123.97458368006215,76.09893430895109,102660.5940244306,1045.5614359452948,364.6905655191268,399.60256324710355,373.0654826176082,1,1,0,1,443,130.79083247372554,Brute Force
4992.718827428855,4,3,459.4393281131021,228.24934536818714,118.43344613705425,77.14151836092805,137738.31398301164,1402.0417015161363,245.49989144938672,287.2687858626624,256.7713114144802,1,0,1,1,22,945.9063851102624,Brute Force
62297.839459213166,7,19,2893.724458653465,4451.507591458373,389.12327868511784,214.98919435293647,117905.08489336637,417.34994705590685,2626.105967002529,2803.9799371530094,2757.6055878817506,0,0,1,1,443,22505.887271985972,BENIGN
4880.222912866622,7,13,2887.235855891184,7805.654274406079,446.6298853069784,622.9044426229996,2191065.924899792,4098.1734558211165,209.22420129965377,193.7173808709893,270.56325683372296,1,0,0,1,443,21783.093069593542,BENIGN
376.5172629543608,1,0,41.53068059510411,0.0,40.0,0.0,110302.19509520395,2655.9207196861357,15.13834494738604,15.960740518890207,16.183676535025512,1,0,0,0,2230,48.445092954849414,Port Scan
19428.004582421036,12,17,3409.9334269256774,14346.761486637557,287.3486244002091,773.6708134938395,913974.1983399547,1492.6906094226451,630.061778853766,797.120025559624,1003.0207826162456,1,0,0,1,22,6665.702808201533,BENIGN
9813.335521351994,6,4,836.3476161120664,442.91391424903617,131.47312164251005,105.87367650565217,130359.50188166575,1019.021511925467,234.24603999926566,191.17640628568998,200.1515371886623,1,0,1,1,22,131.56061460761936,Brute Force
14464.58034969991,19,13,6700.676877112717,15967.658570595442,385.893510746936,1197.1165025586445,1567161.6389602653,2212.3006147678448,520.4477887150836,488.83382507276247,699.1977780546937,0,0,0,1,443,12029.944950501333,BENIGN
2478.2869414612874,17,12,6605.582151843965,7463.240946188597,397.7537341996546,587.2989294678896,5676833.8091379665,11701.631282009885,75.80646397489643,75.29832977320523,77.86795560297122,0,0,0,1,443,8820.749990443424,BENIGN
10489.015981538965,8,2,1234.5526411102328,161.65827077154512,145.25159167596507,77.82339340251552,133111.71556408703,953.3782785344545,277.163827491323,249.33443878423282,256.4212223766718,1,0,1,1,22,1496.8838780428705,Brute Force
7127.197801626674,5,1,484.56241342545525,97.9546126620262,102.39645031969978,98.03566564480789,81731.56439611243,841.845584618206,224.34384784874047,229.95311087751583,226.98417391787345,1,1,1,1,21,259.1917851357518,Brute Force
27725.662962448205,20,14,4975.863962728163,16396.785528952845,262.6069456023683,1170.5768141958179,770861.6208971539,1226.300703649532,777.49950987975,1042.3716312457575,789.4249188686186,0,0,0,1,443,5434.474576996659,BENIGN
10496.859287219855,12,19,7006.427418457476,8117.31972317757,540.8723849425803,427.36280361024325,1440787.8326089904,2953.2643195229975,353.19256109330485,282.9733033943453,284.21225414807463,0,0,0,1,53,741.2276366389208,BENIGN
2436.359399978859,150,2,11374.990646152475,70.13784340447901,73.62463309381754,33.547462128225526,4697635.533434134,62388.1681829532,29.632694746282187,30.450888051984297,45.382062437216824,1,0,0,0,80,490.0527994408549,DDoS
42240.80714193548,20,18,7148.408474316057,15656.610689334078,363.3336708929995,802.2808471464447,539881.2358632692,899.6040220612799,1159.3397960293223,1352.0198372743268,1315.1719081036306,0,0,1,0,8080,14298.210820768007,BENIGN
4223.927905355616,10,8,3983.051137758737,6534.787420605131,435.5081449418037,790.1475581220313,2490061.098113928,4261.436369966776,137.10710957876225,126.84290601991759,203.32967341461915,0,0,0,1,53,8124.606235664876,BENIGN
4212.074344625956,6,4,427.473773716414,323.5255542068441,72.06071017129193,81.28904736913707,178296.78834644333,2374.1271358988865,272.6250993734807,300.40414854435267,306.8529940280895,1,0,0,1,22,951.4505612877182,Brute Force
447.9349929485012,1,0,37.43292608375649,0.0,40.050222241495355,0.0,83567.76468245278,2232.4667992950694,40.58528137884376,35.4799926727494,38.48628356623758,1,0,0,0,20393,42.471184677775426,Port Scan
577.3671283739516,1,0,46.39846780441108,0.0,47.59530260231682,0.0,80362.15697814981,1732.00023149277,44.16048088675744,40.191057433219164,69.6225445388084,1,0,0,0,17572,21.541597871418837,Port Scan
8321.547029396015,5,4,639.6869931681385,311.86739873684184,136.3460989186256,85.19331272692175,114348.25622490593,1081.5296684868015,362.04728444786707,463.9210046097373,480.0293459010634,1,0,1,1,3389,1487.0672209502327,Brute Force
32739.91420406672,14,16,4852.620715322342,10481.655725468834,323.2376061364267,655.9001793368349,468366.421036206,916.3127249818391,1114.4596514140937,992.2504011915428,1469.537143639518,0,0,0,1,80,5712.530183987601,BENIGN
5252.346120741725,8,3,1058.7654205537524,196.05376957014855,134.09448926358078,63.2389256612869,238906.4165380438,2094.302193178123,57.62197480932638,76.56023057026968,72.31178314161647,1,0,1,1,3389,2841.59116287179,Brute Force
4408.729608797991,12,12,2669.208972637422,9893.278792894835,231.76456430211073,871.3312437206196,2849457.5263728476,5443.745053474357,197.44355769844515,215.80547839882385,315.5715153867846,0,0,1,1,80,12276.852603084606,BENIGN
21352.47860439388,19,11,6521.998986535648,10101.129266213777,369.34513827326373,996.4548792233784,778510.4746260579,1404.9891141830553,701.712704977352,843.1000429463044,817.3364065795005,0,0,1,0,443,11467.990987440904,BENIGN
8383.5293198522,6,3,608.4847064316914,142.3607871487717,106.88825244910484,49.597176871030655,89561.98099080549,1073.533550922044,256.373255138555,305.9522502698104,217.28313499085309,1,1,1,1,3389,983.8553937796881,BENIGN
27059.769528459787,17,14,4777.509886908896,8957.097457720993,256.46020315665373,602.9507462443689,507565.5699944037,1145.6121223573662,1056.882331314487,1207.7388091773882,1032.456241217783,0,0,0,1,80,7393.417761044019,BENIGN
217.5431769542722,1,0,46.526357393105556,0.0,48.05317282085692,0.0,213871.83015574625,4596.788619163179,29.505650499485057,29.73257462221744,26.180625140201656,1,0,0,0,26083,17.268640032184624,Port Scan
18777.531924989893,14,19,5182.296110973679,12540.562440875456,371.2107472526081,629.6857008895961,943833.2269994888,1757.4194591613116,577.4937281688519,771.1127319945917,669.092142375736,0,0,0,1,80,23888.01105876224,BENIGN
418.3902437997772,155,6,9283.48114219107,266.6990881958346,57.093914542029836,42.43952000295157,22826010.816249326,384808.2080925563,3.3041075043198784,4.486016973104468,4.457665483381005,1,0,0,0,443,185.1746246742267,DDoS
106868.50587502564,13,22,5155.287127562114,5330.932027999513,395.07894290758304,253.0048236400218,98122.63275978088,327.5052805634783,3435.3116068876543,3035.921006528902,4053.5650476670116,0,0,0,1,443,4118.0735625729985,BENIGN
14932.073870233538,8,11,3503.9591179219647,7736.103679637111,470.11544059282954,743.8140911640722,752746.2625245693,1272.4287439988964,609.7610280303438,583.6061145740043,973.1582425641463,1,0,0,1,443,9541.046664798954,BENIGN
16538.475015884855,12,17,3404.1642773742365,11280.222941968137,260.4045788159374,659.0328673708982,887892.4571484572,1753.4869431520206,496.76920089381235,498.78785727453806,783.5858935724096,0,0,0,1,443,21821.8144109967,BENIGN
107956.31475516941,16,18,7405.413061974038,16822.84213626782,504.8348615317542,996.5743085129176,224426.47521998436,314.94220673526587,2859.690944481092,3999.420388971566,4088.648424521377,0,0,1,1,443,7917.436672910384,BENIGN
117453.03635868915,12,10,5207.963333857892,5429.239422700039,409.0046829851572,527.7024834849835,90565.58337132332,187.30890815639987,4379.076154764559,4326.699896222024,6900.375128683504,0,0,1,1,443,504.3736143304004,BENIGN
15522.080129563898,5,4,656.5255640002326,426.8246143660765,129.12600629441482,100.27151152310134,69794.13643812612,579.8191946489366,211.48343220298779,281.5731924114658,335.8845711671064,1,0,0,1,22,2569.7821950197695,Brute Force
1731.181346479646,10,2,1307.1957122900023,153.61461578949945,132.60295676418227,83.55015889171348,843822.8213641839,6931.682821330057,243.43126183752747,217.49928904390595,212.54001175713483,1,0,1,1,22,231.14059320448823,Brute Force
125760.0573164494,9,12,1416.4641350823272,9233.00412463381,167.30198795713562,755.5403375758367,84680.84769489993,166.984656719405,5276.599648638723,6046.072364967311,8172.854102496212,0,0,0,1,443,24057.40309093535,BENIGN
35768.042924570604,18,15,6160.7574698523995,11064.334823599223,341.65581393529277,743.0966512582007,481577.71253453096,922.611283753825,1101.6994778155454,1230.8915707858696,1694.7828579074865,1,0,1,1,8080,17735.179150237895,BENIGN
11711.319390770626,8,3,932.3782140345671,242.03888491859385,108.83504107656832,82.04068627048989,100280.51150912061,939.2622327992184,378.8084469047808,373.30853081900216,352.1640595241643,1,0,0,1,3389,2468.0575686012235,Brute Force
1117.8507290517277,8,15,4143.635153802996,10190.279248187317,513.6850511290463,637.8106590033188,12822744.602179367,20575.197924244225,46.191175102816686,54.05275380992188,41.1887119143267,0,0,0,1,443,19966.66070871222,BENIGN
76641.24302003202,7,12,454.5957985966121,12199.389740983745,71.96176665890056,924.2276370123559,165106.736803224,247.90829651645777,3217.756541106876,3242.8060162102124,3945.941406288283,0,0,1,1,80,21784.30273902478,BENIGN
1364.008485448442,109,2,5778.556113797354,75.6193356099825,56.720092556072125,39.22694537758972,4291890.785036189,81377.79286872015,30.2065793156279,35.733411592992546,33.26131191217682,1,0,1,0,80,251.35610835154148,DDoS
11091.339782756035,7,2,817.0090218598107,167.09180908858943,118.3844987854275,77.2527157493561,88726.95726790417,811.4438991394449,103.06128436953063,131.82585966358212,87.29666974754167,1,0,1,1,21,829.7893143197297,Brute Force
49117.06299364489,10,11,2309.2032268944545,6951.409279055182,242.59840286103187,698.1738012823225,188541.65826543496,427.5499942396215,1897.6435230412515,2603.681867076912,2413.9936956513607,1,0,0,1,53,18981.073800884205,BENIGN
16059.688920109425,10,16,3348.191976422205,19241.22057956624,332.5434212540657,1119.248904782496,1406590.9164468753,1618.9603752189519,630.1030154938524,773.6446000938012,936.6315023711308,0,0,1,1,80,6452.800714106434,BENIGN
31083.435348028717,11,13,4257.416969435051,11675.010498868078,393.55840876609466,964.4631957491729,512569.7108416155,772.1154284036387,1191.071119578973,1059.0257910757953,1747.3399900528016,0,0,1,0,443,18454.267407094,BENIGN
755.1240849742264,1,1,38.41966527896022,0.0,40.0,0.0,50878.61193074187,2648.5713272783014,34.092805218796144,32.249994268964834,45.659791314780584,1,1,0,0,5530,48.20724834994055,Port Scan
6456.538498427479,15,10,3939.303039779737,12934.918466027213,239.59062158030196,1237.8510007136726,2613509.0048509347,3872.0438213276157,182.95263326258922,149.3073797003776,184.71173361893563,0,0,1,1,53,9260.823106353655,BENIGN
46272.462473425694,14,11,6426.789815648263,6182.57676971408,423.91550720119807,520.2219068360401,272502.6054665647,540.278140899839,1424.4685661575759,1738.3251018186613,1185.426703581655,0,0,0,1,443,697.5440449547604,BENIGN
21352.45549461219,12,12,4057.957724154242,12619.962581005326,330.6859574096558,1005.7192586639358,781077.3945585727,1123.9925078432248,800.4867332145463,703.90181844273,858.1100054512635,0,0,1,1,80,17664.5436127694,BENIGN
921.2898072736845,145,1,9746.177826358758,43.492834317556785,68.46873307266718,43.67156689664434,10626049.027554398,158473.47799499563,12.135743797743297,14.065484206135329,18.291915626148377,1,0,0,0,80,121.14907888399617,DDoS
73687.47079194045,12,18,5207.5440282459385,12082.431729217813,399.2790928387234,675.3222528023924,234639.2890357534,407.1248433089285,2259.0401804884164,2157.758362331213,3278.6726765038197,0,0,1,1,8080,22711.883678666403,BENIGN
68372.40353637582,8,5,1921.7341008979204,777.9993046765406,237.83371275217573,159.65269109906572,39485.717423084825,190.13519091929652,13996.182576366129,18019.5265788694,21772.97320869904,0,0,1,1,6667,6266.199828081603,Botnet
188.5879564695382,1,0,40.10550162776066,0.0,44.19626485688621,0.0,212662.0510585931,5302.56554405968,25.77837455733755,35.341574657820836,27.978745306543185,1,0,0,0,42782,25.062318803274003,Port Scan
416.51908461405884,1,1,46.37012393575639,0.0,49.61237518749171,0.0,111327.729385371,4801.700747645631,41.87782950909746,37.643729400904306,54.019401564817635,1,0,0,0,4909,0.5710103211322537,BENIGN
11800.659015852209,13,15,5417.703700200127,8101.310728450541,456.2254121768557,562.3448547247708,1145615.2076329074,2372.748840754291,473.15631606763156,612.8167437440131,498.4683119954466,0,0,0,1,443,8157.367791679928,BENIGN
7367.801182799154,11,8,2787.9494084453922,4711.90823073021,233.16255442281647,588.1880996069781,1017923.4554652135,2578.7883696369745,412.13716357398806,567.2085885178926,373.4203974437129,0,0,0,1,443,14565.365609793957,BENIGN
144411.16653728505,18,8,8158.908742595896,7483.392985300086,420.1985639316156,862.2287575542314,108317.81297090586,180.0414789481473,4357.499355174665,5782.722346257791,6672.9582208860475,1,0,0,1,443,8895.567248514713,BENIGN
89015.91688368225,17,12,6346.359931197713,6358.805936605352,349.56164580891294,570.0556876553281,142729.14679298308,325.7844328884969,2832.187384244752,3131.615127191323,3184.0069603308343,1,0,1,0,443,5137.621913026886,BENIGN
5385.90205973099,7,1,587.9819634201676,69.42412712702762,83.3293806702273,68.05500428140198,122060.53568304783,1485.3593532296013,68.7584883575953,94.77702345468357,57.81964568965965,1,0,1,1,3389,2608.983877943527,Brute Force
80969.32195531888,19,14,6515.6222669718345,16744.946277141575,314.07089089702697,1156.0019889687,287276.31629358634,407.5617678780899,2359.9111337815525,2310.731829488947,3292.171719724911,0,0,0,1,80,8930.488381871208,BENIGN
8612.511502340443,16,11,4220.223320815832,8977.431279693856,281.7971163157998,846.9105852522583,1532381.6516150064,3134.974042433821,267.88222764632843,259.9798419193787,365.9360900889263,1,0,0,1,53,16352.432741356499,BENIGN
129009.72531881013,15,16,7883.625921420521,11333.480589128822,496.128401973745,737.7787352118353,148958.58791311923,240.2919618919619,4395.687728643429,6091.014991237252,5651.841968625959,0,0,1,1,443,22242.317773838262,BENIGN
53156.61343590405,14,15,1322.3443686312173,13615.33079510858,87.46314623256296,957.1775424858896,281012.5438437037,545.5577044043266,1238.1024951979648,1419.5517986095401,1316.3842622847508,0,0,0,1,53,3858.7261675884333,BENIGN
432.90341618588104,1,0,45.41832402869441,0.0,44.16784202097118,0.0,104915.60549199405,2309.9840810002243,27.66382941276215,30.583145434472584,28.055812473143934,1,0,0,0,62097,44.15438172806665,BENIGN
24574.837051124952,9,19,2968.7261577763816,13744.162619029707,365.77863719157466,674.144939331803,680081.3670518735,1139.3768325604524,1070.8110252280428,1099.792571074654,1684.9252335470335,0,0,0,1,443,4611.96611172952,BENIGN
448.17716185017963,9,16,2966.7446290318203,12257.835393842644,335.7967559643318,745.3168755734353,33970004.093970016,55781.512598264,18.574329760231876,20.48894568305915,16.286602748543697,1,0,1,1,443,8102.937383789918,BENIGN
8570.822380473117,3,4,426.60532716640904,337.1445523622753,137.02093073037923,78.67156781123253,89110.45470604242,816.7244272787734,278.6377077394989,356.5926350919457,444.3671477078861,1,0,0,1,21,888.3590501355962,Brute Force
153.54291329003644,1,1,48.35618761497565,0.0,53.186651871390254,0.0,314935.9783452379,13025.674432932505,36.11004088288427,45.627634372732864,45.21849122927725,1,1,0,0,55292,37.294570356186654,Port Scan
50839.35592720896,15,19,2662.3103513307046,18627.37351157712,192.46775533585068,990.9980516428604,418763.83905000833,668.7732245994755,1773.184053066528,2037.437097621424,2661.2860882196114,0,0,0,1,8080,12940.906207729387,BENIGN
57309.98213811837,19,21,6667.326911638042,16366.95323284863,322.4777483084731,828.2038437406691,401924.3992952838,697.9586890046324,1140.0655829742666,1378.6718031102303,1135.1041112436283,0,0,0,1,53,24294.54747637205,BENIGN
3139.852833718239,11,20,3466.2279361747323,15923.635735220383,299.7424276361512,794.9623060205123,6175405.249307014,9873.074198604892,82.95531858746244,104.50396366762229,117.71816594267489,0,0,1,1,53,24421.062752303053,BENIGN
11829.618927817213,9,2,881.8746015293549,133.3356334588213,101.20739049023207,67.77145911075938,85819.35235470018,929.8693446611053,285.11736828146013,379.150164937905,436.40874153672735,1,0,1,1,21,1350.9509694331932,Brute Force
6685.683991879951,12,16,1288.4078181973864,16126.164179528465,98.9403744901017,917.0973897667595,2604755.4773567817,4188.0531646436175,210.31014821889642,253.2538494938124,330.96310139269445,0,0,1,1,443,16320.853760922728,BENIGN
38522.625049601156,18,11,7774.850333395498,6302.346749222209,465.2925954489292,612.2553908875935,365426.73466546263,752.8043575083483,1700.593933347789,1815.0943774205703,2110.5639877562917,0,0,0,1,8080,760.7782614908372,BENIGN
509.4131300445315,129,4,9655.995206810565,138.37605087259482,82.76504757130924,37.106578958176286,19226774.262428146,261084.7505802874,29.04555731994536,39.849567606561344,40.68601399271022,1,0,0,0,443,128.73438357290786,DDoS
4365.622563839007,7,4,825.8514211576323,379.58395084569304,117.79008783329444,86.67384427616639,276119.924335213,2519.686445437213,186.78485789898932,175.94103630093016,258.39255199897735,1,0,0,1,22,1313.3322154087607,Brute Force
52697.625176745976,9,14,4162.4227577498505,14131.452869764893,451.1109307202983,984.5672556581662,347148.0083999559,436.45230544751894,2385.0891567650838,2312.620462748178,2120.3541571345754,0,0,1,1,53,2307.0094351756807,BENIGN
47816.16486120698,14,15,4419.713568237272,11400.5218514482,309.6076858898583,795.044997981161,330855.38051004073,606.4894598756823,1967.289345426366,1580.9126404892788,2913.9084463525714,0,0,1,1,443,1710.9791242601702,BENIGN
13553.387483621804,10,15,2887.3618994811,5205.2277779309425,263.29083177262254,318.80504434170734,597089.8188509181,1844.5573130857892,487.0527698751612,515.5965013224999,693.9874435098885,0,0,0,1,443,6958.6966146063605,BENIGN
9282.238270285294,4,5,422.9687223606566,378.9541188531293,102.39522259910899,68.98962915241913,86393.26182575342,969.5937270659376,322.91183739093975,341.8855900221494,450.7179914435278,1,1,1,1,22,1494.3952964273046,Brute Force
30292.545967707694,13,18,4490.310537016654,22256.25070303131,317.1478682499787,1194.8785262294396,882942.0039028808,1023.3540631760189,742.510575412465,930.6660356010464,1171.9922893490148,0,0,0,0,8080,1325.5905942400093,BENIGN
25177.130009888617,15,16,7083.9153808263145,11370.765012558715,440.3789141852706,726.3666506974532,732993.8077190187,1231.2761616524353,1077.707103907679,993.2868738617993,1217.97411311661,0,0,0,0,443,13475.4997725659,BENIGN
9221.013162725118,10,12,1886.7827045551653,11298.929634145607,200.0348615857193,923.8049647475384,1429963.5089994767,2385.8549610288446,381.20568890091965,495.04956420673705,363.125181255801,0,0,1,1,53,9141.85449948921,BENIGN
112655.04731003668,18,17,3574.2858063719864,12532.352537870815,204.39561693834932,787.1405149878038,142973.0733671959,310.68292842376513,2840.546009276317,2432.710064432493,2812.117757825657,0,0,0,1,443,2757.9623883229433,BENIGN
9139.498507351856,5,1,537.1052889627492,63.75064297459082,105.16097185314959,69.00226282574353,65742.76821140773,656.4911625264309,343.47837749792455,326.02327153630694,439.5997690272683,1,0,1,1,21,2243.697960179067,Brute Force
7026.914557680276,9,2,1102.9772076546926,188.17544572384102,118.15997917844197,89.75176955740625,183743.89538682092,1565.4096701627348,315.56701893415715,303.92130928694905,410.892668989409,1,0,0,1,22,1901.7355404013235,Brute Force
11198.334818837653,5,3,277.06345875229476,276.7895657715914,56.674580808972465,100.73299223526227,49458.516242272366,714.3919278554283,256.2315219222714,255.86784194489218,372.7560816295896,1,1,1,1,3389,1515.0116480298739,Brute Force
57333.05606484944,9,14,2873.1161009507173,8994.461389503422,292.92375403898154,608.602421999519,206993.63168484718,401.1647307616864,2464.934865057499,2900.898875865779,2141.733511797437,0,0,0,1,22,15642.529785062325,BENIGN
13182.700588667874,8,20,2202.9055673844487,17237.515468395624,275.8689105690314,860.3521728087933,1474691.8436796984,2123.995748190578,439.5496202937249,421.6637679863313,522.2402974982978,0,0,1,1,53,11039.323356977977,BENIGN
424.4879354575115,1,0,42.2589348071037,0.0,43.99245941876381,0.0,99552.73466501982,2355.779555718595,49.158044929177905,61.469608797604124,74.37995106959895,1,1,0,0,45536,23.1982092681789,Port Scan
13143.023166873782,8,4,1055.9514989216948,278.77064600021794,120.14784428724374,67.64349206195456,101553.66295678467,913.0319446020071,388.81690687853,542.8516960670207,589.6971638722549,1,1,0,1,21,1069.8193764131702,Brute Force
41838.4739376687,9,14,3132.115978088964,9008.881291159214,363.65996183489676,660.6965922497886,290187.38320465357,549.7332439578362,1435.0272872458693,1316.2983676683866,1905.6034789557802,1,0,0,1,443,8972.751076945437,BENIGN
8887.126108505388,10,3,1532.204438662531,198.00557666512816,152.62075542228763,71.94986981878088,194687.23569386156,1462.7900899885285,230.95641195812394,319.5331168756037,337.7446078136304,1,1,0,1,21,1718.0950849725032,Brute Force
8300.404463365156,14,15,5264.22780285005,11778.530520610799,398.3349446731908,747.5450199442274,2053244.3206449917,3493.8056486277296,332.4858576110392,343.78718262177733,428.0938389990423,0,0,0,1,80,2058.867068302132,BENIGN
5461.173610676031,4,5,375.46458906580057,331.0512223079224,97.26506101450863,64.27141617223865,129370.69240804896,1647.997416234109,377.00214323132616,459.0021858890255,340.93655760676074,1,0,0,1,3389,2495.76935524946,Brute Force
653.7476209299904,8,11,2441.5965030623524,8405.475153587664,291.4653810894675,847.893946518448,16592139.396575525,29063.203278616144,32.479433663567036,27.694434958098483,29.23775185510313,1,0,0,1,80,15640.469639219413,BENIGN
7547.34341727616,16,11,4173.661960551549,11842.951712566426,286.6749128617653,1166.5039628377478,2122152.496261841,3577.4177094149395,256.45902421168853,280.06034441654225,349.38839815257575,1,0,0,0,80,15151.608538032053,BENIGN
1383.629480544884,4,3,496.1647180757047,219.70054183648625,119.28663077240907,68.17911002513462,517382.19659086596,5059.157887589491,396.8396578909297,470.928783679386,521.7377569026997,1,0,1,1,22,2578.778016081006,Brute Force
4804.987070728585,10,3,1257.1646103854787,189.39106858727786,127.71611646692979,68.69055895669214,301052.98051372566,2705.522368456404,320.0587534998813,390.500866920622,423.60187334877105,1,0,1,1,3389,1797.6959759246442,Brute Force
6295.763152183372,3,4,514.1431234143331,317.7677413727391,164.96344271084476,80.95071248655688,132138.20861392558,1111.858853453278,314.85478728102066,325.11626478466815,459.13178409868897,1,0,0,1,3389,659.1932142876957,Brute Force
14060.405312011984,10,10,4258.030306495001,7057.582963402286,426.4604785778309,724.7422809693647,804785.7098564729,1422.4341017334505,542.5386660664418,439.6596676022022,529.3248692796083,0,1,1,1,53,10060.560439449115,BENIGN
8370.877991723279,12,14,2975.46700742265,13267.51521778894,238.4440628144216,1018.5472663893058,1940415.598133418,3106.0063264220967,321.27227975380987,434.0741282725549,425.33597548766767,0,0,0,1,80,16709.216184666628,BENIGN
10500.208484685249,5,2,567.0350898036731,188.68246355650737,109.34156674332463,95.93753214321951,71971.67127323317,666.6534298066206,111.21258977813756,154.72572916206127,165.6504169681405,1,0,0,1,80,305.24967490691427,Brute Force
2193.9516090352663,124,3,7734.140273575235,89.69646992758054,57.25182758657685,29.893731914684924,3566093.578036184,57886.41803993343,1.3618862918549397,1.666833074397132,1.2163588303445676,1,0,0,1,443,220.58494967090002,DDoS
8964.19787342045,12,13,4626.489116632371,11037.972961706822,416.4549619941435,796.7750673645926,1747447.15584487,2788.87194961715,415.0504133290965,353.1067297304736,580.4248981605018,0,0,1,1,8080,8141.356643545963,BENIGN
576.4786922600811,16,14,4974.5178797554745,13621.669370947246,301.1169545879644,935.214149274195,32258238.68319658,52040.08474690572,25.68495737371193,22.14299561598741,39.131307565580116,0,0,0,1,80,5396.51760851727,BENIGN
34358.78891894649,16,23,6939.859706179937,14492.230118975971,402.10302745974394,687.4787902265631,623773.145081304,1135.08075304989,938.1157166171918,1296.874138608616,1020.0682043198937,0,0,1,1,443,20906.472167574786,BENIGN
24422.122782341045,17,22,5535.160468288801,20448.650979389335,334.793374947575,915.2548279735535,1063945.6561272512,1596.9127805794103,625.2323716658406,562.4286565601434,729.5824156967037,1,0,0,1,80,19967.843357069163,BENIGN
54.16451397928665,1,1,42.52907246475197,0.0,45.37548649049908,0.0,785183.3117346118,36924.544375397345,17.01775255598161,22.30651711562458,18.58248203564969,1,1,0,0,24192,14.93791822355719,Port Scan
22253.181716061546,15,13,5003.051874116413,12571.42213055112,338.0046274815358,882.1145778247104,789751.06701182,1258.2470388848083,812.4671594131665,886.46464349924,1220.4014310562243,0,0,1,1,22,6851.274270239833,BENIGN
5030.909924557576,5,2,484.4886785997947,209.76220651006594,98.67097044738038,96.27798205458454,137997.08114847908,1391.3983961093454,119.84914733119938,99.70197690416855,136.9871666630778,1,0,1,1,22,2141.293352460654,Brute Force
5162.327020675994,10,3,1288.354534710237,323.6011671441845,134.8884186772542,105.84255962057514,312253.69787660986,2518.2441848284307,364.8306662201332,487.72148600668754,360.60977571415077,1,1,0,1,443,697.1912786287769,Brute Force
87280.27226489634,10,17,3298.1841034989593,12630.256480471664,330.7467157954705,757.6604915119315,182497.6042195157,309.34825590432143,3944.2930303337107,5247.443090566429,4776.994592169724,0,0,0,1,443,20160.417320926015,BENIGN
8065.499146041966,9,3,783.1366193491026,178.79766178379015,90.3702948391083,54.39623152315585,119265.31312137686,1487.818643671773,50.573127528197325,46.34257634727737,60.13588209761506,1,0,0,1,21,1401.2797152915373,Brute Force
77427.33522148145,6,22,3127.359611966806,20741.574806031724,476.40604598727884,858.771738087242,308275.2925658783,361.629389929355,3243.082827222617,4425.834346354329,3481.6561083015854,0,0,0,1,443,16983.64161014548,BENIGN
28429.656257254148,11,22,4275.77174598807,18307.89207359304,357.2924396326239,767.0025122433844,794369.9218599814,1160.7597257381428,835.568262155925,1026.0673415043898,1298.0526695474628,0,0,1,1,8080,5690.177089887503,BENIGN
12073.129503455611,7,2,713.3626637661723,209.25748563672903,95.40167088521545,113.52877640574582,76419.30363944378,745.4570910900932,184.16768284668055,151.18935115345238,171.71359273831123,1,0,0,1,443,2299.6375845838584,Brute Force
12071.706070088881,4,3,521.3248554707569,211.98146100922366,127.88621582573163,70.82906081045036,60745.87239138944,579.8683267599192,172.06739050620706,178.72076888562225,159.85244211550778,1,0,1,1,22,2280.228163413014,Brute Force
76994.60794730874,10,23,4139.763800681065,18216.96571756422,400.35728310766524,880.0076669698835,290367.4700642039,428.6014420981733,1749.1593065805432,2028.523043899457,1486.8398608602636,0,0,0,1,80,10473.453435580517,BENIGN
79835.99948905421,12,19,5608.94813185998,9322.635147980887,425.0029952594739,498.11095257914405,187028.2000025319,388.29600929904063,2149.383725586221,2751.613736110767,2478.2895657421086,0,0,0,1,53,21049.48153068459,BENIGN
55327.46709220384,11,5,1535.9742837490169,848.9934371272462,138.22967060731034,160.7011784829288,43106.396266102114,289.1872851026385,13905.800595597906,15205.68546954865,20218.730073561906,0,0,1,1,4444,6343.48977976314,Botnet
322.4025146376925,1,0,42.48200099481217,0.0,40.0,0.0,131766.96541139678,3101.712780136885,29.61645474054139,30.71309223127625,35.48540701812428,1,1,0,0,11562,13.571541875850379,Port Scan
10821.702024213937,3,4,361.524117314282,295.4187556775309,113.09723649689087,70.63882422002902,60706.058208023125,646.8483408928887,75.29138247895008,90.00006189983122,78.56183896036728,1,0,0,1,22,2591.4356921871963,Brute Force
17383.14499354137,19,15,8304.400791370117,17249.278533523553,430.08657226367427,1059.953490605741,1470026.2429145027,1955.9176439379955,525.7026537307809,673.1161819078959,554.5136321795874,0,0,0,1,22,17938.452900538116,BENIGN
45412.462572055956,16,15,6489.1953736948,11047.961227709247,391.5148565661031,753.856589072151,386174.97506500204,682.6319966862026,1217.2919585805253,1263.2245198156643,1445.6567015234566,0,0,1,1,443,3174.095731907271,BENIGN
24507.614861742077,14,11,6398.589100766704,10558.444780496904,451.5612059260746,1031.2092385928943,691908.7792478165,1020.0911080509335,797.9259071125538,743.7534030448693,939.2541254611042,0,0,0,1,443,13878.419463471262,BENIGN
575.0113221627115,161,4,10289.90674506985,146.3835940482627,62.585933763986795,36.967819590256994,18149712.774116375,286950.87147050956,24.2575573662983,31.665890181402915,28.392792043348507,1,1,1,1,80,243.97985780306914,DDoS
79315.15366892773,15,19,5432.911488519755,18229.936796496495,341.575111450913,988.8993404897826,298339.56300189754,428.66966055339986,2520.805994088802,2754.893669822782,2151.714928750087,0,0,1,1,443,8922.44138702094,BENIGN
664.7975172287603,6,3,667.8354009639243,231.7106843057279,102.62961774227321,76.56379955007665,1353112.8831820134,13537.95669622372,165.4089221697778,202.89561783458436,247.26541735951625,1,1,1,1,3389,1890.0640903966666,BENIGN
3145.8874239669385,8,2,760.00072382403,197.29401352237718,97.87735923036544,96.80934926541045,304300.37961729296,3178.753290348223,135.7283693634415,176.8634394250392,199.6235146643789,1,0,1,1,22,368.77117953850205,Brute Force
578.7352913478304,1,0,42.90761400816595,0.0,42.70183024683741,0.0,74140.31017226785,1727.9056849480808,28.67529702837403,25.41757120548218,32.22872241058918,1,1,0,0,20177,29.781308019519763,Port Scan
14644.948682467462,9,21,3633.359750950087,12708.665404340763,367.05075803618973,580.3910610577803,1115881.353333459,2048.4878882447156,436.16450293536724,395.36783075469305,588.5000732084741,0,0,0,1,443,1698.898632581641,BENIGN
7801.590851548531,17,18,5875.71191523856,9131.424284839884,353.0063751697242,551.9850482406613,1923599.4921599473,4486.264489639684,274.82161710744026,325.12841217256283,234.31544066372575,0,0,0,1,443,8295.806785558716,BENIGN
7988.815989373264,14,16,5045.496680757289,16353.548368837097,396.2052634899347,942.939674507864,2678625.3530009245,3755.2498442705464,228.59661924323927,304.8809663528244,272.08987523172647,0,0,1,1,443,22268.887342814458,BENIGN
19591.366599671244,4,4,290.3164605344069,319.676751551014,78.09154375823846,82.38899809940771,31135.817350059537,408.3431321291412,69.97202956304301,76.95208069766771,83.64397530599669,1,0,0,1,21,2443.1325305433766,Brute Force
4893.448765702239,14,13,3580.49930047232,6796.457856378195,260.8490922336081,531.7377760406039,2120581.547636038,5517.581013464506,162.72087430588488,183.99924775093044,203.64514570127946,0,0,0,1,443,21970.27895391581,BENIGN
35534.38873646973,15,13,6148.069513976867,10291.840680447214,408.7580477077669,794.5413668904764,462647.8962772037,787.9690912274784,1037.5903480812592,962.4229790145881,900.3912803810151,0,0,1,1,443,4253.863362052693,BENIGN
12909.587957376201,9,3,1219.413123123763,166.006122048095,142.7385961336509,60.073716702493975,107317.07702415595,929.5416739574181,245.89363144778676,278.1126248211821,327.36033551243355,1,0,1,1,21,539.6383273638708,Brute Force
72006.57743597632,13,7,3088.3619134073524,611.7447927275049,254.81708726299402,91.99352514100822,51385.67666856209,277.75240418533616,16422.890225382453,16731.143715283357,13498.594100772465,0,0,1,1,8080,1119.8442458435948,Botnet
65950.7877402163,12,7,5217.793253084029,6616.723234528684,409.14919405031094,964.670459075437,179444.65704078486,288.0936020785987,4051.75965484756,4053.0318201575265,5521.182682951319,0,0,1,0,22,11065.397182059973,BENIGN
54698.23938904234,14,14,5203.952216360729,13442.746105868204,349.7722159131234,919.8039901747967,340901.2525906714,511.89947451232257,1917.585140203836,1768.8928312212531,2968.974559446328,0,0,0,1,80,20735.421482416874,BENIGN
131.8195073846936,1,1,52.55390864044594,0.0,51.88442061622143,0.0,398680.81502592773,15172.261220513656,24.87641664738368,22.451622024736263,22.16053831656618,1,1,0,0,8822,8.788741051785099,Port Scan
78868.51600971707,13,19,6687.516883388199,17126.36952603507,519.5223431777242,850.1904352837702,301944.14215286175,405.7385838990226,2559.125498728625,2603.6233512988583,2216.5256355089705,0,0,1,1,443,24145.34112681071,BENIGN
48505.28611854496,12,16,4114.292100267321,12112.67203531859,377.79832770356103,803.3988710174872,334540.11787350074,577.25667119186,1521.342555015967,1717.251541512215,2110.238054927262,0,0,1,1,443,6804.5869481824675,BENIGN
20381.86115744593,12,16,3724.169068948541,11001.686503580133,322.8577288807011,714.2137465432182,722498.0809541529,1373.7705199591649,718.4144479786007,867.6724931692798,916.1248523097296,0,0,0,1,443,13006.162552676064,BENIGN
21494.59887870064,9,15,3847.118735095432,15070.168017706566,430.2828911919192,1097.08953862376,880094.8954459187,1116.559566216516,1077.2254730970512,1374.1562522586178,1485.3443354577694,0,0,1,1,8080,824.1843647409845,BENIGN
7107.777711990085,8,3,1123.0977167289284,228.31383670483905,135.2659780986448,79.1392276759179,190131.3755428896,1547.6004520293507,348.7203746030761,458.8485140557259,299.63128101576734,1,1,0,1,3389,2457.954800700921,Brute Force
6323.804068629843,10,17,2513.8989315970844,13857.33137520943,268.79446329533874,835.0807293462971,2588826.302829084,4269.581996371055,199.33476951125604,222.34708284625322,271.64724118638645,1,0,0,0,80,14438.041233833157,BENIGN
29839.92828333596,9,14,2501.87072225438,16783.388893882882,298.32140693639826,1167.1404173032927,646290.4144078346,770.7793323633522,1401.8139275982141,1187.5533502613257,1960.555511963598,0,0,1,1,53,13484.944511459686,BENIGN
2706.4109846666574,10,18,369.65843305589823,13265.21394366958,40.0,751.9371905508889,5037990.332575026,10345.804890179566,98.23528297357018,124.86716613196312,136.82563444681546,1,0,0,1,53,4581.875538847733,BENIGN
5863.909402848143,16,11,5352.830938801365,8501.426084859555,310.7275870174233,823.1427279086157,2362631.492384894,4604.43675799048,189.21588026265673,238.06173752426216,278.9420174027865,0,0,1,1,443,14914.383037453645,BENIGN
309.1071446584458,1,0,41.96347892815712,0.0,43.998696330115656,0.0,135757.06564313004,3235.124186808979,43.309670204972264,59.0096711342894,68.52497924482527,1,0,0,0,242,19.07080495825355,Port Scan
291.9221687285792,1,0,43.106036428456655,0.0,42.63731601293142,0.0,147662.7712660473,3425.5706045051043,9.749877348589635,8.562242394343016,9.858522187828877,1,1,0,0,57971,27.295264866837833,Port Scan
8786.672621329179,6,4,842.6205764547918,388.2498846819614,144.53719243939514,91.79737830840938,140083.79669783998,1138.0872408658465,172.4994273887229,199.1372397156742,209.1050355854034,1,0,1,1,21,1042.7236313003382,BENIGN
55413.70067381664,10,9,5545.621952571693,6503.667464788598,590.0784056301153,768.0364492161705,217442.42436155622,342.8754941280728,2277.22496217603,2054.917760797179,3479.467673262449,0,0,0,1,443,22451.920200379842,BENIGN
3151.6664700783067,7,3,573.6759079946779,257.15976023286726,85.64791787216714,80.6271057769431,263617.89107935084,3172.924576549986,371.94668010692754,409.2438754587564,463.0225356359221,1,0,1,1,3389,1723.1375898993936,Brute Force
181417.65410770586,10,18,3032.8562723930017,18109.508992948868,291.9777201092451,1063.3079431795163,116539.73462136081,154.33999594866705,4638.340994761618,4622.2839043686,7161.467300717656,0,0,0,1,8080,15564.85830057013,BENIGN
1711.640861255782,9,3,1246.379505358917,251.9969192868082,141.18126652393104,84.34168545340393,875403.5139979125,7010.81650457675,62.2019178416777,64.94371512449918,80.43739809739081,1,0,0,1,22,1540.7287063953972,Brute Force
4775.601392076106,16,16,4397.329651213731,16022.974502635936,261.81184368379076,1070.7070149216647,4275964.947102152,6700.726751000586,174.9682932818742,159.47176570058937,176.08386024657747,0,0,0,1,443,23454.7938972946,BENIGN
55055.299385466584,12,18,5063.390488622028,7540.109634999413,417.6374798928256,437.4744224956021,228924.3772044312,544.9066726521036,1414.3399329343822,1609.8544483730548,1632.2212539472723,1,0,0,1,443,12747.84237852034,BENIGN
2623.318418213122,165,2,15014.33161585636,77.808509403917,88.83028851993886,36.57072131636847,5753072.1472768495,63659.82826962818,13.592188145188283,11.062627110572025,14.631492373681603,1,0,0,0,443,403.8440171146798,DDoS
81947.05163461638,15,13,4992.532902578662,15041.728098470643,367.61893186422054,1098.7195851986448,244478.1185097129,341.6840440440219,2707.588696823003,2350.953114583128,2440.4639399012335,0,0,0,0,53,1387.5109675126237,BENIGN
13360.580043185613,18,13,6994.0886493748,12436.760241273176,402.81592620972157,901.6924933501296,1454341.714793919,2320.2585441498954,375.6961194590027,464.02955063419813,459.64148846567093,0,0,0,1,443,16827.216660177677,BENIGN
54565.29462577943,6,21,2626.36319438251,19626.614737046362,426.93456103101107,890.0869326318583,407822.92268454883,494.82001673722885,2094.33000908864,2497.8048326694234,2498.378490864737,0,0,0,1,443,8448.31813974962,BENIGN
20797.769534394953,15,13,3475.0508080558125,9667.194914557602,233.39532567146813,812.418214456008,631906.4984771092,1346.298214993398,508.66061155466514,546.038259737194,581.6566933006306,0,0,0,0,443,8837.111610860615,BENIGN
16318.10358162637,19,14,7347.812158120935,15650.146033181321,415.696410435433,1091.5291808456898,1409352.3843786097,2022.2938183305123,434.6844583206437,416.95363261745746,563.8859427366044,0,0,1,1,80,17613.521178368086,BENIGN
5678.076485808697,12,14,3510.1735570869646,12142.885123475451,320.6246915204709,799.2618240643607,2756753.756256074,4579.01545796049,227.05337642415674,254.49718548526073,201.61937802210207,0,0,1,1,443,10053.818701345375,BENIGN
7277.561699918645,5,2,792.0702055646757,100.87149499996644,154.59543451361776,55.96892221063395,122697.92237895067,961.860618794651,386.6975417314097,399.26757840615363,428.61259309734356,1,0,1,1,21,276.7606613604743,Brute Force
454.5374680798637,1,0,39.552689696542224,0.0,40.0,0.0,87017.44624844148,2200.0386551726397,6.438861270413047,7.545780758963703,7.2455648756972915,1,0,0,0,62112,19.44289727468319,Port Scan
35901.9827350013,11,12,3820.974304813529,6782.678882558613,385.3056372678137,559.459211928343,295350.0720458679,640.6331419010183,1268.2044091182222,1163.5770955501,1789.995118093331,0,0,1,1,53,12758.002928410117,BENIGN
34176.077201808635,9,15,3016.3244438309616,12992.529544585883,340.976969368552,870.2954893341068,468422.8062186621,702.2456046748949,1305.0897320408449,1563.2297786959514,1915.845156484419,0,0,0,1,443,22864.202572194314,BENIGN
5125.7685256422055,8,1,1000.6729273145995,70.30238998796466,125.10350580184188,69.54824389846091,208939.46184750553,1755.8342627015904,109.58104482035463,140.67832623495102,169.52910428702452,1,0,1,1,21,2572.7609450105274,Brute Force
49531.60193657472,13,12,4014.2897972026562,7794.671903476415,341.06904995886754,658.6951062831072,238412.674716244,504.7282749306701,1817.294694121041,1746.6114522371765,1570.4378923778522,0,0,0,0,80,3275.517924970694,BENIGN
3910.4470125442376,20,14,6708.990991329787,9362.785293052735,331.6273947851598,617.9653372296884,4109958.8443025113,8694.658153129845,120.01335521122428,114.537499343076,186.8405754873029,0,0,0,1,22,24614.67645139141,BENIGN
10234.792335373091,13,13,4078.6003086120604,10491.32255428972,322.95912129220085,743.100740015197,1423568.0007444585,2540.354425183578,440.7752535595295,503.2667790941475,474.54955097769096,0,0,1,1,53,21956.68324712964,BENIGN
10822.893997383124,8,5,985.5378800537312,267.94749835444884,113.9824815282348,56.79537325061859,115817.94838896707,1201.1574725894275,247.60408065719966,255.89867975987045,377.1208500767725,1,1,1,1,22,1733.009241351909,Brute Force
7086.743487801175,4,5,547.1507870556916,735.358125094243,124.66131263562161,135.6489141556511,180972.95525901168,1269.9768258145966,317.7708351028931,405.0166678758926,373.8446609127878,1,0,1,1,21,1458.6047546608208,Brute Force
11314.78438558294,9,4,958.0114355068711,269.45385976945914,98.40520067881351,65.28511104757851,108483.31293350499,1148.9392600856208,116.19366026025921,152.95824117001786,174.07914774194987,1,0,0,1,22,314.09327808851367,Brute Force
201048.90918822016,16,14,4414.928139834259,7613.61180709877,271.3135285488457,539.4814549712635,59828.924193127656,149.21742237315138,4776.316306187755,5839.243156072837,6172.091956061249,0,1,0,1,80,18705.052433349636,BENIGN
1306.032187278159,131,2,9656.945173685632,83.20622572924725,79.06744235337858,41.61648292813598,7457818.799790743,101835.16248338344,4.22212545481642,3.523098350810386,5.856177926696619,1,0,0,1,80,393.5729062834468,DDoS
4335.626698546858,3,4,357.77144695908595,247.0049579249802,122.08777648685076,59.034185226123,139489.96233618655,1614.5301444762626,261.9903738284072,362.10628594279143,331.03383416894616,1,0,0,1,3389,2732.7792142265735,Brute Force
2703.504480079254,13,16,2260.9682910881434,10686.91893670291,179.7294354000525,658.5882630950564,4789297.492642395,10726.81780765899,78.17869243571455,106.75441198203774,120.16688269354691,0,0,0,1,443,1123.2012634695511,BENIGN
53392.23235191512,7,15,1676.6146728392293,2834.928268159689,252.65572989194314,173.24156358309645,84498.11409387707,412.04495543462485,16271.467310083284,20052.463474677726,17334.813300455757,1,0,1,1,9001,2350.4622820284217,Botnet
548.1908140804003,1,0,45.79691521057919,0.0,46.551716777029036,0.0,83541.9237868922,1824.1823363594985,19.163849873791936,18.7080908194786,22.50846924833563,1,0,0,1,36614,11.482939185951723,Port Scan
4011.7594275785923,8,17,2220.7054379902256,14346.139039645172,299.6293162803272,855.5878959410857,4129570.77230196,6231.679753311987,162.6862767364238,160.97117765202992,169.82314620840037,0,0,0,1,80,3081.2392613188804,BENIGN
96368.75750530466,15,14,3248.3925812300017,9069.393392298114,215.96757376108195,615.0370641035925,127819.28803896926,300.92740376364907,3616.7110068468055,3363.533025717097,4914.2306171889495,1,0,0,1,443,20911.360996556064,BENIGN
10348.006289251256,6,2,469.64320092168873,198.76323271552005,80.07881060976118,91.09408843989291,64592.77419762491,773.095780615229,135.69016106357066,132.86016286650045,114.88874255883688,1,1,1,1,21,171.1628225296293,Brute Force
98413.66601632278,10,11,2489.8584244064286,11985.834649332985,264.7367861675127,1005.7627614685077,147090.27373635783,213.38499875126047,3278.7360219098778,4175.28336943595,3063.5108916336217,0,0,1,1,443,15899.13700361616,BENIGN
1917.577438389144,17,20,5359.924133648792,20105.498709725132,297.4652798029643,1017.4751094494889,13279997.111754762,19295.179041677584,48.93304132834424,43.22744271000214,64.912477468688,0,0,1,1,443,9212.84893001746,BENIGN
6879.138333386084,9,14,3084.955836018527,8226.078759901231,376.28492051357944,597.016815183038,1644251.6559122868,3343.44199598016,218.66045727093024,231.8243603964616,273.59874978438773,0,0,1,1,80,18684.629454436923,BENIGN
12106.628339865007,10,18,1466.1468530188267,16158.589726054539,157.324946158751,909.667687496361,1455792.3217183596,2312.782652111398,398.9068414961613,487.7079478524857,515.3697186163894,0,0,0,0,53,19618.42492345995,BENIGN
3294.8266389992027,9,16,3891.7603018490445,10871.030356492367,454.0090157189104,707.1958016709785,4480597.092302732,7587.652626116226,110.81212661808074,115.70731428345593,93.2731396747583,0,0,0,1,443,18655.471073454435,BENIGN
58284.54622203241,8,18,2237.9278251611076,16612.646752136585,310.4512941601883,892.6507427445273,323423.2021896037,446.0873711009801,1949.2403850723201,1666.4705103894619,1660.3619754700633,0,0,1,1,443,10725.420695301955,BENIGN
13353.975236652648,9,3,898.1613351417334,168.48148009183546,92.19022973391701,57.15853600056519,79874.55393102385,898.6088252630278,365.67558699859757,385.9318843571242,301.0829212230111,1,0,1,1,3389,742.9026270079096,Brute Force
19951.800780339316,18,19,2778.0182648680557,11432.347062503302,153.49592265290093,576.6587027702737,712234.7242648081,1854.4691984124127,493.4195994711485,443.78393927926055,531.8317286229351,0,0,0,1,443,12368.001136588635,BENIGN
49117.46138802673,8,18,2977.3880770037686,13477.041040329937,352.14752157624855,738.9914068875262,335001.61963469815,529.343318348655,1768.013087323144,1853.9650951071574,2531.802914142173,0,0,1,0,8080,3527.0209382192315,BENIGN
135577.9121228785,8,16,2875.019033146311,7369.212218485379,340.79245738875005,451.3731103566889,75559.73603094745,177.01998521889058,5778.405677044656,6653.446015258348,5873.4528779444145,0,0,1,1,22,2036.6273237242692,BENIGN
15496.64409839787,16,11,5195.815400637928,8857.260688590213,310.8501326806707,805.6335943370199,906846.4113905169,1742.312711614214,457.8758251126522,632.9287210516089,451.062508876145,0,0,0,1,80,15546.375380711183,BENIGN
150832.1770160148,14,18,4306.65456531369,15773.907306955836,333.34122340680955,812.7967348302927,133131.81755732032,212.15632256373493,3761.5785124820563,3869.622744633207,3454.251568380912,0,0,0,1,443,3179.1696244096984,BENIGN
182901.62083649347,17,17,5220.761557337137,15125.650207272887,334.4185785617015,979.0204929993126,111242.38085784313,185.89228375616528,4856.470954831355,6083.532116816106,6007.717720994863,0,0,0,1,443,17326.55751449942,BENIGN
113960.34797142711,15,12,5106.964479412199,7874.56555197316,341.81443627429326,708.5559569220666,113912.69211147174,236.92451348753005,3767.362956032414,4658.703511437104,4313.61468060656,0,0,0,1,53,7667.784198395426,BENIGN
73878.3656578108,8,10,2660.4359879957897,6653.977739435074,337.5463612169562,654.6378626509363,126077.69059988801,243.64372221459593,4062.2682613848733,4692.302471392113,4274.535759905343,0,0,1,1,8080,12879.359056646124,BENIGN
73440.85917477641,16,22,5570.514830401226,12977.888658178043,318.21412612308166,563.924196705744,252562.45225069206,517.4231405649359,1687.9743448436545,2109.156492389496,2565.926499205258,0,0,0,1,443,7950.393356565648,BENIGN
393.1793021383208,1,0,38.2061253827448,0.0,41.711234121884765,0.0,97172.27019570796,2543.3688766460023,18.39584399938183,24.634829161433526,28.204097966876915,1,1,0,0,26337,21.797803610397352,Port Scan
4322.516766110126,3,5,288.87724696119636,365.6597464283583,102.8931074765575,73.17034965021146,151424.9750333713,1850.773619369735,310.7685924191874,350.2469765182864,447.1826024637315,1,1,0,1,22,1239.4294941671174,Brute Force
17809.64709822806,12,19,3136.216482420016,19396.494383158646,261.5488679005558,957.2743600907879,1265196.9318258145,1740.6296614986993,549.3409933034557,511.419021542422,836.081461261208,0,0,1,1,443,15205.647058536108,BENIGN
12892.089965464238,12,13,7713.98315949448,11244.333059934801,610.2934041694556,914.6733143194593,1470538.622536412,1939.173560452249,465.0377955698062,563.7396996989669,702.9447839622698,0,0,1,1,443,6530.010668470597,BENIGN
47554.4871391134,20,17,8213.587849389238,15109.535222251536,408.0322206710697,920.0993507357916,490450.5226481054,778.0548635034617,1092.5148653828285,1432.8845269697724,1313.8921112595208,0,0,1,1,443,9500.91576797619,BENIGN
29386.88354954447,16,17,6313.415551183834,15671.242650966717,361.24416593605804,856.3990022482582,748111.2505545468,1122.9499699879384,865.8337739011675,698.7287843047422,956.3554636096857,0,0,0,1,443,8061.240083504505,BENIGN
9006.160869581097,13,11,6329.9893151531915,8583.110090954893,445.7618230693952,849.0189014921834,1655877.528956657,2664.8424725635964,593.637719338858,494.0990080126796,515.0585053983395,0,0,0,1,8080,7927.143976424624,BENIGN
33329.746776460815,13,16,4619.411669408809,11853.567928330714,346.63024757952974,805.2813307034726,494242.5668044256,870.0936192074912,1226.7716461811192,1515.0689630338507,1434.8504098178346,0,0,0,1,8080,16586.17498534038,BENIGN
45809.28361409569,10,9,3217.711779283654,4588.180859674575,353.3988037807214,563.6178785979866,170399.7972270478,414.76308950951653,1878.02633414899,1639.2481023751577,2661.2299914333416,0,0,0,1,443,4589.043830432529,BENIGN
7748.099526089106,5,2,543.1681561364321,182.0642577710499,108.48062066966159,84.21446364683064,93601.32913439057,903.44735201579,194.98351373653057,177.99077946131118,210.76185076436536,1,0,0,1,21,1771.2473441030522,Brute Force
28822.54680431758,8,22,3315.994297392619,20647.647167993848,410.6706100055349,976.9313218250012,831419.9861684932,1040.8518096501466,829.5088540017744,874.1929453285258,1122.9929596548197,0,0,1,1,443,19897.453442654783,BENIGN
25108.705099348233,17,9,5653.566163027524,4636.584599176474,367.0812854267491,563.7508433474246,409824.03200359014,1035.497445890784,751.553572689896,945.0894015077815,726.4064837307627,0,0,1,1,80,1218.332219237605,BENIGN
5452.486391281842,7,4,810.1391783722241,192.0428577842167,116.34210232914224,47.820835477427195,183802.75790488216,2017.4282356005986,307.7024950294182,418.8803444260698,279.4805531773276,1,1,1,1,22,1831.5041751575377,Brute Force
94915.9948744213,8,17,2656.6700465824006,18917.876711683224,368.13977368910975,1057.1155013472755,227301.48682326777,263.39080186723294,3988.1703053845226,4030.3818098803345,4512.7149056308945,1,1,1,1,443,13862.19336255486,BENIGN
79868.68817703577,13,12,4935.899372658833,9356.770912124068,347.0479139359501,714.5890557812163,178952.11015738704,313.0137801260159,3582.516709797054,3810.9843994437488,3524.7586981302484,0,0,0,1,443,9266.573730869392,BENIGN
76250.22616210094,22,18,3792.290287088288,10638.087563561216,190.83770565073172,602.6779421791357,189250.29572990187,524.5886079729612,2011.024316568273,2319.0498836189427,2976.737232117161,1,0,1,0,80,21175.17443178994,BENIGN
5708.509912580092,7,2,867.928056668483,151.46154492577193,116.32009696915227,77.56549137911563,178573.67635427622,1576.593566066393,392.3086431023349,364.3455972772357,516.7287938713467,1,0,1,1,80,783.9997047102743,Brute Force
12342.85372370943,15,18,6620.706373751328,14359.403618178398,424.7071903281563,810.3565639978192,1699777.9007644693,2673.6118517397795,378.04793215964315,508.42249499274425,581.0740315474444,0,0,0,1,443,23523.19094182926,BENIGN
6789.276699405094,13,17,4406.627156283822,12804.746039420163,357.2114477876846,737.9373066110304,2535082.0061895726,4418.732853034069,234.55743812291294,215.8082158846773,253.69596755038222,0,0,1,1,443,20479.758172970633,BENIGN
90793.52953187404,27,14,15528.318011101068,16125.871692399925,571.3223887419305,1054.6887859766384,348639.26831248973,451.574029684643,2280.393676854693,2215.5042945923983,2323.853085206886,0,0,0,0,443,681.7868511742099,BENIGN
14778.5172018399,9,17,3622.060360489435,16556.0730319925,388.5623913307464,930.8464807813774,1365369.2800770155,1759.3104670042976,783.2683180171811,1089.7787597594272,1215.3969240931963,0,0,0,1,8080,18595.1916191671,BENIGN
5751.285022579096,4,1,791.9992270114279,51.94934040943516,180.3480471185642,54.12266463362894,146740.86992864846,869.3709284743132,340.62233022713013,302.2707143406737,473.1075230627444,1,0,1,1,3389,1627.8230460420461,Brute Force
52035.12698542585,4,6,734.2526675038474,873.3637212099464,175.39657127538925,143.30471822113185,30894.829739995825,192.1778725129436,15702.952616717937,21294.016303379238,12623.663825942771,0,0,0,1,6667,6047.3718150480245,Botnet
188427.52342525736,7,15,2407.9627621651593,11535.761893960353,330.47326496882516,760.2798349801458,74000.46661259921,116.75576688628841,8722.483945351276,9982.109015340959,7210.32644516237,0,0,1,1,53,7347.00488386247,BENIGN
5362.702312178637,6,4,531.0561045946044,318.9727776188017,93.82567378581474,72.9230414227011,158507.56442008726,1864.7315136792345,310.9958115682139,268.85174936526465,277.2636891387254,1,0,1,1,21,2822.112886985401,Brute Force
3559.1357384687913,5,5,734.719836112833,534.4912318211011,143.8741698161944,105.26943463029,356606.5363047865,2809.6708681029945,313.86828738797567,299.7301578713341,433.20471865531465,1,0,1,1,22,968.9830875273952,Brute Force
38949.838988259005,10,12,2830.458620169313,10764.156219701514,277.7708235247333,912.8992318573346,349028.78145321144,564.8290357922059,1425.833627512839,1461.7440539173167,1603.5420940793274,0,0,0,1,53,15471.210587909309,BENIGN
104518.10099760164,14,13,6525.94195873194,6294.945019493124,443.96013747192416,496.8827918670412,122666.66592535263,258.32845930313607,3414.070275399391,3672.586010395637,4503.359038423105,1,1,0,1,8080,17477.60917710215,BENIGN
7267.737482208529,4,4,321.1183819752021,420.1353420982414,83.10710224183535,98.92148562496213,101992.36363284138,1100.7552239722547,360.1246699205116,393.6297314889062,420.9714525768399,1,0,0,1,22,2769.2722460292684,Brute Force
10447.75779013856,10,3,1267.278956336981,336.1182481459485,132.4353446339382,107.64890608334834,153468.0681434198,1244.2861196754059,143.2222639301134,147.39135792628153,160.29398971199828,1,0,0,1,3389,361.2459865171253,Brute Force
7020.229726930114,12,15,4844.381830824413,16593.485078796195,399.6525441311453,1059.724853131142,3053727.262995879,3846.0279862959505,228.8730365502138,192.66536917400853,347.01406203532775,0,0,0,1,80,2551.00124131596,BENIGN
674.9792443086827,1,0,48.3050316293307,0.0,46.58498620556815,0.0,71565.21039221727,1481.5270372116483,21.42389288386934,24.037665787742867,30.61693740852439,1,1,0,0,9789,47.070958045723955,Port Scan
15128.32851154542,9,13,3371.827445737995,7928.106462688971,387.1724947037388,554.4801878386975,746938.6918590012,1454.225427694167,583.7232039165377,728.8212652828158,645.510898237874,0,0,1,1,443,13571.354271576716,BENIGN
70802.9429282958,10,21,3535.580024708251,15570.223948531398,345.0600320396797,715.8298724520345,269844.7717432968,437.83490795565666,2770.2685685991814,3119.724902939033,3883.699100771333,0,0,0,0,80,23541.758776921048,BENIGN
3906.609868784838,17,14,8976.311113574453,11377.600515783855,522.2095688094407,836.9840970557651,5210121.387342282,7935.268952167635,133.0144134166323,182.27712014018738,182.76076390425882,0,0,1,1,80,24721.08436118096,BENIGN
3599.0932668872433,14,13,5709.56830524412,6881.032318465748,434.6393767533152,519.8218054296393,3498270.1725312974,7501.889503228005,130.0220114068121,115.93188853491182,172.79302125109507,1,0,1,1,53,1245.5058774824618,BENIGN
9000.322142911667,4,2,498.54424598466295,175.113506501836,137.04169452135955,83.55477414615777,74848.18229723565,666.6428050828588,257.18543459151493,350.5596311063067,344.5944817601033,1,0,1,1,22,1690.6112679256976,Brute Force
18170.091319931686,15,19,6141.262794780578,18787.057287843603,374.4705997389521,962.3218366925341,1371942.4764408893,1871.206886159328,452.5783018310649,570.1843628330138,432.875796502164,0,0,0,1,53,9847.408236686082,BENIGN
15176.55102680244,5,5,338.8273491989869,384.9303984006409,62.82949298719867,76.77221836773762,47689.211226018386,658.9112363105143,50.2789602907014,62.72725159072585,56.95055070847407,1,0,1,1,21,1253.0029055838042,Brute Force
898.1084198733894,10,15,5716.742875655345,14725.527177562957,552.8429322825821,950.0724435350968,22761472.446834587,27836.28284380673,25.5890768758422,32.065150403396785,30.18706607837291,0,0,0,1,443,12440.618666949043,BENIGN
18035.94122852536,14,9,3996.86719896004,7244.8279176658725,279.74373790456747,775.6982497639409,623294.0645673776,1275.231478555916,730.7760299472908,786.3076798842277,589.1034763032508,1,0,1,1,443,7308.343748719774,BENIGN
27644.43778562519,18,13,7740.189019240749,12449.793564959264,398.16076721471677,1012.016346681384,730345.2050921647,1121.3829067675838,1089.7483371302583,1355.5020660734408,1413.9423199313944,0,0,0,1,80,18454.90933500691,BENIGN
55155.65667557525,11,19,3498.8337274639007,17514.29522457877,328.3251908265692,878.0863811759561,380978.67414835765,543.9151994229632,1341.1369775865405,1533.2679436902206,2038.5279559800185,0,0,1,1,443,9061.643410525752,BENIGN
10082.417473183703,8,5,707.7805978514772,294.4068650556029,82.20847278247088,58.62525356363598,99399.5205586961,1289.3733109719192,75.40921579465494,94.58517203703698,73.54950579642089,1,0,0,1,22,902.3702061400096,Brute Force
52838.58243555214,11,11,1925.5065893664557,2611.113517347964,177.7729983669279,221.2805855275085,85858.09644397236,416.36241901140454,14812.406975028298,17499.46570104021,18630.083679780237,1,0,1,1,6667,1384.320458051681,Botnet
6778.975272223221,4,2,467.0519328886977,110.25462181120066,125.83563977266414,54.75607489008477,85161.33066090473,885.0895244573227,313.64363753338716,286.8076663055668,329.99594864676567,1,0,0,1,21,1524.4787327950269,Brute Force
5429.918966834001,14,26,6395.58304028293,22536.47831786704,430.7553014485575,959.3108336120904,5328267.61041321,7366.592437994083,120.82552389761003,114.466632192499,175.20445456124241,0,0,1,1,443,9329.477879212662,BENIGN
14451.50257956119,6,2,641.7880496254401,127.24303203483798,105.26821269803976,58.01823299612551,53214.61055184126,553.5756545699566,300.69588546573766,260.08163255588494,244.14160430316898,1,0,0,1,22,1700.6245616637125,Brute Force
36576.21967277133,14,23,2677.1141352865593,24264.1520398766,205.96508850172265,1126.59495617623,736578.7502424483,1011.5862254497598,1350.6204863454398,1810.4879639883275,1309.2464349871245,0,0,1,1,80,12864.814611370462,BENIGN
18978.422562698808,16,15,5585.306542562179,5932.445412334738,361.414591877328,388.55355146789054,606886.6849626646,1633.4339641551153,497.96005606112675,519.2257224387347,537.8029600499735,1,0,1,1,80,12116.556417176125,BENIGN
57626.98597955041,17,21,6896.009756011312,15040.635945662945,437.3545976417362,659.682153294435,380666.1988093343,659.413282754103,1513.476292749174,1649.9656407830034,2372.931605207661,1,0,0,1,80,16006.765675599174,BENIGN
85119.85056736034,13,15,2719.389326167535,10318.400478136715,199.81003711391926,748.0095423948958,153169.7919745134,328.9479459064834,3237.4163146207097,2799.490211099623,4949.280209781813,0,0,0,1,80,18833.77715413806,BENIGN
103636.13490453358,7,17,2403.7660120934634,15882.445241706497,334.58099319874907,857.7848976319437,176446.2874907932,231.57945847853225,3663.0576708875624,3404.3488406761176,3253.788986856687,0,0,0,1,8080,10487.57565602133,BENIGN
52355.00739945598,11,6,1498.1173898250001,1010.4419326823148,139.86541513639628,174.57685509771343,47914.41061917186,324.70628588196223,16312.877718564865,18239.698895882975,15776.621241730152,0,0,0,1,4444,4489.1990034339515,Botnet
19566.001249404002,7,9,2707.750351508738,9851.244609505604,380.0965392307362,1039.3189554679714,641878.4707681086,817.7450157572373,1330.334624193663,1093.3417670384347,2053.402086229144,0,0,0,1,443,22857.647360341984,BENIGN
69659.48839088898,13,15,6933.2539569505125,7620.258324643323,485.9596800504632,473.85664407895234,208923.61712345484,401.955292046937,2339.110183658151,1966.2048632211527,2682.3091252149316,0,0,1,1,80,13073.179284271155,BENIGN
48183.578155078816,16,7,2865.0693474815307,1556.183099145574,177.76131118759872,239.8630492282755,91758.4915009281,477.34105437280965,15722.386899205416,18225.545055761137,24907.897048227165,0,0,1,1,8080,3223.190184063819,Botnet
31715.159889475006,13,16,4676.7329835355795,11213.510189381017,337.17878709903334,692.4130087597651,501029.8932211889,914.3892101147483,1456.8467923354467,1654.7326550466219,1447.745258960894,0,0,0,1,443,10030.222532094498,BENIGN
553.1710001470577,1,0,49.068830769110974,0.0,48.568563802393626,0.0,88704.63338834877,1807.7592638337062,48.402106860547555,50.12749356829288,41.43509283300527,1,0,0,0,59028,49.05076972041313,Port Scan
2166.4691380237578,109,0,6374.054919237265,0.0,63.455416657299175,50.337748499260044,2942139.7274330184,50312.2791305623,41.979591547592115,38.2734782044121,48.24949384150359,1,0,0,0,443,471.97236290031617,DDoS
59825.93112789931,12,6,2686.53865137525,758.9751131428686,234.92676567192893,117.66438857453264,57592.31322538217,300.87287670489513,13669.36644578199,13122.746712565975,16874.826586102914,0,0,1,1,1337,7087.476249548055,Botnet
44936.16222548753,9,17,2667.496263871359,11147.875500463913,303.68701359514966,713.5646246171268,307444.4073574951,578.5985876927637,1684.4599844525524,1835.0886318974572,2135.3614011172613,0,0,0,1,22,4308.308602009505,BENIGN
12324.756103413089,13,20,3634.795272115144,18866.946965157495,267.55340122092224,1018.5469251149304,1825735.2963797185,2677.5377721966706,494.1417705393374,615.7230730517156,621.8244892114452,0,0,0,1,443,6063.66753734452,BENIGN
5745.847898881903,7,14,1356.708676609859,7254.496292593974,187.06441678037194,527.3720245305069,1498683.0700616885,3654.8130701626187,319.3981610574521,435.1454878988354,503.8630015028773,0,0,0,1,443,8276.542087296137,BENIGN
40995.127885354086,11,21,4975.379086286706,17800.57604005995,456.5415025474613,770.9122904218916,555577.1210189002,780.580562877871,1169.1608454554914,1441.6411989514502,1226.214070833934,0,0,1,1,80,13240.855778465208,BENIGN
25929.590271452907,13,13,4974.172888431035,12101.306164953736,383.179448884949,871.5772116722187,658532.5442717836,1002.7154200205242,1038.9710740372896,894.1400431937345,1617.0125941568558,0,0,0,1,443,9440.20463700046,BENIGN
72514.24600618199,9,6,1296.305545896574,1289.6137520123746,134.8609506992133,221.64795110919417,35660.84514880695,206.85590523441724,14170.243100621596,14950.84110298678,12987.018403111144,0,0,1,1,9001,5769.970057215387,Botnet
17272.630736141302,13,15,5018.172326331345,12152.095544619091,400.36219655010353,833.8259368913782,994073.695735492,1621.0616916282893,554.3175445321723,643.4504858424887,469.6585891856777,0,0,1,1,443,17900.062393777655,BENIGN
106295.01628669433,11,17,3434.4467114476925,14084.190904782954,307.6183704975076,805.2590033380222,164811.46744434503,263.41780619779587,3964.828102615957,4836.72426206248,3241.6215106914933,0,0,0,1,443,10325.213435369058,BENIGN
20277.375636030825,17,11,5456.589383570958,10055.086246058894,298.44362228992577,912.9126404107625,764974.5168239222,1380.8493023252408,870.0177058880132,1138.352013929843,1069.365883518356,0,0,0,1,22,20910.4062907573,BENIGN
61918.83287947243,7,21,3141.036813802861,18474.117708766265,479.22341745522664,865.9090384275448,349088.53279976896,452.20490596945126,1924.157350851289,1736.801037062799,2805.539947924516,1,0,0,1,53,8702.546969912446,BENIGN
6115.326389522562,7,1,973.0857670611746,72.18205036913851,149.1789158093992,74.7221291980069,170925.92461151033,1308.188556167086,191.56066202955077,192.65848376775133,236.4267627449828,1,1,1,1,3389,294.7114159255073,Brute Force
6603.0581294450085,9,13,2365.580496729228,11349.285573599067,278.03499196252625,870.3969708755196,2077047.6045288183,3331.7895388343513,248.90554454751845,342.5360674143493,203.82017998773733,1,0,0,1,80,15952.213693665788,BENIGN
9264.63792749517,3,2,504.51121106880686,191.2843852923371,165.58626713362068,86.98510745007604,75102.29776990997,539.6864981804878,329.3723219111895,386.92441133874286,356.3515260855933,1,1,0,1,3389,2584.5546099768726,Brute Force
101788.27380146406,12,9,4489.242774024462,7865.600055653795,366.05716087681196,929.7997974473666,121377.85982868836,206.3106015626129,4219.866245641809,4455.752444651637,3841.2073660456126,1,0,0,1,53,3368.686171745644,BENIGN
46272.184121146776,7,18,2654.510712156975,5486.709017448416,354.72914185605873,337.9035593492228,175941.98078678516,540.2813909658263,1434.2142128215808,1434.6491476399578,2001.3267976359307,1,0,0,1,443,23620.555593404388,BENIGN
40323.98711215868,12,12,4579.677121168249,6495.557427365144,404.7888861178208,570.0061778052531,274656.23668930144,595.1792399210298,1523.0801431707218,1717.2356585638736,2208.1829347667867,0,0,0,1,443,9546.127991560996,BENIGN
6389.204246697321,4,3,344.191716847299,259.9377489606188,83.83921703834666,92.52684418548606,94554.72739350941,1095.5980948047497,327.5341286093564,446.78817664379653,384.3971145665536,1,1,1,1,3389,2003.4560445918594,Brute Force
1606.5392042598448,161,3,11062.78078926641,143.0398593439215,68.93361250507238,44.94348028995388,6975130.528341517,102082.78737620791,19.257469812255056,23.245162149261084,27.251655304466492,1,0,0,0,443,152.504070314754,BENIGN
2006.110978050143,5,2,594.9844024869171,229.1405192007855,125.40356170988534,127.21921972772134,410807.24381894263,3489.338364921222,382.3236559433416,413.68644760558703,350.958267280816,1,0,0,1,3389,457.9649020527264,Brute Force
10091.382156998878,6,5,694.9317389244237,229.82634600781543,108.55009324746797,41.90446113289851,91638.3970545475,1090.0389886008777,146.26995179971357,178.61004269455483,117.22321140644874,1,1,1,1,80,1693.0690619144723,Brute Force
74459.5936001821,9,6,1601.1138218073572,751.2933291768778,194.93402700264113,121.96034276475795,31593.069975854425,201.45154270575173,14898.720493707378,17318.22196835794,17146.403129244238,0,0,1,1,1337,6955.212554813234,Botnet
10627.895010841932,11,21,1505.2813331234795,10529.87955830146,147.3080069629332,478.9792970059406,1132412.4748266144,3010.9443090429054,287.1331213736761,330.9984048674187,307.10171952114086,0,0,0,0,22,20012.97738077657,BENIGN
5242.382091127906,4,3,419.0130039391229,194.90908446941964,115.78492377027541,62.24665473726028,117107.46712787895,1335.2708517463175,318.95187169151524,413.7384773315317,500.64043861481497,1,1,0,1,3389,1936.496510907962,Brute Force
123863.18310549253,16,21,5689.012793771479,15017.643495496322,359.9548022118693,670.0244228880505,167173.6166479125,298.7166894337571,3684.85025677544,3269.262160794907,3647.5829202252053,0,0,0,1,443,3213.2117514950887,BENIGN
65942.63823452438,9,16,4474.373017846855,9585.70574867865,489.1682625159971,619.3288707866062,213216.8069545681,379.1173763944314,1824.3318798051403,2070.204714550515,2527.5179027424733,0,0,0,1,8080,578.7603709112788,BENIGN
14514.87002386885,5,5,507.5531721819436,613.2164760412925,101.16320601538482,113.8904301122371,77215.27277751688,688.948642568317,170.33118325551447,159.7875127480288,174.93352394691843,1,0,0,1,80,1319.7073109830249,Brute Force
137749.07718291352,9,16,1883.3272955119653,1506.3778079622618,221.38726603806478,94.28821935277051,24607.824406497646,181.4894191037166,4825.3467103165485,5907.878575409955,4272.42783600864,0,0,0,1,443,20998.453688434434,BENIGN
2261.834157202222,12,15,4905.989986235441,10465.556330025167,393.241247520627,644.0197740239362,6796053.666142552,11937.214721966035,92.93879484130791,79.56640453245113,103.6548359672149,0,0,0,1,443,19013.092841302874,BENIGN
6159.141050553289,10,5,1462.8147467120416,416.54098610400524,141.06751327027067,87.86533955747436,305132.7640316372,2435.4045274953587,53.563370176587924,70.93498518708547,45.66551475596922,1,1,1,1,80,2712.6963082344882,Brute Force
41797.03874550287,21,19,2635.063786892721,18380.758538060712,129.05925118583716,915.6470575912253,502806.48954382254,957.0055965819774,897.0662342776463,762.2572985129075,851.6938517449286,0,0,1,0,80,6797.118601499467,BENIGN
67921.12668062733,15,22,9744.63073119899,16999.835171496998,610.3712034767443,762.264306613091,393757.6893924541,544.7495029636082,1747.7379637035908,2247.0231807458154,1801.396266669966,0,0,0,1,443,5664.990944583124,BENIGN
18192.125838516804,9,20,3128.831918998404,23268.918801533906,367.8799421929552,1102.722428704413,1451053.6566673454,1594.0962731579455,507.4154666233351,502.6865192592486,797.5171729046887,0,0,1,0,8080,18026.708363552603,BENIGN
1579.8953525476218,4,2,540.112668204845,112.50113804868776,143.29354448695176,60.043706585614316,413074.0717739161,3797.7198871588844,206.55689557902372,196.11739772055756,244.7709072268593,1,0,1,1,443,588.9035807748686,Brute Force
128525.01402323645,14,21,5445.982226609676,6387.686837521523,379.7990026787488,304.62861022368895,92072.88677666863,272.32053048966975,2691.173176438625,2990.548967435664,3661.7027950767774,0,0,0,1,8080,14476.698467887274,BENIGN
75146.5691935773,10,4,2003.643472659337,634.7586242919056,191.00103024041596,168.46939610457903,35110.08054346071,186.30258374053042,16667.853879420833,17592.445445724094,16922.47505610955,1,0,1,1,9001,6383.8489513497825,Botnet
5107.861417697318,9,4,1003.3069316878601,329.0441322863843,119.32802140298016,77.92344685432137,260843.228705857,2545.096457581762,136.74165406875733,191.27558533411639,156.14967503701774,1,0,0,1,22,587.2494349545418,Brute Force
25630.506336563823,9,16,3661.4054981009203,12376.134195010749,438.25735070751165,741.3801011777819,625720.7517680962,975.4001607192458,788.6068722367039,910.1546194724016,838.0667380450557,0,0,1,1,443,20591.56708802636,BENIGN
67677.68575149112,11,17,4207.405077475146,19832.06619117558,420.32017113403754,1119.8374524291833,355205.2792839636,413.72573085336455,1948.9778978568015,1982.312982594715,3116.0084732454975,0,0,1,1,443,16199.68239106602,BENIGN
67914.5159906346,7,11,1557.4146594240472,8732.553694390646,237.94993291893107,780.2249633794501,151513.53438539823,265.03906767858285,3101.3607627477786,4089.7084967692504,4746.490280986581,0,0,1,1,443,20386.257118710466,BENIGN
12982.544306249987,7,3,877.2867405252437,269.56958406109845,122.01464087468293,96.47236736781545,88338.33319053096,770.2650392793848,242.46108825428115,262.6457962589705,370.75999905638395,1,1,1,1,22,166.21631934842588,Brute Force
50394.29933967757,7,17,1203.6153008241001,11424.528166923323,176.40974630464964,732.410659204376,250586.74558859773,476.244343397464,1530.7184604433487,1834.690996045667,1368.3313604447019,0,0,0,1,443,3337.3227075986415,BENIGN
8593.4946062708,7,4,971.8915518323154,411.6858486664434,133.68488958978415,102.98374261450581,161002.8822836686,1280.0380408656026,271.9551914412691,278.34232598689584,221.05514584924424,1,1,1,1,3389,438.67921661408633,Brute Force
6212.956544877765,15,17,7506.827504260585,15150.863314539789,485.7570922599821,817.1762675040517,3646845.210510988,5150.526930110626,159.94133988955272,179.44436227917865,243.40533131345327,0,0,0,1,8080,17113.660024358975,BENIGN
29390.605906878336,14,18,3335.6152821150795,14413.101298837984,259.53532920804776,805.8878181427341,603890.8022920105,1088.7832697763806,1136.3082716168349,969.684518021992,1056.1865144461663,0,0,1,1,80,1766.0891473057889,BENIGN
120709.906858247,10,12,2751.9655004317356,8582.471616622159,266.3080171494381,702.6842665311086,93898.15146129006,182.2551319324205,5207.603921813825,4175.58278906808,4570.074448986312,0,0,0,1,8080,17398.2827282182,BENIGN
11767.700301694309,3,2,310.33968475292227,155.49718129576644,106.7178988208133,74.17491472734727,39586.05794724545,424.891854127191,203.21116827936484,223.05817479662562,175.13439608231778,1,0,1,1,22,2595.5561019018855,Brute Force
4585.235546721267,8,4,990.4818278666246,215.24881229559946,131.79524943766177,58.54333893155713,262959.36770890595,2617.095649225863,340.6313391920655,442.7516974774068,483.2931062948878,1,0,1,1,80,991.5405502602665,Brute Force
10365.12197890787,19,12,9359.247669068569,6519.841477167361,508.5362405421431,521.4076414064397,1531973.2057710954,2990.799342553067,346.52281823408356,481.7555071127091,492.4646912802041,0,0,1,1,443,22410.520533350005,BENIGN
8906.973333666,8,10,2792.3800797977024,7217.368815235241,337.32038858205283,698.9621476176768,1123810.3584748304,2020.8885022665072,627.8608993299865,586.0086404638397,865.8995500251322,0,0,1,1,443,11275.586128257863,BENIGN
31738.50972254636,10,11,2794.1671955835454,8067.06805120786,306.6945675861167,746.6052812072805,342209.9947898882,661.6567754308277,1236.365473246181,1357.692987519962,1452.5141400660102,0,0,1,1,443,9685.757140536443,BENIGN
5624.378578491429,18,14,6961.476099481156,5482.452340153064,357.65868073138404,429.70655971876994,2212498.3704372067,5689.517437957215,140.6391592918729,160.75660848137395,190.4195140518313,0,0,0,1,443,22530.915811183942,BENIGN
27073.126919527353,13,14,4978.212109997395,15903.423650854338,376.97890239112013,1201.957562331326,771304.9114319406,997.2989112138869,731.1287953432957,938.046937758887,834.9945019271709,0,0,1,1,443,16258.017539609968,BENIGN
408.9453914796603,1,0,45.527325213774965,0.0,48.19759120163025,0.0,111328.61786031243,2445.314266488652,15.666475109177101,20.705085413420516,23.17345310576045,1,1,0,0,15846,49.10046325408407,Port Scan
9751.33670190189,13,17,4349.006075301005,9549.105199598776,368.46273060771694,537.5885905246222,1425251.9115855272,3076.5012958837565,371.59667732194936,301.22165437660124,395.3664955706046,0,0,0,1,22,12463.6229617099,BENIGN
290.1635687272127,1,1,39.61501385369017,0.0,40.7000233499356,0.0,136526.49099767886,6892.664054184663,45.008249226359716,41.685001752854994,49.416556972373954,1,1,0,0,44379,2.040776955167245,Port Scan
5311.098194539816,15,17,5200.415418852395,12750.167553459389,323.2422831832422,756.655552664953,3379825.0973341544,6025.119255542716,151.41754265292082,155.36350371346944,199.4619100721922,0,0,0,1,443,20519.013066081287,BENIGN
34341.175991037955,14,17,4825.12395269427,6608.753887358817,334.963707249146,399.38608640587654,332949.5135238524,902.7064189091864,789.893698221448,1076.5319490123125,1067.3029698280077,0,0,0,1,443,20226.843952057327,BENIGN
4151.464329393767,8,3,1323.50907844741,202.28632981572034,155.22693925636057,67.20021675602436,367531.8603751415,2649.6674732614924,337.85099322353045,324.5154606920491,534.0967357467374,1,0,0,1,22,1349.2366412255572,Brute Force
33352.27157817485,13,15,5135.465635668188,10189.73102383152,366.22932146245654,725.1806346220465,459494.8390120525,839.523027220812,1353.319602606265,1491.1202118387023,1980.0718948652004,0,0,0,1,443,18758.733636218578,BENIGN
16778.50619553643,14,17,5645.500638552502,16341.851874512542,372.5898431774894,933.1184294576769,1310447.5605172957,1847.6019044083257,484.9204085568154,470.20761499223,651.9438505294389,0,0,0,1,53,2466.6828247345816,BENIGN
7873.146733040002,11,16,3159.6507435712733,10337.142502870958,283.58268053515064,703.0804382869338,1714281.9388596371,3429.378483026784,264.07695625695897,274.0874192504753,214.42607357360905,0,0,1,1,80,5914.127413762518,BENIGN
3121.13516739248,108,1,7005.112834025981,45.18176094301829,62.874915781845424,46.596309758524626,2258887.941998069,34923.191132110725,12.19288778403756,10.975633540712497,18.358355364772645,1,0,0,0,443,189.8501814163689,DDoS
37648.79214187433,16,16,5312.098129221167,9989.563692876674,361.02073797312977,587.711901757146,406431.6795193753,849.9608667234894,1144.274280057628,1491.4616010033071,1148.224620272665,1,0,0,1,443,3736.110103884501,BENIGN
64190.403188998454,8,4,1140.5028001009855,805.8430757879545,136.40767390848856,191.5236795413151,30321.44649657728,186.94383278241617,16256.687530751087,14110.286350447064,23570.97986335795,1,0,1,1,6667,3437.4033869427453,Botnet
12504.557927925078,3,1,390.7377537084474,86.74078223050566,127.51678685550213,88.32208246662685,38184.35955042056,319.88335957620956,292.81388705155587,386.95975545442536,377.1262249199882,1,0,0,1,22,2607.778968078554,Brute Force
83879.49588993716,8,19,843.0894183013816,8517.3892101657,106.095341024839,442.65696078935565,111594.35961262183,321.8903465446212,2870.7480182313566,2568.298206089669,3315.867603047116,0,0,0,1,443,3403.7294953071273,BENIGN
10868.969062578926,3,5,275.1561556505589,501.50901748976656,99.90046756826396,109.02160909222663,71457.11508318922,736.0403690487465,226.66559392399594,242.8329092904248,271.7164774167187,1,0,1,1,22,2316.6737784782,BENIGN
16238.116375828571,10,13,4464.676627084421,15170.852994721721,483.3626187108339,1142.5808143506647,1209224.5903000687,1416.4204435827858,663.2782532860932,538.4219111119342,1041.1019270284253,0,0,0,1,80,21480.65761838956,BENIGN
5254.390743181498,3,4,470.6140454055639,356.7643448754868,143.3384732860103,84.37164755665191,157464.19151539516,1332.2191557762885,267.6393201579574,331.4582468669418,415.9340334875124,1,0,0,1,22,2612.388431594001,Brute Force
14351.947246252625,7,3,673.6268380620247,348.0174134896929,106.03776842175,110.33968721678524,71185.0617914217,696.7695622356093,248.4922774078844,275.3657972362326,353.9973413141891,1,1,1,1,22,1529.6659097748104,Brute Force
47433.59047647197,6,14,1310.5113717117456,7000.251648179922,231.04493978359056,481.3764666627722,175208.39001243172,421.6421274269847,3056.602346128761,2981.619844399999,3542.4221087006736,0,0,0,1,443,20274.034011679636,BENIGN
9296.645749313897,9,4,1319.617633224321,400.49613556798937,154.12422138418447,101.93433367160378,185025.20319430873,1398.3538095941126,258.14036443172506,352.52205923339375,244.33946462597896,1,0,1,1,22,1074.7722130830618,Brute Force
42738.01152623175,20,18,7397.078109513113,11072.234665904429,351.519729634866,627.0070647845241,432151.8974761248,889.1382318214863,1072.0276412622018,876.1133849575302,1713.1489555638132,1,0,1,1,443,11784.108053695023,BENIGN
84025.07559355175,7,17,2064.491043727088,8798.226028644516,320.1311126117337,549.3109214851766,129279.46801163282,285.6290200331793,2755.9804921617388,2487.7037797128073,3656.7554898218646,0,0,0,1,8080,17561.034735725574,BENIGN
9716.097473772837,9,2,892.3835655509926,188.6605693521658,98.48706530713363,89.46873727340157,111263.20395830493,1132.1417914644092,221.58027634319495,285.42850949498825,229.96519752820737,1,0,0,1,22,1432.8605388558356,Brute Force
4856.841905679355,6,5,661.482406720689,407.85212299155614,105.65186953598088,84.73515380568891,220170.75096922906,2264.846213572885,169.03842213232545,139.87770731415097,180.21332346037977,1,0,0,1,22,2345.161042389916,Brute Force
60564.41415501222,8,7,1525.5671611158157,1559.8358203550567,196.69737659093803,217.34581237285306,50944.156308916085,247.67019064376802,14828.134016969903,18218.59586764712,15351.715033548311,0,0,0,1,1337,7947.245895579254,Botnet
35773.67350102433,12,8,3597.7786836427676,5066.3337210314085,333.0514326901888,692.714576981842,242192.4157278981,559.0703453875748,1290.979741252593,1462.6345900193878,1873.961903352799,0,0,0,1,443,20036.42616459379,BENIGN
5425.757871181469,9,4,1234.2243344344465,468.56790857148053,151.62551499988808,111.53112909055564,313834.9118102354,2395.97864642073,289.2593010795309,300.4380607508597,398.721945685889,1,1,1,1,21,1805.1350241559608,Brute Force
65949.82772815706,9,13,5514.497517244657,10743.748701949678,577.5315439430989,860.8453968725341,246524.46836116494,333.5869214197685,2277.9016294446237,3015.9692590062023,2723.5567495456507,0,0,0,1,443,9770.458571160625,BENIGN
15742.734390523743,4,5,530.3999940893498,567.7568388089842,132.65897354100068,105.9471532124611,69756.4225919586,571.6922979668325,392.5322714500773,466.8940232818195,445.54067130843885,1,1,0,1,22,1400.0740932380575,Brute Force
39809.894631799936,16,16,5458.2049274983865,12184.526328740028,326.7959318669487,726.59792343007,443174.52782569017,803.8202636798381,966.1832040963686,1347.4437623853287,1511.6877777410805,0,0,0,1,443,10371.95643065295,BENIGN
1883.0601334203543,5,2,511.70799153524956,134.9841037208687,100.42255867002581,67.75096715797356,343426.1518146418,3717.3534056426197,395.4484885915957,362.4320336644548,320.55908049690606,1,1,1,1,22,1694.053143368534,Brute Force
115485.25811667915,27,17,8869.57955396416,15628.06266018296,327.4705010811611,929.0673844843054,212127.87340697824,381.0010101509677,2432.6484585228113,2637.6178511029725,2045.100458337039,0,0,0,1,443,15361.858270468012,BENIGN
46925.08145927851,14,15,6240.719793243307,7379.543572806063,493.42475240559145,473.842543454755,290255.50819488737,618.0063858848309,1249.7399102614895,1565.7017515104021,1770.6855357899512,0,0,0,1,443,8731.219258037589,BENIGN
2183.296946878801,167,1,8888.307280196736,52.442665018206874,56.350875989437036,55.86999162090743,4095068.2214787435,76947.84726382252,5.7740455524631615,7.54107638489819,8.275339772633734,1,0,0,0,80,194.1216793568283,DDoS
121015.66676149965,8,9,2928.4779491959425,6185.447294889356,355.52268831137906,720.7577646303816,75311.94503970485,140.47767908847683,5269.295200625147,4388.414270913037,5567.4663087279005,0,0,0,1,80,24819.400425127682,BENIGN
142447.45284448663,10,16,2681.224970943055,14939.961392118379,274.6182345581666,881.1293920568,123703.06391016283,182.523446230975,5502.522043484944,5882.148147189865,5171.250752038609,1,0,1,1,8080,9581.397386877537,BENIGN
4442.40431444378,21,8,10602.191226775456,5461.830710823299,491.86732324486445,704.6446764346914,3616064.815480462,6527.996541357358,219.2980117440286,216.0007878739838,318.81510320541673,1,0,0,1,80,11351.188424183487,BENIGN
11137.699065792489,11,19,2639.147606919921,5423.741860042631,229.73007930054533,291.03742673594934,723927.7537787242,2693.554550431318,513.4262924674674,457.41693258382156,484.44325888498344,0,0,1,1,443,17539.627984225695,BENIGN
113505.1509655577,10,14,3939.4461977348315,12549.960324422387,402.28318625666674,849.584406227866,145274.52174536826,211.44414853280642,4181.769539531867,4646.816618215312,3442.2694858373457,0,0,0,0,22,20850.45305798128,BENIGN
142719.01276686715,17,13,6777.348226494974,6906.989368545111,401.31403990789573,574.2838928728984,95883.0735284974,210.20324775512063,4352.354077636543,5856.665628791773,4314.77573249966,0,0,1,1,443,17010.894053855573,BENIGN
17460.50338749334,10,15,2922.268815677306,9282.932871024384,312.88223052419045,652.1042146526308,699017.7439811998,1431.8029351838204,714.7339770193527,737.1402728191184,750.3544551785373,0,0,0,1,443,12482.842231272996,BENIGN
562.3174979858101,113,0,6373.984472967243,0.0,59.950704303808024,50.99487802879195,11335205.637026235,200954.0880459166,2.7146975490539917,2.39020754396319,3.9671564867706532,1,0,0,0,53,125.99499812989826,DDoS
12065.825684111354,11,20,4384.948849949508,13630.588128774421,407.4577900850212,684.8118398333587,1493104.3635453258,2569.2398358466044,401.1501584799009,347.1651090550077,408.68573548163914,0,0,1,1,53,17643.844662688593,BENIGN
460.0932561635269,1,0,43.346059852932875,0.0,42.822694908001054,0.0,94211.46533286019,2173.472413698189,45.58581355404436,54.37759987557113,61.84273997601321,1,0,0,0,26866,17.042008209926617,BENIGN
417.6567897150383,1,0,45.911851864825096,0.0,47.66908074281483,0.0,109927.22492587789,2394.3104113841578,24.13819497180995,31.39072581457724,21.539446652171804,1,0,0,0,53307,18.456770955080128,Port Scan
40138.74742401587,10,12,4874.454061336903,10639.46227563287,478.1397318018119,908.5760038933837,386507.23633910576,548.0988175240599,1191.2903084575237,1168.6778916202588,1861.2703262197679,0,0,0,1,443,11150.844503613378,BENIGN
6756.970381471016,12,23,4452.550208647576,17480.43436730084,390.26592511977566,742.8160568674072,3245979.0908797104,5179.836231926827,166.43380700774412,170.10859683581242,216.26731657783333,1,0,0,1,443,11945.639800833174,BENIGN
373.2558059479849,2,1,86.68641971180371,0.0,40.0,0.0,232243.99548625882,8037.383349954013,20.114264691244138,19.174401056483628,28.462024304332033,1,0,0,0,11584,43.66692579816153,Port Scan
9481.412343172593,9,2,1503.637879463296,109.20156462522118,159.15589065745866,58.273114721005655,170105.40051555674,1160.164709841031,264.8239080106273,286.10016951896705,354.27536105059045,1,1,1,1,22,220.21550768376403,Brute Force
12396.58467198151,3,3,341.9430874577198,294.4810669458951,111.58514773417915,98.62352284723133,51338.668773992795,484.00427688450907,264.25228563230917,249.95424312324772,401.3474008545536,1,0,0,1,3389,740.5774280583105,Brute Force
11817.647794997414,5,2,616.7913528503589,89.88278765814587,128.57623087985513,47.01283176895455,59798.20627313419,592.3344578743669,212.79561295453504,246.87019866034913,234.17545380388407,1,1,0,1,22,461.4289709359508,Brute Force
51204.48295585867,17,17,7545.006758382658,14383.167571797941,434.21577375512487,857.2021710664351,428247.15853656793,664.0043612843436,1772.390352008291,2079.2671781297545,2488.0269593151957,1,0,1,1,8080,21950.431834639625,BENIGN
64998.92902252289,5,7,1337.7897768116163,1436.6096026826892,253.44588663118776,223.81218509176537,42683.770659251066,184.61842649502515,14839.982520225427,14722.597274232543,23386.26134180903,0,0,1,1,4444,4628.853043394604,Botnet
160834.48593395518,11,17,3225.024095338423,9267.532375076784,295.844996017538,547.435192655778,77673.36960025557,174.0920166306738,4883.458745368255,4709.678071168798,4287.314125414025,0,0,1,1,443,24352.153014983658,BENIGN
956.5885073232133,143,1,9947.762601098222,26.16615667164467,75.85193042882076,26.624471605708173,10426561.349434927,150534.9467379134,22.677128098224244,25.927965923090508,19.82014881704635,1,0,0,0,80,152.2617920691219,DDoS
22810.11577601529,14,12,2053.798759593948,7536.637878253685,156.11605398115427,694.5163589670035,420446.64446341497,1139.8451570920502,896.974704662244,964.7957518549115,770.4397684892912,0,0,1,0,22,15152.047478548235,BENIGN
10773.240416867826,10,2,1488.943670297424,148.74834316867,149.83654195261224,77.8315677840431,152014.80242675496,1113.8709929104912,185.91186452306928,256.1242927378843,248.85293223043783,1,1,0,1,21,502.7658963315196,Brute Force
23301.488838323396,15,22,3448.086966283083,15076.278671292674,249.95267507971053,681.1733197742399,794986.3532801038,1587.8813691572786,614.314717764713,641.4442826814475,537.3599678660603,0,0,0,0,53,526.3559729882639,BENIGN
8713.895540083915,5,4,360.15788350434957,204.78409091126125,75.54063834153547,55.244715710848524,64832.309707739565,1032.8331294080822,70.18943859610673,81.03834483715312,72.57229818676029,1,0,1,1,22,822.8972137163554,Brute Force
11555.939344225235,6,4,640.8284027969005,250.72815846422827,105.93341500176737,64.21499517743139,77151.37079762017,865.3558747690405,232.93296854956972,294.2732134513812,342.7558216158732,1,0,1,1,22,1259.1562937617823,Brute Force
519.3715275967609,113,2,5755.020032651287,49.65711448136603,54.71770197643599,27.355456281944065,11176348.41091904,221421.4562976309,28.291527208095786,25.79247032785631,31.74325477775841,1,0,0,0,443,432.38925232571916,DDoS
12300.808228540549,13,10,4563.73842310744,8111.981780627596,324.57410742157487,738.0863265635961,1030478.6456490404,1869.7958355805433,523.6098768001234,578.6976969516693,718.3345521601151,0,0,1,1,80,23332.1077718119,BENIGN
556.09653252782,1,1,39.07564210640158,0.0,40.0,0.0,70267.73198670633,3596.497879439565,40.96391186308853,53.48183745379564,51.102870599379315,1,1,0,0,3799,16.243068423233197,Port Scan
4822.9871796578345,8,3,982.2484216261787,299.3680702762026,124.68553020763439,92.59499352595878,265730.8518894519,2280.7441923949696,353.80471445709026,324.97389509499425,440.3874047141834,1,0,1,1,21,1392.1785178063858,Brute Force
1238.5293716803972,162,1,10600.538451202403,47.79242655975666,63.09549254754607,46.67584884959262,8597560.236552842,131607.69839381913,1.6557334196652143,2.264254423589719,2.3792073460660688,1,0,0,1,80,250.08468841663108,DDoS
3882.1301798315258,5,2,603.1928307350669,186.5216438065256,120.45320946424178,86.21451855989162,203422.9760362812,1803.1337630990472,257.1105322160036,347.6996702262596,216.60076505668684,1,0,1,1,21,720.9916308679403,Brute Force
6029.677129058814,19,14,5417.048951923811,13804.77039287483,304.0325356487871,1012.427776592235,3187868.758704004,5472.92985904057,179.66263992147657,242.3763222472627,150.35944583019727,0,0,0,1,443,23303.427774499807,BENIGN
61593.541315972136,16,21,8691.849221535273,16962.880395422973,504.91849658795866,774.4397409186984,416516.5546392376,600.7123345967663,1625.8336832972118,2080.705158051726,1487.1700503754453,0,0,0,1,443,14341.788560884403,BENIGN
37492.04183264447,9,13,4279.201261721813,5700.307398453316,495.6117917333391,441.9815468729482,266176.7183745626,586.7911942006987,1864.2566094510805,1651.9861743226436,2292.0986046550793,0,0,0,1,443,2375.1375487550476,BENIGN
17557.892362379203,13,16,5625.206439535337,10780.637313565652,457.46754475278533,683.6243720612536,934385.7118211593,1651.6788804411099,539.6261784907218,493.8770017064692,654.0895872350314,0,0,0,1,443,18557.373978183852,BENIGN
6339.26229673189,13,14,6141.052801823182,8725.518425593269,462.61876656545684,666.3161051105732,2345157.927142514,4259.170663110034,292.784623271347,389.84313728949655,371.5686628147694,0,0,0,0,443,11800.052222623304,BENIGN
27022.16281454422,11,9,4668.819379811646,4180.093092220819,387.4867575744097,449.6062799759811,327468.69792634394,740.133206111664,1127.3124835000594,1000.5275757279771,1064.1492811510534,0,0,0,1,80,17460.369368858923,BENIGN
258.1933007979169,1,0,36.40153399744686,0.0,40.0,0.0,140985.5867094618,3873.067182260788,6.469103723196368,6.777405201466121,6.708650563377431,1,1,0,0,6766,27.688269313375486,Port Scan
2307.176685245587,13,16,5492.243225704165,14084.129702699436,398.3178537434971,813.3967160735505,8484990.791383538,12569.475144862216,75.86543367450984,89.55637716340466,101.13112680905247,0,0,0,1,80,8373.339627579135,BENIGN
28998.949198550657,19,18,4708.234679479099,17070.64555662678,239.0833543085157,1036.3513387147582,751023.0831810405,1275.9083009066144,791.5705585341098,1023.3305903542104,818.1725161981917,0,0,0,0,80,3622.2281594757965,BENIGN
2405.1613968541365,15,18,6298.6800313422045,16635.554733383156,401.3016457878714,840.906694377213,9535424.439591665,13720.492954511408,72.55137371063361,62.08961067119344,108.2768061743857,0,0,0,1,443,13730.803149667146,BENIGN
65344.70709966915,9,3,1214.980330426339,575.3405693307052,149.88978290021237,189.88281348171756,27398.101226872113,183.6414995585887,14596.249705536859,14733.031788644823,19855.09698418203,1,0,0,1,4444,6488.123152040956,Botnet
73964.77442315,23,16,6896.241085093546,11668.104090004426,326.09767102017736,702.5674341396671,250989.00550810818,527.2780226014387,1925.888419853715,2534.5328226331812,2425.7236786473663,0,0,1,1,443,22411.51122968475,BENIGN
8340.640407175528,5,4,506.5586431939567,375.63174753119443,101.70332147008638,89.03451847003507,105770.1024931125,1079.053832875617,341.712134711068,456.0064932715118,505.9221909719289,1,1,0,1,3389,1448.413354826068,Brute Force
26548.85102319389,13,12,4905.014500393161,11777.667794846464,401.1170524354243,1071.3038796897138,628376.8092511847,941.6603369448732,856.2936338168115,732.6985937399336,1208.0763553130776,0,0,1,1,443,5189.584268729638,BENIGN
8955.726149398308,8,3,1015.6931259832894,259.0351510588592,139.09711074531504,93.9348031283574,142336.67441112985,1228.2644440550514,197.9876730476248,254.40707400873714,250.00693572429333,1,0,1,1,22,2957.6641509680176,Brute Force
25863.76996513047,11,18,4185.999689924164,16578.897951549756,349.45163619507423,955.4940109841555,802856.5700000097,1121.2595858646207,788.6535165274887,1004.3006560757002,716.0519370729249,1,0,1,0,443,15119.375892694205,BENIGN
20.270162790263775,1,0,48.10524705045745,0.0,44.387468375139754,0.0,2373204.7713777367,49333.5949171717,7.782433858919981,7.237776739829955,11.984389184850757,1,0,0,0,6353,44.006082453822806,Port Scan
39992.48058716587,11,20,5755.382381626887,8612.965076990018,526.5338213263421,457.78567824447424,359276.2251218771,775.1457160161333,1364.171697149701,1828.8731475246332,1920.5243895303129,0,0,0,1,80,15416.52513573773,BENIGN
2872.230132682852,17,15,6346.583413693696,13544.979666254343,397.6148662413734,825.0199863765782,6925476.776252608,11141.168542128584,85.68717550652951,99.29830062188437,68.55019091395317,1,0,0,1,80,2490.0379835202702,BENIGN
1446.3137286723627,13,11,1669.99833756709,7545.552396525602,140.20785161412007,727.797545179758,6371750.8528056815,16593.910106924515,64.76468959584135,87.36642915425571,77.71603692538973,0,0,1,1,80,16347.605041996729,BENIGN
7299.506482856129,4,3,526.8898958859221,245.2839126176628,130.10800578814502,85.95868641971738,105784.3856043061,958.9689407688643,305.99145630404576,366.46365022121904,294.37555104164267,1,0,1,1,22,257.1099273774063,Brute Force
42858.0044147371,8,17,4141.954936648899,14516.078219508332,480.40711395979497,936.6969760303064,435345.35522474075,583.3216068129278,1828.0959427422601,1471.7132620729371,1692.172470539084,0,0,1,1,8080,2612.385691517742,BENIGN
9345.816214656219,16,20,3104.061035136138,15947.893332129914,211.2551095994852,787.1509075875387,2038554.3573378376,3851.991005723435,367.81415757632135,437.7412003548684,352.9393292656074,0,0,1,1,443,8887.599144539157,BENIGN
8193.288582189985,7,2,894.164391307398,168.80210692037716,118.62769476230702,83.92728340961212,129736.24541168727,1098.4600273403757,95.50414251326767,80.36210535899134,138.36330164169144,1,0,0,1,22,2806.300606958132,Brute Force
28511.097193793375,10,16,3683.065822415178,10922.641993696408,390.6377094985596,706.9259139489011,512281.5062792857,911.9256205145265,994.3296909550095,913.8132582934467,1441.452574701366,0,0,0,1,22,16353.977482970991,BENIGN
458.5415564643088,1,0,42.22595208834534,0.0,43.32875974207585,0.0,92087.51419159988,2180.827420988257,12.580560356693319,16.264444803931973,10.955278892362395,1,0,0,1,47935,11.52529785881628,Port Scan
183621.676756673,10,12,2436.188800795586,13754.896017637966,250.31071109416686,1119.6683497933755,88176.32593503235,119.81156249408065,6087.9877684813555,5492.1548115407595,5827.224423065614,0,0,1,1,53,11520.66480839636,BENIGN
47828.77254818031,19,22,6216.832142098164,16096.438853531494,340.45717284203266,740.6458646141947,466524.0148731056,857.2245913001144,1388.2061215716697,1728.1608766050972,1401.448967674524,0,0,0,1,443,12778.208897964167,BENIGN
12179.058688242554,7,5,1020.7912959409826,515.1913275358063,146.13036715462226,95.45504742898447,126116.69446667492,985.2978220381339,296.0245728150088,279.5217567914808,471.5464208218185,1,0,0,1,21,2070.2907498837662,Brute Force
10301.056148074198,12,15,7722.244313847383,13607.67421753845,600.2902335229488,926.6681613915099,2070653.554817629,2621.0904602289447,295.9610396922012,313.25308964049304,280.7165149320765,1,0,0,1,80,1941.4911470106254,BENIGN
11573.044621414645,13,14,1975.4639250448724,10642.096410298898,166.85143957614514,747.484470051532,1090254.1853157955,2333.0075086757615,343.2675711511857,415.5272339668678,388.8959259537855,0,1,1,0,80,8379.67883598221,BENIGN
7227.717788547796,23,20,6206.582441302218,20767.42421830209,265.7318091819853,1146.277240874906,3732022.672819932,5949.319170725345,153.58372152454706,150.56010921137496,165.71279126126754,0,0,0,1,443,20860.19363143613,BENIGN
56683.14302870123,7,5,1172.3467058024576,1175.3277092115018,177.101829971211,217.27491190759224,41417.50597395818,211.7031512159419,16645.125964781007,18300.542949534163,24857.665301232122,1,0,1,1,1337,6223.7828709451405,Botnet
25301.014176458313,8,15,3295.4778782746266,15714.15924846984,391.781757927797,1055.2756958057905,751338.9382008351,909.0544687098226,866.7415516932354,1156.7284380958988,740.1063766191106,0,0,0,1,443,19447.105771138304,BENIGN
7299.139153549416,13,16,5219.942227458855,16048.990834152262,369.9197675907448,1085.2980733505515,2913896.09297536,3973.0712608620315,210.58827532869344,255.09711764967383,188.4105178996994,0,0,1,1,443,19207.46098968087,BENIGN
7065.333413838608,14,22,3456.8174398156034,20837.330421760515,267.7050915646257,1014.9406190621373,3438499.84687093,5095.300942130788,150.13957616637384,148.98126280103082,212.31297703995926,1,0,1,1,443,11131.809971601811,BENIGN
7295.826077489543,4,4,533.0076620569489,330.2852714350513,137.02753134235107,91.2141088094264,118326.96178923373,1096.5173669206708,322.57248010802596,409.2104029848208,504.88939769758025,1,0,0,1,3389,1029.148124980355,Brute Force
2839.4853172897315,161,2,11284.72569101541,120.41983683440536,64.48234732783119,55.997931127433375,4016624.2305968134,57404.769451522414,3.341640832617168,3.5972432825104437,4.307558251286733,1,0,0,0,443,462.71018832002875,DDoS
210612.1961981659,14,18,4974.918097007924,9052.846046526458,365.0018168681644,518.7978932295476,66604.70949334577,151.93801962869742,11446.731629395752,13923.493042402297,18101.24496389876,0,0,0,1,443,14517.271152224579,BENIGN
18269.143624692788,8,22,2336.894334037923,19065.268176655944,292.49190744675366,830.3170902983434,1171492.3780973759,1642.1130960649764,670.1884945523504,537.8902930262955,774.0263523242726,1,0,1,1,80,14295.133117011463,BENIGN
62821.30031022771,17,8,5302.321878720754,5938.975943053946,313.9288707469927,809.3550037835782,178940.86506109053,397.9541950985348,2203.511545941023,2630.1443861117264,2454.7654236193544,0,0,0,1,443,11974.27228031618,BENIGN
10890.673378455716,12,20,7030.525540532532,16585.095284703544,536.7077494833775,908.8924909690863,2168426.1390074617,2938.2939776068797,347.77670770418683,364.0001678661869,430.79319334892415,0,0,0,1,80,19019.773738848715,BENIGN
141398.54066176634,13,13,3914.165863619548,11909.35430841803,292.82084018275043,911.2998326328408,111907.23820755951,183.8774281425827,3714.111731428347,4491.92691448824,3924.034711303276,1,0,1,1,80,6939.085990029801,BENIGN
2671.211723949618,169,2,12179.08815119965,89.69004081318498,77.17969670246468,48.30295704267496,4592963.5910224235,64015.891539724784,23.853025394469586,29.08261327209946,31.992365430222684,1,0,0,0,80,70.30881264634702,BENIGN
1162.8199153828677,163,2,9951.180178718409,89.88691805027219,63.02696634267443,49.351867380042286,8635100.72706536,141896.43453575738,25.09271718936687,21.560622886694546,27.693313511554873,1,0,0,1,443,304.31996199353887,BENIGN
82950.32356292524,7,11,2250.5488173288336,8187.462942638819,304.54260746330283,808.6987921377151,125834.49119459416,216.99734524055702,4080.952086698124,4167.020450173555,5811.193624692221,0,0,0,0,443,4478.190809897968,BENIGN
10598.668416133412,9,2,847.6608281741669,151.9485854319107,96.28592785589635,75.24984330332097,94314.62277699535,1037.8662269739164,341.0698334613345,412.8580406929541,351.1054152594592,1,0,1,1,21,104.10652264706269,Brute Force
5502.707197617149,9,12,3494.7664762960126,12662.833124288294,366.5432217868213,991.9084815020841,2936300.0829084767,3816.3033659311695,252.1059603993972,233.48972668398622,289.6220484807915,0,0,1,1,443,10956.065630064319,BENIGN
86317.89903645426,12,13,4962.0427720959715,10236.076785921561,439.6862218191569,813.6921547843298,176071.47217055154,289.6270678395666,2334.524329537561,3133.229478394716,2470.1289944922987,0,0,0,0,443,13978.427501295531,BENIGN
25784.145871207736,12,14,3419.2674358038516,11462.091241549822,303.7628351219781,870.5511639353649,577151.5082053259,1008.3715834478465,1204.23673147018,974.5064892207783,1093.2041886326836,0,0,1,1,53,11668.810826990033,BENIGN
3509.1368808474354,122,6,6725.900263062357,302.40510486136407,50.89774507611747,51.11524622878918,2002858.7104377723,36476.20607181581,21.47263127670348,29.46398378165985,34.29463182267082,1,0,0,1,80,174.38587887013446,DDoS
211010.4159869861,16,22,4569.388073128455,18773.455413888838,265.8515007646397,788.9137979011904,110624.12904042113,180.08589681347112,5318.671655007805,6940.853832486718,5717.312336528719,0,0,1,1,80,19247.98063983409,BENIGN
10337.931882648221,13,13,3727.7522756795756,7322.507530270313,272.9895738242383,512.7682863071178,1068904.296467389,2515.0098003295893,404.35542295493536,542.7084071476324,360.5185489699984,1,0,1,1,8080,15413.894485126151,BENIGN
49151.34644691384,24,11,6145.753581905062,10677.016253653623,275.45835508891054,934.5867544327789,342264.67943717877,712.0862912230069,2504.4141407058028,2645.6656506082945,2842.7150503566268,1,0,0,1,443,17103.499505659915,BENIGN
133397.98967310213,10,10,3182.1667415270767,8675.832859030566,325.7936557305283,828.1897422549539,88891.89132172242,149.92729687314565,5490.881772154274,5060.299701417386,6575.1375057714695,0,0,1,1,8080,22133.263895631033,BENIGN
27096.107987670253,15,16,4270.468046593387,13385.463267079973,293.12911567653146,847.8898063203252,651603.9617832743,1144.0757474876527,989.5755740710023,1187.9712916378653,951.6237903819958,0,0,0,1,80,21052.765438182967,BENIGN
4801.626387258587,11,14,4141.858104689611,12136.004076257723,352.6818720180438,911.5317043854513,3390072.627087699,5206.569187960781,154.7339453714334,196.81611360142676,245.52891807639995,1,0,0,1,443,17525.157485968542,BENIGN
59726.022300011966,14,15,2770.4029592362967,9285.446047436842,193.5149362412379,580.9843287370321,201852.53499914936,485.55050015433875,1756.156970830322,1835.1681482784445,1615.3007644652967,0,0,0,1,80,3324.513600041369,BENIGN
126175.01587824238,12,17,3148.0957746104455,13042.656314947582,242.97852122429242,754.9005007391331,128319.79434963528,229.83947969528856,4723.890081665395,6216.264359511323,7009.337036666115,0,0,1,1,80,23772.192776732016,BENIGN
47757.78873313628,10,20,3226.9707206047487,19990.462628725778,338.88088927260355,913.0076035496938,486149.6724453939,628.1697875007515,1517.409875522008,1885.2047786982432,2063.451857859679,0,0,1,1,443,4411.326805571807,BENIGN
451.15075617635534,2,0,95.32723380879229,0.0,47.36815683834916,0.0,211297.958617471,4433.107941457595,14.834120863996567,19.872939396357335,21.23192541983012,1,1,0,0,40830,45.99952142133586,Port Scan
13723.026130839424,19,13,6479.503115910122,9896.44430143648,375.55685212927415,777.0271280893467,1193318.9707002987,2331.847195720715,405.6165953731701,368.0763498465824,431.47260362968643,0,0,0,1,80,18729.407810666387,Port Scan
241.30157380461543,1,0,45.67978136982005,0.0,46.67552243230903,0.0,189305.77471826802,4144.191785544304,28.628221568069314,27.03639333746558,26.52622369996165,1,1,0,0,5654,14.719235082014709,Port Scan
5236.6338440676,10,17,4353.161717939576,10459.550976042197,477.97797660658216,650.6316490336343,2828670.694775152,5155.983940062443,260.8373748471621,309.2578321218584,280.3352055454339,0,0,1,1,8080,4785.268660296199,BENIGN
8236.73342566867,4,3,483.7860745054099,311.5147607717373,128.07804940570202,94.71338051048251,96555.36900085892,849.8514688098857,242.24574851229636,232.2497040649356,265.13449100990016,1,0,0,1,21,1507.1216725958761,Brute Force
186064.34094173613,10,18,2065.9472539743415,12195.454343434645,225.98809826003446,624.3584200510829,76647.68824175063,150.4855785814858,6428.495300105358,6032.49692409658,9285.543248854452,0,0,1,1,443,6698.024362658658,BENIGN
13237.041260062666,9,4,1637.0242392603318,292.9084262674797,166.5867037978707,72.00726266224882,145797.88848665074,982.0925797989435,145.89320604473892,158.1939217945624,145.25417864428192,1,1,0,1,21,641.9269788518094,Brute Force
177106.5433268305,14,13,3642.442380776061,6099.981662085035,277.5788636116079,477.38237284495045,55008.83174532142,152.45060680888844,6402.277225631154,8916.287244510157,7873.838236115544,0,0,1,1,53,24750.423063005666,BENIGN
86054.2809319821,7,6,1789.150916245731,1008.3248968672275,236.01752663205087,175.5047155732607,32508.27016176107,151.0674409129662,12880.675537307558,15123.394445029098,17004.240860619764,0,0,0,1,1337,5819.603490898296,Botnet
67970.29467745393,17,7,4613.62769634463,1651.6984902840059,260.45340328557086,243.5217705296726,92177.4168607051,353.09542372722586,15072.546177394952,16071.28650128952,22707.68692871104,0,0,1,1,4444,3168.7828901221496,Botnet
35591.295555983204,16,13,7719.155949084769,8271.217723966083,452.871368663103,625.2491516515038,449277.65127006546,814.8059672170278,1296.9386328556798,1316.8552562871182,1452.9990892259175,1,0,1,1,8080,11986.147543079785,BENIGN
17377.284994628168,10,8,1938.8726269786607,5902.221266152718,212.18887426226013,762.8673477922991,451226.63842799916,1035.8349998612748,837.1183153318423,703.0363565177839,1231.185282636828,0,0,1,1,443,22478.965057531415,BENIGN
5654.861549704437,10,10,3678.552294660618,9685.575613156934,382.3878580406538,883.4546034369606,2363298.8695392655,3536.77978217616,249.19239767013485,271.4551514716978,367.2868664217052,1,0,0,1,8080,11292.623961126703,BENIGN
11561.635354954597,6,4,609.4321536430925,299.953313828171,102.34758574890131,68.44808749116862,78655.43580576235,864.9295443930969,335.4903863607232,431.23607122406855,356.9508001897413,1,1,1,1,21,631.9442321465899,Brute Force
22330.25449227037,8,19,3418.484719467903,19098.861835594085,406.0503235833618,975.2686880320488,1008378.4115786221,1209.1219116802301,782.3099574872064,1093.4755392672828,1007.9957381046542,0,0,1,1,443,7980.351066465404,BENIGN
744.7837558662146,151,2,9279.900131786084,85.80748057230817,64.80229404892242,44.782549362245476,12575069.660945656,205428.75538693054,5.838363932403363,7.294737807477628,5.046340702231151,1,0,0,0,443,397.18782828846236,DDoS
89518.17101601248,12,20,4309.7482137700745,16204.145286770972,343.5864017932237,870.0835432403003,229158.98825582175,357.4693231196159,2227.063986253282,2135.6459226607794,2254.4538326858724,1,0,0,1,443,9666.240252182897,BENIGN
62423.9362297512,9,13,2229.9460518648734,1618.1766354119027,228.60727596388367,124.68735561257445,61644.986197502294,352.4289131500621,15054.40183849124,14682.695731441698,16034.004821422179,0,0,0,1,9001,2740.3339359814895,Botnet
9229.889048103914,21,22,5737.807348960786,14130.625075347829,271.52090882567865,698.8751783967823,2152618.77155394,4658.777562318957,189.1095874027103,238.3016887191778,213.93812671017483,0,1,0,1,80,3781.691605953218,BENIGN
2308.979227809159,9,4,1089.307621971771,345.094498176123,114.84813455637361,91.34518176141816,621227.8148162058,5630.193569274704,398.9572552775813,517.7406547020787,368.1612818067469,1,1,1,1,21,1078.746524878039,Brute Force
67543.6382464467,14,4,3484.775151021353,2438.986062638951,236.14083518499234,580.243732925064,87702.72622931942,266.49438003803317,3102.7073301972414,4111.95074098681,4812.275910914662,0,0,0,1,443,2329.1797892477753,BENIGN
109187.91555913772,14,20,6729.017879047115,15996.800224430495,464.41352827365864,729.2766708005166,208134.92030781542,311.38977079917896,3090.6797794073395,3359.864164776153,2755.3543771422537,0,0,0,0,80,8213.715573420883,BENIGN
14807.590786525083,7,2,828.9843884576717,100.33107336189896,110.34222759997297,50.712629356996786,62759.39652959941,607.7963748289158,302.14054710607894,418.7749721263733,429.16824137393024,1,0,1,1,443,856.4610260055636,Brute Force
54051.78136318971,8,4,1471.5740790858513,678.1733145909072,192.14726505259074,164.1806056801529,39771.99898800703,222.0093343338399,17335.563563422766,20451.40196164411,25545.074354994747,1,0,1,1,4444,1400.6266812524227,Botnet
11551.27382965265,4,5,552.395500362305,244.0802666416094,138.9242255677558,50.444649915922454,68951.3363417396,779.1348497770512,386.2006912063388,449.5736539078975,433.32873510861117,1,0,1,1,22,2216.2466381651698,Brute Force
71.16902900395131,1,0,46.33854368123617,0.0,49.84206738995769,0.0,651105.4644101362,14051.055831385305,7.085222344704718,6.5586476358604076,9.7369239777325,1,0,0,0,10130,28.148718922921983,Port Scan
11894.872299763254,5,4,679.0209540713167,362.7318475285657,137.82048929223146,91.08287730643988,87579.99038128527,756.6285516305315,163.90424242688266,190.75181876031232,132.71566505008204,1,0,1,1,22,282.97894513081224,Brute Force
45962.919154829986,12,21,3954.2518740633336,11992.37384389622,334.9488080209218,572.9368676542955,346945.4510546206,717.9700638429144,1387.8645976868281,1241.8395823976964,2001.3615197531958,0,0,0,0,443,5299.5692542118995,BENIGN
22417.86713822791,20,9,8542.457083389218,9239.068264490705,455.93212352836645,1051.4083949986368,793185.4193906833,1293.6110211193086,707.0281284343553,772.5090307515113,781.9490970113156,0,0,1,1,22,17856.411830808764,BENIGN
6121.042484791128,24,21,6957.275333712079,18504.15776980585,291.65008379703215,801.0473369473574,4159656.3276241925,7351.68888499155,141.03648422926003,132.4826795092379,176.3044156331452,0,0,0,1,443,10566.082509303715,BENIGN
140733.76639093555,17,11,3506.0395494492864,11163.834016951352,222.6608574322346,974.7488360866208,104238.47767741902,198.9572276650406,4008.449743693012,3831.661156224575,4912.945548162841,0,0,0,1,443,19331.835382391604,BENIGN
45272.32235216901,6,4,795.6440246998789,562.4612019146306,147.08013230427474,153.28844841275503,29998.576526513054,220.88550974281748,16220.882494515217,16609.348162067134,13099.89140669356,0,0,1,1,8080,4595.546136806955,Botnet
1249.1128957459982,128,2,9140.97049690304,75.46563608418498,66.8999124149384,37.186609708862576,7378385.223925628,104073.85949078774,3.8454575796771864,3.3009707503930215,4.926167375042326,1,0,0,1,80,475.50073777238964,DDoS
68294.18089379442,14,17,5809.147446402479,11900.408282603317,381.6010410686477,663.9345916117823,259312.80670232014,453.9186149433243,1920.353477188928,2485.320679047491,2706.1480138778984,0,0,0,1,443,10273.892202740133,BENIGN
2091.702503603146,137,0,9432.566543991448,0.0,71.80707215394933,40.34692487216686,4509516.304418531,65496.885797098366,11.815523221161415,13.485576191133449,14.23081903558266,1,0,0,0,53,314.5351637758541,DDoS
53067.164356129084,10,10,1698.8535533226257,2107.2716213497824,161.97356579197327,193.52393966681547,71722.79168959992,376.8808875066652,13242.455554907185,15977.34327376203,13015.942439782244,0,0,1,1,9001,6954.7320323142685,Botnet
26112.687055239767,18,16,3522.974227879626,10216.608710331471,187.7236548014526,603.0977615374176,526165.0365259562,1302.049074002806,632.9896515208607,627.8857598819219,659.0907823149413,0,0,0,1,53,15502.116858325064,BENIGN
26302.13851318204,18,18,4315.912623808096,12709.905869231146,225.45400156491775,676.2189781946353,647316.8896326162,1368.709999833573,614.2464387634099,661.7515208818586,841.4905756356768,1,0,1,1,443,17114.80154598403,BENIGN
27949.81632699225,8,10,4047.977495009937,5792.576721724029,487.7216542369513,538.4449309285105,352079.38762840995,644.011387746283,1135.7859116423706,1546.322266184685,911.1584326982347,0,0,0,1,443,4535.253261946658,BENIGN
2503.4603344131533,129,2,7219.010694713703,61.13066810684774,54.04868511292102,33.79488517926998,2908031.4406208154,52327.571641237235,1.9456197504905774,2.030352042508561,2.056487974057249,1,0,0,0,80,301.8935107558098,DDoS
31793.73904114078,13,24,3952.434974592048,21586.02955152618,293.51545495861393,880.9005101087507,803254.5179122125,1163.751138301864,870.9032177640396,1214.1888310201177,946.3849907792059,0,0,0,1,80,19690.75596499405,BENIGN
60612.94465981047,11,8,5946.8681707006335,6394.757163050487,529.4731608881573,739.8337364430452,203613.69016170333,313.464394555277,2917.6464718388806,3689.319749296762,2949.26780166176,1,0,1,1,443,17129.349518865885,BENIGN
212740.02735725636,14,10,4894.517407906331,9708.339973144357,362.7042701822847,941.8983004770919,68641.79516404767,112.81374877185932,8402.358534044146,7727.970731663048,13379.061452944796,0,0,1,1,443,21905.62514187928,BENIGN
8075.508977525703,17,16,4782.692062759882,9353.771151029352,258.0886408797482,602.1376827108274,1750535.260765765,4086.4297336353206,205.93044537445374,275.79614445568757,190.05580568669626,0,0,0,1,8080,18113.05762473354,BENIGN
2515.9204604464503,147,3,7881.352103069159,113.76711623291895,57.808368753154845,36.210438335182424,3177810.8032411104,59620.32677828873,1.6730430918331598,1.9660603442330469,1.9570583463688134,1,0,0,0,443,109.31384158397451,DDoS
5171.811432848473,14,11,4001.635684171247,8059.570856143382,313.2423998065746,795.8325778236435,2332104.852800423,4833.896271084806,164.3443663383891,187.07630373917837,151.5450725288506,1,0,0,1,53,5253.995893646817,BENIGN
8067.41830159093,4,3,591.9880120818041,300.5957096918823,147.1223933264131,93.67854243876495,110640.5653463717,867.6877457339194,167.37920070176594,223.49738772477772,219.56843189350369,1,0,0,1,22,2880.0624922605693,Brute Force
11462.745446652454,4,3,486.59826496298507,332.6926269163356,110.61569450553526,103.03397774812494,71474.22890024867,610.6739465320901,289.5855293779432,243.13367773539747,272.6657715294981,1,1,1,1,22,2761.6619485681063,Brute Force
63989.24308754491,17,14,5602.578517774857,9282.571670055862,347.0776004744102,624.7270487875802,232619.5696277585,484.45642586502083,1768.6002350935998,1577.5571947508995,2298.389028658349,0,0,0,1,53,2279.167272961246,BENIGN
342.84400203119884,1,0,36.39373556761702,0.0,40.0,0.0,106152.46395445234,2916.7784592276457,37.78640626494095,33.717074413403225,47.267050244696996,1,0,0,0,52306,38.104662546561315,Port Scan
1539.799590570642,4,4,377.48038210500863,212.3126757357632,86.07092756900627,52.237272100840826,383032.3513868434,5195.481313925561,159.60891216804555,144.267289339472,201.27998851460842,1,0,1,1,3389,2983.425970340804,Brute Force
11562.872239970457,10,3,1190.6812802863044,249.6716665474139,119.40493272983517,85.5024336230502,124567.05539430905,1124.288129299024,216.76177298591747,254.9184984062748,296.45194819866566,1,0,1,1,21,673.7545786598372,Brute Force
16657.42252795368,14,14,4846.301857116318,5816.801398571843,353.83867787158306,396.611726269275,640141.2486111737,1680.9323262954852,467.60488257217594,472.23555859027414,657.9567477260633,0,0,0,1,53,21247.626971554455,BENIGN
29910.080715616346,10,18,5079.232243290705,16821.609423726462,473.1348946259749,862.6819687685501,732222.7537681811,936.1392323284813,879.247236868729,884.552784919818,915.2525588475806,0,0,1,1,22,15020.666954683984,BENIGN
162794.909914302,10,6,3448.5781557020987,5959.084041336757,375.27401351754787,909.1805092302604,57788.42963819451,98.28317119019674,6942.310661640605,7276.412902427314,5697.153594002929,0,0,1,1,443,2047.5870821234028,BENIGN
24222.26978174201,7,25,2906.126284647451,22183.464530004872,442.91036089519497,842.7164627048184,1035806.7613285388,1321.0983234990058,790.7506623485889,788.5020588731817,872.6452686783957,0,0,0,1,22,12227.16243923854,BENIGN
11464.064955129797,15,15,5169.852196552207,11590.689827350865,314.22849628616217,835.8799599502195,1462006.8962888485,2616.8728210647455,436.7082532408418,526.9020236394523,599.5233082326041,0,0,0,1,8080,9879.831383214494,BENIGN
17286.145341180352,6,4,477.2177793225493,170.74530975748087,83.49404082995198,43.789342899318726,37484.533208013934,578.4979706364757,270.13570456470325,365.0045499672774,222.46168675785273,1,0,1,1,3389,1525.7772873648191,Brute Force
163.82857763901782,1,0,49.27676093437646,0.0,45.291028411760124,0.0,300782.44982968457,6103.9411707731115,11.090574869418427,9.523098922160836,13.01498027091283,1,1,0,0,23124,29.423733922470262,BENIGN
16341.868646056137,8,23,4235.275712981348,15969.723510558859,502.226232390289,743.3265320683493,1236394.6658215476,1896.9678848496546,505.09671529049467,604.6563346147362,525.0693063115372,0,1,0,1,443,7199.609590262533,BENIGN
72.68039144310998,1,0,47.86027202176505,0.0,44.663289569616154,0.0,658503.2231042304,13758.869210036413,49.2727904207057,46.745812548841386,66.59106304819741,1,0,0,0,45255,18.891272739422725,Port Scan
63535.24350427164,18,11,9479.454674608578,6116.61243154363,481.785975027869,533.9925572231615,245471.11565101097,456.4395821989767,3149.3506321389214,2856.6124882598783,3956.4735861467066,0,0,0,1,53,18763.77776768424,BENIGN
987.053393219342,10,16,3574.892131023368,14672.846128915018,372.2286585995911,977.5274810995028,18487083.25739314,26341.02691770222,26.445542385717946,21.425023346664158,28.40840196902817,0,0,1,1,80,16377.94556615339,BENIGN
11605.065505155166,7,3,576.9849542443847,185.20269021871127,80.10480097284545,59.19841257957259,65677.15142361923,861.6926802832635,249.77000176057794,277.789204201364,202.9904506939658,1,1,0,1,21,2574.4089650066903,Brute Force
22623.533338643185,14,4,5403.957455597792,3407.4686512154776,354.0091002376347,866.7673171069247,389480.54554159765,795.6316871712633,934.8492040980127,1279.516862154315,858.5901768419621,0,0,1,1,443,17078.65452701968,BENIGN
101431.47870521188,11,15,4443.642081326335,16015.009028424272,422.8645078385305,977.201880109347,201699.22957752735,256.33068088816134,4049.5224951015543,4871.712967230502,3419.4798429736325,0,0,1,1,8080,9402.970078706452,BENIGN
1140.8206168563418,12,17,4679.136819468858,14226.098465487892,429.74926868835064,927.8397997849657,16571610.826119388,25420.297960526634,41.704232631187274,55.494496219544544,64.94332480357072,0,0,0,1,443,23312.6006544515,BENIGN
10938.606126375656,5,4,686.9460774211592,395.85996641600883,149.9868314098748,90.06390360515901,98989.39877049396,822.7739344502768,391.23599690963295,546.6558600348997,318.87335258871167,1,0,0,1,80,114.15797353861052,Brute Force
2045.5809474263076,10,9,4048.8293306109676,6348.076713353849,414.8550203574863,727.6668598946735,5082617.755628743,9288.31490335558,83.92520030717488,71.4350812566385,105.9184484033321,0,0,0,1,443,21756.915477851013,BENIGN
6687.4690971109885,4,1,646.7956658647354,85.25485276772345,153.06691393562198,82.73511964513828,109466.00395487546,747.6670063656845,170.18443919275433,214.60185435650575,199.84185003108163,1,1,0,1,22,2670.7317434063657,Brute Force
14627.968823066143,9,17,2770.7033351799187,11740.60310418085,310.903629553973,745.8707737139623,992024.7038316478,1777.4169684448498,484.932584751708,614.9995417625116,461.03856548482815,1,0,0,1,443,7118.942584501535,BENIGN
56239.776528075796,14,23,4068.5649962759344,15345.900029526741,281.92999129655556,730.5549485581365,345208.78681142454,657.8973510239503,2555.384777047095,2654.1246030552625,3798.3261192969026,0,0,0,1,80,18792.380267930137,BENIGN
15521.358191548286,7,3,1069.6163037126873,207.7307421849341,148.86979451666616,66.84180828397712,82296.08711647183,644.2735150230097,346.66970822544414,383.93784001834837,479.6169447926663,1,0,1,1,3389,2074.1280123119004,Brute Force
2306.0859590797804,10,22,2979.5718762558827,19504.975224555,311.7103505719458,957.0856866189081,9750090.629658535,13876.325760540716,70.96736914288212,60.300581741862004,108.93727038804563,0,0,1,1,443,14729.086563733676,BENIGN
35429.98071700009,13,19,5948.947594199952,12523.320600193932,461.37140574986273,670.05398283004,521373.9274074874,903.189879091458,1096.303917083413,1245.1072551971458,1153.592110747012,0,0,1,0,80,3321.83125015928,BENIGN
13437.673969003154,22,9,9768.063416447658,4263.647967134568,427.79292517363774,445.03320898828974,1044206.8631780578,2306.946877228014,356.01832093536234,425.88269629729234,335.7571369656865,0,0,1,1,443,11730.492536304626,BENIGN
52909.794532566906,13,8,3650.1150251542426,6910.659102974723,270.4960863751197,903.8866473274571,199599.6057332754,396.9019382049222,2681.477028176835,3122.7718409485065,4192.66309531687,0,0,0,1,53,22931.714530298148,BENIGN
11696.414865760456,9,17,3732.9001936750033,14213.273233546097,391.63022120766703,908.7946339872674,1534331.1290843398,2222.903368117627,508.0028758057491,507.3344463888702,561.2366306937628,0,0,1,1,443,676.4032477967288,BENIGN
3633.413611404186,6,2,725.0671961014281,193.58215056965264,124.59010967969441,92.72810680343389,252833.68339561406,2201.78621417898,391.75250991329045,426.22504719003547,496.5922855180065,1,1,1,1,80,2748.8553804980097,Brute Force
7007.164864604344,10,5,1424.7112932534274,405.8025385821731,156.7641671317278,78.36746644961426,261234.58876815788,2140.6660596456463,115.21875950398989,118.81627490049576,181.7442156647708,1,0,1,1,21,1372.5297018759677,Brute Force
6784.752959462151,18,13,2997.4449381518057,6356.071850652602,155.37468069993642,509.4007255492422,1378608.3066974173,4569.068348578085,171.6293997988526,225.97712833952772,268.1083174459338,1,0,0,1,443,8002.71637543796,BENIGN
89653.43843129862,20,20,7363.485164564504,7626.769268188003,343.42080918526597,404.9283783297544,167202.2255369439,446.1624751922033,2762.9853176786664,2930.788763081144,3300.196629407822,1,0,0,0,443,17076.93774646356,BENIGN
35315.67279347829,16,13,5992.744996446203,5758.679561318297,350.33698255163193,406.94554699745754,332753.8066876252,821.1651571694084,2045.2583620718067,2144.069028114466,2385.796406652313,0,0,1,1,443,9786.826581855488,BENIGN
51174.080138531164,10,17,2773.2147190928667,7779.806586783878,273.3489907183108,488.37013974593566,206218.09473290213,527.6108515660557,1732.8202503121572,1881.628447369426,1771.535557577772,1,0,1,1,22,7260.880021533043,BENIGN
10972.082492804104,8,3,822.3941295874149,261.1770696581265,109.44883199962682,94.35985578223072,98757.11378912684,1002.5444128053362,212.92676366599335,213.44060121806731,192.0060667044244,1,1,1,1,22,2385.859991148416,Brute Force
45677.94878261038,10,6,1881.5500602107686,988.6114074407162,176.21956091509156,166.43021449775395,62834.727568680944,350.2784259456766,14413.109415990633,14036.170229932011,11656.046155468997,0,0,1,1,1337,3709.5199096507536,Botnet
64859.98085383064,6,17,2311.8345485526947,10269.65527754066,351.61677444869883,600.2884889893028,193979.24051885208,354.610033756148,3325.320252408288,2933.9409240625923,3476.10368027733,0,0,0,1,8080,21378.517787611167,BENIGN
5446.384031917142,8,26,3025.0093195118357,21285.61998782683,371.547675941943,904.5304847053236,4463627.457203245,6242.674001824273,213.90250538847766,233.02388506113024,296.45885309142176,0,0,0,1,80,21606.28714633219,BENIGN
6910.968449212417,6,5,847.09032444538,523.9363259589178,148.14800893391183,99.51166790801828,198384.1570801183,1591.6727273228362,267.89982195457185,253.07259535028314,243.07344639504691,1,0,1,1,21,1515.694501197031,Brute Force
40662.37730692734,13,16,6491.410093484944,14295.920642848338,495.0452498019211,826.2915519691823,511217.7918036264,713.189978566735,1467.9640325043551,1419.3877583377628,1738.814791649153,1,0,1,1,443,14219.033663965998,BENIGN
148265.7675789568,17,12,2239.8638116263373,12034.651089966606,139.27898269109562,916.9771953347724,96276.53864194415,195.59471126439533,5019.554601825213,4740.559531685254,7749.3974821479105,0,0,0,1,443,2104.0593430809045,BENIGN
8174.977612810532,13,16,5276.954853547172,9873.972407813151,396.6387129620085,602.7626150025924,1853329.5109723834,3547.410326183131,294.00510985123094,385.9778995376592,363.60662226425666,0,0,0,1,443,14749.422299565469,BENIGN
8613.77215444091,9,20,3359.263557202202,11408.388077065389,382.42907562623475,611.6016494098028,1714423.294404646,3366.701542604512,371.4365807041817,407.7278068206727,499.5459384690551,0,0,0,1,443,15634.374518120305,BENIGN
22115.466932575848,18,15,790.6923822654626,12495.24954998343,40.0,845.7759485687288,600753.3990918745,1492.1683589411966,792.3949063183492,1103.076801216639,1118.0537299809766,0,0,1,1,443,2268.0196823627157,BENIGN
5365.535875169215,12,15,4886.446922133665,14078.56322080901,402.5103919440214,976.7694797381494,3534597.5843176283,5032.116200163976,201.75590614269902,270.78360211146753,269.6366273733929,0,0,0,1,443,21491.792045332655,BENIGN
44318.39114818372,21,15,8709.789524816013,11590.576154109194,381.6758714493771,795.8711936717629,458057.3697056953,812.3038555174486,1339.0393671294967,1188.9073229047863,1883.950818202004,0,0,0,1,443,2098.714863310279,BENIGN
60320.60842868395,9,11,2780.135639862158,11345.459913248103,335.6767316103206,1091.1625202987557,234175.28305953208,331.5616423804091,2483.9491705500645,3099.9619927607596,3066.4690068761934,0,0,1,1,8080,24594.932207456142,BENIGN
9160.187614944121,6,3,831.7404372739067,180.7915852809951,130.69803017862773,63.90718693424695,110536.16641028572,982.5126272869359,162.18532454307882,152.41954520207804,222.39509847549076,1,1,1,1,3389,2622.010416578178,Brute Force
198215.26984337927,16,16,6729.728403141741,7956.743382294868,428.4387459377227,542.7124226512262,74093.54383767303,161.44063989260238,5876.155302970336,7495.81606114676,7138.935017469901,0,0,1,1,8080,2608.733115374861,BENIGN
18617.967520132384,12,16,7453.523523209098,6362.568561702942,583.8170675807456,378.3563065071784,742083.7999621669,1503.9235603844745,547.8835581493679,753.4292244751185,572.9265607619394,0,0,0,1,80,21037.67198780162,BENIGN
41752.275065717935,10,10,2452.6368841624644,1813.2699796843824,236.45839288367307,192.90392779294228,102171.84230397803,479.0158133543638,14415.534789611094,12110.070178976199,21026.49544199732,0,0,1,1,1337,5629.044440722401,Botnet
26135.077302081187,19,19,5549.450701995786,14272.765290995068,289.7355944351691,689.4653612021023,758452.5488054468,1453.9846031744466,644.6918783906013,837.2381710804741,845.7706642776097,1,0,0,1,443,19489.570152665692,BENIGN
21694.197519030356,5,9,2263.9755490622338,8810.29129309025,439.5192167546512,1051.1708356146182,510471.37523469265,645.3338496489242,1170.7706741074485,1570.4829805375518,1652.4085913428457,1,0,0,1,80,1310.3633833457234,BENIGN
61997.156452109455,6,17,1844.1804894758118,2237.6507422922346,304.397070976524,135.93481465145567,65839.00722803493,370.9847566600359,2567.677730085648,2238.97874659372,2133.208221085968,1,0,0,1,80,17580.438010967562,BENIGN
188142.17174249314,12,20,1566.1019682202948,12754.114920950838,142.96001088191747,665.3712075737969,76113.80668429277,170.08414277155168,4129.728192450677,5451.3185045858245,6190.137344336178,0,0,0,1,443,13572.544251946956,BENIGN
24.92309014083665,1,0,38.61695630138148,0.0,42.1478046482237,0.0,1549444.9557885013,40123.43551097194,22.145572829986456,25.888166120869894,27.609718442256174,1,0,0,1,30427,13.768463849752344,Port Scan
89455.46798178117,14,14,7021.444172854697,8895.909456093168,476.4086396123399,681.4209382114414,177936.06123875684,313.00490212294886,2464.4774864420533,2979.824317146965,3406.9674997771303,0,0,1,1,80,5824.988332942328,BENIGN
97153.27636041517,17,17,5322.9899408179035,6996.444041100372,301.3390795498545,394.3913197901994,126804.10217166689,349.96246419799803,2889.330977774851,3997.414328070466,4174.020009825042,0,0,1,1,443,19513.916074093147,BENIGN
55373.68309167435,9,12,2171.803858972103,9478.466110155676,262.5676185324345,776.6537347715521,210393.62597283046,379.2415246288256,2073.379255621277,1747.6077244242092,2321.2986674087983,0,0,1,1,443,2142.6332003232824,BENIGN
2918.0393718442515,14,11,3700.4912620504856,8627.8057630759,286.2658626785147,784.00071966424,4224856.300459951,8567.39639677979,111.56738751347844,133.28635953308904,106.55263202550988,0,0,1,1,8080,19016.838386552045,BENIGN
7189.1756008339635,4,1,428.3291599287593,110.21463539618811,105.90891544090854,108.10993610869873,74910.36875806385,695.4900363568789,158.1265806716469,190.97781612786912,229.02948802365896,1,0,0,1,22,2603.472719260198,Brute Force
66805.11053916295,15,12,4139.3864843983165,8820.106006339785,283.0018061199969,691.9529461555215,193989.53741931016,404.1606964211499,2258.371077888755,2904.6679420010473,1882.5853687649085,0,0,0,1,8080,1992.6308744375335,BENIGN
15468.981205145725,10,19,3030.302805701165,11249.16363746815,284.2136181651383,578.6408776701073,923103.2253384134,1874.7194540745327,464.85214855352274,512.9284617131451,573.2600761391783,0,0,1,1,8080,21603.774887440653,BENIGN
7427.890649795981,10,19,4334.725530357668,10162.694766617096,450.92305845283073,569.0359230147316,1951754.6744408468,3904.203947966915,235.53022762563913,205.51113989894694,233.37355848807795,0,0,0,0,443,22888.2220085429,BENIGN
69110.44749694566,10,8,1748.5974647958446,1789.0272854578764,184.39137747819564,208.4850533699532,51187.98790023847,260.45266167312127,15664.04903141904,17574.29306135724,16144.701444034521,0,0,1,1,9001,2224.840517289663,Botnet
5344.026886579687,24,18,8420.558622262895,17491.849624396535,334.83400778314774,966.5951391728212,4848854.3932540035,7859.2418959331,117.78617428087884,162.88023830070566,170.01183732806797,0,0,0,1,80,6745.170347221215,BENIGN
56600.09097380845,15,13,5318.221572017518,8272.444448569971,333.776401017804,656.1142278147053,240117.3882719824,494.6988515081527,1947.2527593115922,1778.8377098066092,2722.3527454291157,0,0,0,1,443,9635.993829030964,BENIGN
150911.21604599291,12,22,5022.693282202375,19406.972013419152,387.7070562857418,831.5343511042395,161881.04460158973,225.2980321200108,5443.055655875667,4859.560124153444,7502.127924484152,0,0,0,1,443,10394.139244370515,BENIGN
22038.007696102955,12,19,7012.021710972755,13454.871554819198,545.6992599070562,645.5305247150648,928708.8718737117,1406.6607302928667,796.787798343896,935.2838032789517,762.3730912964959,1,0,1,1,22,16913.90172741118,BENIGN
5243.53697634721,3,1,422.7724127925944,88.7975378959668,156.24311640524635,93.5304401978969,97561.99927571308,762.8438624621865,338.3369455396445,434.9317336105508,503.3283248144369,1,0,0,1,21,1942.3684489978418,Brute Force
4504.8777586049555,16,14,6145.030338774908,13697.76473898098,353.86512848694275,1077.0139165895157,4404735.520259864,6659.448182072364,186.03389968920717,201.31359442221574,156.45660642021085,1,0,0,1,443,8247.54975133232,BENIGN
132706.90639018797,3,22,1423.6095848765824,12249.445782810075,437.3163707911803,617.0686731637984,103031.98032124128,188.38507113182496,4345.024349185653,5932.701300987203,3657.747708453029,0,0,1,1,443,13292.424258956145,BENIGN
6011.158704146987,15,5,6045.079975537406,3362.5272368427413,438.10825786274637,648.7408725506626,1565023.9288957743,3327.145561171488,310.4586345181669,265.07142366816464,417.7053087336177,0,0,0,1,443,4589.7518433386995,BENIGN
12735.008779406364,12,17,5331.913709019175,12832.25888525637,428.32913878103597,713.0474135277902,1426318.0268590485,2277.1872797524543,309.71688375948185,410.42635180017237,466.93107618721723,0,0,0,1,53,1996.7666736160402,BENIGN
48973.91970130191,7,6,1007.9969591868207,1353.465684206806,159.61303355460953,207.67107645610264,48218.77966469672,265.4474070952179,14853.311121038396,12542.639352929467,21249.123264114336,0,0,1,1,1337,4963.6340133647245,Botnet
311.36876497929086,160,2,8349.829472132957,72.07786727783382,55.25485789927673,37.68339281197738,27048016.007549543,520283.4009723956,3.3360095500467515,2.710730400154549,2.958393171582274,1,0,0,1,443,165.8510360437354,DDoS
3567.6811324436503,12,13,3123.789247274722,11010.866596216458,248.32688301243178,789.0000153683259,3961860.748976122,7007.352695468185,112.12324859803279,124.20166879529557,148.47712592948227,1,0,1,1,80,18250.43441654228,BENIGN
48897.407297220176,13,15,4159.191560332379,1606.5385697510226,296.3635475247756,104.93876220123252,117914.84352200375,572.6274980144357,1658.1357026850114,1445.9771733272646,1669.0384169887,1,0,1,1,443,14383.69320743242,BENIGN
9093.37799442908,5,3,765.3590096485126,224.6440344117964,140.107713159756,75.98198858835968,108870.76779023364,879.761075026363,360.6962608139766,437.04497681592875,371.34921723910236,1,1,1,1,3389,1549.3787469966585,Brute Force
147829.8057892287,12,10,3012.557772756859,4500.7107152630815,273.5695249574223,457.3287224886484,50823.772972631334,148.81978558077077,5395.62545758679,4340.7457739094325,4402.338230033954,0,0,0,0,80,18115.367415269757,BENIGN
34620.848619782075,14,9,4438.34047932904,2849.107590838088,335.80901490630896,308.7807701393615,210493.0514615733,664.3395790956431,1011.6240639423646,1060.192589992982,1282.290247421041,0,0,0,1,80,888.3645537317939,BENIGN
11265.589997423202,5,3,732.6489885927039,225.60392315983623,142.72351873577284,73.88633505240503,85060.16213724474,710.1270330120176,377.9741790753327,505.5129919138179,350.39269108052406,1,1,1,1,21,2857.919437555348,Brute Force
636.2684372789884,10,11,2463.570225398981,11534.547090395761,270.3531060228842,1099.5191079484116,22000332.714377444,33004.93749117404,41.79500074640073,34.75537734218095,59.27396124822768,0,0,0,1,80,7684.868193654288,BENIGN
72891.4548993193,15,11,5421.232168099791,5786.974633252734,400.1295788638452,583.0912826460844,153765.71666505715,356.6947598441035,2027.0743612694778,2493.7115549892555,2084.7493258366667,0,0,1,1,443,8872.977710710386,BENIGN
60998.886839091196,13,3,2379.9694982008627,415.071877385344,184.7368954408581,147.67543535283994,45821.1865891789,262.29986855672234,15501.166700435006,17232.48774436044,15699.655437061549,0,0,1,1,4444,4214.504678516407,Botnet
36952.55239589169,19,10,4475.0115673923265,1518.729836797789,246.55119964821148,140.8258796386449,162201.0122596156,784.7901733365559,1008.7445609844393,850.1265295345618,1125.4173198842013,0,0,0,1,443,10364.404624503497,BENIGN
78813.40421627092,17,21,7667.719745148963,11148.894538154187,498.6827198315742,584.0148761471686,238748.9091534316,482.1514865126832,2334.276271067028,2946.5691214418075,2102.5759418774705,1,0,1,1,443,10156.445335088509,BENIGN
1839.016124021433,153,3,11536.067379207356,104.51299769306262,82.69867756711668,33.27367450515502,6329787.0121147195,84827.96749974656,21.594026858501945,21.78495065058144,29.036557783475402,1,1,0,1,80,197.43587377395127,DDoS
34932.57676156088,13,16,5453.970020843761,6092.973636337231,381.5980931617266,408.83514332218465,330549.4391666813,830.170651250412,938.6658861777471,1065.5879393482833,904.6236937967959,1,0,1,1,443,21622.29663448826,BENIGN
5344.898962752496,14,10,5063.384396734643,7185.706208345085,353.6975666915614,783.4782543282515,2291734.7344526295,4490.262616234857,210.41845221630567,199.65821659178948,256.90894743718934,0,0,0,0,80,7905.663003347411,BENIGN
20062.753134201852,21,16,7541.27131338259,9285.920870552969,332.8914042728704,528.9602947434802,838727.9687576632,1844.213491164604,733.1835047100765,1016.0072858588292,1126.2659968003072,0,0,1,1,443,24694.14361077345,BENIGN
18914.7646815289,11,9,2131.0711933254424,8167.118370720051,200.77782706187207,864.4595571060482,544452.428430269,1057.3750367368239,864.346884093426,1103.0903908164819,734.3868912259052,1,0,1,1,443,21872.832852638763,Port Scan
10321.280444162416,10,15,4215.704645372945,10555.82901654456,409.1078476506341,653.8636206301123,1431172.5896637267,2422.1800904692673,439.0165397806643,522.5849015836652,415.40734136743697,0,0,1,1,443,9637.774746208306,BENIGN
82924.35426659149,16,11,4314.34005894353,4928.888956265579,289.36958867441655,449.1873491795087,111465.7943008308,325.5979529632315,2449.196957159121,3061.0786428667084,2808.3640007098006,0,0,0,1,443,7264.678117651305,BENIGN
495.80354801649634,1,0,45.711405467724305,0.0,42.427631549873446,0.0,92196.60821427482,2016.9278820221919,18.310121314839435,20.424614204127153,22.89230581669907,1,0,0,0,59151,14.197217744146323,Port Scan
27174.043929328625,13,14,3220.4065836312284,7617.120670876876,255.85791177235245,560.0732838518124,398819.08201418957,993.5952142499931,1136.480764648431,1393.4673751639966,1726.5747276538114,0,0,0,1,22,11309.198694195551,BENIGN
2736.089085183033,150,3,10139.456599250607,139.22985566760886,73.10397625772306,47.01694708098347,3756707.5248321504,55919.23188047985,36.494519545578605,35.821875878816854,48.36700958410474,1,0,1,0,443,183.11829444061945,DDoS
378.7508877379004,1,0,43.467488337564866,0.0,47.57132901441544,0.0,114765.37678149239,2640.257838001453,44.14584568525862,50.70020767412334,37.982606168918664,1,0,0,0,34698,41.69041590955258,Port Scan
2661.7961771763885,13,18,3604.8125456778585,6215.183013528633,264.03153547547504,370.49216123767997,3689236.4800160853,11646.271140446428,72.23402076843368,73.78753906008171,64.72740870048347,0,0,1,1,8080,11219.033641066286,BENIGN
38230.94394205127,9,13,3076.0803120287433,4006.995331841657,367.4171094289165,305.90206546704036,185270.74964736952,575.4500865410647,1883.9028216233926,1780.2720764865574,2130.3624861495277,0,0,0,1,443,22315.27954355678,BENIGN
46724.318815508035,12,5,2693.758247351785,637.5296667621759,205.73113364369755,139.31810222082396,71296.66089446102,363.83622984692107,14827.908216354183,12802.666249182685,17581.910033757587,0,0,1,1,4444,7855.349397489718,Botnet
4970.750353044649,15,16,3508.148080739753,11821.269319894682,252.35282015489014,682.6407684446795,3083924.219055774,6236.482985111513,157.6220100800404,183.93874580953238,127.99150232537404,0,0,0,0,8080,24084.7576857592,BENIGN
6032.1608581954215,5,2,721.5838087543384,113.71069329047363,158.9372271657709,53.17656226926108,138473.51250753918,1160.4465074053276,259.5516953738854,269.64368656576704,327.31105954125286,1,0,1,1,3389,2192.9933278078975,Brute Force
61293.650481828154,15,21,7025.882560043529,16256.313323108869,449.4624773349048,841.0109117931846,379846.78184659465,587.3365302442378,1616.4740626142345,1646.3791104884813,2549.5127429503596,0,0,1,1,443,12736.457494178027,BENIGN
1170.032877656229,122,1,5658.098583967969,39.18074427035635,50.50464357932179,38.875472796144656,4869332.680335382,105125.25104968803,8.236856424945277,7.609275258562103,10.434905767904013,1,0,1,0,53,216.4079283555317,DDoS
6708.499692060618,8,18,4137.098420623427,13827.008180306997,525.6239580296931,827.6272459753319,2677812.838270024,3875.680285231362,253.09232751192448,309.0242655899443,321.79488354953656,1,0,0,1,80,16629.25634729141,BENIGN
513.9880802412739,156,0,6759.232621308083,0.0,46.65748876193385,45.28262720848983,13150562.982190553,303508.98395692604,1.5211054750703625,2.0156664526228636,1.4055717630588884,1,0,0,0,80,417.2814812016993,DDoS
2921.0553492901654,4,5,387.88539717008706,532.1598567553156,94.81341705457046,112.45800355048321,314970.154245444,3081.078214484041,321.63775264257026,262.0512415837631,346.34319266311115,1,1,1,1,21,290.69637566720246,Brute Force
34096.36799766443,13,22,3639.0075118877803,16091.335506445923,279.82019839027464,741.7471689404802,578664.0682575111,1026.5022949775023,1153.154333630644,1086.625686685568,949.5968244814173,0,0,1,1,80,6193.499084231122,BENIGN
22162.235974016246,5,12,2040.4220237526517,3463.779342967818,388.7418590306207,290.9695119706548,248359.47840162797,767.0706159762659,1841.3302704362816,1487.0180856173786,1741.035296881573,0,0,1,1,443,4380.21378194455,BENIGN
49201.61353405803,8,2,1379.5706396138019,439.7564492468561,187.0754334652873,200.0142520747845,36976.98018788134,203.24536700565446,14435.844767592018,18888.697709921802,21002.221034511505,0,0,1,1,1337,2086.2884224614295,Botnet
67121.43410591873,16,8,2483.246052271197,1909.1114547824172,162.57049972771193,229.97482061526614,65438.96991417678,357.5608942164079,15546.85372675366,15982.21736761514,17103.23813273851,1,0,1,1,4444,2893.918628077994,Botnet
55388.14712300389,10,26,3416.4834074954224,21575.07058039833,356.33272026698955,854.4977706545618,451207.61906682776,649.9585537687797,1207.7218237662928,1471.5665156886191,1026.7134052902493,0,0,0,0,8080,13777.090812138435,BENIGN
246.77585229900615,1,0,41.26757541073903,0.0,43.71893545636401,0.0,167226.95930855157,4052.260343481052,29.230261515056192,24.824965517371876,38.058875004395894,1,0,0,0,52567,46.19762557008103,Port Scan
52681.538542146525,11,12,3390.789690830456,9050.273192488581,298.88364295835834,782.7634387147356,236156.02785339844,436.5855788664835,2390.8077741654092,2215.7458827565447,2155.799284098688,0,0,1,1,53,16134.367961843163,BENIGN
879.3965683851113,132,3,7635.164064261113,174.4506656492282,62.878045417633906,53.04761756707723,8880651.813608512,153514.35842865365,1.3687573183944686,1.4988872663028463,1.924720488453229,1,0,0,0,80,285.11812673051276,DDoS
23395.665598762756,8,26,3743.6832808941317,12821.097382419472,504.2793335951219,546.6926167200654,708027.7581070232,1453.2606416548385,695.2442992270188,958.2355712326575,966.7223041239292,1,0,0,1,443,11170.391184933755,BENIGN
10004.799287401287,8,2,1100.983263403809,229.0854631844247,150.46252183421683,113.71059940186362,132943.06945898908,999.5203014809772,383.80009965106683,437.77298199037057,584.6392521061684,1,0,0,1,21,2843.064315998332,Brute Force
192400.4665091804,9,17,2446.0658123002186,13957.80343785186,301.6240928467811,751.3871244385267,85258.98896076411,135.13480747594448,6348.150410491991,8698.98155164243,8415.549397250144,0,0,0,1,80,1939.6247734264548,BENIGN
5994.7112567443955,14,18,5279.505660605867,14195.274162111915,365.74037154897906,735.9317160864551,3248660.1920663873,5338.038585928248,244.35013148746225,291.77171643391983,232.84817074781301,0,0,1,1,8080,9977.379264814459,BENIGN
81.94291256342497,2,0,81.23122241073673,0.0,40.0,0.0,991314.8052659542,24407.235933333122,32.98180835002333,28.11875169931012,37.839893527672224,1,0,0,0,13101,45.36127381962692,Port Scan
16718.71162211451,13,15,3211.7951403552293,7782.122757737987,245.3062408818996,543.1441689806443,657581.6454391809,1674.7701995746656,522.8053874385062,541.1029423918307,422.3480805206963,0,0,1,0,443,10480.252006357163,BENIGN
18979.899390310315,7,2,918.5331191019183,125.76957893403569,145.45580281605822,57.56934929748242,55021.50862659973,474.18586447274384,64.20569826097369,55.399970471743565,89.15328366951711,1,0,0,1,3389,1735.0267825680878,Brute Force
9854.832640425353,7,4,893.6531790032666,293.55152044181295,121.78089464690846,70.39578244297277,120469.29083047702,1116.2036334211375,384.7448013798136,408.9323303941165,489.18733603973817,1,0,1,1,21,1012.5262764772176,Brute Force
9169.11724641844,9,10,2983.0892019696207,6139.465225733717,325.9824945095722,596.5913413957172,994921.7773681221,2072.173306260383,409.0360211489647,348.2405030455632,564.587500227542,0,0,0,0,443,8495.67676126198,BENIGN
23664.518143049485,14,14,4233.696214727335,11235.982397768448,304.64304404357523,866.6560927219404,653707.737422889,1183.2060061710529,928.6908564679179,1101.5472162408632,1112.3247224768525,0,0,0,1,443,16933.51726824288,BENIGN
19897.773008516797,13,11,4831.512018928536,4796.085029417007,350.4814950511856,400.22859056743386,483852.99421320495,1206.1651316319337,1212.4698070643117,1269.1243203214067,1171.5073670797872,1,0,0,1,80,13658.950909158002,BENIGN
742.7945375344592,1,0,50.43819280216248,0.0,47.27619202155886,0.0,67903.28987822233,1346.2673047102326,43.81384339080603,60.92205771430371,65.6811604367179,1,0,0,0,683,49.73547949119295,Port Scan
58595.92080625303,13,12,4973.035727927637,5082.779205493493,370.6587663192473,459.8003642920185,171612.8835430474,426.65085992354847,2346.39752872073,3223.6363742371636,2225.6603901288854,0,0,1,1,22,3628.6793224122366,BENIGN
153720.149453728,16,17,5792.505366683746,15093.356309523133,336.86262098837784,831.1099342592543,135869.38179821265,214.67582563035094,3384.7359875537354,2841.787464749026,3824.326102953906,0,0,1,1,443,12988.092442770467,BENIGN
16394.154729297807,13,20,3704.0514805142975,14899.406253031635,283.26296653942,798.4596876332096,1134761.6294178257,2012.9125621235034,649.648457909528,711.687546782604,947.0199203268086,0,0,0,1,53,8381.553589363313,BENIGN
100726.3138902465,13,13,5294.15976674319,8660.352464805988,429.9295318824017,635.9718155863017,138538.8950771524,258.12520081227376,3107.0386076632994,2684.2739967521975,2560.8048879349994,0,0,1,1,80,22709.838304971803,BENIGN
454.2977278228802,1,0,48.26776524676075,0.0,43.89695232998282,0.0,106246.98802275145,2201.1996511456823,38.14035975874486,40.18173887204506,47.966983595682365,1,1,0,1,57824,43.810487242779324,Port Scan
1803.7386277728558,118,0,6645.320973755147,0.0,59.37134369603037,49.775833585509965,3684192.8600045424,65419.67787522467,5.617956718983855,5.988284476722916,4.866493043885932,1,0,0,1,80,126.13282331625942,DDoS
19600.58873457589,9,17,3551.1680387129486,15653.617640653467,363.1767492258855,852.2430748223136,979806.5731305678,1326.490767807163,677.8318312792113,738.9521011148632,704.8387876694507,0,0,0,1,53,2596.6926601545356,BENIGN
55681.355617332854,13,12,7436.446042814446,10951.538389513806,559.0149465163024,902.1967677192059,330235.9331676243,448.9833216671513,2216.4554570278233,2976.1899622082983,2712.2736915125647,0,0,0,1,443,15637.354394756012,BENIGN
50619.72662728337,20,13,5848.645926833335,6343.32203580269,284.88252699025315,499.1965979902833,240854.0854518308,651.9197593258717,1664.0938385183488,2315.676153102657,1497.091938808315,1,0,0,1,8080,23606.143769335544,BENIGN
59740.17543286176,10,8,1949.313344494817,1566.5801523959549,207.38891731588114,180.32278787962474,58853.08289464373,301.30477303718453,15912.17824564719,14292.717907381762,24864.0014709569,0,0,1,1,6667,5166.8172153454825,Botnet
66046.33630110338,6,9,2009.3167124097429,7386.204065312562,334.7356208969122,880.4771999115492,142256.50208496643,227.11327895033307,3086.9426029125257,3329.3750258580985,3055.487700621666,0,0,1,1,8080,12535.468330147216,BENIGN
75854.2278912825,11,11,4056.8602467821793,6682.430008473799,398.8796144230723,645.6210921245752,141578.0049946324,290.0299773867758,3344.657586918614,3793.325919165678,5096.598565745141,0,0,0,1,443,3714.5329686606647,BENIGN
67777.42234708995,9,16,2180.6616527727256,13340.344653764041,262.33912499100325,880.3207041486884,228999.6545907764,368.85439331071564,2419.0858179494853,3185.7080451941247,2089.971608666389,0,0,0,1,443,5387.0200222087,BENIGN
41.71181291505837,1,0,45.03216277553594,0.0,48.34679043524657,0.0,1079602.1469323116,23974.02390628268,5.140875461270156,6.802995348446188,6.414144517731082,1,0,0,0,1126,42.51439088497468,Port Scan
6218.245705800252,5,4,549.1339942354008,305.9044606121401,112.23742430700612,71.63667089776214,137504.77149045083,1447.3535504724402,176.86922379527948,165.43350613216543,219.9279932224808,1,0,1,1,443,1788.6681779007076,Brute Force
3728.4337622770727,19,18,6114.423227387141,17819.169052836707,325.34993771702136,945.3106619390906,6419208.11960646,9923.73805171288,92.24775054254825,79.62715614724819,92.53041715270192,0,1,0,1,443,19553.32843945932,BENIGN
2865.8251838789106,4,2,711.9159761604506,152.60835363009576,191.76541087063254,73.44330034089283,301666.80600538506,2093.637823322833,272.41285483508284,250.2613320392504,396.98416076887554,1,0,0,1,21,609.2898812651079,Brute Force
238.45430573640695,162,0,11842.228843944613,0.0,68.9993836430198,52.23148210469674,49662465.96962394,679375.4446987368,56.89646259725741,76.51126769345571,60.56964125120737,1,1,0,1,80,387.34782600821615,DDoS
1934.154927428546,6,13,1425.4461385933055,6140.858542890407,235.81211833501442,511.3786835063471,3911943.4406131543,9823.41162569663,70.24453634548651,68.78700932479217,69.44528333658577,0,0,0,1,443,13824.29250427882,BENIGN
10572.80021161434,7,2,545.9837964625508,196.87895450377238,83.19298829617227,99.23909700429954,70261.6843312976,851.240903059286,221.79808555488881,281.04227735701016,310.73392765787037,1,0,0,1,22,1137.3903087339484,Brute Force
19881.315735391443,14,20,4782.265392399775,14765.615412341198,319.5811318565918,779.647071257964,983228.7291702274,1710.1483851732903,469.9946761019086,611.6087717485059,592.3152177162292,1,0,1,1,443,21700.905672455265,BENIGN
32978.83181171703,13,11,2729.5213886615707,11343.874373828889,213.1614334901497,1120.7739688932677,426740.2751813159,727.7395432628107,1169.3333948695224,1363.39687891869,1573.230541579393,0,0,1,1,80,6484.853498493453,BENIGN
13414.199669040228,17,14,5615.0283207772645,11390.768885933814,312.7683563078856,830.4839789172562,1267745.9428280469,2310.9839397685078,368.7329267995509,295.75481506340464,429.42805719574176,0,0,1,1,22,4805.26286368756,BENIGN
7114.919783909808,4,4,373.92169172933893,296.15463897234844,91.20575975309494,80.95018520213803,94179.04221732003,1124.3977786076769,203.8545577602392,268.66614845349267,199.11710389321237,1,1,1,1,22,2950.2330760255677,Brute Force
1418.2182418506125,8,25,3039.434822490173,16346.401710340755,377.5314333005066,694.0041525012666,13669149.04967985,23268.633152637198,47.25014434204784,49.44550258898946,65.7684361103138,1,0,1,1,80,6042.449711256651,BENIGN
76843.32534917553,11,17,3280.8267353484157,8484.319080406372,314.7443973839701,464.1604154754285,153105.63100040308,364.377776114818,2418.9082170806955,2050.50892800595,2299.0577052442172,0,0,1,1,443,24083.052149431558,BENIGN
1728.6044672321293,8,5,2679.9877988093012,4742.568624865264,355.551082424351,1015.6594882230169,4293958.834642888,7520.517415308905,92.65589904244186,104.88232455629235,145.53364792260356,1,0,0,0,443,7116.842061507322,BENIGN
9157.415127690596,7,4,986.2638321316657,349.6020976650522,136.54643351375216,91.98618966895711,145878.0574178916,1201.2123341157392,393.020606326122,354.5025298471045,327.4200876095415,1,1,1,1,21,639.5478394736825,Brute Force
107393.75117447326,13,9,5015.0860292674815,3296.5631030829036,375.22098586818163,385.06393293334327,77394.15972952815,204.8536321657907,3752.495779427144,3443.405152339845,3654.9254469232606,0,0,0,1,443,21176.16330528775,BENIGN
9713.708644790613,5,2,855.9527036797906,222.09380409426174,168.43823977448056,104.31093873114139,110981.96859674192,720.631043813945,375.2974952387866,481.5123945479609,378.1616965106349,1,1,1,1,21,2125.8672574900347,Brute Force
5508.451978297015,13,13,5856.160569417572,10226.284972017967,444.44154820122696,807.6299619448981,2919594.3987166365,4720.019363414352,157.8372859435922,165.45266525275596,134.53819245948208,0,0,1,1,22,5865.0027042942675,BENIGN
10244.334701601572,3,2,438.593753328652,100.10054163311675,140.99911262519868,53.29133920351873,52584.60511618687,488.07464277971246,318.43878187827556,363.8989032766542,454.9628100572642,1,1,1,1,21,1103.2196793709315,Brute Force
9008.33298597779,5,18,1044.2631917272474,14500.276621870793,231.86789909033814,797.8728154960737,1725573.403846682,2553.1915878111286,296.0910284347415,396.66537133672267,444.16576250871475,1,0,1,1,80,13013.340776449348,BENIGN
56110.64344016031,9,8,1367.2511094879385,1319.529369069932,141.8874877415091,174.41222641219235,47883.61554654441,302.9728222263179,12730.290819852045,11896.689322499738,11110.3283041337,0,0,1,1,8080,2083.573800780997,Botnet
326.8375828353089,1,0,45.42845476399274,0.0,44.97533195978997,0.0,138993.97483576363,3059.623655654964,39.78421217560495,48.58354567683386,33.482107965127014,1,0,0,0,15192,32.909976254854584,Port Scan
4971.736437927984,17,7,6102.153080882857,4795.249326292805,337.81337373291285,679.9593816184251,2191870.4949929425,4827.28726666014,190.9907818635124,220.75584571796867,237.54289300692804,0,0,0,1,443,13226.43583541082,BENIGN
22246.45363842571,17,13,9771.95137114786,6226.881319907179,532.9876269203685,468.19039210677664,719163.2855773775,1348.5295448700997,627.3815104743388,656.2246984820875,739.409846296069,0,0,1,1,443,22991.559653127704,BENIGN
62390.36243349328,15,3,3021.2170435652615,540.2327273070327,201.2665311213632,189.26544460691167,57083.3319756512,288.5060977035931,15226.75738458094,14441.969798401758,18010.453344900743,1,0,1,1,9001,6930.940281409111,Botnet
41962.6495076299,10,22,3316.3183455009257,17547.868875811273,314.9251714440374,809.5811913915354,497208.52868259774,762.5829249457084,1361.0965814924705,1391.6099227847787,1662.5936220712624,0,0,0,1,22,15444.077422875162,BENIGN
9876.394524364881,6,3,951.7393521334993,187.96235017995602,148.1089768943511,64.74113457355756,115396.53458575722,911.2637185358652,204.2739172414219,205.33053970548377,257.55772251285026,1,0,1,1,3389,1110.3863264709432,Brute Force
88049.30924851772,9,26,2838.4052969838776,16206.163326603313,298.7861968364492,691.1848509860624,216294.3558118578,397.5045380675626,2404.148801767909,3070.8707296419625,2209.0373729140433,1,0,0,1,443,13134.222671277628,BENIGN
36374.652827220954,4,15,1116.0095081495583,8162.822107714666,279.5976626121818,591.660827478735,255090.58904118024,522.3417551295873,1736.2314541076528,2251.032633857854,2086.9648519873695,0,0,0,0,443,17607.138368889027,BENIGN
59386.3643066007,19,21,5352.79419001614,17414.133809890634,286.141110583981,785.0300587173231,383369.62138927006,673.5552928191979,1662.465964987143,1528.7252457456934,1543.83842053803,0,0,0,0,53,11130.018847393809,BENIGN
284.6334045188538,1,0,48.64152987109538,0.0,45.48638474043793,0.0,170891.85281439242,3513.2910759030783,13.853610139348978,11.802706090263243,13.33271769893515,1,1,0,1,59778,17.841075536284016,Port Scan
1844.6816722098645,158,0,11278.926558844882,0.0,72.30463492552195,46.851343779198075,6114294.259417192,85651.63430648796,32.52756470369294,32.75497239364387,27.46461093098233,1,0,0,0,80,105.28018295395619,DDoS
62861.475926385785,8,12,2353.386073813572,9399.36882193525,282.61429861261524,831.1925877891841,186962.75775503487,318.15988576884655,2465.766328047521,2802.7540487288325,3146.6373000644385,0,0,0,1,443,2576.885324300109,BENIGN
82095.33950736749,17,9,3440.3298163267964,7368.692405775614,201.80341574255573,873.4160452383169,131664.26117444067,316.70494520175146,3004.6086439418195,3218.4096736979577,4742.215305001356,1,0,0,1,443,17252.395130330635,BENIGN
36670.34834648602,15,16,4951.134776423217,9683.209510534101,302.06930714637053,579.2155433152138,399078.4093099479,845.3696623520243,1062.0469033552208,1422.166493900875,1394.9866258585994,0,0,1,1,80,24617.599547537575,BENIGN
