flow_duration,total_fwd_packets,total_bwd_packets,total_fwd_bytes,total_bwd_bytes,fwd_packet_length_mean,bwd_packet_length_mean,flow_bytes_per_sec,flow_packets_per_sec,flow_iat_mean,fwd_iat_mean,bwd_iat_mean,syn_flag_count,rst_flag_count,psh_flag_count,ack_flag_count,dest_port,packet_length_variance,label
14.63461565085845,1,0,52.2598696955788,0.0,55.25470107745735,0.0,3570976.576519336,68331.1419894612,36.913569715360126,39.22055726847915,38.48843280504794,1,0,0,0,36967,13.478915750623571,BENIGN
3449.9174414059553,9,19,3213.8389082963113,15070.9634903835,382.42917543207614,782.4086736567393,5300069.555063946,8116.13624834717,109.73177559967068,90.71052086666211,128.71368141894288,0,0,0,1,443,15029.57572682556,BENIGN
70014.60490853849,12,17,4914.5402653823185,19201.701032643396,415.09978414411177,1116.4450172903937,344445.86710914463,414.19929510254747,1797.0470797257024,2406.6597819705435,2666.3012848746544,0,0,0,1,443,14542.773669217588,BENIGN
2472.931314858085,160,4,13083.692637541022,164.33222923536937,83.41877306859408,39.661165521936624,5357215.053721239,66318.05704211866,13.257262686973766,15.349051426653427,13.753960162965713,1,0,0,0,80,108.06518846371148,DDoS
17410.520455955786,12,22,5555.341301811859,14916.582500717182,508.60024210129814,730.420746342676,1175836.4061727982,1952.842253395664,557.5145365007875,676.7774171649838,452.48654282574813,0,0,0,1,80,5279.536577039859,BENIGN
13770.733989756176,13,18,5314.417516480503,8131.9668396853685,394.69973751035,498.2304423299746,976446.4527575957,2251.1508844089494,409.01099267615723,441.10589126111205,553.5787306185431,0,0,1,1,80,21619.366924836537,BENIGN
11554.14957150174,9,2,1119.6422711364014,241.6836755574218,123.5389943652889,116.96691370879415,117821.38860756379,952.0389131132118,120.63571506239781,160.50402692063298,181.53110458730308,1,0,1,1,21,1542.0459706224372,Brute Force
1950.806178853675,143,0,8201.348702974465,0.0,57.64626452151562,40.34743738174864,4204081.774947888,73303.02802507479,16.742113965488045,17.928212201110828,13.890648091090236,1,0,0,0,80,178.48098962007552,DDoS
1442.1519759074629,161,0,9456.066959782123,0.0,53.80054922819415,17.492589695406927,6556914.33202244,111638.71955914494,8.63515844517972,12.0703726445633,12.188574564998463,1,0,0,0,80,451.74995757215373,DDoS
2774.474399200954,4,2,545.6967596521745,125.45993107666462,126.28204936378354,68.47491193082402,241904.08494024366,2162.5717655668386,194.04997442332868,247.1517154064079,232.68070578280762,1,0,1,1,80,1717.418055045511,Brute Force
67145.24954792438,18,11,6961.602570835809,7841.2654422790165,354.6956338114703,716.6549179488907,220460.39165509987,431.8995043618311,2309.642803412038,2233.437340560203,2264.1082290139007,1,0,0,1,443,21022.759294433927,BENIGN
65253.01255442633,9,7,2342.225091832375,1359.187319287256,240.79577446069368,189.45664998028542,56724.00807598502,245.19940725579065,16601.820260685996,20112.035383354956,15122.000887204238,1,0,1,1,4444,6932.393316882511,Botnet
31245.470067522438,22,16,3983.638796387322,7143.155115560674,200.09319287826162,469.10608499538665,356109.02597729035,1216.176294287806,1110.1205795299663,1356.8796270436678,1664.165769316035,0,0,1,1,53,2182.523769750531,BENIGN
13947.54756728904,13,20,4124.760525763956,12664.682177006212,334.5168658603296,622.8467573586676,1203755.9020157908,2366.0073457927733,340.0760305463,338.1612494206037,432.3201147116065,0,0,1,1,53,12133.015362369279,BENIGN
812.267939717747,178,0,10677.358244043364,0.0,62.79447624977244,47.275242360310145,13145118.404837709,219139.51209480554,20.45697987854056,26.332907439263703,22.26735603732269,1,1,0,1,443,294.0728357242756,DDoS
1299.6970385031163,163,1,11502.13373406303,43.125535021382944,68.08553659910774,43.838412738254846,8883038.836790219,126183.25282088944,15.627309940113532,18.824022639126515,19.376100645318104,1,0,0,0,443,467.846573122145,BENIGN
13040.64207460824,18,14,7335.183577087852,11661.066073385857,441.66865973267835,892.5795545044016,1456695.8852019857,2453.8669044761223,317.0416704630681,334.14734441287993,278.0078706277424,0,0,1,1,443,9809.848154247084,BENIGN
49066.97332143384,14,4,2704.0226089818457,821.2845590937818,191.6583164968086,215.0076415800645,71846.84380227857,366.845533391339,12998.017742659558,11040.562018727302,12361.84196598271,0,0,1,1,9001,2631.214838900895,Botnet
453.4772208325597,8,21,2837.1467002683985,16801.529258769853,389.1072990535438,867.5330317696215,43306863.18263727,63950.290483737124,17.98303820206756,15.641781004473158,16.94447016327199,0,0,1,1,22,11107.254684785605,BENIGN
5810.127355511173,11,16,1913.183616175506,13002.263568513028,182.7722086829366,780.11128609186,2567146.341558339,4647.058205082073,188.25310417847354,251.37253374974475,292.4340028190144,1,0,1,1,80,14125.345421735672,BENIGN
2652.9595015324076,12,13,2418.4151219880255,8307.295731354398,212.33781344374475,617.8343819309707,4042922.9496895894,9423.438234002235,90.2920232997134,119.75950575667743,81.58459856538634,0,0,0,1,80,3128.162264258504,BENIGN
21983.39541506954,9,14,3368.2078956287796,8371.563161953096,379.2794017431792,655.3975941810282,534029.0176254712,1046.2442023052354,867.4516354558592,762.1760092482672,1093.0294157578717,0,0,0,1,80,16161.71773242766,BENIGN
15461.538665218235,9,19,3503.1018045679953,17444.547205061663,370.82119702831784,963.9079400972332,1354823.0524270392,1810.945249775682,491.67246326755367,476.6209015801803,648.172873553635,0,0,1,1,443,3482.1895665849493,Port Scan
24994.634899765664,9,13,3323.740866544029,8514.3254972885,339.2065899368696,635.7406341197029,473624.29622620804,880.1888920652432,1098.1381741607945,1290.2903971793978,1721.7171534907638,0,0,0,1,443,2652.620680987686,BENIGN
87023.38501132316,10,14,4369.127350509252,13740.40165431134,423.8624553603253,947.518436849358,208099.57004619218,275.7879390335967,2768.254538290705,3646.3778933640265,3489.3911906770313,1,0,1,1,443,3934.9528902221386,BENIGN
4088.803751336769,8,17,1545.2297144259278,11741.166655097546,185.94189606666137,706.9830809792588,3249458.07564858,6114.257743924894,129.91787729396748,140.37528166843907,184.7600029924079,0,0,0,1,53,3838.484613302448,BENIGN
16331.052484914302,9,20,5400.147304151159,12946.280180711316,564.9843398572435,629.2270056711653,1123407.5392146257,1775.7581776672723,892.4873422514211,1065.4058648893686,775.4223336298356,0,0,0,1,80,23575.509852048835,BENIGN
10307.372601183068,11,19,4506.186970948503,6733.943126815412,380.35898771599614,386.66733354980903,1090494.205717739,2910.5380353240203,279.05336855018516,353.07267399775,310.0265196578549,0,0,0,1,443,5049.014683429447,BENIGN
226829.87255512463,11,17,1499.5051489506902,17235.734695070074,142.27917302522158,1122.141819210616,82595.99863535474,123.44053137531692,7042.408202977915,8331.11364044307,10349.93795800289,0,0,1,1,80,4880.971299284791,BENIGN
5883.553887545664,7,13,1339.7689118058208,8084.27323439756,196.629932104772,584.8832238032171,1601760.1480887665,3399.305994687343,263.9351833365996,315.02385744982854,320.8017280069063,1,0,1,1,443,13257.52475227705,BENIGN
131706.25756990223,14,23,5743.346173884985,21901.81649061493,381.5881781349236,949.1547937585926,209900.14578333474,280.9281858180694,3894.6567923601706,3865.209685787777,3781.5504020075937,1,0,0,1,80,13525.30027161064,BENIGN
31151.37149564195,14,16,4308.7344516706,8833.738009225033,318.17569652146904,594.0171582727438,421890.652959991,963.0394605321624,1668.8292916556793,2256.2071476032415,1619.4168837765073,0,0,1,1,443,11039.969574811119,BENIGN
35157.198803001855,9,10,3283.9741816288874,7888.94095619973,364.2902527171343,765.3694932243419,317798.7871114075,540.4298592292201,1827.0806082505508,1492.2136573250289,1971.8723722328523,0,0,1,1,443,4296.495459432672,BENIGN
3183.690664216695,161,0,8255.824451456268,0.0,53.05654009340218,45.34185603866894,2593161.623473085,50570.23969368956,19.729075084340792,26.110266031243455,29.47566619691522,1,0,0,1,443,172.0547782233429,DDoS
361.96786091478236,140,2,9187.311755622126,79.93058228798677,59.710543187361,39.79955989808194,25602389.987026744,392300.0225520875,15.279745174935002,18.368320681980315,23.54953120173678,1,0,1,0,443,418.19475435562464,DDoS
52542.448192443415,14,17,5508.195794723244,12926.163694007342,415.7559409371204,744.1417874596183,350846.9841605476,589.9991543305814,1253.4627886797568,1471.5053778179665,1788.2567671606284,0,0,1,1,53,4104.4751144296315,BENIGN
302.3905205691873,2,0,87.90181380961053,0.0,40.0,0.0,290689.71356692543,6613.963943828053,28.926862459951085,35.180538666443326,29.018763344789832,1,0,0,0,24345,36.06977184788413,Port Scan
11426.069163281838,13,18,3049.0999927867592,11598.700688777886,237.29712759812077,660.6769535969041,1281963.2431979303,2713.0940270884957,409.76654942757403,349.4418485959915,393.4733673705376,0,0,0,1,443,15628.262895641989,BENIGN
5416.9584820119035,14,11,5083.323295986667,6922.656690631185,364.22771485596223,632.1874088362198,2216369.2091209698,4615.135981384667,227.27046526334348,191.0183808865396,289.06220405346164,0,0,1,1,443,8911.82337297748,BENIGN
8119.314356108861,5,4,544.9501401441003,190.15820002200383,114.03959079369905,48.81436830249592,90538.22871299702,1108.467982056702,258.7790722629926,278.5187202557331,287.2450846464423,1,0,0,1,3389,2812.1975170796272,Brute Force
73429.86665247532,11,5,2815.402822815311,1195.8743138267778,277.2115545695942,222.19771173792043,54627.32426883508,217.8949891836776,15519.775324444672,16345.15501353287,16097.230713488147,0,0,1,1,8080,7409.533570613199,Botnet
2729.746838292696,165,1,8024.072458445444,44.683298605016184,50.583108370809185,42.20990936187153,2955862.2960424474,60811.50005244579,15.561842604200976,17.207767589684202,20.030659858850285,1,0,0,0,443,46.73487442452388,DDoS
3088.8099793478655,181,2,11592.108440436934,93.92870011351098,67.38344354696589,44.124279190159214,3783346.084312281,59246.11783293851,33.56276271123824,41.10238563004655,39.84245227554517,1,0,0,0,53,73.22069181017164,DDoS
92085.30490318507,13,12,5302.9383805591715,13172.707340764024,442.34684585057204,1024.3587336184255,200636.20075698046,271.48739993079283,3133.4520701699957,3032.070499437807,3961.149873974076,0,0,0,1,443,1272.2122131556057,BENIGN
13992.723335106797,13,16,3488.595321815704,11194.244443552247,269.4522735065557,654.7014643500639,1049319.6652098238,2072.505780718251,394.8288939887262,382.2493468601023,366.9983942086927,0,0,1,1,53,19503.14158758503,BENIGN
17981.694718943912,13,8,4965.5223821137815,5441.911395891457,360.91254527653615,641.7509721416277,578779.3609375925,1167.8543278724599,609.8375817715279,739.405170233221,749.9448386494729,1,0,1,1,80,23328.227253211742,BENIGN
14350.82585458558,6,2,485.36219376240564,186.69898455451147,83.11233025196364,101.7821689975574,46830.83643595121,557.4592069517537,123.07828275426506,137.91891498408404,162.13585685817947,1,0,1,1,22,273.71667158863386,Brute Force
74838.5375776971,20,15,7973.826267588578,16730.984819556797,426.426102930778,1053.1622110549267,330108.148645969,467.67348925896795,1845.0743196543506,2031.1470335125157,2139.272148363435,1,0,1,1,443,24250.0674549231,BENIGN
92486.37440229235,12,19,4818.863863702128,11113.02943180959,444.7569760318021,592.323866542639,172262.05912464476,335.18450907328076,2851.9250725629936,3933.8653975685306,3437.516922666836,1,0,1,1,80,13139.5170234968,BENIGN
45691.83561666228,15,14,5794.239950424452,18315.311318207212,373.36824529146173,1227.5183396605653,527655.5634775093,634.686692023042,1641.4940215643621,1854.954624309549,2056.7147530337475,1,0,1,1,443,4867.821521652134,BENIGN
1713.4127563825357,114,1,9014.996382875328,37.77841741754589,73.11406569994917,40.68835115771173,5283475.780468484,67117.51127778177,46.57198655509589,56.436186369657726,65.08431107717712,1,0,0,0,80,397.5454518552435,DDoS
9267.453512830227,12,7,4290.26993567683,3167.2515458454195,348.9810299789859,415.97152289138205,804700.1769361739,2050.18562798245,587.6052384953056,565.8341383896684,594.2764557513777,0,0,1,1,443,978.2902351595083,BENIGN
8329.601788848462,6,18,2463.687022047062,12996.07896203197,400.6954741379203,800.3574717344362,1856003.0090245514,2881.2901995063935,367.4354155863305,471.655944995304,332.59732251180975,0,0,0,1,443,3297.710742340887,BENIGN
111642.66252210477,11,18,4020.617776117872,10981.51747664871,340.9635202148795,639.6718446864896,134376.36575351493,259.7573306195392,4202.4867411923115,5269.63563064008,4954.252548081867,0,0,0,1,80,16440.139784347437,BENIGN
46335.49880671117,14,20,6573.990153363633,12489.679630332901,442.43726172789394,624.2627787884619,411426.8816490085,733.7786551479938,1134.6312719700818,1360.6265151772616,1050.6096535012332,0,0,0,1,8080,13270.75371751945,BENIGN
8533.608241457923,8,2,991.4464926909856,173.51758235845466,118.07614446461695,88.15126868460261,136514.829610975,1171.837248330438,364.1005784429012,475.0656703693619,414.30502264201516,1,0,1,1,21,143.06067045072828,Brute Force
44837.12946510128,9,27,2551.155506770089,27843.091366244487,311.158815956947,1110.942874656659,677881.194349691,802.9059939713668,1693.1595565744992,1825.7031131025476,2683.645760190265,0,0,1,1,80,7742.062286163236,BENIGN
25707.6452170114,12,16,7179.384668562811,13206.865268129082,555.9394989459433,875.8812316752092,793003.3950834904,1089.1701578902953,762.9346895245692,932.476047980319,1198.9271829870918,0,0,1,1,8080,11038.471502193368,BENIGN
135529.03782264868,18,21,9340.493000037863,22304.97323660542,575.5156294513093,1013.12254658591,233495.8378296323,287.7612106346894,3371.026963030631,4267.598494083611,4479.537957380974,0,0,1,1,53,9272.399794499666,BENIGN
1657.9302736314282,14,10,5053.419562977557,3336.772963140311,331.7654323611039,341.7462412135148,5060642.573188864,14475.880187308408,60.09815869581361,81.36275615072682,91.34611967594572,0,0,0,1,80,7460.981054245132,BENIGN
71538.21449510616,13,16,4262.494717286964,10802.298133249718,307.4300291643926,694.9630474515831,210583.85307571865,405.3777439746396,2122.0648253223617,1796.6316997196807,2372.7240993980254,0,0,0,1,80,14335.870921937174,BENIGN
7779.554669874233,7,2,868.8561726581539,81.56131649510569,119.22013331911408,40.0,122168.62397454228,1156.8785594954238,151.23006743537388,134.05063716008993,221.85221845404277,1,0,1,1,22,183.67976867284705,Brute Force
52506.91500469387,11,7,2942.1072047336206,1180.0694185893967,266.89129769104034,174.63071475168636,78507.30942685387,342.81198959014995,14382.02275050861,18597.366750578414,18214.213140686992,0,0,0,1,4444,6554.417610502524,Botnet
127451.3043130749,11,16,3438.391392732281,13501.627773035141,305.8513585184646,846.845917679171,132913.6587269087,211.84561543345572,3691.896954429802,4389.268945684763,3988.2978804881373,0,0,0,1,8080,7297.4486616131235,BENIGN
10869.13647556677,12,13,3777.3855332623507,12539.047113439547,337.22769670079583,947.3922717107233,1501171.016058208,2300.090725348665,335.9874136520849,443.2323730776267,289.59268899507504,0,0,0,1,443,7078.449623433437,BENIGN
1953.6732111713598,160,3,9195.892014508643,74.56029042938749,54.33984174678348,23.361011405020186,4745139.69477002,83432.58179922037,7.511895749807746,6.857170737921099,10.115733886307877,1,0,0,0,443,401.5387295495926,DDoS
79949.10077413244,15,18,7182.170724530901,18895.73744763899,462.532217244566,1015.9235577352317,326181.3819000126,412.7626162204086,2104.3375764699376,2193.316846241728,3090.543831534894,0,0,0,1,53,4174.95969741621,BENIGN
11308.691375586963,12,13,4577.635347811966,7323.315302984937,397.2005149507936,610.7971813420656,1052372.043372631,2210.6890328592426,446.14826879987254,560.0263975352866,616.2970597007989,0,0,1,1,53,17133.520072911175,BENIGN
80044.49626970476,18,15,8341.259320413366,10058.361866767613,445.6905147035928,719.2137619831543,229867.4118103591,412.27069365029956,2148.8328411261787,2881.1584200640373,2665.261823278495,1,0,0,1,443,11473.797933322541,Port Scan
480.4371254433179,151,3,8275.314583164474,111.27292165535165,55.293124143548454,39.98496761316915,17456160.36038264,320541.4233088216,25.40064349504802,31.655703440816836,39.24996883031816,1,1,0,1,80,343.80711002065163,DDoS
12033.479752764375,19,22,6237.265615722702,20712.218989869485,355.93038368868866,916.9552502686711,2239542.10746075,3407.160758348501,299.69778513818295,292.20963320875546,419.20801386489126,0,0,0,1,443,14959.977803449443,BENIGN
12917.18717100331,5,4,643.3071910335868,312.072134642789,119.52732043855094,76.33188568892028,73961.87057047723,696.7461166935268,120.78791771294934,146.15693685908448,162.49346445105488,1,0,0,1,3389,998.4438971869091,Brute Force
91246.91766702356,11,25,5158.796992825738,17369.517570276286,458.77275977484277,689.5876538666338,246893.9788773129,394.5338749016212,2606.088664655123,3198.551925824514,3508.233799935829,0,0,1,0,443,23398.19911396115,BENIGN
91302.93003300749,13,14,5668.1570511519785,15178.136070211605,416.2333328243903,1000.2879754689516,228320.08911244478,295.71887769909534,3269.896699354148,3176.344309844608,2790.8902220552495,0,0,0,1,443,23971.733860992717,BENIGN
30554.71507765129,14,15,5156.009000074065,9143.734418924796,348.36662489652076,580.9455986507794,468004.4759919282,949.117016025181,1208.5568785671442,1553.2312443840929,1455.7557228301584,0,0,1,1,8080,17230.862711047157,BENIGN
52424.88887872116,9,6,1425.0859000410178,1365.0341775175866,146.62541249862002,207.084601758157,53221.28739296368,286.1236393786307,14401.533522131956,18793.68975957979,20511.756536973622,0,0,1,1,4444,3366.0194711952636,Botnet
1569.1420548382846,6,3,610.8728628761181,228.7744926122595,107.82978413050176,71.52693562267675,535099.6443562348,5735.618373269294,364.4196052065706,304.53409854151147,400.40077686165876,1,0,0,1,80,1090.343453767212,Brute Force
33769.9158308898,12,19,5121.434100969053,19489.599904240335,420.03557284570684,945.8409792004439,728785.7668480577,917.976821595862,1271.0034757125702,1732.4230114225895,1196.6590087262869,0,0,1,1,443,12146.44730934652,BENIGN
71225.77720361836,15,19,6679.875090102696,11869.94084830761,425.73896772692683,588.5939413099005,260436.83434131695,477.3552684837921,2169.3237271236976,1883.2806888157875,1848.4766615045305,0,0,1,1,8080,23227.322970778147,BENIGN
57461.55198886872,15,3,2724.7829201158947,606.477266229995,194.04865719345332,195.2269800832268,57973.72453481959,313.25293830363137,15676.326552831695,21588.011572191906,15700.948923669948,0,0,0,1,9001,6007.771281023541,Botnet
25559.17165203848,18,13,6014.356684410151,8054.06465361379,363.2363949536443,627.5639875604621,550425.5587603095,1212.8718575872776,682.323967470299,885.2122611485751,637.9095586840433,0,0,1,1,80,2640.0698599395796,BENIGN
73136.76470605985,17,15,4843.947954320237,8863.590824082074,279.34124007791735,570.68860045115,187423.3681718567,437.53644461317816,2416.520524374136,3003.256035439072,2734.4514389349815,0,0,0,1,443,13578.831954736492,BENIGN
879.2349600842081,126,0,10100.83822283146,0.0,76.47010576643498,45.9322597178916,11488212.686474683,143306.40354420443,41.0713871379374,55.06502198519756,36.40809794066129,1,0,0,0,443,447.3004095076155,DDoS
1316.090727342296,173,2,10672.125753888766,76.9308889598617,67.04004357471563,39.99161272039547,8167413.096629891,132969.55625042183,6.555027167788096,5.9365585306201165,9.301082255993293,1,0,0,1,443,487.2058649988971,DDoS
33010.152817098795,12,12,5284.936067133494,8870.994925281153,487.38229827901296,785.4948950037108,428835.669766487,727.0490425469445,1427.8278276080673,1172.0232104353572,1682.767524437224,0,0,1,1,443,16930.813702656953,BENIGN
23641.04164399528,15,16,4098.406018441978,7371.099330187337,278.8731950908756,429.55861903275235,485152.2839537199,1311.278938839561,601.1111758813328,758.7663217618629,544.8104366454556,0,0,1,1,8080,20500.242327783133,Port Scan
2951.247256546357,122,5,8026.201252018762,201.03626768178134,69.74314556365907,40.68159256766895,2787715.4316539094,43032.65330219041,17.03049233004489,20.230946705641745,13.83137045060331,1,0,0,0,443,358.6553979645827,DDoS
92752.65857139498,9,15,3426.5743356448565,7873.512190259922,388.3095028377645,559.6368667199183,121830.32486563936,258.75269097032253,4124.380406033494,4909.91086360977,4380.572895951121,0,0,1,1,80,20141.524024251994,BENIGN
114407.22546603,10,15,2739.8582092830434,7352.269255450971,274.73196683105135,471.5157596416488,88212.3259577743,218.5176670281463,4503.250150119389,3874.6294234829006,5501.853276512744,1,0,0,1,80,14376.951602194651,BENIGN
15.678033087970991,1,0,40.96801236097766,0.0,42.24215103884799,0.0,2613083.677722971,63783.511259920255,41.11173496083018,47.17489517419401,36.331141191737025,1,1,0,0,25538,20.576417494362946,Port Scan
33476.33761788013,12,23,3790.4720201807872,21798.717061299252,295.9468031784196,1031.4094379401788,764396.3140045682,1045.514607945227,1132.3974524737284,1374.5514213383653,970.7771195544343,0,0,1,0,80,13762.893714920845,BENIGN
58921.166837979705,13,9,3961.428796914214,7645.113404974065,315.84656690739405,807.7875098403513,196984.25582445992,373.3802499277582,2234.548909994933,2594.7924168502263,3087.1529590503897,1,0,1,1,80,9792.536679822928,BENIGN
89337.66957382883,9,14,3063.219802888578,9562.975325777184,368.0314442395381,743.2051622224383,141331.14495707155,257.45018993351687,3726.2700191038325,4473.583149776473,3782.6063272166107,0,0,0,1,8080,18606.74488349331,BENIGN
38647.33280215534,12,16,4532.266468113871,12702.902318325341,400.4547340493235,802.242755756685,445960.10996852064,724.5001910827455,1279.0409622462519,1027.429685891849,1039.1198257079445,0,0,0,1,53,21588.60719737883,BENIGN
31176.39422614485,12,19,4023.2985180027626,17181.415329720017,369.1013825460923,937.8428271298997,680152.8648216889,994.3420581333,848.1088188049913,993.5156847319174,1148.4557863767322,0,0,1,1,80,11196.68614055046,BENIGN
836.7811883557046,1,0,47.16885506112116,0.0,45.59248206205618,0.0,56369.40184304227,1195.055546080122,10.993244852551278,11.825271916787402,14.217225655026484,1,1,0,0,52212,31.996853294860994,Port Scan
21225.70647048016,18,13,6630.058997620386,10717.835437949087,408.01027466016853,780.4272914484385,817305.8672839093,1460.4932016332896,936.1976514609623,1270.6018745382273,1037.2789145202062,0,0,0,1,443,7899.514935981738,BENIGN
66087.94269594339,15,17,4943.5968356325475,4699.363319591492,305.06475849808817,305.9057116630565,145911.03553622862,484.20330085360973,1966.2229270686285,1908.1464252980786,2089.8795691965884,0,0,0,1,443,5297.618885849427,BENIGN
4448.180100780417,4,17,1980.1398298247707,13862.240504431125,477.06538365428787,812.5244707801605,3561542.018381047,4721.031865664708,206.48822361766204,173.4293491640476,220.07338465579176,0,0,0,1,443,13876.11315229248,BENIGN
5060.113539942163,8,13,2423.005467742385,9343.608647851543,302.65871238354123,653.533003306229,2325365.6311689047,4150.104505409978,252.7343561099077,278.231787530204,343.80128799846904,0,0,0,1,80,8623.704884917859,BENIGN
49573.01754520729,10,17,4868.285745599432,10720.673563457296,461.07604792208343,574.0146479408146,314464.60354850575,544.6511295258111,1072.6602712844679,1021.5020002794095,881.2261584315403,0,0,0,1,8080,18011.33679075627,BENIGN
42464.734194107215,10,19,4308.929032458766,16184.411155364247,470.8666715382928,787.3121182229171,482596.6905655765,682.9196167210273,1598.25899211434,1340.7487094531743,1963.8787497227543,0,0,0,1,443,23767.434827195502,BENIGN
27735.650398116795,8,17,2940.3570570983165,12159.061484920721,351.9410973932356,776.8263363899667,544404.7038840763,901.3670002740394,1160.4997423201055,1593.34429027627,1611.316135616751,0,0,0,1,443,23092.596790616928,BENIGN
64958.39183990307,10,16,2654.71561710533,11760.639839062878,276.33596951190566,755.2461226297086,221916.7539075844,400.2562142252504,2131.9594643005485,2435.9823076219263,3318.913156995943,0,0,1,1,8080,13930.485570352526,BENIGN
145922.50886315195,7,20,2917.637232552871,20506.855151148437,394.30477976204924,1042.1474775794288,160526.93012336505,185.02971344414698,5254.779408856886,6160.749344024511,4873.914771441776,0,0,1,1,443,1203.5277143122046,BENIGN
41808.72898168161,10,16,4930.862674774208,20269.58986778097,468.8263175372368,1151.8784376040012,602755.7679066659,621.8797039104402,1616.5330045037915,2141.5574823698657,1706.6238339051363,0,0,0,1,80,762.5020966612199,BENIGN
266252.94549417676,10,11,3509.841654050679,7735.559278692985,371.5941824733737,651.9973230731555,42235.78038497084,78.87236688038553,10409.471290524672,10698.116711359618,11347.506704654483,0,1,0,1,443,14331.44225794719,BENIGN
6019.130214557349,10,25,3920.838998668678,17108.54737563822,425.3770495259799,735.2789356306656,3493758.337948403,5814.793625057657,199.55787149947747,205.2602782984979,183.35492650013606,0,0,0,1,53,9014.528323742057,BENIGN
55366.40721431629,13,19,2375.6603130700996,14264.251472754646,171.7410085993223,772.0231404110588,300541.65735215164,577.9677896767274,1146.2677346479811,1515.2085748151965,1275.7978994146918,0,0,1,1,443,16366.588002246264,BENIGN
1269.6308807473251,13,22,2641.3517863498796,11775.489017068208,222.6885799774775,556.4020076376319,11355143.468889244,27567.067350629055,37.991281746545944,49.941183287606805,37.36692673732701,0,0,0,1,443,7775.258539664421,BENIGN
43530.93714978894,10,15,3698.7471210906306,14213.008585785123,350.8495017376672,919.0036685789769,411471.86069626344,574.3041991946001,1833.5853105172018,2469.249338704692,1937.928741649957,0,0,0,0,8080,5576.3196829007,BENIGN
78972.57796219896,16,14,6767.3263902316,8639.376848234908,401.26229913904746,634.5399121004583,195089.27827886137,379.87869680992065,2489.861368346919,2669.0622408815766,3854.382580829132,0,0,0,1,53,8030.856430627782,BENIGN
10479.356896844274,11,25,5988.0640506026875,22750.85692622826,507.34751176052987,956.4424956808732,2742431.740776508,3435.325311884448,257.23417215437973,270.86611354935025,225.0065349881771,0,0,1,1,53,19899.322429810378,BENIGN
29350.93133602012,12,15,2785.687661474816,14489.992227168485,255.31868343658243,1007.0298379852627,588590.518333645,919.9026664910288,1244.6430216145977,1438.6976259048013,1507.775094717508,0,0,0,1,8080,22883.08755619452,BENIGN
252.3074545538146,158,0,9988.36871186113,0.0,63.73952638466767,42.112148756693315,39588084.028372265,626220.1022930942,4.407198595656455,4.19671664270155,6.7327232832110875,1,0,0,1,443,462.41484776365127,DDoS
11207.64293552294,8,5,739.4230479512452,515.4998162755134,85.20977794485495,96.79531754873011,111970.27523505814,1159.922748680379,392.753054901902,426.15319708254185,563.4333605557459,1,0,0,1,21,1346.8520874847331,Brute Force
1379.3473948031249,116,2,6094.618719721362,103.04797342714596,53.600228849915204,49.29801618808028,4493187.659975321,85547.70208330457,5.088253450211293,6.327686765499954,4.818879865041165,1,0,0,0,443,107.15545068441563,BENIGN
9814.606464098646,4,4,526.2727308152026,424.37008243398446,130.33594655842936,116.96094095050782,96860.00317247486,815.1116429643523,129.42457730970062,142.56472036893703,149.49052135481767,1,1,0,1,22,258.97350006360523,Brute Force
9749.359485704963,8,20,2986.9261717509735,9404.787356418696,366.7635705965587,452.8904181245605,1271028.475905424,2871.9835432322616,358.4066397619787,365.05458818400734,310.37310920648713,0,0,1,1,443,15122.415851459522,BENIGN
7771.6567897783525,6,5,766.6789895693428,377.1046792978113,140.40573672613164,78.43157440299758,147173.7236738905,1415.3996113760088,391.3304237169039,335.38109596423783,482.69092176228,1,1,1,1,3389,2281.3909228993653,Brute Force
2185.0976953326835,120,0,9791.524664521861,0.0,76.30686363272767,24.52048782673212,4481046.6302885795,54917.45300739511,7.279630232814726,7.321344854720353,8.713860840189355,1,0,0,0,80,358.2613892068605,DDoS
18217.943805669107,12,16,3889.477961088735,14645.294956511052,304.4844539551838,888.1484187558383,1017391.0467235105,1536.9462272293806,438.835639812465,410.7641775889991,446.9061715461259,0,0,0,1,80,18923.562493544283,BENIGN
576.4616145560758,1,0,55.51462980715676,0.0,52.21876201988464,0.0,96302.38754042229,1734.7208812334964,48.60672702053195,60.94301430230009,54.53376822698188,1,1,0,0,38974,6.213191463297751,Port Scan
15690.041023559124,8,16,1679.713712839843,16339.041062662367,201.15678301715633,1047.5304647041248,1148419.863813386,1529.632711856087,895.5802101279454,979.040060812619,804.6989359742751,0,0,1,0,443,4288.680192135134,BENIGN
5455.899346008787,9,2,1015.6766346985216,117.13384412117932,124.81295666629495,64.07395470190365,207630.3844660181,2016.166227122014,131.6596897651989,140.4219129643415,108.38667649237122,1,0,1,1,3389,2777.974700463765,Brute Force
92106.4732315951,10,15,2990.4520197905326,11617.522439100438,274.7918199036454,801.6231728671037,158598.78189191187,271.4250054623121,4322.164279805939,5886.216207155713,6677.659567438871,0,0,0,1,443,8305.498270560463,BENIGN
2200.3673921114973,168,1,9424.283674879895,34.05541684898111,52.23855565449131,36.1714791401883,4298527.203065188,76805.35559919641,3.4157491816940024,2.739736044334698,3.7638196491757916,1,0,0,0,80,450.5639469094953,DDoS
42042.91399423187,12,12,4159.51711438316,9935.36072922523,362.5406782941272,852.6661702669879,335249.78419769276,570.8453035223179,1460.17789867849,1662.4582340725208,1604.5102483336,0,0,1,1,443,18758.76130066418,BENIGN
201456.68036201538,15,8,2861.0938215070264,5750.546821503185,178.90047774029895,794.1356707419164,42746.86065279736,114.16846519395266,5532.392059944395,6685.811435501621,5128.005526072033,0,0,1,1,80,2988.9291759293137,BENIGN
2592.247782331692,142,4,8173.25091629743,151.43550220857605,54.06031809058425,35.87429310068816,3211377.58328722,56321.7764116187,6.839841818374075,5.912081714107352,8.16613218776235,1,0,0,0,443,266.27064638217564,DDoS
45420.488764209214,11,12,4268.44327915711,10598.114133186731,420.5573659014929,882.3694940345188,327309.49879294354,506.3794033437112,1459.2497643331594,1441.9971052043554,2272.8515236205026,1,0,1,1,80,11326.107970684694,Port Scan
131996.7054376383,5,10,2115.918944580201,11562.379892065734,444.4819198649736,1149.0451034912949,103626.06241796112,113.63919993508271,7624.125710399013,10552.316659298509,6736.824644051957,0,0,0,1,80,14863.69775931043,BENIGN
9667.551821426885,18,14,5736.847666531362,14033.053538605922,294.1774920512238,1095.5653080179432,2044974.9399139339,3310.0417345657374,292.0450247339782,266.8487600779518,257.92478605634,1,0,1,1,80,15406.4390714745,BENIGN
2835.765640437896,8,17,2218.556778506568,5386.505206077742,262.8492408329514,348.59278015734907,2681837.2703782194,8815.961249935846,121.0218153073667,139.98246743545093,180.18049327846902,0,0,0,1,443,22292.690588293437,BENIGN
16712.52709994554,9,12,3628.0123476749204,8029.4406948427495,442.98788543797264,732.8011575193464,697527.8467943761,1256.5424650870682,744.0178648825868,935.3480210608484,891.7754763311575,0,0,1,1,80,13927.25593117324,BENIGN
33539.00005649234,13,15,2719.9872736128254,8157.679394721172,190.53803865521343,588.8021814108715,324328.8902475297,834.8489803762017,1362.804547807939,1701.9147702393384,2057.4528060609928,0,0,1,1,443,943.0466744155118,BENIGN
6347.027903705389,7,4,1104.0913972401952,291.0801278976597,155.47521720878566,76.28079283391021,219814.93484901098,1733.0946337226926,83.32500894341145,110.1607271902007,124.69464841664035,1,0,0,1,21,1488.4504597695702,Brute Force
10827.049048493922,17,13,3829.571946463639,11740.758195786848,229.6929361135774,966.5421067063078,1438095.465579919,2770.838098694408,300.5645747818682,304.3720917550459,447.99129731042336,0,0,0,1,443,9198.683468730056,BENIGN
39129.97123432337,8,11,3672.379628341513,10532.101926460893,489.6746418015134,951.1895718719468,363007.71778597054,485.5613076284068,1456.471946695017,1465.0189128369104,2190.733384148755,0,0,0,1,53,11301.022732287685,BENIGN
1094.1692959686184,106,1,5009.325109388168,32.9247456789458,48.75710215202442,34.69062455863291,4608290.393127363,97791.08259958781,2.6811468382427863,3.588962363289667,4.233456858739403,1,0,0,1,443,473.02718786712995,DDoS
66025.58951494981,11,15,3246.2779477367517,7360.613763574205,294.5971729545861,457.7388649279185,160648.19396893526,393.78671498439195,2707.291028494732,2379.38682519874,3217.5403187095226,0,0,0,1,443,7822.130249266491,BENIGN
3141.7367560036214,9,1,1250.6314186153265,72.08290084659168,133.69316623008234,77.25011126603317,421013.73290881584,3182.952862263446,202.23222311318608,188.8838528309565,277.6846384828885,1,0,0,1,21,2172.4685881000823,Brute Force
27116.25329147191,7,20,3280.174900835181,17805.285084720093,427.01123988840635,941.407172791032,777594.8896371563,995.7127819163545,1014.8351660388137,950.5346510204643,1106.6017561081865,0,0,1,1,80,15706.998105257291,BENIGN
76253.60914611258,11,16,3190.9615503374434,11424.460552337105,277.3499149764991,687.6018912773661,191668.59465850797,354.0816008887425,3250.0191537102905,3398.808898489001,4472.95684250285,0,0,0,1,443,9531.660775153592,BENIGN
28429.572207947484,12,15,4673.804440557868,8601.718099321019,388.2439069973058,604.610202618496,466961.7412029758,949.7153106106941,1045.962537244426,998.1728108255539,1108.470526054597,0,0,1,1,443,12791.624731940205,BENIGN
106739.46630293982,14,20,5267.785705119619,12856.658637169801,378.49256816273635,690.6461099394177,169800.77725749539,318.5326025849126,2604.1981297604425,2600.624493672827,3531.5883051501914,0,0,0,1,80,8314.0734972705,BENIGN
76628.19486656197,6,8,1320.9460994854364,1892.056864971944,207.44236825634894,227.09384654810145,41929.774935353846,182.70037581309566,16472.77479971636,15701.130058600502,24145.483434436534,0,0,0,1,9001,1537.0383510562351,Botnet
51420.15877442208,12,14,3742.640588177958,11167.28523879137,329.4664816211965,777.3471423114435,289962.6563266461,505.63826755301994,2098.7702492525627,2841.0415602077023,2561.8618090918744,0,0,0,0,80,5696.788775758566,BENIGN
4525.6663921303025,12,26,3871.0058293689303,25707.581012653358,333.0544345173638,1072.6737055104563,6535741.762463225,8396.553503386449,160.44898407130117,147.39114868950907,172.37418762535256,0,0,0,1,53,11583.403275418526,BENIGN
53917.312806368696,6,4,1040.12387290034,699.6197587452068,170.4730469630506,169.14636963893352,32266.883141847695,185.46918382065218,14008.812965830439,12310.665860170118,17261.070882251846,0,0,1,1,6667,6839.130076004638,Botnet
71967.19757576463,11,13,4760.659734611841,12416.861791473284,440.43578129400123,911.6163124375432,238685.43037265295,333.4852656272132,2792.4561186069513,2599.7412182974062,2273.6435317380183,0,0,0,0,53,23830.565968600487,BENIGN
2343.9444362679287,111,0,5961.02084610032,0.0,58.62826611596222,41.719920899887406,2543157.915292381,47356.07136521386,4.070952494996252,5.143977613062411,3.485410189511338,1,0,0,1,80,251.02737453010246,DDoS
48293.45355397914,12,10,2973.748635147811,4441.305394691252,249.0884063246999,492.0642891351531,153541.59796319017,455.54828617526584,2064.5405323641457,2657.6415297197655,2669.5053998985327,0,0,0,1,80,20940.116394291414,BENIGN
823.7801289913035,122,0,8983.701220879993,0.0,68.16088159435763,37.466545359331185,10905459.970101843,148097.76991026197,39.61859633541476,37.307620190253765,56.177067800155676,1,0,0,0,80,55.35873152065189,DDoS
739.845953116145,17,11,5569.366611775844,3291.9225677126324,330.82901913716574,305.3596090886883,11977208.420436388,37845.71623601814,26.113564049963724,32.02082412992429,41.72695196164619,1,0,0,1,80,17257.591937909903,BENIGN
1090.9189371088573,150,0,9208.168422084029,0.0,60.937792974090875,35.332444502495576,8440744.87008854,137498.75897977216,1.195565186076364,1.303572777827515,1.638042566993957,1,0,0,0,443,234.5024009898753,DDoS
17982.83298579756,14,17,5526.542567119772,15548.139890043478,379.2255957434859,854.0523303809242,1171933.3919081362,1723.866313193428,505.06350631912915,637.6132273894242,667.2980876382667,0,0,1,1,80,14529.049089117174,BENIGN
72330.15167269892,6,17,1353.2190230078877,2338.96642471244,249.10474447234662,152.46673557987967,51046.28377426653,317.9863372066088,15603.232334229595,16764.730803177525,14048.430292551593,1,0,1,1,1337,3800.7203682734576,Botnet
13849.496649658638,6,15,2072.9706198259064,8224.289900912165,349.42478309031526,501.68873033288855,743511.5355612492,1516.3005942542761,497.4553490690515,567.6557541121964,541.2593941288821,0,0,1,1,8080,9068.118951815404,BENIGN
30043.739007509015,15,9,3294.2732127502245,7849.915881759581,241.02078836061,948.4174884003505,370932.1629949079,798.8353245247382,1233.2979006130636,1229.4928667767883,1348.888358332487,0,0,1,0,8080,18889.264847457845,BENIGN
24137.7643264269,12,13,4683.99614187907,8042.142709176953,427.730612160359,633.7224406926703,527229.3936983628,1035.7214389001674,760.0742547835042,883.8395714471689,717.9965068246777,0,0,1,1,443,4592.264200354179,BENIGN
714.5436025501266,132,1,7473.5667019499415,30.431363740022995,60.41890552190289,31.545652698485803,10501805.682549017,186132.79795010103,9.335719028927544,10.641827899454444,10.782938986363618,1,0,0,0,80,232.7673583739786,DDoS
68995.90814015719,15,8,2243.621371386761,1263.5210000397587,150.25153837371894,165.00726622086887,50831.16471635052,333.35310194451193,13091.866648001163,13896.955808817193,10910.237423594093,0,0,1,1,1337,1475.317616345183,Botnet
21661.760448532295,15,11,5724.904376818527,6441.6157953688535,358.78983616908727,545.4237967460284,561658.8827623071,1200.2717905488444,775.3480578541607,901.877858840132,1116.9675400748686,0,0,1,1,443,14520.658953460992,BENIGN
72.44233303366015,1,1,51.92492545684166,0.0,50.32703461018716,0.0,716775.9966084317,27608.166609856493,21.721696116143715,23.428085424384435,29.21407282790575,1,1,0,0,30528,20.776451368956923,Port Scan
100877.9880099957,9,13,2621.7800391307637,13879.256013661727,319.247356486334,1044.6119992713943,163574.19867610218,218.0852377608888,3795.917461490842,4772.487522224789,3346.736192401792,0,0,0,1,443,21289.277125167428,BENIGN
78440.31402248576,10,7,1578.0290753693976,1237.8968432874997,165.48332117117246,163.0735547882586,35898.96284517272,216.7252924959832,15118.017065097858,17224.66372537488,19319.19725680383,0,0,1,1,6667,6457.229498799571,Botnet
48041.165123965206,9,7,2012.8328960131196,1014.0187384728808,237.0199404120393,141.1457136802908,63005.37521676517,333.0477093699471,13461.494059811257,11369.848466625237,12480.360013660831,0,0,0,1,4444,4792.641374544033,Botnet
68316.3128509163,6,12,2816.112353272094,9779.678578640769,484.82243069207783,775.1566746074537,184374.57184494287,263.48026187069854,3337.7003313961986,4156.9825071676505,2872.4601397364577,0,0,0,1,22,1424.2425698640882,BENIGN
11745.25502769982,14,14,5598.537737440018,6469.078717028008,409.2526478922906,512.6951955149875,1027446.0985315306,2383.941424342447,658.2579124955253,573.4518709804657,639.3111523457551,0,0,0,1,443,12235.555241966222,BENIGN
7605.735613931377,4,3,423.09390926746175,225.13054126948484,98.80726653906171,76.9394831214095,85228.3701986167,920.3580502033419,267.174994003263,287.8003517531071,267.30316950054936,1,0,0,1,22,2155.7133190775617,Brute Force
31562.329384787052,12,16,4453.968762749088,17978.544991923605,399.182871762328,1085.104504112086,710736.9510402834,887.1335083872459,979.2064592478828,1143.5388274543336,1051.2548315737567,0,0,1,1,443,14004.061991136326,BENIGN
2108.7185248852293,129,1,10012.306757757311,44.124369202847475,82.41415340044968,40.2848832067842,4768977.465832002,61648.81584045243,28.462004077498097,30.525677475101894,35.48807778919598,1,0,0,0,80,67.94124133624771,DDoS
15180.294353366622,13,13,3951.313246659413,11949.363253131394,291.7695354826546,835.7971540984875,1047455.0841805264,1712.7467620042446,421.1229138381874,583.1951670653498,665.8999913393644,0,0,1,1,80,17228.590496564884,BENIGN
15718.675439762324,13,11,6441.476463308848,10837.967543038067,479.94695491943605,1074.7874138332704,1099293.8986854092,1526.846208637214,649.5816771943918,862.5452889807204,533.9065503433995,0,0,0,1,53,10326.288402507937,Port Scan
11344.421300260963,19,12,7467.762917079207,11345.351236311402,428.79854532870763,1033.6584678179895,1658358.2058044546,2732.620658163223,318.96451630886423,339.0529282561833,359.28798469057153,0,0,1,1,8080,1017.3930909554739,BENIGN
18194.870161965868,9,14,3141.3362962185156,13171.744842390215,350.97480468814035,1015.5582674852496,896575.8476644267,1264.0925598951876,579.3058857728961,716.4841361883205,708.4537845257689,0,0,0,1,80,21583.641345431133,BENIGN
20587.04535080691,7,20,2097.153772624101,10208.786059552644,321.2326498267172,472.6961020206731,597751.6259609546,1311.5043727701184,668.5579982749304,788.0277617830133,597.5950365056575,0,0,0,1,8080,11697.421872656629,BENIGN
101.81280069116693,1,0,41.29130217914572,0.0,40.0,0.0,405561.0090168953,9821.947664845624,42.80884369192289,45.97151046534585,37.35458520592887,1,0,0,0,17356,17.154371569049438,Port Scan
74057.35227915326,12,5,2158.06428635489,831.8889241333576,179.93844457643155,175.1597924700072,40373.48242235097,229.5518199991793,13760.521885422291,11983.93667505945,12915.702361449092,0,0,1,1,1337,4832.0684639046085,Botnet
50061.58923815607,12,14,4233.3815853257875,9347.807113636129,333.38084932389114,632.6177840933552,271289.6035791563,519.3602599452287,1674.8027183771244,1627.176070741285,1343.4241844911921,0,0,1,1,8080,21037.703546977806,BENIGN
72654.19535216279,6,5,1231.4206928175308,823.5445256061571,210.50802895611804,163.4427574321077,28284.192102920526,151.40213096686026,16436.644156830902,16518.799068413817,20683.49475541985,0,0,0,1,4444,3677.2492087701876,Botnet
55.13697414937201,1,0,45.582649867868746,0.0,49.20869178508233,0.0,826716.5649021731,18136.64995998678,13.465838896273578,13.457032470099671,10.987237930292629,1,0,0,0,59042,5.297082898791356,Port Scan
43800.62176057306,11,15,2761.801108396503,13579.338403898477,268.03446167840804,965.7217732630445,373080.0809545673,593.5988795347145,1046.371659597607,1225.3094732319814,1291.9735203706905,0,0,0,1,8080,9392.176204330446,BENIGN
306.22018054526393,1,0,53.744667659103015,0.0,48.90883547550014,0.0,175509.88169167627,3265.624095118006,12.13478999420757,10.46413096664785,16.736513899549355,1,1,0,0,38309,34.37599136946697,Port Scan
1149.7421004524306,130,0,5280.437587753817,0.0,41.49758184279089,48.431862834936396,4592714.8233294515,113068.83513167362,11.838317322365567,15.261331901387566,11.300665086430225,1,0,0,0,443,484.6264115274102,DDoS
43009.1284613924,19,11,6920.573823384654,7766.23519797322,334.61566031533374,661.7253250606522,341481.20519441925,697.5263408773749,1273.5591954875617,1646.9802406289434,2000.6309740768688,0,0,0,1,443,20955.51778847531,BENIGN
663.4624444109044,11,14,5176.487743361328,10048.402693626464,466.5219462954094,684.6105397581395,22947629.613769837,37681.107967155214,22.180846995235076,25.062874592440462,29.757168153381457,0,0,0,1,80,9803.313246830256,BENIGN
65436.44092373809,11,7,1924.0690868681313,1384.6790337746795,180.47887384535306,197.2868573429337,50564.30444465862,275.07608521951596,14036.241131048506,16433.63603594344,22455.636049761408,0,0,1,1,1337,6405.056048816036,Botnet
1818.1968796856188,9,5,855.6064463062904,390.49796262159117,92.13172225748355,85.06655823897454,685351.7475749619,7699.936215059787,359.14826337118535,437.7673153721969,448.94838925050215,1,0,0,1,3389,450.2029776348001,Brute Force
12481.2257797203,8,2,541.2569597511124,188.76508006098788,74.00173359905578,89.75533848919538,58489.610932145144,801.2033574657518,298.1636920617992,349.7755221912059,373.0014328465325,1,0,0,1,22,2006.0711927140874,Brute Force
36038.286615053905,11,15,1909.6620734848518,15307.351781904668,176.23555299470263,1085.4922544287358,477742.29777609993,721.4549425648689,1200.5594173066818,1391.9414857081729,1572.289667154824,0,0,0,1,443,24918.74021626713,BENIGN
9739.908238513668,9,1,1165.8721066029034,45.19782489760087,134.27244910593208,43.48017074467406,124341.00012479341,1026.7037178500177,58.749949593810335,51.51872664870254,55.9641273026137,1,0,0,1,3389,1779.6118019244868,Brute Force
499.9413301536152,1,0,39.41882052275643,0.0,43.05849279980096,0.0,78846.89291570341,2000.2347069259777,45.85627934543204,52.78721547699864,60.02059305041428,1,0,0,0,54666,14.986655093374518,Port Scan
17851.500165994297,8,19,3587.1152056504907,21819.32070474279,447.21194556162635,1167.705983666015,1423210.1321540775,1512.4779289660414,725.0259478651672,719.5307318067324,616.5284280305132,1,0,1,1,80,16505.583786140385,BENIGN
4388.7064201925705,8,17,2151.937867082274,3450.0318747956485,281.5078725504037,199.66537529967184,1276451.23768204,5696.439361943702,138.0395104520204,122.9617281479678,168.8242323602956,0,0,0,1,443,20444.52814245194,BENIGN
350.19718895501165,147,4,9426.759498001948,207.73045090396212,60.94765037614579,48.758545032889955,27511614.17844394,431185.64272484306,20.033374076039124,16.027115085232264,25.848234774155536,1,0,0,0,443,437.726847633872,DDoS
895.9273156317139,109,2,8290.997979529047,80.85628995295404,74.49579463500065,40.97486913154177,9344345.37647627,123893.97896829883,15.01373971230044,17.336484500899886,16.318239950642656,1,0,0,0,443,217.93678997108572,DDoS
6715.586591832683,5,14,1773.6384230703304,7827.371125953552,378.78540634496665,546.6191537131282,1429660.5989267377,2829.2390754230305,274.3941222569261,283.9370953187331,359.3291298081863,0,0,0,1,443,21448.341986892312,BENIGN
258.4473064880178,1,0,36.9260504174657,0.0,40.0,0.0,142876.51482712466,3869.2606767266207,38.138836305612216,44.547850369682386,60.567781464905785,1,1,0,0,38088,7.158729855663559,Port Scan
83163.49277691683,10,14,4457.787276023011,14141.276003298972,431.49372826932927,964.7396481334034,223644.56636295115,288.5881676997281,3314.773488591882,4558.0212492062765,4236.854730003625,0,0,1,1,22,22521.040776193335,BENIGN
4527.352925262214,12,18,896.9674278706584,10014.157147075432,82.15918897965105,509.87936580291614,2410045.064978923,6626.38864149573,126.84251941987468,112.95398021440975,197.24177420488653,1,0,1,1,80,15936.41729526337,BENIGN
48278.28641559244,6,6,1484.7059774534607,890.4005825782256,240.8665613536192,159.64699902070996,49196.1653233947,248.55894628696598,16974.995014590688,20022.792999718054,24377.587964265353,0,0,1,1,6667,4456.982893881556,Botnet
45895.354972868365,14,15,3458.883064555502,14774.329917557614,259.5373303035252,1091.8234195122695,397277.95967352076,631.872223608331,1215.038316389036,1129.8385458111593,1366.4059777737773,0,0,1,1,443,22989.07440145509,BENIGN
2526.137523688593,171,1,12411.49152053536,58.735965334099,69.56002033245927,53.766618760021345,4936480.048663699,68088.13787336905,27.476299476635447,24.710005303809044,24.519285756156986,1,0,0,0,80,123.99906480573566,DDoS
603.5005867648832,122,2,6266.7797624394725,126.11035894993677,51.33857117014348,58.56015345691354,10593013.928385798,205467.9029637944,4.932977302628119,6.130356721420369,5.557391069744798,1,0,0,0,80,325.5255254530561,DDoS
28445.101561189393,10,11,3034.979916158012,8375.331323476194,317.4305518754901,837.555561495889,401134.4876055032,738.2641947973384,1088.1414394042679,1498.8420205397133,1176.491136639796,0,0,1,1,80,13569.26220361423,Port Scan
38496.41692541231,12,19,4564.089064645551,19436.034571821878,392.03383660514726,1080.4108912758863,623437.8561248496,805.2697491318012,1120.7523324467586,1568.4167529120293,1015.9913043886158,0,0,1,1,443,18638.924062184495,BENIGN
4250.479978869296,9,23,4110.336171416676,11290.516764277396,491.10646643256575,538.9144430445136,3623320.8984061545,7528.561517542444,126.03521468472567,130.40291150351513,188.90298853836498,0,0,0,1,80,3534.846645921566,BENIGN
26714.520614045698,16,8,5324.557103859612,5360.734940312086,336.75460138437336,715.5472923505955,399980.6771211043,898.3878223658453,1316.3167137375299,1307.588410142985,1942.6662202619639,0,0,0,0,80,3622.999631558277,BENIGN
44961.788550045945,10,19,4674.29213419946,14259.470034857124,437.8979088104203,693.0206642300383,421107.85134763585,644.9921352154566,1872.981117733889,2280.8946954768785,2027.9914474729014,0,0,1,1,443,3123.6604414615877,BENIGN
1159.3257246686721,140,3,9936.5302893579,86.73901769644907,72.22800634110308,26.625235624255005,8645774.948122483,123347.56053210885,1.3737943455346038,1.6679374765012644,2.0040751615097037,1,0,0,0,80,198.86768115245525,DDoS
114541.31476586155,12,15,3580.754823344688,13513.941800319959,295.01605095239705,830.4975678779838,149244.80881513012,235.72280495637554,4128.92807316535,3915.802420282322,3908.451643960473,0,0,0,1,443,4000.091734825031,BENIGN
102004.3746757058,18,16,6883.375064273351,3733.1025467314985,361.61357802233545,215.53314697836004,104078.65000650172,333.3190376206259,2975.099759355921,3631.9982285815768,3172.530718833997,0,0,0,1,443,2834.7355591703117,BENIGN
1041.675737799268,144,1,10285.03200457239,25.827859006563195,72.03326727393173,28.467367454208286,9898339.271453653,139198.78781696426,53.30963422211567,56.44109315841049,50.97588734218186,1,0,0,0,80,246.50133612027352,DDoS
1870.032323499091,141,4,12395.126254737188,165.02927564402725,80.02850354375167,39.039031399585134,6716544.613987963,77538.76667152191,23.286232128901936,26.523416198551743,34.714829817139496,1,0,0,0,80,224.6353027335218,DDoS
115081.65699284858,9,14,2415.294760144054,10092.017419982354,260.2902573056626,775.1205089132037,108682.06547376736,199.85808860424444,4376.107741992681,3617.916687894955,6423.715055712177,0,0,1,1,80,23636.69059875168,BENIGN
76086.41438709013,14,25,3463.129200690334,24744.748766683646,230.08838650155673,912.6587599561987,370734.7519869476,512.575080770494,2049.5534266806812,2605.443594715646,1964.5430268014402,0,0,0,1,80,8594.115352720255,BENIGN
1564.1532644203521,5,5,563.5476517156433,385.7723847907674,111.83815190676576,77.17932570211482,606922.6450505232,6393.235386498922,53.78479198112779,75.06087398140129,59.29658334678724,1,0,1,1,80,2823.8221670365724,BENIGN
32947.84792345886,9,18,1433.4432256058872,19731.021176475675,173.70690130946164,1058.5770106795176,642362.5740670142,819.4768915628024,1164.2824797983399,1485.3376291570607,969.3361440247925,1,0,0,0,80,7987.145021494078,BENIGN
45.29302011119815,1,0,49.87070792319232,0.0,50.08261568934728,0.0,1101068.2838272995,22078.457067886317,45.30512410981503,62.03103881392627,45.00251729138126,1,1,0,0,56523,12.812793243131093,Port Scan
277.77474661924094,126,5,9271.522574233135,116.5205399972164,73.15856495174685,22.409283829261557,33797324.013399206,471605.1462358741,7.235937613957507,8.27905205559203,6.626717184464971,1,0,0,0,80,361.7221265543794,DDoS
62858.273060200714,12,4,2482.2511612339986,999.134011647411,189.38876203964645,238.48480871142317,55384.677360563386,254.54087777238897,16952.10696519412,19613.910601524585,14688.071504779899,0,0,1,1,4444,4002.1099305464586,Botnet
31444.860853908063,11,25,3549.4927209382513,17526.592306861996,357.3414199214996,641.1348046994669,670255.3121706961,1144.8611640310635,803.5660043318284,730.5774751558653,1133.5389300200359,0,0,1,1,443,16293.453661899412,BENIGN
15755.14886903773,6,4,597.55575864453,439.935184524823,97.34253663969699,105.93921119677609,65850.91336129782,634.7131393757985,320.3134352097231,329.63907710271235,337.40546308229625,1,1,0,1,3389,1968.6542391058392,Brute Force
53772.94441606471,12,9,6919.9441850200565,6887.4600791782295,531.4401919774259,825.2585329313138,256772.3306606456,390.5309673488185,2002.716249374942,2000.6080579702589,1953.8316134293339,0,0,1,0,80,1322.6839891603977,BENIGN
8492.375316286252,13,12,4736.365591296329,9767.345705009004,340.1999077740188,876.4534684846136,1707850.9552552206,2943.817138187034,336.25687935318155,450.6727789316904,330.6266767184756,0,0,0,1,443,2833.7997011628618,BENIGN
277727.70755343535,8,15,3191.72585902756,9126.679444374658,374.31502476666105,594.4461988089117,44354.254071074756,82.81492762321798,14840.710357229493,12802.36508249535,22316.851706516074,0,0,0,1,443,975.5621699585065,BENIGN
140131.9595025049,10,16,1717.4986856205014,15083.458551868558,186.0157575923013,987.1172023806184,119893.82933868657,185.53940223418658,5332.233640862351,6510.952495194225,7546.147700743055,0,0,1,1,443,20082.122702712437,BENIGN
344.4988786981191,100,0,6931.62605849088,0.0,64.35526241096773,57.70201191199802,20120895.849315647,290276.706786117,1.621419176353886,1.973615017588435,2.498088523139637,1,0,0,1,53,78.55644757798909,DDoS
164888.8077762314,13,11,6512.449524268618,10998.316209906632,490.4428839115885,1036.202098984491,106197.41855334958,145.55263224760597,6217.289798115908,7857.5269354395095,5621.203289316266,0,0,0,1,80,3568.4276349623774,BENIGN
1415.9740525528766,138,1,8723.305266471567,34.676588225193896,66.01153702063885,31.89741187304369,6185128.773304066,98165.6406410804,24.249402076385508,28.135585533279144,24.724129008176025,1,0,0,0,80,323.4014382920787,DDoS
1583.9349292087454,172,3,7540.14584187152,114.88709691540683,44.59030306419319,37.064735852158435,4832921.351517261,110484.33668131886,16.587667206648455,14.97648694853695,20.790902072849498,1,1,0,0,80,217.78862777948174,DDoS
51304.61001259205,10,21,3472.0034010140234,22058.844249498266,346.7172199842568,1040.0255498698568,497632.6229601214,604.2342002481153,1931.8177364779938,2128.6525409881947,1982.6558944420917,1,0,0,0,80,4129.584284273871,BENIGN
32765.897471902044,14,11,4994.791542384179,7836.438697159559,327.18477940805803,775.1954369515556,391603.19812838896,762.9884095632788,1125.0071936340257,1303.826820008999,1133.2055849753554,1,0,1,1,80,8149.269786861905,BENIGN
24447.00233726113,9,13,4526.532213339652,8664.916746226536,466.58542577842076,714.5641396006145,539593.7210453126,899.9058328909509,823.4304748908119,936.9866312730744,1087.152264383721,0,0,1,1,80,16383.446533403154,BENIGN
959.3062675760356,117,3,8477.948417234435,67.51177743427087,68.17913226657517,21.729207496927263,8907958.264737787,125090.39506560784,24.80131817310368,31.86584894542263,39.32953037309847,1,1,1,0,443,324.7357722066032,DDoS
16007.296650904107,4,3,499.9604714251582,321.63687736429154,132.3361896016176,98.40255404461455,51326.42736042786,437.30057314859806,258.35546273469834,229.66371300406675,377.0479695777298,1,1,0,1,3389,2267.214805780544,BENIGN
20612.715868201743,10,12,2734.859894847593,4170.094241099735,276.3211721080842,373.3297355406518,334985.1703238811,1067.3023458271384,878.8071127564134,798.516146790683,1291.4848480534247,1,0,1,1,443,17959.327525009947,BENIGN
65608.85253513626,11,8,2146.9365107581402,973.9511688214682,201.84684323807045,131.65982629404098,47568.08813122046,289.5950663033576,15169.499127969812,18354.217761877404,18623.990865989177,0,0,1,1,1337,7191.024601083441,Botnet
2503.8259459488127,124,1,6250.605163417083,44.83484582827075,54.10475836110885,43.70154460845976,2514328.130288516,49923.59800498507,38.2936858350827,43.41054336725382,60.1080728554052,1,0,1,0,443,203.97467525573188,DDoS
38.028785942968206,1,0,42.40178754661085,0.0,45.04976215980802,0.0,1114991.8803666474,26295.869699855804,38.42819954693875,47.632235798762665,45.08084746352671,1,0,0,1,23603,25.104490650198663,Port Scan
28940.14349437675,17,16,5120.015038222536,9195.561192649915,287.93187177273165,566.352793256919,494661.54974850273,1140.2846017820232,826.438650555668,689.9992898959434,1247.4335454313511,1,0,1,1,22,17150.928890805026,BENIGN
9720.091156507644,19,23,6205.662077236924,12589.898380761537,358.7066795345739,574.7073533953137,1933681.501064396,4320.947131435163,286.50310472758935,300.2368196668477,307.2248870061673,0,0,1,1,443,21053.290916030724,BENIGN
74122.98906325929,10,10,3170.326427138082,5992.367547998894,291.95221218231967,571.1612004428589,123614.7393802103,269.8218225243354,3139.1484507018636,2835.912481484696,3996.9669923777187,0,0,0,1,53,17384.61245273935,BENIGN
15790.630788547036,4,3,444.1815088306297,259.2897851475735,104.38415204193322,80.03940596591443,44549.91718813613,443.30084679562697,345.89890589672586,452.2472553894041,538.0236848334471,1,0,1,1,3389,2961.38673149977,Brute Force
28310.581280693255,15,13,5404.390658239382,6334.1546974716475,383.3230467300123,520.4820863505981,414634.5579882627,989.0294982779086,1060.5077948436392,855.3263823939151,1140.1263211370879,0,0,0,1,443,4408.07654858601,BENIGN
21121.479076090847,22,24,9104.341970931095,20469.220532632477,434.20918310885884,807.996751676707,1400165.3197213986,2177.8777818676162,406.4999291263112,399.4319440477586,408.1796022679709,1,0,0,1,80,23071.605879563875,BENIGN
15631.061338847288,10,15,2332.5087057671767,9704.414957761855,214.89407503875336,591.0535957396829,770064.386710205,1599.3795595868107,411.706698731322,352.3071198315793,590.4747445404508,0,0,1,1,443,2307.3601838348495,BENIGN
71452.43685115727,9,8,2070.0858701351353,1729.4471927774148,225.47529328554108,199.47129731706244,53175.69603437551,237.92050697182992,14603.436544302116,14674.508559933569,13770.99262311069,0,0,0,1,6667,1851.6372942303487,Botnet
2595.069385449371,17,20,5845.053380439116,5968.926019143505,354.8153286523616,309.32818713850247,4552471.492987411,14257.807597538651,86.65721480893428,73.81243887204629,113.9652871243741,0,0,0,1,80,16484.215090486738,BENIGN
42429.85472677415,11,11,3625.4571522349383,6091.818021020451,320.5957215826681,589.9110506170682,229019.76063386284,518.5028358373692,1505.8022739455891,1911.3160696567747,1349.1333392540885,0,0,0,0,443,8289.171224252503,BENIGN
62937.638272865894,8,9,1216.863885347965,1201.0850694914752,141.11838315434565,137.21806396561846,38418.171084787646,270.10864192737205,16360.58422261584,14167.174046638806,20822.327334750113,1,0,1,1,4444,4092.710458419992,Botnet
35025.17933880736,8,7,4062.0999057388744,6212.934001870064,504.32420890800495,935.2715018795616,293361.3503650033,428.2633317848635,2876.1897296161687,3492.9365224321855,3954.2515457757736,0,0,1,1,443,21968.966049462284,BENIGN
4355.0454215464415,3,2,373.6910280405222,171.4295270586883,125.98601629120415,78.12864389772113,125169.88971050562,1148.0936513917095,103.20172071885223,121.3243566681251,84.21439367652053,1,0,1,1,22,2152.2608599613227,Brute Force
30443.944424621845,11,19,4828.456441307649,10440.221003253237,443.40681999161205,509.14377654877694,501534.1386647714,985.4176443620491,1128.0863028500523,1123.2202036584795,972.8265648481166,0,0,1,1,80,21752.803900143535,BENIGN
59244.89345319748,8,3,1087.6917599478022,573.7089369686425,142.9821852671032,183.1289491821275,28042.9350122627,185.6700106767822,13832.483161473076,16018.535227098864,13236.457791007802,0,0,1,1,9001,6900.441503922611,Botnet
5952.980122374026,14,13,4345.96581457345,10445.122228909366,306.18953305804166,796.2757858116338,2484652.6847773492,4535.543449661731,166.86497450677024,189.7959261292474,251.81069704802573,0,0,1,1,80,14719.003899923673,BENIGN
7245.813501127389,17,9,6259.393704821676,5063.92684086098,396.5770060269008,618.095309334311,1562739.7177585152,3588.2789414818108,230.008463598382,221.1457779724476,345.69248677334815,0,0,0,0,80,15184.396670960521,BENIGN
184.9903879674429,1,0,50.10278710599019,0.0,50.8895832260194,0.0,270839.94826157106,5405.686268283266,17.540438117384948,16.149763354989656,15.342659412149587,1,1,0,0,58391,10.449176351011175,Port Scan
47169.69063698187,5,10,1223.9564033688364,2086.305059809335,232.863413840334,211.24987377100257,70177.72256879862,318.0008136038046,13554.519366941217,15507.648284248855,19524.07261022424,0,0,1,1,8080,1881.883243176007,Botnet
2226.4398213643817,97,2,7046.767580540531,55.56029132971452,76.95858084515284,27.327696907215813,3189993.1916946564,44465.60785071296,7.2161533283337675,8.49747941597637,8.744243637068339,1,0,0,0,443,188.1233801811631,DDoS
24416.509154647727,11,25,5331.747756225125,25196.487122429357,529.5035983786627,1108.7378373853874,1250311.2007247512,1474.4122418149743,487.96423447086363,549.4187882306179,658.1082426608468,0,0,1,1,53,8855.392832297899,BENIGN
102831.8896787545,9,17,3239.000143116531,12488.606174755061,358.8986299320101,716.4097453141758,152944.83420468526,252.83985426333862,2645.326976481493,3605.1416014336064,2572.3992624586294,0,0,0,1,443,22916.708303526786,BENIGN
66060.66249380966,9,5,1544.409988202619,702.4027454561632,189.75606856055362,146.8804426520587,34011.35636309012,211.92642446345275,17448.87253420578,15093.413921614429,20195.36351896257,0,0,0,1,6667,6504.184102947721,Botnet
21055.482393942977,9,14,4081.7610270056507,11703.462422001337,465.92185572164414,810.9250198267771,749696.594628861,1092.3520805496437,647.2373055552683,887.2675528167118,1026.6367743244618,0,0,0,1,443,4178.575657044023,BENIGN
31107.305355505396,6,20,2014.1908557382562,13308.373018546763,358.67271293179056,729.0465422181703,492571.23685813625,835.8165293606346,1539.048953455122,1772.3903459826297,2133.707186684556,0,0,1,1,53,5273.3072520566775,BENIGN
4545.207649253922,8,13,2119.6433690656254,9727.208704171435,279.5254499058311,735.4454966279803,2606449.031031987,4620.2509589296915,208.59546396163626,265.4185056393233,243.85563850617854,0,0,1,1,8080,13506.533784942278,BENIGN
17259.093572596164,10,12,3496.4523197234303,8329.722681283154,336.9586882642742,673.0388699102782,685214.1424034041,1274.690348450941,909.2368324058348,949.7295761902066,1120.6051560744154,0,0,1,1,8080,21968.289744571703,BENIGN
40968.799277720194,16,20,4848.866214503114,1934.389793730241,324.07279177794624,96.9397439967862,165571.2671062403,878.7174785368351,952.3526169972868,1190.8295473256114,1522.3181225131466,0,0,0,1,22,23980.573942299376,BENIGN
6351.324493797222,10,15,3545.3338603261964,11814.977284271317,383.9165655131514,805.5860740933288,2418442.1941594346,3936.186857468122,264.9825635512277,214.54780132565818,305.7984108612401,0,0,0,0,443,6094.321733169565,BENIGN
2106.1416915788013,160,0,7948.825444040122,0.0,45.97064558897635,48.797712384822276,3774117.133630046,75968.29816329268,9.304280754877157,8.011150393475065,13.271452389764015,1,0,0,0,80,132.86533912727015,DDoS
58751.20883581144,15,11,3443.4155540242514,1672.2255319773433,248.53928925830547,145.71202435867036,87072.95028257166,442.54408573380465,14039.542002343032,16461.08603851867,11377.773411803772,1,0,1,1,9001,7505.009367780169,Botnet
2804.482955876699,146,5,10589.351925600791,180.36121882833518,76.97603266225245,33.991950055976176,3840177.784593612,53842.366801903576,17.372098847465764,22.410436896765844,23.833241560312413,1,0,0,0,443,293.32271595374493,DDoS
123480.35566393084,14,11,6865.56196825398,9143.617734701209,458.1473170530264,839.9187453568946,129649.60796295747,202.46135399902002,5142.8643838255275,5440.309453504402,4170.500071618988,0,0,0,1,80,17010.656001764357,BENIGN
7363.872688907724,14,11,5728.197747311241,5733.6659181612595,424.3061743519268,503.3154011455525,1556499.4330683667,3394.952772290286,285.5669275116374,367.5123879706548,411.4203472739383,0,0,0,1,53,13488.964999494185,BENIGN
59710.52459692696,8,10,1342.565164497499,2207.7228952640758,162.26018328018444,223.8200578175224,59458.329728764314,301.4543938695588,15231.703284844503,18874.984496841585,12694.49108415155,0,0,1,1,8080,3525.655549520928,Botnet
5689.968575351861,6,2,452.43375604566324,141.0549857680467,74.65342345112676,71.5079496107904,104304.3971076781,1405.9831603736563,183.19814168335353,151.98650217004223,264.7063261610701,1,0,0,1,22,1613.9564133262554,Brute Force
43755.98393722028,15,19,5646.830905757699,12246.910269279697,349.14889809029034,673.9931071215309,408943.86469998653,777.0365774149232,1403.7691774076488,1534.1236837586785,2192.9942805882088,0,0,0,1,8080,6605.400560214197,BENIGN
53077.20480204959,16,18,9108.76080585089,21260.319936129366,540.7189761515654,1160.4310833019454,572168.0494525128,640.5763100525421,1584.6307837087218,1773.3262438905108,2418.2393969184923,0,0,1,1,443,16805.760528067396,BENIGN
73273.66425743472,10,9,3694.2586007440364,6348.4651887291275,352.8302359059977,641.9922175220801,137057.75316749196,259.3018950607778,3349.4170260938786,3555.3644511354373,3150.7610343080637,0,0,0,1,443,13483.849608450799,BENIGN
32487.19301539311,17,9,3920.598644677212,8333.17689573338,211.75776311218976,985.6687987505583,377187.88245584955,800.3153731281326,973.6900105464161,1330.9737558408704,1369.559848350827,0,0,0,1,8080,14150.963359179568,BENIGN
17027.986322423425,14,13,3093.0678881922827,5308.87467333034,211.01081385412607,414.3685235021375,493419.62123016646,1585.6249522848661,582.0415744165816,494.54328875342236,491.1256157411787,1,0,1,1,443,1283.0627942359279,BENIGN
6935.202117822354,9,14,2860.2198972030496,9849.6659862494,339.5474391264922,738.8236598923879,1832662.6488347163,3316.413798653928,251.78805279764285,300.05097009257383,242.50956062358378,1,0,1,1,443,17310.860221956224,BENIGN
948.4443434636316,122,2,10005.008721970435,96.53534165230856,81.55266083901907,44.12710139082261,10650645.06234792,130740.40754691348,26.934622055348655,21.745172463011365,34.99617688799524,1,0,0,0,80,43.77568598139197,DDoS
3341.3295020043047,129,1,7202.77668312157,18.742277559990725,60.52816685480615,17.40636629465552,2161271.1216746853,38906.66871436031,2.8229120004324564,2.5107154820306468,2.8826343824880625,1,0,0,0,443,428.0090574812304,BENIGN
74749.33514342734,7,3,1550.178268573091,503.4866619602457,218.25189942143948,170.20607036325097,27474.022699905097,133.78045411122687,13556.096418005643,14299.878177361918,13483.221560094784,1,0,1,1,4444,3350.964622665173,Botnet
323.0830352714918,2,0,76.01628657655893,0.0,41.493296669028034,0.0,235284.05480244805,6190.359076945555,27.760002994587477,35.47088632659718,24.67153494413504,1,1,0,0,48831,10.377941692261118,Port Scan
80620.45287750749,14,14,3974.56765881001,10256.6408387614,276.29442680784604,757.8495612908141,176521.06865727878,347.30640923764633,1637.0851970964452,1917.9469353656748,2019.5525932334106,0,0,1,1,80,1805.2237880212654,BENIGN
9689.15458460572,5,4,398.0697325846274,355.94210675567615,83.67302882436522,92.98698913311986,77820.18882620466,928.8736103250268,51.04924910173697,69.6337569471652,79.68762973498258,1,0,0,1,3389,833.822505468758,Brute Force
12356.745716027017,15,12,4656.010797734074,9121.496840839589,298.5661189883287,749.6267707431531,1114978.6485210166,2185.0413224074287,508.1687214760553,539.734433532799,809.3767207968366,1,0,0,1,53,7713.552284126352,BENIGN
7049.3777567239895,9,17,1414.555522975963,15780.218009286913,156.97984143866597,866.8608647877197,2439190.2556026005,3688.2687943911246,307.9915371020784,403.2325312147558,361.09666120610615,0,0,1,1,22,22436.86877644837,BENIGN
285.0848701517418,1,0,40.19428817927334,0.0,41.49292008059517,0.0,140990.60450973484,3507.7273636714954,39.19819450312796,38.125981452725,39.78053766050305,1,0,0,0,34214,9.684400987603652,Port Scan
219.3657885440729,1,0,48.350913928738095,0.0,51.032682600821616,0.0,220412.2814666877,4558.59597176471,45.410945817118844,58.93528509257113,68.37830226644677,1,0,0,0,44325,31.298924262819618,Port Scan
64702.51678233162,13,3,2069.3293782191276,539.3424408187525,166.51797127703998,185.67649570971406,40317.93427470248,247.28558942809372,14694.724810217764,13982.222735778667,19564.773183507845,0,0,1,1,6667,5114.598545756633,Botnet
13186.78591656738,13,14,3211.51895475695,7578.567303449143,262.78030087774766,542.4493623934994,818249.9000495515,2047.504234225735,530.1379761308134,738.3536419003716,539.1243220897361,0,0,1,1,443,797.5366151246157,BENIGN
66548.83408753552,11,8,1899.104012922396,1761.5611635765142,188.70810795294932,211.33050655253763,55007.20225517138,285.50462619687977,15162.838943203164,19368.2858956881,18433.051372219972,0,0,1,1,1337,1088.6821045065378,Botnet
38511.72078454693,6,10,1741.3869388981407,7153.096902974328,321.39331007998385,747.7299973407817,230955.24325263168,415.4579352481206,2159.8770741408894,2469.271269266455,1776.9535269481403,0,0,0,1,80,7355.30476409547,BENIGN
66826.0466796257,17,6,4292.775335229325,1119.5351508617262,279.53127489487923,197.7560264179241,80991.03201538311,344.17717555948695,15903.736841789294,18794.484546674877,20315.992663121368,0,0,1,1,6667,4393.309032312312,Botnet
71987.91610273377,15,12,5837.650781062987,12716.280398605006,400.90899509607385,1041.4928144957194,257736.74505579143,375.0629475295322,1791.9792233586754,1520.1122978694295,2366.4655765890343,0,0,1,1,80,21196.6891456049,BENIGN
5266.451425709142,13,19,5671.794604050877,17986.659447542625,415.8150383183418,954.5166513721043,4492295.122309578,6076.197692394193,135.75109174606447,161.12691837636942,150.32196006201067,0,0,0,1,22,5028.296197528008,BENIGN
16784.51842918806,11,16,2742.3420336043278,12762.520859164582,232.8098730367186,736.8928303792584,923759.7705398656,1608.625240808062,824.0984535491425,1043.8871916183116,1301.513254116544,0,0,0,1,80,24433.212578615072,BENIGN
42749.46164201071,8,12,2936.850247967329,10272.558844319428,342.21271396966,943.320236299293,308995.91678847297,467.8421489253474,1998.994688859653,2538.3145557706016,1805.0559443836419,0,0,1,1,443,13638.50415120944,BENIGN
126522.54582718918,15,11,7527.692979461359,9215.601442191073,481.62473067906797,841.2666724932659,132334.47297623352,205.49697154775953,4242.189942052319,4474.130770174926,4470.977049487644,0,0,1,1,22,13839.381309553823,BENIGN
4856.308324866779,8,17,2489.0218115663547,11867.31326256709,304.5635965569991,652.6675881512208,2956223.969681183,5147.943319823256,230.57623536316257,297.0039053155485,271.09542183986207,0,0,0,1,443,23509.183517897032,BENIGN
65039.504759469026,17,15,7926.3276033882485,9185.382749544315,469.8882514790056,557.2848384671289,263097.1809551069,492.0086663996493,1914.5614748705434,2547.3708649764776,1762.5861778701042,0,0,1,1,443,627.9356303661646,BENIGN
108501.88624951245,16,14,3780.027694918088,13997.767073246103,234.37928001462387,998.2734425995527,163847.79456536015,276.4928890822375,3463.294625998851,2939.511393875631,4479.345121998084,0,0,0,1,443,14826.255214075485,BENIGN
1408.2326219320491,4,2,436.4300002053514,222.24415704415765,110.92863888235698,106.82022785275197,467731.0743915516,4260.65971385338,83.29644691530932,67.22446802317366,121.29690405878812,1,1,1,1,443,2563.9645409227796,Brute Force
3695.398871714357,10,22,3762.258575878397,17567.51381096559,388.4209800878996,809.7995316455745,5771981.084398814,8659.417051008264,120.27299093802763,140.80455602432505,183.3004485584205,0,0,0,1,443,16162.55377736537,BENIGN
1609.0400848675206,14,12,4251.788924712855,9604.294220075608,301.8255889618409,881.6917753761892,8611397.115025444,16158.702473929166,58.10513514534661,61.10899061287812,70.86351567818235,0,0,0,1,443,6754.545917184487,BENIGN
756.7962994605297,104,0,7949.7479825322425,0.0,78.16912595934522,16.35646446922106,10504475.230916293,137421.3907680769,2.3232867816122553,2.5017863377775074,2.8522613334843254,1,1,0,0,80,336.6374162670396,DDoS
639.7494123092395,1,0,43.78507258378998,0.0,40.0,0.0,68440.97351452561,1563.1120259890508,29.783489006306777,34.12533042031104,34.88464072468828,1,0,0,0,14177,33.54540114542172,Port Scan
4721.943208091661,3,4,508.10329389380365,276.2384185752736,164.96164429016002,67.64253261260333,166105.7064652972,1482.440531687165,190.45090366165348,201.61617968427697,216.6379504360954,1,0,0,1,22,2506.3413981847143,Brute Force
131125.65545976313,11,13,5571.339409731774,11103.571699765953,486.3504019697541,778.0254482403286,127167.41854239613,183.03054360986266,4811.319235978257,4732.624421785644,5836.394536814537,0,0,1,1,80,21699.56075830798,BENIGN
94308.43504828711,10,27,3200.403151942693,25840.621774033538,314.35619531144465,918.5993084062923,307936.6645317236,392.32969968227695,1949.3279912183243,2027.425060364286,2026.4801740201965,0,0,0,1,443,2439.9015946269046,BENIGN
24541.456035922936,9,19,3450.1419701411414,15535.282871674015,404.14585468430045,777.7192132406421,773606.293531441,1140.926600239797,1001.1130175372491,958.0199650523041,1422.6394845835027,1,0,1,1,443,16619.317719214734,BENIGN
5826.925512290842,6,4,1012.2997327231575,488.9527051109888,171.11912293545043,128.5207774035302,257640.57471946857,1716.1708998865379,249.87744234753174,222.1875894685853,284.75646835693146,1,0,1,1,21,2167.716812141842,Brute Force
65091.787004471895,10,17,2886.6059288186643,13342.80198378476,266.73479251674365,787.949352163155,249331.1162510939,414.79887467438965,2078.0793671700008,2799.340490174981,2818.964803321436,0,0,0,1,8080,22600.722048615837,BENIGN
305.7638632527253,164,0,8519.789481734213,0.0,57.302385812059754,43.23127044548842,27863951.583749738,536361.6166258596,14.224858159802665,12.170606400555409,16.60296934087274,1,0,0,0,80,90.27001156699625,DDoS
2669.9514071714816,12,11,5757.31654361673,10853.6440851404,474.753714598232,914.5354314458025,6221446.796424885,8614.388987837781,87.92697932385433,88.5032343342893,110.10108193895543,0,0,0,1,443,15903.448883588262,BENIGN
10995.591238344748,6,2,899.5072869944335,145.49154620885295,157.83447340454114,78.5447755738488,95037.98482059599,727.5643325209952,107.6712279395312,115.5030413308518,111.57085551328299,1,1,1,1,80,121.22027952535234,Brute Force
26722.99274157683,16,14,7908.154040841572,14337.384817313057,460.92403679253596,1062.9492381129148,832449.3844412876,1122.6287523299984,794.9846843404238,730.0536453098198,936.7100670058617,0,0,0,1,443,8302.534419328746,BENIGN
72669.85049031061,10,6,1413.0393436009044,861.0513537888851,154.0670808358572,144.25632431364494,31293.45501671294,220.17383952280665,15659.567040786078,12770.562062304225,13812.825431803933,0,0,1,1,9001,4726.988224025992,Botnet
60310.66523158125,10,12,4962.761210902551,9227.163373278288,519.604401613812,841.4021808722206,235280.51845712998,364.77793629906535,2734.514922473032,3587.310438409987,4038.80718618105,0,0,1,0,443,21224.050081183115,BENIGN
15983.19921167065,11,8,3614.6886887939604,7181.158853192537,306.3955006172072,934.5465152898028,675449.7268671694,1188.7482442267587,767.568075259637,928.2217800679894,678.7297193674088,0,0,0,1,443,5389.6940450053235,BENIGN
16347.969142575073,3,2,244.28504436172335,81.26562078366403,80.85867760980074,40.0,19913.829192248388,305.84838742926684,214.4852776074,283.94477982666564,189.23832330932288,1,0,0,1,21,183.9992258937641,Brute Force
52683.565676352846,15,7,6521.739297146499,3656.134821017333,418.38291539371073,484.7078087618752,193188.78643653,417.58752881593125,1578.2297212485037,1306.3364285400298,2434.0645066439447,1,0,0,0,443,24802.163766034395,Port Scan
27847.844021448625,7,10,2313.7183431332837,6192.4025908117455,309.85304538788637,649.6282986826446,305449.89146712935,610.4601845265461,1343.5625410528326,1520.9686517363114,1775.8862219473199,0,0,0,1,80,16650.54495709936,BENIGN
5113.531186351688,16,14,4420.467247898339,14380.466766604755,273.20887194764265,966.1816798295862,3676702.718599601,5866.787334762276,241.95302816315598,267.84647565669786,334.7427804169342,0,0,1,1,53,10804.082441702853,BENIGN
666.2914786674352,1,1,43.66699797894884,0.0,40.0,0.0,65537.3802262662,3001.6892967023164,34.76220922998661,29.67854966033139,47.31076702181386,1,0,0,0,42665,12.083917950143775,Port Scan
8822.151073303987,12,16,5198.684493937972,15596.99580143713,425.3052612363315,896.7046729655109,2357211.990883183,3173.829122551368,314.8405399394163,344.206376952538,428.7268713771234,0,0,0,1,443,12801.192369655297,BENIGN
33595.83581257573,16,16,6559.512456475653,10385.36279449754,391.50561395351036,701.476962841365,504374.272618344,952.4989995343897,978.7128229161791,1014.7516288348502,1510.634740514068,0,0,0,1,443,1215.355377768518,BENIGN
4781.231471255357,12,15,3157.733662940191,8581.548281135128,281.6066343469704,566.9110243672266,2455284.1699155513,5647.0807076217325,186.1221070187528,213.7929021500618,176.33796798072265,0,0,0,1,80,3423.6840287292594,BENIGN
1524.3705057996401,142,2,7445.8816995586285,66.86556466454553,52.2356605689204,32.12790809841638,4928426.019553696,94465.22315417131,1.6672023285338766,1.427041041741776,2.467764891435964,1,0,0,0,80,430.0385028231197,DDoS
321.11213677964093,1,0,45.1749652988719,0.0,48.71866158622467,0.0,140682.83357932573,3114.176904145598,8.594531557689379,7.7350740933887705,10.183469808721084,1,1,0,0,29535,23.105142952644737,Port Scan
1243.4281713523114,12,13,3403.9477895073323,9382.647239188267,285.3711791747969,792.5623009692994,10283340.303275678,20105.70499847275,73.60582574224084,87.52134120025579,68.47640336829014,1,0,0,1,53,15766.500559199487,BENIGN
703.1777419096684,123,4,4897.449433114478,137.41846670468067,40.708321779197625,32.87472839145001,7160163.924053711,180608.67463622685,8.963624798415545,9.446504989595228,7.531128583599783,1,0,0,1,53,141.34000736075922,DDoS
41603.05218354129,11,8,3240.540546347771,5237.097289246133,299.0293615816766,657.0904151406123,203774.4201601576,456.69726144555926,2284.152194037396,2949.027728067803,2203.8269806188923,0,1,1,1,8080,9167.284013252005,BENIGN
19665.012702163298,9,20,2542.968846699003,12194.09774968134,258.1584890550126,662.2133849536126,749405.3942186956,1474.7002933188944,694.2891760349379,916.849948677829,732.9299078221836,0,0,0,0,443,21923.249395115567,BENIGN
64867.651432444574,8,4,1055.8858857973653,922.5995326491375,144.86831368025048,210.2982934733309,30500.339919150087,184.9920528184563,13381.28049035914,15789.797235246364,21043.161392397404,0,0,0,1,6667,4750.560302669523,Botnet
44096.505766627866,13,23,3404.1510830288294,8956.234456326569,254.17309377964463,426.8082782266772,280303.0608540804,816.3912168125738,1419.406225157786,1344.3327643582843,2048.6332467991933,0,0,0,1,443,14871.057104645839,BENIGN
2370.9891642640455,144,4,9500.471740386587,100.79870564862217,69.01959726565549,26.59879206838901,4049478.838093063,62421.2047151802,2.5849704708748433,3.1726187233443683,3.0280743184339762,1,0,0,0,443,70.34991354714182,DDoS
90740.84299762841,12,22,1670.0037758686758,17181.80409722397,149.0347631557642,772.8672259523316,207754.3832558989,374.69345530422964,2734.8853676265726,3492.1670290024904,4039.124036418805,0,0,0,1,443,15522.525052473602,BENIGN
51464.8346898169,5,3,1172.167201369375,601.0184075805262,228.52648559406458,196.30109696561254,34454.31467208721,155.44594766925235,13686.296140841501,16578.47402115617,16277.606433263241,0,0,1,1,8080,4539.573539391915,Botnet
771.6835059030686,14,22,5496.9031799464765,15818.440178196675,401.32300608432763,697.001994394314,27621872.432272226,46651.24979945077,23.3055904828056,22.224731727635827,19.19727509541526,1,0,1,1,22,22637.147890867884,BENIGN
59062.61150358687,10,15,1271.0664244177703,13317.997851464128,116.83620226287724,944.3927156086413,247010.14575008934,423.2796241744534,2396.044353657307,3297.6895309122797,3084.006216535241,0,0,1,1,80,8287.291238107013,BENIGN
7306.010763887141,13,12,4125.570180036512,5587.5351598052175,321.5556234790105,446.10025298952297,1329467.7018343047,3421.840017478817,389.01693518861646,463.5762030217431,312.56220144257907,0,0,0,1,443,10277.089325275107,BENIGN
49643.9589630505,10,3,1893.9784734352984,395.3941391197262,189.60299882391848,125.61002145970433,46115.8348442553,261.8646915262292,15732.638792469497,16135.134661670952,15084.273428213442,1,0,1,1,9001,1968.9220353736425,Botnet
75473.46202344073,6,15,2444.1281223119963,12529.153682425382,395.3359727804727,812.1554395507019,198391.34714778207,278.24349694569156,3062.4184967102265,2723.3016084779633,3078.5970151075153,1,0,0,1,443,19930.147795686433,BENIGN
37681.80337104495,12,14,4156.62895412104,7148.003220966996,344.2813605976513,512.8599476506826,300002.41930497997,689.9882084724916,1041.6507612834946,1261.505868396733,1286.4501486455815,0,0,1,1,80,11718.279175140784,BENIGN
78038.77450130267,17,18,3244.4883762516974,9298.712892557283,182.83170865644684,550.3363468127741,160730.37216389916,448.49499782208596,2524.202762434136,2245.613296848398,2115.96393154748,0,0,1,1,8080,18595.31387197461,BENIGN
63964.82246916425,5,6,681.9194046552007,1120.4706841862112,148.5266335155606,185.92191407501304,28177.833053633447,171.9695228623953,16309.109743210285,19415.693485379135,13098.44886653927,1,0,0,1,6667,4560.694678871267,Botnet
6720.543438254878,14,19,4495.894801996816,13509.404136406463,339.75291590548426,719.5960386673811,2679143.3020003974,4910.317194314438,218.53981158213887,193.3670304086889,330.9370314186252,0,0,1,1,443,4840.371195157583,BENIGN
60398.491821399315,5,6,1348.7886148002078,1019.7963189446989,250.27299660701067,164.78127286640296,39215.96156322751,182.12375289978146,16749.14018013959,14200.090019947289,22544.02213518976,0,0,1,1,4444,4693.777263976602,Botnet
7421.0561151535985,6,2,599.7593742725488,121.70561477607289,103.81924789369259,65.22701071007812,97218.64083137838,1078.0136783582884,219.26710841478365,247.1791209738341,216.41925455845447,1,1,1,1,22,377.3110815889168,Brute Force
134460.8098103562,11,18,3516.166173633108,10644.4868361317,304.58468655236635,576.3990019993673,105314.35166675718,215.67622596429143,3232.777525065536,3331.817775650771,4896.391733914566,1,0,1,1,80,10908.870436929119,BENIGN
29312.17500902092,8,15,2763.2577544251626,12095.658124698539,355.906511524851,785.1095739983595,506919.5948287979,784.656887212282,1202.5361252270172,995.2865389867559,1619.365527305066,0,0,0,1,80,14207.92141124621,BENIGN
2284.699849572698,19,11,7528.814288295933,7551.514010132286,380.4200985551475,718.7459309344106,6600573.069258379,13130.827668943397,81.86122589772413,66.03562869900695,103.23079042437739,0,0,0,1,80,13711.19022835564,BENIGN
46954.445598057515,14,11,5525.1115249300665,8882.133369606532,431.53684144557025,776.7934240110847,306834.52250435296,532.4309483708234,1624.8334245670198,1488.3207742792636,2149.53853710786,1,0,1,1,8080,14448.083266857668,BENIGN
3771.84411399807,12,15,3251.717905418185,8245.47142209899,268.8821650397459,570.9010822784023,3048161.3184513114,7158.3021948859405,120.58494460766609,130.78858321511507,181.14075233084947,0,0,0,1,80,7446.835045649499,BENIGN
7242.679447307272,15,15,4773.626705231819,14121.682149838203,335.1502799772035,985.9004736754523,2608883.769127051,4142.1134565265875,249.15703004654748,296.425624611631,357.04195773400966,1,0,1,1,80,20661.78007034637,BENIGN
17676.865248935956,16,14,6098.157699962202,7894.169588749747,358.4832425656921,586.9407627712103,791561.5745022555,1697.133489310602,814.1944458850155,794.1439250662298,1285.5825099300241,0,0,1,1,80,21272.13001414839,BENIGN
161217.53063136234,14,15,3572.4571551024546,13161.280096701008,273.6824336830517,834.5009291208123,103796.01514965875,179.8811821917244,5782.073499720457,7317.8851157015015,7285.639763243234,0,0,0,1,443,10350.751666953673,BENIGN
63730.67080185348,9,15,2868.0230668041413,9939.787710869605,299.13045332025024,629.3388824743226,200967.76978065725,376.58476990802376,1607.1001103377553,2121.3310739928875,2034.1761664216253,0,0,0,0,443,19017.65269549062,BENIGN
46714.367905858424,9,14,3373.82130154813,12194.554835026936,350.6417141756979,916.0785728494579,333267.4043229994,492.35387378784554,1705.278328385312,1870.2451375317228,1365.1969298929375,0,0,0,1,443,6805.2311350371965,BENIGN
471.6577345084934,1,0,41.10525112270176,0.0,40.291503470249054,0.0,87150.5927185459,2120.181493561392,20.60629425815518,18.572066075385667,18.342107230415216,1,1,0,0,53666,41.49683785985094,Port Scan
8882.184594841088,8,2,990.8831102632466,191.51124530191316,136.34624292409953,92.94808934853992,133119.7683340102,1125.8491526744622,316.82594383060876,402.2762177016867,328.169230787465,1,0,0,1,21,1308.8998106838678,Brute Force
1805.4892454279457,12,16,4700.923192475009,10902.877314675827,403.46769711633084,669.8372096011574,8642422.294491347,15508.261858055712,46.80202024204997,49.812575476233924,42.898601433364846,0,0,1,1,443,4174.8910771199935,BENIGN
419.72302435927486,1,0,43.30475228848925,0.0,40.0,0.0,103174.59318462647,2382.523573793796,22.700494321909854,21.492361660160196,27.21472583533399,1,0,0,0,51615,27.08617133357879,Port Scan
16839.306995033407,11,14,2981.9212153837598,12088.807117192058,279.5163783321248,875.016866881956,894973.1920096703,1484.6216656881136,502.09627229779,560.3497970878356,608.2013151653225,0,0,0,1,443,2253.3855233417025,BENIGN
30104.45291006889,17,15,1873.8242591784717,12641.701672045194,109.02828103479143,820.9890838868578,482172.05523003306,1062.9656714105945,803.3188929360283,698.469705306645,1102.4926819078194,0,0,0,1,80,14345.452734181623,BENIGN
455.0054654675077,1,0,44.181379038101035,0.0,40.408908679601446,0.0,97100.7655758721,2197.775798083047,35.40759661226086,44.638472807590226,53.48791696568239,1,1,0,0,25795,13.802726101620566,Port Scan
1131.0244817932232,182,0,12294.909795339368,0.0,71.92011940575215,43.6681504953612,10870595.635424234,160916.05701712274,40.58643692336849,42.05445720260579,53.08983827000211,1,0,0,0,443,253.6491655008238,DDoS
57376.55019817822,10,6,2189.9839096926567,1005.1089962968367,218.19447674072558,179.7605491064455,55686.38921220714,278.8595679722135,13501.006142185075,17775.51404947413,16735.059040737415,0,0,1,1,8080,5054.998894311573,Botnet
38823.4568623647,11,17,4747.749664201049,12357.843028720468,426.5612091935401,706.0307260311023,440599.42301283346,721.2134689413267,996.4253289055476,809.6837696926879,1046.058440999052,0,0,0,0,443,5023.201392987711,BENIGN
71939.11856977701,21,17,6520.98615378401,19543.262358840682,308.20363630254013,1060.7737810714323,362309.8118354591,528.2244313730655,2087.623518717495,2600.3419987828156,2143.7362280431857,0,0,0,1,443,4617.781523034734,BENIGN
14936.391169935365,11,7,3915.0396841242396,4619.529545690298,335.54570153012673,718.5277222272232,571394.3303114141,1205.110377413736,536.1244491073716,571.7817018319657,731.0265102135048,0,0,0,1,443,20323.695999040203,BENIGN
185100.18478234607,13,17,4569.742331482906,8734.727212990487,328.28094498010404,548.3945192901215,71877.12729794263,162.0743924987224,5957.731847630028,8108.7195515571675,6559.88039307963,0,0,1,1,80,12919.70026264033,BENIGN
151627.28177821124,11,25,1658.9403474706946,16500.35066858546,149.9538919568615,652.3623797343623,119762.68916182361,237.4242918412139,3502.2909347800414,4672.018181406118,4339.039195415777,0,0,0,1,443,15426.247353281664,BENIGN
3632.3607893761023,9,20,3700.899128644672,18749.630098045982,427.24254110872283,867.9415995565588,6180699.145402564,7983.788417939912,150.11635777423902,194.08778749680573,133.4053816908105,0,0,0,1,8080,21868.447042406755,BENIGN
12578.918052377707,14,17,5056.409509442297,14307.143956409942,335.9332121588927,809.4628040562447,1539365.5785993517,2464.4408899810173,348.15796960914327,315.6990972258287,533.6537151766169,0,0,0,1,443,10905.768678959737,BENIGN
2662.4060344895815,17,16,5448.03022504757,10350.987597526813,305.62304369421514,695.9603594612413,5934112.835498911,12394.803637201992,53.808786778144714,44.44487407797911,71.04075236829672,1,0,1,0,443,22943.83978361315,BENIGN
9672.986676456974,13,14,4711.984182806133,7079.713351044492,387.8263940112656,528.3070700736824,1219033.7822495268,2791.278526798258,422.93570451035345,391.17473527403575,558.430055479769,0,0,0,1,443,12135.51766691504,BENIGN
13370.79382512203,12,8,4237.297137803204,8037.186390632401,373.70276521969254,934.4577913182195,918007.0898538129,1495.7975017476174,683.5336939490229,791.248639643455,1062.2186995811794,0,0,1,1,80,21306.292169080516,BENIGN
64890.74297633696,5,3,1164.0442321727867,399.5640277272461,231.58543465736273,146.7873464506569,24096.014133637178,123.28414860217086,13953.49602509961,17120.145169944088,15610.014254231279,0,0,1,1,4444,7308.555445460429,Botnet
52400.00992193667,10,12,4530.7417074247105,13400.505005498884,421.4308883770651,1049.6775064702317,342199.29995503457,419.8472487462249,2031.7278510323904,2308.7035828783423,2290.8919068395567,0,0,0,1,443,9224.93169335395,BENIGN
1120.616425390355,159,2,11422.208046164853,113.80190482956888,77.12040977354059,53.2326684132179,10294343.086195592,143670.92642240837,23.292093779081707,29.785682097933407,24.894991919250955,1,0,0,0,80,371.30090008095385,DDoS
44806.51564979359,15,10,6599.14927273893,8193.961641509206,469.4744949197939,899.2379247956077,330155.35128575173,557.9545661483536,1408.7394249345275,1716.8397282386754,2226.7007575934003,1,0,0,1,443,4957.263602603451,BENIGN
56275.581114412744,12,23,3265.5813067157446,9852.822902207883,249.27076722581498,436.6197183181668,233110.06211118223,621.9393795124428,1961.007504965253,2582.2067364357304,2768.3812113410413,0,0,1,1,80,19942.5070430205,BENIGN
14335.391263528807,16,22,5871.653437698145,13413.36822961343,380.2057507327474,662.2631389635147,1345273.4782604298,2650.782200600076,339.88336493901005,370.6035644227698,447.8569279380013,0,0,0,1,8080,15682.9458498061,BENIGN
42613.291562837985,6,5,957.0675427562388,902.8216518076517,145.54553650732606,166.25603092366592,43645.75291775524,258.13542199103046,14225.141380921312,12409.729242676585,17928.44039085573,0,0,1,1,1337,7903.148808628999,Botnet
44892.612787050675,8,5,1347.015280100092,883.2494459796969,171.0035074271059,191.80370627960326,49679.993825690435,289.5799373867111,14774.460319495754,15151.200705460642,21564.805517165405,0,0,0,1,1337,1631.177294039439,Botnet
1726.086328350663,152,0,8133.5825183356055,0.0,58.78269489548832,35.6797928737392,4712152.79603514,88060.48544816494,7.771932243760361,10.484760843491749,10.86798503223157,1,0,0,0,80,132.5887727249949,DDoS
57692.19604601797,10,17,3863.6941631735845,13468.45960645209,418.52460373710545,836.8904232480846,300424.58005586657,468.0009056764549,2348.487274984558,2285.12598872761,2862.3798314534174,0,0,0,1,80,16032.801883342105,BENIGN
956.0273816271816,153,3,10144.685943576074,92.45792810258348,66.48062766322384,34.06594028434217,10708002.79198572,163175.24267399564,2.37285793601845,2.1959656807826424,2.106902002908294,1,0,0,0,80,155.03671480949055,DDoS
383.8879420988389,1,0,44.67241819879697,0.0,42.64979521503985,0.0,116368.38071693131,2604.9268297740173,8.951564216051644,7.844229370110845,12.675917886883083,1,0,0,0,36189,29.930039307005497,Port Scan
66675.90603894378,11,8,1196.2224056767245,2022.3922686835135,116.32176962425194,229.85302530604025,48272.529997272526,284.9605071568515,13676.56923445351,12435.753107271732,17713.406757364784,0,0,1,1,4444,5039.273339814492,Botnet
65907.2989295774,7,4,1664.5856648031122,677.1778685245059,234.8068282703396,174.3435506458929,35531.17137799586,166.90108954022844,15721.66351631841,21485.40111553281,13088.83560435106,1,0,1,1,9001,4129.500618770406,Botnet
44374.06418323503,14,11,3248.037059826229,6989.720606528561,249.2742082961413,583.3511104715865,230714.89742476007,563.3921629708476,1668.8456279834058,1688.079807166286,2660.247185250768,0,0,1,1,80,6853.197371985555,BENIGN
4614.13890092036,5,4,544.3971190574267,380.9221202952369,113.3001375519554,94.13756686051141,200539.96189150147,1950.5264564542722,83.07083085617754,113.43310196253286,76.04139651137643,1,1,1,1,3389,1391.7251299412674,Brute Force
21285.451465706312,13,22,4443.10493988505,13615.372196984392,347.0628863429277,623.96544653715,848395.3072813159,1644.3156047871312,573.6097974866243,556.0556743962037,614.9471609437937,0,0,1,1,443,16065.20412444866,BENIGN
767.0811561057436,1,0,43.51646961507785,0.0,40.0,0.0,56729.94215631471,1303.6430266084492,16.413807409092826,16.100360293097154,15.874258462658226,1,1,0,1,21661,36.27314333737526,Port Scan
37.31851929214616,1,0,41.87995424606075,0.0,40.0,0.0,1122229.7947623704,26796.347201547578,7.922678480152354,8.301857173179052,10.595780905728953,1,1,0,0,60756,21.81998963075818,Port Scan
84924.9705426999,11,18,5126.117657859539,16718.643150797758,500.6248622959621,880.0399769369983,257224.23768959503,341.47789295280273,3506.2517595969625,3329.6280726668874,4478.549438089874,0,0,1,1,443,10783.083265984864,BENIGN
20383.777829499842,11,26,2536.892164798907,17186.671968992403,245.77309136773766,648.0706521592083,967610.8275300638,1815.1689205743207,492.1029865241939,506.74698956170204,748.5552205396781,0,0,1,1,80,14198.489494843858,BENIGN
213.87281761130134,1,0,37.95041020830134,0.0,41.603585582088456,0.0,177443.8221376665,4675.675998328264,48.84471477195287,64.2266751777257,54.1999439616103,1,1,0,0,9849,30.75670072834567,Port Scan
3003.5278715268764,15,6,6584.530502225603,3959.2718544292634,405.00867140754315,685.7116539298399,3510472.6200841977,6991.77796852753,108.67373128181993,151.45566671429802,155.2015643016963,0,0,1,1,443,22937.282228048767,BENIGN
30601.828527653543,10,21,1555.9627560863878,15657.266128658926,156.7902733613744,792.7267574151393,562490.2077073749,1013.0113621147392,833.7699017416753,776.8564556222689,889.1830243076614,0,0,1,1,443,15341.535737945216,BENIGN
35589.582961921304,15,13,6220.070735097301,7723.30694326058,394.8656710826257,639.9926271601307,391782.5531497924,786.7470666896633,1317.8343329081283,1386.3515975656696,1440.486618000123,0,0,0,1,443,14363.523776723914,BENIGN
60582.36328561363,7,11,1566.3334425356427,1953.9775199270034,216.1573615353198,186.77495116981197,58107.851386817834,297.1161741436129,13600.431973924387,17714.93298656605,16952.599843672047,0,0,1,1,6667,7471.266590332873,Botnet
3484.700202248288,110,2,5644.648835637106,91.2799956063346,53.622117585159074,43.15578273582565,1646032.2261130773,32140.49803416056,9.700783717996062,9.72100914129272,13.339236139150952,1,0,0,1,443,467.80994076535643,DDoS
941.533335354234,18,22,5222.048052056357,15768.580016934573,280.819280592718,675.9007170792725,22294089.09998243,42483.891433276505,26.0602119181924,27.930896884309973,24.547928156295015,1,0,0,1,8080,1874.975869566256,BENIGN
98991.05571017985,18,13,8058.495087075957,12267.627476924556,423.0973808253535,945.2550098090543,205332.9204156599,313.15960596238074,3438.822119045474,3627.2989531410108,5404.361999847707,0,0,1,1,443,24935.757557426907,BENIGN
9260.831291377986,16,15,7540.994172290332,10904.725663383822,489.1971656845203,672.4189947427817,1991799.5755788658,3347.4316748283277,309.2523666267885,315.322211251746,407.4442954789182,1,0,1,1,443,11194.924627925231,BENIGN
60542.45405390993,13,7,4589.0405451999995,3384.268520468117,325.29080100731096,481.0608042590787,131697.81751113516,330.3467015425412,3590.3817402110512,2935.389798790896,4727.9522325482685,0,0,0,1,80,4899.24029161773,BENIGN
39089.05075538543,14,18,5900.189258686805,14013.756209084568,402.791523606257,809.2285985496754,509450.73065064795,818.6435685085355,1357.4681499403716,1742.3459278101918,1562.0029697182733,0,0,0,1,443,1722.326406885595,BENIGN
24542.309003377326,8,12,2310.344507286603,11094.583863703692,316.99742672719725,907.0220117523205,546196.7074550977,814.9192481134417,1375.4567733876656,1147.7925842384113,1752.059257819584,0,0,0,1,53,16579.785126027637,BENIGN
138573.33467869667,11,29,3806.4170135123295,22717.97744294747,342.8161101097637,763.8452912963293,191410.52294051115,288.65582323429015,4472.893351584564,4408.584185858828,5626.134226298649,0,0,0,1,8080,8925.697373857003,BENIGN
55021.154584373515,26,5,6573.7801888150725,799.1933176093597,239.64277538404923,149.85035227661797,134002.52252282653,563.4196562062743,16316.02702173087,17063.419930057527,25890.592452754587,1,0,0,1,1337,7385.723640853016,Botnet
127342.99937561521,16,17,7125.3879361360805,17038.86118628287,421.99767961795186,1099.9257317516367,189757.18524693506,259.1426318039053,4161.945190748847,5781.536960468756,5126.672825606097,0,0,0,0,443,24217.39878499927,BENIGN
1550.4337894520643,142,1,7980.915326677573,48.238324725514715,53.81579675041448,44.91517595788166,5178649.811444483,92232.25201415234,19.95730896161281,26.904248450921727,28.349325856628056,1,0,1,0,443,456.58667343071625,DDoS
11485.586100974702,4,2,415.3091296060075,209.9881433593965,110.79141806744893,96.11874034838551,54441.91245167187,522.3938898068791,74.43248952328136,63.37437577046918,63.90738201464841,1,1,0,1,22,844.6320915413057,Brute Force
21869.08742092559,13,17,6012.478201577254,10303.386335391058,436.41378186458485,611.0640298245957,746069.7478101607,1371.799354155688,774.1915392137928,967.7829162523486,918.0034846663019,0,0,0,1,80,11635.397546863143,BENIGN
32433.264663661623,7,10,3002.567051175572,2970.4032343913977,418.2287348979512,321.919888366197,184161.8581264535,524.1532166524968,1605.5040255437746,1939.6310040219705,1647.3545599688405,0,0,1,1,443,18163.271773598208,BENIGN
72386.21886872046,11,13,4527.948056733959,9227.420200436163,420.1171353673166,748.5936680125443,190027.44544672014,331.5548232119482,3711.3354398013435,3640.1379214698945,3813.0101949321856,0,0,0,1,53,10821.439053904029,BENIGN
33330.89891042882,11,18,5004.545152689797,16610.913343700682,416.2006098574227,922.3754026194865,648511.1174012553,870.0635430785296,815.3760713447183,1051.8816935290702,1011.3527333184348,0,0,0,0,80,23283.330559297683,BENIGN
4502.38222656644,8,2,966.2654698043393,119.8358154411765,123.55564817958354,57.28869281341901,241228.13892542105,2221.0464364830473,115.89593837443584,128.43896668385716,112.45106484950657,1,0,1,1,21,286.2530081525771,Brute Force
26322.679960900394,7,10,3592.1981446377413,8991.989872596721,536.5295992630402,944.1567768937205,478073.9664778422,645.8308965976008,1004.2860569334035,1265.1484554519454,1045.436972756278,0,1,1,1,8080,15082.775752300304,BENIGN
31051.79002152479,15,16,6304.3423855144365,19530.41346783633,387.8653470104697,1196.5945472383848,831989.2616638966,998.3321405468448,1032.2897233121673,892.9608509097432,903.3229011620156,0,0,1,1,80,5451.237021204102,BENIGN
9347.246713789835,13,12,4253.611943414474,5535.922889728923,297.721449112685,432.6710885765669,1047317.4757119721,2674.5843739331203,314.2434866671934,349.0318016037123,465.8289568655468,0,0,0,0,443,22436.307373089665,BENIGN
170546.50537502763,15,11,4970.232789682866,3443.7612730565684,337.60240763702046,336.9502625147999,49335.48209760889,152.4510862466905,6710.369327300868,7430.281779691974,8104.392722911035,0,0,0,1,443,24593.03539743198,BENIGN
21552.96900779327,11,23,3834.533566028493,19788.658667002383,348.5183707539505,912.9958047970458,1096052.8094523333,1577.5088799926382,841.2346600466738,1008.3069104505216,925.8783713503998,0,0,0,1,443,19447.40717543754,BENIGN
192625.68348268274,16,19,5806.079765446385,1711.3796850541473,362.58812780557207,96.96226427004308,39026.25711475469,181.69954996238357,4942.14038767496,5622.997677337676,4744.99720376332,0,0,1,1,443,4994.564689236511,BENIGN
84786.25003275916,12,10,5219.004379350718,5567.720449778354,415.52327603336636,512.9782796132047,127222.57235060366,259.47603522386925,2990.3270892132873,4128.571974525823,4193.430217603683,0,0,1,1,8080,22730.337113561585,BENIGN
29590.723855260494,13,13,6607.283743116879,8906.392587511542,525.2389740014418,687.5129851048861,524274.98585407116,878.6537337571026,781.0007536984093,961.8025679518954,1196.7914861258848,0,0,1,1,22,18410.831141118008,BENIGN
152064.86573462418,18,16,3912.922854829442,10260.018033151233,206.72589457414793,588.8015762430332,93203.25783021151,223.58879439866837,4758.172142613124,6463.364669965176,6423.041797969935,1,0,0,1,80,7791.689050641973,BENIGN
1535.245991795078,128,2,9605.091405519055,30.8395217307523,70.09172560632406,16.441293394872105,6276473.593644135,84676.98381547196,5.9354625487344475,7.979378889514457,7.723974107196822,1,0,0,0,443,33.07754416923994,DDoS
3581.6425520703096,10,18,2654.4217713226294,12597.999420900625,252.26796548832607,679.3972946351101,4258498.990472079,7817.6422110618105,179.35992074567355,182.56683960918915,169.04660672631718,1,0,0,1,80,6692.257140701672,BENIGN
56122.07124705541,10,19,3497.586557549745,13544.01125533601,387.65914184165007,736.5360658928107,303652.3320364782,516.7307505872132,1726.8949494341634,1952.6398255153051,2388.800661433331,0,0,0,1,80,734.3750612363298,BENIGN
46476.92902876627,14,23,2911.4749651374564,17823.28523123552,222.04433199887023,754.5565925067962,446130.16887452855,796.0939066584916,1233.372932475091,1635.9756788599184,1818.0302210548991,0,0,0,0,443,12707.440276327858,BENIGN
7845.859110362442,12,15,4143.870845455028,14894.015923355433,350.47388316559267,1013.4479457222227,2426488.482780186,3441.3057410551346,286.441216231868,256.766747044619,423.4446309670426,1,0,0,1,80,24331.66995399603,BENIGN
12971.441437082125,5,3,826.9568666762191,349.9510447402765,156.09429600652908,117.46355184943621,90730.69613158093,616.7394763954289,119.6099595437606,136.81272992498762,124.86120351685413,1,0,1,1,80,281.7398794775189,Brute Force
53340.35299819482,8,6,1390.701811314304,923.7228709174802,184.57273758074035,152.0865525837373,43389.7518884082,262.4654546338266,14712.495295929135,12343.08446332266,17354.07956051174,1,0,1,1,8080,5590.586863810341,Botnet
35925.26132689341,16,9,4730.828946725892,5266.3481173796135,277.5040941303685,593.2148411255491,278277.0867868868,695.8891620166216,1466.8965975195072,1297.2171789788729,2062.3067706355478,1,0,1,1,443,12281.955647101406,BENIGN
14615.242345783277,13,15,5038.982802118776,6661.080939545421,405.6835535647774,462.4019994104161,800538.4696915303,1915.8081226123788,483.40420684690486,401.0129825712927,460.2025317465827,1,0,0,1,443,21249.237322110974,BENIGN
555.4693887052164,1,0,50.61163488901301,0.0,51.466730592256354,0.0,91115.07477844515,1800.2792239028186,17.390223424488518,21.086757703337113,14.02213849902051,1,1,0,0,65301,31.30867604079164,Port Scan
1434.263188483328,121,0,7623.99596277685,0.0,65.21898000875794,34.73877945082978,5315618.516876878,84363.87475575687,15.322686147155004,12.995881312586958,24.20388261824834,1,1,0,0,80,16.783171609783736,DDoS
37473.36607464806,14,23,5780.03377660442,21883.4205091851,392.003857823002,955.4831278400708,738216.4236509498,987.3679329018615,1230.9278070320386,1245.2988673324664,1055.3941172865348,0,0,0,0,443,12983.796545834482,BENIGN
4677.871110867719,7,12,2053.095488806044,8851.612139957551,267.20741396184206,702.6382867750315,2331126.140570563,4061.6766793464744,248.27314957629054,204.3374909424323,214.70360909236524,0,0,0,1,443,7953.949139383398,BENIGN
17417.074103073548,19,16,4937.688363957519,11323.358677304297,250.89729868249702,655.7155625907643,933626.7931702874,2009.5223682733047,398.2543391947645,378.046750889263,320.23975372915635,0,0,0,0,80,23277.581158506207,BENIGN
292.7570541601982,1,0,46.07274665269076,0.0,47.839015057907446,0.0,157375.3595275607,3415.8015521388415,46.08347869779416,52.301254592275825,48.391442555930425,1,0,0,0,27015,35.82378547274005,Port Scan
10634.3472251282,4,4,585.8167014536484,324.6586311279746,133.74642552364529,79.79926484645036,85616.4758688935,752.2793670961368,208.69478927490096,229.70464056693834,182.73926029081161,1,0,1,1,22,1537.920616111744,Brute Force
24531.459400514625,14,12,2958.6282415389824,7865.119881009235,221.5689648901777,664.7320394481521,441219.0871253732,1059.8635643933426,941.1231888145684,1148.1631959951885,1079.2201562057587,0,1,1,1,443,9843.47573497026,BENIGN
83700.50004469724,17,21,6493.746873464586,10874.833116766491,353.97442491868304,517.6532608395435,207508.6765426253,453.99967717883965,1976.1066705473786,2504.036139965407,2648.9779469764453,0,0,1,1,53,7396.231385848261,BENIGN
69265.39705060273,10,9,1300.2339200034442,1524.5909190982234,132.19907366865812,155.29695195663334,40782.626814915326,274.30724155265153,13749.22498352258,16325.935416413744,14262.008295051699,0,0,0,1,6667,1165.969368334622,Botnet
225.79102428107112,1,0,49.998062670872535,0.0,49.01658390949656,0.0,221435.12050609026,4428.8740138543835,32.63014470699011,38.86941546649954,45.782704062075865,1,1,0,0,8808,21.269391184249,Port Scan
1581.879703387201,156,3,6287.046416508272,130.62343557141503,40.0,39.95570808031296,4056989.819350894,100513.33211971879,32.86377444042418,31.632531134535213,31.32243096107689,1,0,0,0,443,277.5983033281167,DDoS
20609.704002149534,12,10,5517.230843285576,8630.531050630178,482.6358729083182,790.596192168221,686461.1880131895,1067.458319522952,971.2236963435892,952.9066847893725,1473.4654719469504,0,0,0,1,443,18386.5204793355,BENIGN
2478.7652001491883,14,18,4081.6789926617907,12404.434433152694,308.6923465808255,654.4554893688337,6650937.904413956,12909.653563828486,75.43666998838373,68.96518268926269,85.26436204588309,0,0,0,1,53,2197.795192792421,BENIGN
8401.1785561132,17,12,5886.662795044232,11686.647581070596,384.43662870102906,1054.0626956088513,2091767.275119684,3451.8966364424987,274.38004848241206,273.5130780482376,295.1317013884905,0,0,0,1,53,11698.179593939116,BENIGN
63600.42345374274,8,14,1899.258314355064,2388.2088752413238,249.32055233545532,182.9310105330366,67412.5572876839,345.9096465922249,13667.648327918478,11892.354685325256,16077.144608300161,0,0,1,1,9001,7071.335161405875,Botnet
203865.7758208942,11,23,4018.6209485156255,18727.868081303906,334.9466193959478,876.1180415748204,111575.8098102911,166.77639914347674,5771.569500429577,5956.962621444574,8769.953786930042,0,0,1,0,443,5607.40102979955,BENIGN
9437.625534244615,3,4,391.3404520015567,383.25902331871185,138.19398884391097,98.6189237265414,82075.6738556344,741.7119883174383,309.87068979898544,408.1332803730341,374.57772420289774,1,0,1,1,22,1534.3888629236073,Brute Force
157958.99057254754,11,26,5527.347863418984,20543.260149229307,466.96250879047324,833.839854885234,165046.68659980176,234.23801244796263,4958.149220259925,6233.7483280918195,5523.011504092205,0,0,0,1,443,16941.500235468375,BENIGN
247.33038915176638,2,1,80.9294781389888,0.0,40.822189132436606,0.0,327212.0276709265,12129.524440117004,20.832989803377842,17.228449520192832,24.401243457994777,1,1,0,0,8579,31.351009822102903,BENIGN
70152.93022785765,11,18,4143.840882785214,10894.262724275086,350.638193558555,613.4539561607778,214361.7316941194,413.3825900900734,1636.6992055499743,1682.2685634892662,1805.5362088883123,0,0,0,1,53,11114.422634759472,BENIGN
60180.33806713758,14,13,3614.991618983714,9373.249317179314,281.22718780526293,739.6810293312105,215822.00022992992,448.65151754180283,1839.0547810483517,2504.0743740991907,1508.882358012515,1,0,1,1,53,1007.3717724493085,BENIGN
47376.19346737927,9,25,391.1130437407186,14805.585825052263,40.0,611.0775124240732,320766.565580171,717.6600210274511,1256.1633361185056,1449.7533514862594,1697.9890962607922,0,0,0,1,8080,23034.972553267886,BENIGN
53246.047955029,8,3,1908.0042034818393,586.9656354393614,241.74064634189384,187.53940163677788,46857.3712931413,206.58810226235897,15357.97751550615,16575.820305477482,20421.79689921612,0,0,0,1,4444,5972.40888149793,Botnet
1945.5666664205135,10,14,4447.73529761679,14215.074611932096,467.7716132005728,953.3532363825755,9592480.294640861,12335.737661539815,54.608688590281446,57.30995049182308,45.4888003673378,0,0,0,1,443,11241.895262841177,BENIGN
19650.78084427831,10,14,3929.5594599144815,12641.7146005306,368.88627540922596,890.1496304544554,843288.3248642059,1221.3255132295694,615.7789658608365,625.9003332907804,863.535259352929,1,0,1,0,443,22712.370664871087,BENIGN
94519.56866138452,13,20,1960.5363289932066,14211.496680772356,138.31724432131512,647.3351505841877,171097.19435667043,349.1340519995621,2520.241535989909,2285.6471575409787,2367.8591003255283,0,0,0,1,443,20094.33698765591,BENIGN
3812.5819968499304,12,12,2231.9290458229966,7156.615620868745,191.91015516555566,598.1263990736186,2462516.130656033,6294.946579464919,175.37376084192096,211.99936862402967,194.66156054145145,0,0,1,1,8080,17644.29436619979,BENIGN
15678.886084715245,13,17,6273.335831569348,9414.413966632628,488.58781003668577,549.6823059520004,1000565.3280111125,1913.4012351327603,408.9009359783277,442.59583974164684,388.37330220509915,0,0,0,1,443,2062.660110450749,BENIGN
35188.74286793849,8,15,1929.6746107360445,11157.424383519025,265.16909497695724,753.8482778856152,371911.5241874445,653.618121179202,2065.7494802423707,2304.854079028379,2876.5236917129278,0,0,0,0,8080,20646.94817410667,BENIGN
10699.21716745645,3,4,412.43983841253964,222.29590511999527,133.92461961201636,58.50861324257919,59325.43788934346,654.2534739169264,262.9860328108788,335.9007696354872,415.05188763561455,1,0,0,1,21,2454.022511643465,Brute Force
69973.04811153712,13,17,5174.8166291341695,16166.836663870063,368.22977478620055,995.5951270511636,304998.19386152236,428.73650369182093,2002.170939840075,2313.611061970762,2738.7203351444496,0,0,1,1,80,13846.286748186518,BENIGN
11394.63581159147,6,4,613.5850723924448,304.55996190644777,104.27250374873134,80.57696403859099,80576.9530049295,877.6059336470638,112.95355132222986,143.46819593779142,101.19595356697008,1,0,1,1,22,1617.6894807843225,Brute Force
28528.704923924404,17,21,6933.121594448799,17537.021085939654,374.64341788141996,807.8674247463266,857737.5925630466,1331.991764131322,781.7889889968444,991.5723265447324,644.2342618420352,0,0,0,1,443,17006.961125323214,BENIGN
48319.60494499916,11,5,2254.70935870339,770.6628679265631,194.85035800035965,147.62806354954282,62611.69208799717,331.12853505760955,16648.338831263234,14691.97756522242,22721.675461543346,0,0,0,1,4444,1248.254094918694,Botnet
20431.1362195995,12,13,5067.523166182306,6992.764091359457,462.0580095192963,534.67360359505,590289.6015138103,1223.6225989241661,809.3509953207503,952.576459441782,1291.783773193139,0,0,0,0,443,2068.4780040804544,BENIGN
142204.31326529017,8,16,2696.530387539797,12587.716550393516,346.83885443303967,817.3806116628613,107480.8955296573,168.77125207325213,5967.222510802589,6363.189685412138,8956.849479993398,0,0,0,1,80,24436.734456002854,BENIGN
127662.02380067679,8,18,2744.830081928226,20547.799262144687,317.0402322049989,1213.6293856939865,182455.4291920087,203.66275910363692,4097.521896495278,4990.543538610797,3347.5783436053825,0,0,1,1,22,11618.73916278765,BENIGN
19474.592970907073,17,20,6139.859757417571,14139.122155672789,398.9376196771154,741.5529111719935,1041304.5316728805,1899.9113385976273,460.09144372094846,616.1611608273387,561.3841212666576,0,0,0,1,80,3167.7273315540847,BENIGN
37126.62776847018,8,13,1680.1374982515815,10344.457636405381,228.68885324497194,866.6487872701368,323880.6176969528,565.631765183755,1884.418256752746,2071.728475018427,2194.421366231172,0,0,0,0,443,4768.257620154879,BENIGN
9652.363749967582,10,18,4715.194253133108,20479.71553422973,433.9482570248846,1067.8362784350313,2610232.1089429995,2900.8438477149225,271.7976410721244,226.4152875287594,377.26696108141635,0,0,1,0,443,7965.9488149902945,BENIGN
18823.102787938627,14,5,4341.112715734123,5818.576332344128,310.3937146403704,1065.2557717198677,539745.7136869233,1009.3978773879257,951.8350086414694,1287.497320769992,1244.7511085216597,1,0,0,1,443,23338.138714902314,BENIGN
50349.2429704946,9,5,1098.1318358132535,1052.0978508552646,128.94355324191963,199.50451139372024,42706.29625809041,278.0578053220027,14692.54792996391,13734.143541660944,11980.318827304993,0,0,1,1,1337,1823.729085558066,Botnet
42355.92039350129,16,7,7343.225155339033,3863.252804357317,498.1668168799454,512.998993266785,264578.7851045204,543.0173582895135,1290.8831653156903,1131.8768764292136,1527.4364244738638,1,0,0,1,443,4236.1733056712665,BENIGN
10494.427680468016,19,14,6609.818636872461,11689.063671897646,341.60559042040444,864.376430010984,1743676.0598986794,3144.525933645608,300.82415514909604,288.4861222052866,307.013432128349,0,0,1,1,80,16483.8399820047,BENIGN
33320.013259860796,13,16,4994.45203045922,3824.295870368172,349.61538505613913,256.3419945624514,264668.1990205257,870.3477928964413,1298.5581146467982,1369.1009809114414,1201.8802269731557,1,0,0,1,8080,1228.37858812403,BENIGN
3541.9387220086546,17,9,7172.796440797195,6734.70308403714,385.69979930295506,698.1143890059268,3926521.7770191426,7340.612596836583,131.40623420585808,119.82554112044781,114.69365905439149,0,0,1,1,443,5450.11475473686,BENIGN
87987.31913361393,11,9,4694.465074244984,7727.041502395636,438.95699228077495,940.8617192082513,141173.8270804436,227.30548216418345,3940.5768372242037,3736.0681501498043,6103.0344153955575,0,0,0,0,443,21032.929371981976,BENIGN
79440.62414903207,11,8,2357.5307938747983,1689.0027429420127,216.64411550320813,207.78276481726007,50937.8366567896,239.17234039294118,14882.547107215674,12538.11067611612,23394.81314739894,0,0,1,1,1337,5263.390383510287,Botnet
43666.88717547735,5,8,1001.3024922429543,1239.1972078952065,189.36157427457803,168.96324348819428,51308.89433759297,297.7084202901598,13631.42328727235,16348.300646099504,21558.323680462538,0,0,1,1,6667,6657.616599236621,Botnet
6584.124031421461,6,3,583.2770863267993,219.74020313379924,107.7531062982812,79.38882255934881,121962.66133936019,1366.924431716237,181.53049425955288,226.89213501928808,224.22410251915494,1,0,1,1,443,2667.63836079845,Brute Force
791.0506338444162,1,1,39.36006917867459,0.0,42.772309088946045,0.0,49756.70013357947,2528.2831647327394,47.051029881845345,44.662897775608876,62.89694229343385,1,0,0,0,56474,48.43271020533033,Port Scan
49200.33961018087,12,12,2539.4379330924476,9289.925937986503,228.58831647095104,708.3269989303894,240432.56540105547,487.80151092765544,1615.3374347669615,1749.4532690573687,2300.152156112491,0,0,1,1,80,12541.298117631513,Port Scan
27653.21385312245,12,10,7105.165253398661,8052.311435543674,618.7774657505428,773.3051086063967,548127.1279877234,795.5675646545467,1169.2685370692734,1363.5390510620982,1817.7713304226997,0,0,0,1,443,4246.21193432674,BENIGN
4995.476680905394,12,18,2752.18570442123,11293.440350175902,208.80795914257578,695.3846702131345,2811668.8259770772,6005.432897859653,131.21167025644277,160.18112683492632,132.74195333891964,0,0,0,1,443,12641.730616294395,BENIGN
74779.91982883928,17,17,6921.768049763137,13812.510916804718,384.3969427108262,836.2747549034632,277270.6765937394,454.6675107143899,1672.8944612911812,2045.852550500846,2034.757443181027,0,0,0,1,443,5635.867751327353,BENIGN
2046.3981944273646,141,2,8892.237877251235,77.88654000294588,67.2038969014494,39.07335155949387,4383371.936938331,69878.87322682823,38.50685821924723,53.76864343283526,42.877890348957216,1,0,0,0,53,418.8227528679653,DDoS
13861.541575115356,13,9,5873.481209304357,9575.975829898185,431.8887960285208,985.1288861285444,1114555.4738974962,1587.1250597044013,566.5494152990708,562.9634863460392,789.4446449036532,0,0,0,1,443,1093.3353487347676,BENIGN
31892.63138094049,9,20,3818.907003124683,12690.133925807218,460.1415234165472,616.4313883078175,517644.3652999403,909.3009496021338,868.5302221711953,1065.0997525865362,814.7088650449207,0,0,0,1,443,14186.857429671752,BENIGN
48905.62757893369,9,7,2073.592295214995,1700.7374025733347,218.54013646935965,230.73670353144297,77175.77474487085,327.16071323644707,15006.496801132065,20669.693226184256,23754.984768407972,0,0,1,1,9001,7036.976911745299,Botnet
26180.475976579786,23,12,9980.861475324231,5528.379374772874,395.4331920724391,429.2220459341858,592397.2071390594,1336.874090116233,699.0487328299274,789.1178342074035,738.5425266502401,0,0,0,0,443,23495.972060680804,BENIGN
51808.37706069785,12,4,3016.9155331014294,819.3223865316156,268.4303301008755,208.04983614029624,74046.67231977893,308.8303650441445,14945.5212117782,19435.268076344095,12830.647011307803,1,0,1,1,1337,5459.5609488090195,Botnet
124400.93249466855,7,16,1393.0063837069415,11251.198433761194,210.23401254737806,761.7368252180632,101640.75593251704,184.88607391255456,4416.299504371016,4809.150375445047,5454.599768061245,0,0,0,1,53,2192.642024446379,BENIGN
1536.0035072551811,120,0,7275.311317574201,0.0,57.78233779452179,26.030844278427963,4736519.990488231,78124.821612184,21.399692957847325,19.965457691968567,29.830681655142413,1,0,1,1,443,143.09419958068773,DDoS
10420.418534436118,14,20,3813.4870950138247,11987.794042572592,270.76696894744214,597.8335221965319,1516376.8216572383,3262.8247980290794,406.0228998158442,407.5078195093846,386.64239203896045,1,0,1,1,443,6536.8497797712525,BENIGN
74614.11538823841,11,8,4599.7894409307,5039.726764936088,403.89156935760496,597.5601813341231,129191.59003239067,254.64350681017405,2559.8546704381365,2490.4380436835136,2735.063641612477,1,0,1,1,443,3588.1330595335403,BENIGN
52539.135238625444,14,25,5152.370118328413,25036.086069428995,363.5550964409259,923.1845759931834,574589.894764077,742.3038050182482,1605.5266369135513,1942.4405983763136,2379.00426978582,0,0,1,1,22,8405.685565126565,BENIGN
28519.967582926438,13,28,3937.76443358128,29931.77093329829,335.39029607191003,1016.8412214585258,1187572.7161469732,1437.589291810583,669.5816007455257,604.9842711131774,640.6469777272137,0,0,1,1,443,13112.503482069427,BENIGN
27655.104880749583,11,12,6385.366633816413,7977.075962369151,549.0674689121445,653.8579392613175,519341.46184284054,831.6728538610623,980.3998843813661,1100.1394295118935,1415.6699066349292,0,0,0,1,8080,5390.528229222865,BENIGN
37260.025230239095,11,18,2973.5070527607954,10796.550273552664,289.2835257893989,551.1067297984171,369566.505691416,778.3140194028771,1129.3813600394046,992.6060878848099,1013.4571428233364,0,0,0,1,443,24095.797017425553,BENIGN
64575.827583456776,10,4,2263.9964075619114,631.6512886237465,223.32774122550939,175.1366066985809,44841.04663534306,216.7993895534149,16237.567838384311,19049.435012356636,22862.033762270123,1,0,0,1,9001,5884.922860296249,BENIGN
13376.203768794914,12,13,4437.8597952295395,5083.911885890198,362.9589893026987,401.6196498753022,711844.0961054207,1868.9906667183116,353.34036033258576,294.041682173011,422.9537879121548,0,0,1,1,80,3645.3408697602754,BENIGN
22699.3980253843,11,19,3260.592889794293,20373.338288389226,277.51453164399146,1015.8825053912483,1041169.9531306579,1321.6209507605256,680.2335186339766,655.6717674689772,1043.9128701661868,0,0,0,1,8080,24140.074587863528,BENIGN
37898.85770746875,16,18,6174.696669966364,13190.649937978793,352.50320726083555,683.0897729386915,510974.4139894965,897.1246643483821,979.20109673643,1079.133018824122,1299.1789549809896,0,0,0,1,8080,16903.120374252496,BENIGN
45692.427525379775,15,14,5997.248823457383,9731.439098003983,423.019554406996,695.9899792862578,344229.64095582126,634.6784701664626,2131.20175567319,2842.5845447207375,2991.1770819505136,0,0,0,0,443,18044.56315123569,BENIGN
92230.0144654287,14,19,5263.6431599598045,16211.60017889921,354.3356518942342,791.8849320180412,232844.41039428386,357.8010931828451,2208.3677444372292,2606.226981499675,2322.879390528323,0,0,1,1,443,6565.216408681353,BENIGN
1660.5028036317656,110,4,7389.512278491891,157.15741069030523,61.37034563855347,35.84356729596709,4544809.9651963925,68653.9039564794,24.92495448883133,22.09720587836195,30.50573748363675,1,0,0,0,443,218.58882867861857,DDoS
51044.670517610284,7,3,1754.3309929236157,605.5283748283832,245.201806223083,185.4566472229042,46231.25869600536,195.9068380419857,15137.541547313465,16479.22420367219,14965.0457048384,0,0,0,1,1337,2024.6263742866702,Botnet
44647.64631650157,19,17,9918.377633103715,14861.418055003212,542.8252686791426,928.5605141580178,555007.883561119,806.3135007117847,1150.7806271070215,1384.3088871276448,1788.4293165680774,1,0,0,1,443,11854.248093404565,BENIGN
105710.43143962488,14,19,4923.082633330138,14111.976047581858,347.06913787487883,785.0581044285099,180067.9310611235,312.1735438081862,4113.263571542229,5238.043139862082,4140.702333664095,0,0,0,1,80,7643.007287519268,BENIGN
56783.15150864159,17,14,5833.120341148537,7926.9343073995615,330.3423012949583,610.5592044270529,242326.36412323845,545.9365881670418,1732.7136262836907,2327.6381838837237,2161.463800784417,1,0,0,1,443,13590.955251501573,BENIGN
26406.58883036172,18,23,8548.981912449646,20675.084005671233,476.22242120021326,897.0095469643136,1106695.988105805,1552.6427992417973,707.8642589923137,936.7231058764437,760.8626549075196,1,0,1,1,8080,4037.169820873568,BENIGN
1078.89223193938,1,0,37.14793333685929,0.0,40.0,0.0,34431.5513979403,926.8766336397046,44.52609827629245,40.58691551057112,38.402343415866255,1,1,0,1,56192,49.609709046613375,BENIGN
212506.01409114944,13,19,2806.565710988044,6450.588417189557,210.00791575944112,321.6445329400639,43561.84538008869,150.58397352591797,5186.576605030696,6995.257858556673,6436.73302604367,0,0,0,1,443,13485.20213765971,BENIGN
17667.827591944217,8,2,726.884304202155,192.72094627971057,100.94287573361608,95.98369887276293,52049.70705629745,566.0005423960316,306.5716474691503,360.1197070996357,432.68623286470176,1,0,1,1,22,1266.6452458086799,Brute Force
10462.173973979117,13,9,7495.971700391396,8104.646414490805,533.9261040124891,828.8789466816771,1491144.9717509102,2102.8134357846716,469.1304793446528,541.754610402343,655.4671796817236,0,0,1,0,80,15237.977855262081,BENIGN
53119.75692450061,11,4,1595.4963336792391,719.8254608992137,160.4099657033441,194.29937313779268,43586.829621024655,282.3808102382618,15768.78529536282,19055.204772434645,20805.477933688002,0,0,1,1,9001,2469.798599793264,Botnet
95119.24601964769,15,16,4281.119513767085,13119.526138564352,266.7069784604832,800.9795138856651,182935.06709186052,325.9067044496619,3431.2218593990474,3183.6182033305336,4356.674101694389,0,0,0,1,443,17517.250127893032,BENIGN
325.0006433202418,1,0,45.37775708620527,0.0,42.199198429758745,0.0,139623.59158006948,3076.9169863292936,26.60774430691732,26.09167351778132,30.115780670812672,1,1,0,0,24475,30.858417540666387,Port Scan
22340.347331681307,13,17,5457.780198998039,11610.749703946522,408.5096893413014,723.0123794737393,764022.5843194177,1342.861843399202,852.236576432225,782.4263186748168,1340.3243927162212,0,0,1,1,53,14168.801555539896,BENIGN
1671.696519702844,166,1,10317.54259334635,44.42195505539725,61.062534461322045,47.283465875868075,6198472.2862518495,99898.51509033795,16.383679205895255,19.52925105956619,18.038326430573733,1,0,0,0,443,81.05235983486315,DDoS
446.0513375209024,1,0,43.08886404685779,0.0,40.54166563081452,0.0,96600.68342433478,2241.894409638754,47.5128397346998,55.1733296992921,59.35891532400477,1,1,0,0,24651,45.63167330325685,Port Scan
475.00694793434883,175,1,13658.869866671494,62.25590736449375,75.92109910079718,60.0,28886158.052434206,370520.8960950296,12.19031114620951,16.580995936367447,17.664410271749993,1,0,0,0,443,262.01813779812386,DDoS
54436.28015597912,8,13,1799.986263442085,2198.179526922206,222.9000979451224,183.0342393915864,73446.71198891873,385.7721346834795,16063.352737921732,14137.93723936021,21472.843739410597,0,0,1,1,6667,3544.6553437434804,Botnet
4351.387450715694,19,18,4901.988084122399,9329.772599462414,264.359367535903,475.9138197610382,3270625.942822914,8503.035047801692,116.30634272986636,100.35411921515701,171.99257039512847,0,0,0,1,443,20598.374168632774,BENIGN
60962.11867920147,11,5,2008.5984696008697,1116.5561370530286,188.08971213130872,221.10087185799657,51263.8778697846,262.45806980882935,14439.061492786252,13291.982484914914,13291.64577170701,0,0,1,1,6667,2387.9920508885934,Botnet
2763.0318714711316,8,9,4089.09443120573,7483.195796426108,506.30278272551163,855.3565159961354,4188257.959351862,6152.661565553576,143.828385325003,170.06501598598732,207.7134647865116,0,0,0,0,53,2275.655760652686,BENIGN
130502.27449640716,17,14,3288.5284641709854,17698.385235158483,208.62477101130247,1153.4598150606582,160816.459179087,237.54375254856922,2902.539353127291,3478.2534426866696,2999.2480227633732,0,0,0,1,53,3645.8282789667774,BENIGN
14679.522088886086,8,3,934.1853943349909,259.98941696580766,107.27750816885215,91.28116128861097,81349.70635078863,749.3431961472462,185.53240590432057,168.7609079497335,183.1200743191157,1,0,1,1,21,2524.0642759557954,Brute Force
225912.8775074208,14,18,8035.520402243144,17413.0346887182,570.295155170782,930.6809750187874,112647.651482928,141.64752515689975,7461.627849259358,9578.0561493013,11878.676430199344,1,0,0,1,443,17386.630365071367,BENIGN
8276.537017089102,17,14,7064.933245411874,10701.092672651515,417.60570554492637,801.4413591373267,2146553.0669869203,3745.527862195541,275.65764382290354,319.7472995500163,238.482666979982,0,0,0,1,443,16516.53961437357,BENIGN
12331.273935383491,11,16,4218.446287725487,3597.2841837019164,420.0278648202632,245.51535356331095,633813.7091416696,2189.5547971346177,475.0539354718741,479.6696787685501,667.4056913585754,0,0,1,0,443,1779.1806891161393,BENIGN
3338.6601771492283,153,0,9295.182393222853,0.0,63.37439227173127,39.9075406769931,2784105.5693064583,45826.76639185293,53.48016212417811,61.552929369274885,76.14449378125458,1,0,0,0,80,437.52972254062973,DDoS
105175.16296359245,9,13,3906.0505030406403,7448.950635484512,475.6475529338918,580.3887947448782,107962.76248657503,209.17486011041927,3281.9478570221004,2731.176396730872,3555.2262384188143,0,0,0,1,53,13052.314470412477,BENIGN
638.2392898902339,1,0,43.00661762117258,0.0,43.561309986385666,0.0,67383.21864918247,1566.8104672339784,23.782967138692168,22.181401899166094,31.05992593765273,1,1,0,0,56726,41.96518564531304,Port Scan
695.9234299930447,148,3,10080.989504461004,145.84238512457176,70.69472124268756,44.96500046026613,14695340.678051012,216977.89367647693,6.345205348836624,5.400806900385599,8.375991447449069,1,0,0,0,443,348.37424069355706,DDoS
22005.60718025421,16,9,3948.871363765757,8083.353388096808,264.2411567848116,960.1147800705294,546779.948097009,1136.0740830833643,1404.6290231232786,1828.6386150367857,1902.3165807317675,0,0,1,1,22,13847.782628726021,BENIGN
283.1667176691756,130,2,8853.161685810206,61.15529922207419,63.12159636568549,31.329285299847115,31480807.69664075,466156.47872224846,12.708733732297745,17.4878489769704,15.523968075810625,1,0,0,0,53,291.8004401698786,DDoS
15176.593135862126,6,2,564.978373066483,80.00668528959095,103.46187341313711,40.0,42498.67230294137,527.1275264733879,387.6339776820715,323.90293748383436,564.1052257503402,1,0,1,1,22,2007.5292505740808,Brute Force
62243.892915234865,6,10,1453.9506597225877,1892.8056633564574,252.66646848120104,179.25499728998847,53768.428778012545,257.0533308671609,13920.40879261657,18395.221365768663,15484.190096116346,0,0,1,1,8080,2081.7955112604805,Botnet
31982.656789594548,9,13,4276.489039073349,8112.450546411001,500.5264011046386,686.1524480742677,387364.3039409737,687.8728100899243,1018.0554336437627,1216.7948314493794,1222.7110044651456,0,0,0,0,80,13343.1010318927,BENIGN
7642.848350278891,13,22,5880.311797436687,18948.95047972894,434.9255639150308,785.4638392163511,3248692.2596416026,4579.444520670469,234.54789323537867,191.6454550446077,204.04665834444563,0,0,1,0,443,23117.137348524906,BENIGN
32253.49328071546,7,12,2865.516702090219,5625.590128797701,449.8634763526669,456.5796578749694,263261.6181133099,589.0834780169441,1886.7104184719092,1710.6169135788687,1768.1752411730743,0,0,0,0,443,15991.84648448706,BENIGN
22012.68323220709,11,27,2877.9589184333363,12602.083570893614,245.22730991153483,459.60718265992364,703232.8737951339,1726.2775100675424,538.1508961010887,644.6739542149805,516.4247559319741,0,0,1,1,443,19403.254007395644,BENIGN
13007.703345000027,6,1,683.200485641524,51.42075922054451,124.84994378978465,54.878174396515305,56475.86090933156,538.1426539597936,396.0754749028526,410.1192905363478,452.27932931300904,1,0,1,1,21,879.8897540219828,Brute Force
38104.23832067526,8,14,3403.8885942398283,8742.091294479349,442.2840271527491,615.0580252435182,318756.66393071035,577.3635944341357,1403.9462229237788,1862.157938342483,2070.491990397183,1,0,1,1,53,4576.8859322055905,BENIGN
41423.25782896545,10,22,4770.697405353364,22821.274459765817,436.8873142169757,995.8482314712211,666098.547319601,772.5128750646893,1269.6542062258682,1190.2731195712965,1052.2181894590594,0,0,0,1,443,21331.97433280156,BENIGN
9813.190822835257,6,1,491.6139395155705,76.97035262883952,79.75338505741641,85.0213129490954,57940.81684637342,713.3255763977429,252.81413578064874,346.1197728586516,330.3482612680748,1,0,1,1,22,2317.0389721223273,Brute Force
1841.3961738024923,136,0,7494.143684610251,0.0,56.63201186331577,44.218629628530515,4069816.0402575433,73857.00151595261,9.331614566312703,10.08086715460212,8.553230542099815,1,0,0,1,443,467.608405224034,DDoS
70394.17248678514,10,14,3606.3471738570847,10154.427865110047,369.040763415138,759.2970290163024,195481.7359569131,340.93731273715076,3168.1197954802833,3555.426477809444,4579.498894025249,0,0,1,0,443,23956.322597165756,BENIGN
2371.7097576486276,15,11,5281.277227766652,5054.152912635325,385.5579688770366,418.8752823902505,4357797.199708274,10962.555564040455,121.34046647042,165.71999026861667,163.360545667372,0,0,1,0,443,18666.12270315254,BENIGN
42352.485255680615,15,7,5113.520970962735,1994.604854756327,323.2262056675179,295.1830831892006,167832.5553461038,519.4500362183398,1532.0109551314054,2010.3990581734463,1846.397871792795,0,0,0,1,443,8525.631460025528,BENIGN
12032.287468470091,11,10,4122.177992426138,3348.171357796456,405.9465220072908,353.552012017738,620858.6164350053,1745.3040458873074,425.9376474249522,538.2672569459362,578.0597612456384,0,0,0,1,443,11859.828828147902,BENIGN
112419.02730905965,9,21,3096.840427000187,14800.294356089013,344.611257245567,715.0450360246788,159200.22803512466,266.85874018038544,3766.973854551998,5034.0054600630065,5621.32473588104,0,0,1,1,80,14111.01076170256,BENIGN
152608.35106510957,7,17,3784.907776690419,11583.797661435408,530.5246662627299,709.6313299934276,100706.84422485405,157.26531236655933,5708.33304835783,5108.8690371182265,8448.142451444359,1,0,0,1,80,13696.416482748182,BENIGN
24742.158927074634,13,15,2950.390963927132,12652.898783994493,227.21207465601742,818.5057888657788,630635.7417681685,1131.6716573734561,701.929272606706,878.8509162048766,968.9849317568156,0,0,1,1,80,8033.755882036553,BENIGN
6571.022269478505,8,15,3020.4143400536527,12730.30717063058,372.72895409065563,801.8850403880185,2396997.128413971,3500.21641333219,256.6735766649563,299.51867152470214,273.4099208282547,0,0,1,1,22,15668.670907897755,BENIGN
34911.89130238303,10,16,1190.9931511336458,7469.7464404645225,123.96517049202765,426.8988295093037,248074.20247115058,744.7319245699325,1583.4453092154638,1531.1732218316113,1633.297738763453,0,0,0,1,443,7015.999112432,BENIGN
32175.38537180887,12,14,4136.481602025434,10694.537026988066,359.4785946041278,731.1313833701722,460942.9990544263,808.0711295156838,885.5943524050696,991.3928003945522,1010.7943987852907,0,0,0,1,443,15691.548609543692,BENIGN
110281.41659494171,8,18,2867.256445949792,21043.23933465462,327.35670229862376,1072.818904361508,216813.46249320047,235.76048261600354,4233.200953929926,4267.582434110755,5510.755367210329,1,0,0,1,443,10600.367159545658,BENIGN
15816.626137911957,11,14,2523.301426684877,16073.756805459745,231.74024992662862,1256.0278421188514,1175791.7314343073,1580.6152198335008,542.5869338161125,478.44732648779933,463.6473147821063,0,0,1,1,80,14355.641703262914,BENIGN
4028.8672213614855,25,11,8383.492247230637,8793.354327870276,327.16322602740223,756.4626195972355,4263443.20409157,8935.514133879653,110.9744578418232,125.52153388367846,118.05030423243387,0,0,1,1,443,2568.5525247272312,Port Scan
54636.936220064774,3,6,689.0217357774969,942.6468823821308,220.8876279783511,148.08818115355785,29863.83811104724,164.7237312822613,15462.956952026114,13691.289716357605,22392.3126580443,0,0,1,1,4444,5816.979937995833,Botnet
53113.893367148965,13,13,3152.586795507968,10612.933093368609,245.4297543905434,802.6206466145657,259169.85210861184,489.51410547661044,1888.233867184012,2124.6504453256907,1808.2188492473495,0,0,0,0,80,13501.748387901418,BENIGN
58588.693940982674,12,16,5103.807001587686,14029.485347645652,396.0413383582542,928.0640323298953,326569.7024840084,477.90790537513686,2215.7498946392634,2810.3065922857477,2366.675815678273,0,0,0,1,443,5410.28070435009,BENIGN
8278.827023746093,9,2,909.6494890067756,129.0550046700557,102.29266765350152,61.48942032045787,125465.17649149132,1328.6906428228044,214.8290431129505,175.84559006455288,312.0101223784061,1,0,0,1,22,1183.8173385314765,Brute Force
364.93435460347666,1,0,45.322017770069884,0.0,47.74370322795151,0.0,124192.2477244298,2740.218856858683,17.617527061804644,20.888637005713864,19.803513113894756,1,1,0,0,7780,23.763340863812786,Port Scan
2341.365348008838,148,0,6397.199149370076,0.0,45.900049923491736,40.39930217049707,2732251.5705677597,63210.980774898424,13.455758036548017,16.912566020867764,12.049670379049651,1,0,0,0,80,120.04092252381334,DDoS
1358.1066847645457,146,2,9979.327679240645,80.41346972552746,74.69834338395087,39.99960384645677,7407180.3502758145,108975.23858787183,10.912690248379214,11.548843650415868,10.748583288071167,1,1,0,0,53,108.53866528392446,BENIGN
1815.7925297694926,151,2,9226.014109931537,95.14957443480426,60.73074369323566,46.076625027610646,5133385.853035548,84260.72774923395,15.480947642170825,21.299493074922683,21.036261141986063,1,1,0,0,80,389.3382758344371,DDoS
2170.930937692149,188,3,12139.061103621541,170.79296371264147,61.74073774432755,52.7011523244616,5670311.22621543,87980.68915220596,32.24704871238959,38.83027636925714,28.19533607842608,1,0,0,0,443,487.49785072443007,DDoS
44465.53430380865,13,15,3652.1662234009546,8539.993847375797,292.43443415731053,586.0840132850858,274193.49079388985,629.7011930339424,1291.5533663734745,1356.897993215246,1220.8336614623374,0,0,0,1,53,17250.11521166061,BENIGN
2536.261679729107,119,3,10166.748548301137,133.85581036696777,86.50398751887218,47.19617400199377,4061333.434556442,48102.29203677066,17.079142300874302,15.207103992797471,26.11387007655797,1,0,0,0,443,475.982150881206,DDoS
124556.39369657832,15,14,5889.65512806013,9426.626862297802,373.8776949952014,633.8176343752684,122966.64615763265,232.82626559215046,4734.247574992845,5469.423177726402,6589.171830768762,0,0,1,1,53,21699.038547861295,BENIGN
10221.021675786029,4,3,503.69026916876277,220.2105647094486,134.05334880281038,67.98075803868075,70824.7039132261,684.8630422713273,115.52306393198756,96.02453209035461,172.90065419776684,1,0,1,1,21,1961.185871043306,Brute Force
250436.07231401745,15,21,4491.1701309423615,18656.09849891955,310.5115867336208,883.8769618518369,92427.8536074386,143.7492597107186,5718.671689513545,6745.331270659169,7999.799697423827,0,0,0,1,443,611.3543091190822,BENIGN
38231.78864588182,13,22,4873.701326716791,15411.266732315786,402.6590139739048,677.351417592164,530578.5781282717,915.4685469775966,1365.2434918773465,1782.9973464327707,1861.9624770770174,0,0,1,1,443,6299.676592174756,BENIGN
1199.0497737488229,11,16,4354.433773265643,11606.61750502407,391.24298456276483,663.5811650777471,13311416.779961994,22517.83086167027,40.4239489398986,46.34415640695847,50.47171335037921,0,0,0,0,443,15325.500008883591,BENIGN
15171.700827165414,18,21,5554.175152368314,17822.621638144443,320.55630315143503,801.4721326384405,1540815.8292085393,2570.5753391979138,384.23268763020326,423.93396109251404,385.91819276986513,0,0,0,1,443,1497.5436933134179,BENIGN
17068.339336256475,16,13,4788.999640999917,15511.385309662752,307.3439302766525,1145.1527314453626,1189359.1140141385,1699.0522293166714,744.6833433937193,654.5031164461756,927.1190400025849,0,0,1,1,443,1738.6197174814636,BENIGN
1278.7556648955315,12,20,4070.451695884147,9884.788639774253,372.27474990662625,468.4216158181078,10913140.577796368,25024.32706924841,51.07859533992426,52.65520486761626,61.40744784940327,0,0,0,0,8080,13940.79672962209,BENIGN
474.64438492004035,163,5,12056.45931275622,226.79976587949332,68.67277177371852,41.87119133405055,25878867.356041677,353949.19931118883,12.391697110747236,12.44084799509025,14.574069798794076,1,0,0,1,443,334.87133054636496,BENIGN
97700.99699942641,16,18,8801.603660687093,10323.001957901193,517.5497496010796,576.2013738872288,195746.268778614,348.00054292383123,2605.2181275744465,3630.2287597584846,2587.3781621328612,0,0,0,1,22,23450.81145977396,BENIGN
98171.41187303499,11,16,2748.063950115079,7432.290027060932,272.28941882524924,466.98702534653614,103699.78166701173,275.0291503897191,2989.1328867857947,3027.4226460180193,4569.065955692386,0,0,1,0,443,15261.429735915193,BENIGN
1559.9114845821252,117,2,8446.99334388722,95.59232844435802,66.53164514750736,45.42241098356699,5476327.187000611,76286.37982101795,67.16016923005755,60.81692562766006,77.2642831949354,1,0,0,0,443,112.93337071997885,DDoS
49082.101165216634,13,4,2557.7912390341767,825.0867334804262,187.26567661557053,203.49430319026308,68922.84340328876,346.3584401730444,14050.698882035775,15667.10833238312,19232.094074705776,0,0,1,1,8080,2220.3274355527,BENIGN
22011.904274565968,13,21,2958.3438474182603,16707.261325025705,235.02929918715867,868.5785188477288,893407.7182575669,1544.6187470152631,757.0134217469036,677.3958548052835,959.8950933652743,0,0,0,0,443,20748.313701652358,BENIGN
82243.82438559415,16,12,4495.7246062149325,8636.58125013189,290.38863883784023,661.374195355424,159675.28205858916,340.45109416026236,3351.5361372826146,3001.249237258433,3711.001243140864,0,0,0,0,443,17488.830185368104,BENIGN
19993.174381892954,6,18,2173.5229396992245,10288.968885674298,351.0150540361518,632.1483735640402,623337.3243950856,1200.4096769013265,1250.3556310801669,1725.728782155586,1036.0949871087405,0,0,0,1,443,20127.155294729244,BENIGN
59979.836536832896,8,17,2528.7740861078632,10295.688956298383,346.48041190083427,562.8774888065323,213812.90418374012,416.8067377884199,2376.881935887909,3169.429268790366,2161.2191415562174,0,0,1,1,53,17463.921996493256,BENIGN
1328.45976405354,116,1,8706.420763152099,28.19662056006173,68.67281572263708,28.490291729602482,6574995.810983505,88071.91844711725,1.4218998666367684,1.8844185011966343,2.229956503662586,1,0,0,0,443,61.97709624358647,DDoS
12550.212476509925,5,3,479.38186844498927,173.50614432600747,92.48720341784994,56.88350424270154,52022.06847039435,637.439407099561,303.1238437297741,377.3176645204547,254.3356707315193,1,0,1,1,80,184.73405166385623,BENIGN
190.3300383116434,150,1,9940.687596478709,54.52319868937494,69.36909720702133,60.0,52515151.49070733,793358.7432623483,7.124423928844504,8.052476151424035,8.969311252621393,1,0,0,1,80,236.3574758025318,DDoS
13752.205975994239,14,11,6162.592837943857,6575.424978696095,423.95459245473955,548.2644079334466,926252.6927589184,1817.8901656679545,617.1641177642726,532.2551027028815,802.6927178351536,0,0,0,1,80,11248.93223103552,BENIGN
23811.30084744401,17,18,5279.894025826968,12262.863630628073,315.06640033367523,678.5103506530634,736740.8344823017,1469.890293866789,591.2740936535997,569.7815864253149,620.6508998003301,0,0,0,1,443,7587.202683207272,BENIGN
172424.83128351247,7,17,3456.8389142803453,8108.833885524994,454.5163868417178,474.7486095120818,67076.60789754977,139.1910887854522,7958.3922242512435,8807.656240497778,7854.999591863547,1,0,0,1,443,23655.331247081915,BENIGN
1547.87304189245,4,2,360.8193454204433,123.5681143926783,97.65052893321615,57.6866829659895,312937.46108589316,3876.2869031327796,370.21399937051126,504.6445795326147,424.7710240666693,1,1,0,1,22,1332.2985029120434,Brute Force
55627.54309633445,16,13,5849.084767140622,7588.974846672426,366.92875418008754,628.8536936932911,241572.04984842378,521.3244803887616,2229.414295641241,2965.00747763559,3311.98603253611,0,0,1,1,443,10129.164600148222,BENIGN
57504.43500869085,12,4,3324.7532343320363,588.8127148452177,254.43771620578724,140.8852431958366,68056.76724909623,278.2394087965887,16067.527663963201,15575.131581508109,17983.9839693209,1,0,1,1,9001,5437.606328981486,Botnet
80226.50723236799,8,19,2149.6442770567887,6670.575753340428,293.30245714833086,347.20955660531223,109941.46865761386,336.5471205395646,2442.0866702272588,2618.687682450618,3372.9805691703914,0,0,1,1,8080,9957.634290669634,BENIGN
112017.07819129703,9,11,1781.5449522259519,7781.014706649076,182.749135288145,673.252828460593,85366.97986841417,178.54420346373456,5466.293676640526,5100.640775925314,6432.842317169541,0,0,0,0,443,13413.99395960693,BENIGN
8854.841742069351,17,20,7604.088483121205,18186.907088801043,440.24564189785053,841.1594120749078,2912643.311216872,4178.504944273935,315.9429836067224,321.84212012173884,384.9528012955542,0,0,1,1,80,11642.800722163072,BENIGN
46973.13726473758,9,22,3073.250949683791,14405.028912123413,316.41130491056686,684.2696823760386,372090.96261339204,659.951661846344,1417.5706534311162,1972.049046735315,1347.2564559357397,0,0,0,1,443,10993.5042012484,BENIGN
5366.2091310801015,9,3,1163.5323882255084,176.5012187839282,129.8895766372274,63.451262602504464,249716.99281122067,2236.2154934473565,256.816675497859,311.6922988659159,222.39309195869407,1,1,1,1,21,469.3296289947953,Brute Force
57561.19372309433,15,7,2354.2874855207456,946.8180071130769,150.4929285854674,142.93614562468463,57349.496754953056,382.2019415690697,13263.358119988308,16496.738771740547,20418.260646119877,0,0,1,1,4444,6349.849621956436,Botnet
33742.69315794919,10,17,3908.863745164097,15655.119662733077,426.03204390432603,976.9021534421023,579799.1083971389,800.173236724564,1022.7714423472406,858.400644374045,875.0590442192456,0,0,1,1,443,11545.387349537685,BENIGN
21097.029762961032,13,25,8732.90981152532,14444.644774521239,632.3730274278889,577.4637228437884,1098616.95444627,1801.2014215723696,670.4764375237215,650.6014445740543,800.5927593714194,0,0,1,1,443,9365.264726180694,BENIGN
50079.70033141772,5,12,827.1837926219691,2009.6757520831884,164.01137912486783,174.6399731637792,56646.8953674118,339.458900262927,14600.884436582066,17771.79347046387,12366.002898358765,0,0,0,1,6667,4362.16744023914,Botnet
25823.96355442142,15,14,3808.7462630896566,10546.394232482084,251.22685192903282,706.8361755586235,555884.4778153329,1122.9879541490754,960.1859895046729,986.8101242372722,1529.8544523597257,0,0,0,1,443,19975.848052799778,BENIGN
2490.119333433573,111,0,4971.7787927653235,0.0,47.39526964648202,35.94149976734747,1996602.6230196133,44576.17693644603,6.53906782588356,6.311802912060901,8.607584539945591,1,0,0,0,80,335.78201687923604,DDoS
54957.24594287309,5,8,1146.395355364414,1383.0323629344582,232.30987050409,170.06912445602808,46025.37254010435,236.5475157454802,13711.48023956018,13358.344515597631,17724.977896519267,0,0,1,1,1337,2518.244801739274,Botnet
87197.29435196209,18,18,4188.428891786298,15422.660767437193,218.3735179898557,905.2914454075552,224904.79555553102,412.85684684997267,2353.737156619973,3119.3506637467804,1930.0729695624914,0,0,0,1,443,21793.59577072326,BENIGN
1897.4271639279673,124,2,9671.090830657702,113.83085760055238,76.62711972777761,55.33980500472105,5156941.923400083,66405.71105726164,13.480219179690476,17.642331501934727,17.17556942807771,1,1,0,0,443,429.8555109146691,DDoS
5531.499108880881,7,1,677.9007993618727,77.35837349153144,101.23094319499606,82.37910978878774,136537.8820437352,1446.2625488189835,315.0153436576073,274.67850353908966,361.5103251251733,1,1,1,1,443,1550.4403561185984,Brute Force
42.00613339505899,1,0,40.823793828488476,0.0,40.339459415358505,0.0,971853.1683111404,23806.04733587848,47.779394660154104,63.008886934227505,44.75106827857684,1,0,0,1,40825,34.64245191336322,Port Scan
828.3051917550771,1,0,40.37999750128391,0.0,43.06386040079516,0.0,48750.144153658686,1207.2844767290696,24.590024450610823,28.72004599339583,32.52011422963034,1,1,0,0,40048,9.273798873788053,Port Scan
969.3750952675238,143,1,7696.5457726164905,34.294374951760865,59.30782279570055,32.04024478819926,7975076.093155384,148549.30841838836,29.807622621856634,39.08589125092092,32.28074025507084,1,0,0,0,443,161.5976923824734,DDoS
14191.333127617769,17,14,7437.915554766789,9930.587391484325,409.98041265058606,771.4006086731023,1223880.997652733,2184.431844508735,681.444322639937,921.538014524908,946.8415599635778,0,0,1,0,8080,4172.146464121441,BENIGN
1281.1229673088683,142,1,7806.599501131572,34.27860734530213,60.628420340919625,31.941147227685967,6120316.55708074,111620.823019344,4.993383941345437,5.933564566784334,5.010301394781106,1,0,0,0,443,355.1452660378698,DDoS
246.1818616288291,1,0,44.770833849438546,0.0,43.8834291681979,0.0,181860.81441263933,4062.0376878444044,28.270482560895992,33.54623684245366,36.27863396738245,1,0,0,0,8519,22.123755824570345,Port Scan
878.9446265552695,8,17,3324.7097518688115,8784.04200447432,404.4108088953219,563.0390197754597,13776467.129447447,28443.20250068445,38.09292074862293,42.5235878156611,30.71735716713599,0,0,0,1,53,21573.534989153406,BENIGN
67359.12232097126,5,7,1015.9322271662986,1063.49851877299,192.11535965707148,159.73026032069,30870.81117284524,178.1495896401248,14301.354127064731,14918.614230886347,18105.699306449147,1,0,1,1,1337,5326.44668294873,Botnet
80011.53755511249,10,8,3820.188655237249,7352.580728198023,347.8847026787447,869.1102956938812,139639.47856569302,224.96755530540176,3569.845211438792,3811.1767306588263,4725.365839799818,0,0,0,0,443,12287.901435299067,BENIGN
13205.618852696258,12,17,3060.0251130599886,12989.418085234085,272.368907343452,727.4704060761674,1215349.5703093973,2196.0349093430727,444.2153172887761,370.8118436015804,441.25054774689386,1,0,1,0,443,14703.873727697952,BENIGN
24454.254265873697,17,12,4659.537939956003,9067.37403541262,300.4397817617758,697.4721990559872,561330.2219779709,1185.8877267204164,1204.5566744067128,1130.0536811123704,1059.5418679525246,0,0,1,1,443,3241.9750284741644,BENIGN
173.40213078517394,124,1,8540.011932747075,47.41136685278805,76.51869259967516,50.33523356963725,49523170.567256354,720867.7277147255,25.380284906295127,23.28859390794679,27.577969612434572,1,0,1,0,53,253.2527014967732,BENIGN
20448.724735891195,17,13,7519.8348996972645,11211.507782667808,478.63900771630006,830.7967052489468,916015.2001796078,1467.084152555714,585.8234626030402,491.68721485089594,924.3477928213263,0,0,1,1,8080,16484.794450739726,BENIGN
2047.4185609981012,121,1,6700.364785506178,33.49651837928901,55.84634301538541,36.323281931665775,3288951.9672043803,59587.22965787997,4.513856161117766,3.854786704811626,5.8457903801207785,1,1,0,0,80,453.9156063654647,BENIGN
13470.12275872893,9,23,3673.6672275836177,18157.925528950025,414.00706481446906,868.6319132773739,1620741.9299416777,2375.6279414204528,601.0140489036702,603.2366617425362,920.0518346746344,0,0,1,1,53,4171.276426117221,BENIGN
47942.481464938355,10,4,1766.451120513459,731.6231484890087,164.64726488751455,182.0482182407957,52105.652287301345,292.0165909692969,15554.387910354304,18700.414425670337,17879.32426873716,0,0,0,1,4444,5575.632510056158,Botnet
1291.6929372231632,180,4,12155.409859574349,167.60318505913796,65.1542158070109,43.30721535426807,9540203.162467603,142448.7157106834,13.027533053894862,11.525452339901072,15.68664368484107,1,0,0,0,80,28.199015256515445,DDoS
427.92978587171285,1,0,51.87697193194221,0.0,47.38640133308221,0.0,121227.76596694808,2336.831959390145,32.26547992317004,30.493042862754905,42.722422338054216,1,0,0,0,39760,39.68064758999817,Port Scan
109019.64258894407,11,17,4355.472335987948,12079.85199103949,400.46545869049277,668.8315562966461,150755.62473632785,256.83445051799816,3876.076667282847,4574.969939423739,4731.622615870766,0,0,1,1,443,17085.01333498734,BENIGN
9696.27456002867,20,22,6956.207014939645,17200.87895789398,348.093174123267,724.6092801730065,2491378.0878707087,4331.560512234073,280.37008927338604,358.7754327622844,326.6024532982785,0,0,0,1,80,1913.8520431655681,BENIGN
30467.45101023844,21,14,9559.900088244247,6439.749632427148,439.2255811506093,498.376621499078,525139.0973040307,1148.766924684261,647.4354445563062,531.6089744888932,578.9378488732158,0,0,0,1,53,4600.016368537904,BENIGN
39783.831637611154,8,20,3393.5086978022355,12530.710970553844,441.64824334265006,604.2305528095578,400268.62704952515,703.8035012577606,1301.7459552466241,1079.4792951738157,1874.0270290859264,0,0,1,1,53,13713.597713046498,BENIGN
24211.318948308144,12,13,4897.786233848637,5374.006037015132,433.79399629467764,395.13748630525726,424255.7909709231,1032.5748900080873,769.719775730691,1067.2061470005826,853.5196765337212,0,0,0,1,443,14647.381189309235,BENIGN
55390.37233803541,7,6,1289.0834875495673,1012.5905752103636,193.7479738366507,157.7640505398574,41553.68461351576,234.69782655844637,14080.343870888393,12751.781708635426,14140.427317253796,0,0,1,1,9001,4678.714281056798,Botnet
49860.61085217818,11,21,4361.724472883137,17332.81698590495,405.75399980066123,890.8711616038617,435103.8041452385,641.7891689067036,1458.7931204748854,1370.4784604276579,1366.499851462906,0,0,1,1,22,22644.50900974847,BENIGN
23355.283105096536,8,14,3636.356699657649,12080.121391678784,451.1707307880034,820.335702420294,672930.3181902693,941.9710264697759,876.563758197427,1100.3975540350327,704.6273059337448,0,0,0,0,8080,14724.749163991733,BENIGN
53024.782386830295,9,3,2407.9914933353307,869.2113828456826,289.5861049408849,264.20897193300374,61805.11694084705,226.30927388738186,15406.748319982347,18735.57613119411,24113.470032496858,0,0,0,1,1337,4992.020828308932,Botnet
63453.74838651187,14,14,3934.592831530509,11264.530963020467,299.0926414579225,792.1745327955002,239530.7476867954,441.2662878392202,1866.5375887145358,1985.3814134608672,1635.0904417225956,0,0,0,1,443,14116.731221859623,BENIGN
20847.34408547274,20,13,7014.812490573899,7464.407946527255,352.0153545580703,528.5219674360292,694535.4946767944,1582.9354504200712,686.3091514525846,640.492807729427,810.1444773405717,0,0,1,1,22,14344.236135734536,BENIGN
1970.1143057883953,179,4,10942.116770366822,121.32293040476452,58.62071150440161,30.87063210971271,5615633.401709778,92888.01135158882,72.1248204678317,77.83784052156945,91.82312093628647,1,0,0,0,53,288.5101211048691,DDoS
36492.420379259536,18,11,1035.4143835481054,6881.692390193237,60.47339801309744,683.4502412728964,216952.08735020022,794.6855730205866,954.7846297663078,877.0709614497993,771.9274625413933,0,0,0,1,8080,8030.000952190362,BENIGN
1791.5430713550552,125,1,6807.5985627459295,46.79319794155756,54.76792684241582,44.89559902047335,3825970.9578196667,70330.4330298341,33.67887667572815,42.29336449066453,30.658735646836757,1,0,0,0,80,254.2160462215383,DDoS
2233.0487937381486,131,0,7669.439283966921,0.0,61.86350079552094,26.408275922422085,3434514.868404731,58664.19057539022,13.388020770978768,16.660751335930346,15.236498421104912,1,0,0,0,443,373.4298845835638,BENIGN
8489.140210106776,16,19,8363.878160882383,15380.191588904334,483.9864262917083,822.6058531330395,2796993.4719087486,4122.914586606854,195.72295487157615,216.20538159573664,191.03819188034436,0,0,0,1,8080,5890.383698955807,BENIGN
12740.461994008105,7,3,568.033105396302,182.1706533334757,86.22132332130727,62.372100787896684,58883.56003750898,784.9008932880961,229.90141111039154,316.14553925558823,230.6827645697758,1,0,1,1,3389,493.6585956459694,Brute Force
69829.30343372954,11,13,4388.431229160438,10817.358170626627,370.68465835644736,769.4106656169728,217756.56711537862,343.6952514180074,2528.4442798125106,2581.878434248085,2525.6070418985564,0,0,1,0,443,13995.467337859503,BENIGN
48192.46812527041,15,8,2290.6593717908668,1134.8261292915172,140.88158585159456,156.84586103893534,71079.27098023398,477.2530002035655,13165.932155783488,16106.546220440187,12577.528482983582,1,0,1,1,9001,6548.518294353844,Botnet
1635.6065470307328,12,13,4517.229925233694,5155.488130152722,382.8972249810379,410.77486979689274,5913841.60998022,15284.849553448415,78.79085299162632,72.42971408335362,112.2440043735735,0,0,0,1,80,18323.70516296227,BENIGN
26711.630159061922,10,6,4559.967856093299,5440.819597306392,434.68997213141677,875.1522552671628,374398.245028371,598.9900243722864,1571.1538504682428,1830.528002988105,2222.402174711335,0,0,1,1,443,5870.077527966543,BENIGN
739.2968114728776,125,3,10243.215289171563,112.66892752744134,76.67772778411862,35.01338607705048,14007749.060985811,173137.49770540692,3.3290315311718177,3.0516599306166743,4.162754198099466,1,0,0,0,80,389.89852145470377,DDoS
2904.5845459282755,9,15,3462.3505803289295,11521.736658407379,406.15251108205064,728.012025221901,5158771.246559651,8262.799591646883,89.2907388377833,97.51484352113219,134.30911061232638,0,0,1,1,443,6399.369015193719,BENIGN
33711.893580347154,13,13,5833.262608960181,10611.431313434687,466.60350062492535,824.7509307842915,487800.95615814195,771.2411626488132,1089.7685149387294,892.4863212338734,1252.1010171401954,0,0,1,1,443,22003.40763714389,BENIGN
204535.02141511312,16,20,6966.995006538314,11856.134021029311,447.8252418403004,595.6588846931595,92028.88042026422,176.00897758695496,4425.409391601868,5579.375402117824,4628.571115709033,0,0,0,0,443,17514.025686227807,BENIGN
66205.19624663627,7,8,1688.8205992585563,1760.771574517577,240.1552938312187,201.73641049761844,52104.55325780261,226.56831865764786,15375.763813432653,21258.163004433696,20311.757393630563,0,0,0,1,1337,5215.740786195496,Botnet
65405.2821300729,15,13,4202.478078530343,12270.367293871697,261.29157987881433,919.9130269119815,251858.02791343577,428.0999804314856,2094.8181132720065,2182.2207181750646,1780.582250963986,0,1,1,1,8080,10137.548465986305,BENIGN
10111.152020155558,15,17,6289.203922670451,10443.717656840736,462.26443954021926,620.5235257190395,1654897.636407385,3164.822360123875,320.29378943436956,374.6039679362805,321.06153839754876,0,0,0,1,80,1896.507768933527,BENIGN
56664.819830953595,11,9,2081.50257529199,1542.8087536553135,189.1193975694573,167.45154904154663,63960.519767990074,352.95267962847817,15921.1103486726,21553.555079829046,15673.222524777715,0,0,1,1,4444,4807.826598679126,Botnet
54437.407367924316,12,5,2868.152756859311,898.2766242696077,225.33059605041865,193.60609357634377,69188.25791377015,312.2852615868103,15061.007354689038,15519.716294887796,22253.118199527566,0,0,0,1,9001,4303.0681074262775,Botnet
37123.21117866025,13,15,5825.913258505227,14693.806642334861,441.9015520279408,907.9044357760162,552746.3613556026,754.2450965582256,1239.3758866515052,1535.2899874178552,1528.416354696301,0,0,0,1,443,11991.511453248126,BENIGN
56910.50431190673,11,6,2029.6560288864432,1197.8569262200986,195.76625504346603,211.94668428498736,56712.07792181322,298.71462580666827,13185.996234262333,16672.58339189029,17352.150118508154,0,0,1,1,4444,3314.4668806099767,Botnet
69405.0736113805,8,9,1552.7276762198878,1919.5543421941647,182.457969534089,194.5496803464273,50029.22463358205,244.93886563953552,15964.95137316015,16833.829112228592,23772.45817765331,0,0,0,1,6667,5342.972297960599,Botnet
69854.05767651934,11,31,5938.827368604023,21879.66626440907,518.9487370471378,661.1711053411401,398237.3330671092,601.25354771077,1595.2289446684558,1578.9366830067393,1925.2104993128257,0,0,0,1,443,21713.202445694264,BENIGN
18148.910339405105,12,21,3735.0815687768386,14758.288654608954,339.4018746103516,657.8236875217729,1018979.645473965,1818.2909818199967,528.612275422138,620.028039487843,746.4402765525092,0,0,0,1,443,12872.20700117454,BENIGN
379.1410968246553,121,0,7004.5092167556895,0.0,64.11052570789333,30.042901919466942,18474676.77711321,319142.40110973764,3.309767597016393,4.345559176310892,4.247966777183749,1,0,0,0,80,294.6360432198413,BENIGN
19798.67824953735,11,10,2895.38469911821,6722.170756801554,262.52577429983626,699.5074190094078,485767.5514851352,1060.676866168615,1017.3007386977533,885.0147262853274,1558.9000435133023,0,0,0,1,80,14057.263635310339,BENIGN
31584.33477808979,9,9,1497.522138233996,1160.5575278481324,155.4699705657905,132.98404298625206,84158.16526634753,569.9027738423887,15013.022405204612,16064.520319690506,23534.556536493354,0,0,0,1,4444,7916.579738537789,Botnet
409.5470136246513,1,0,43.1097880210981,0.0,40.023258014912884,0.0,105262.12275254948,2441.7221142686617,5.085239476045905,4.883730550911785,6.511472959149097,1,0,0,0,56386,27.35725948148956,Port Scan
15965.277329482215,4,4,415.473305175648,292.4242583295973,111.20699917561393,72.02087187413487,44339.82253462075,501.08744338733356,286.89046040344584,347.1128453422065,266.33453268767823,1,1,0,1,22,236.64823369181752,Brute Force
23432.36102090514,15,14,3031.628228591897,11646.873351925753,222.2997116218071,855.6896506271357,626420.0849168486,1237.6046943851582,635.9297238417993,822.8293386934953,618.9971970772901,0,0,0,1,443,14895.976517656462,BENIGN
8130.397310886767,21,11,6114.80644613549,11643.475419901995,294.11677073301814,983.9691833399523,2184183.7719614003,3935.8470166213588,277.49755614506654,248.82934934025482,382.18944565839575,0,0,0,0,443,11378.218004370588,BENIGN
83787.57168646992,10,18,3011.499332594362,14406.036813467541,332.4270704175317,864.6229111081484,207877.32351568437,334.1784400289699,2567.068026133862,2418.0278294087034,2064.1153675565356,0,0,0,1,443,19680.043757607742,BENIGN
17905.357114083905,10,18,4231.50374529324,13578.812247957552,465.6006963427101,785.1768515265271,994692.0287471755,1563.7778024530937,663.0285908719585,630.3684066476984,734.6451797062175,1,0,1,1,443,21927.2619861809,BENIGN
2541.9614139800055,143,1,9825.041517271167,35.44522012923645,64.24590118632707,34.20803950132398,3879085.922851056,56649.16831862369,29.37698739672935,26.276850873187353,23.952230946723528,1,0,0,0,53,126.04080008265605,DDoS
3517.7968697667184,14,13,3614.4407244369945,6383.10317365648,277.17353460436016,460.18418953501197,2841990.1058006394,7675.258407342461,131.80405711040927,144.45194404341066,122.66342322829689,0,0,1,0,443,6030.407519685068,BENIGN
103864.78531541086,6,15,2317.8314111576933,8104.979929568268,414.01532060450427,540.0101564678254,100349.80873521802,202.1859472026862,4321.25372820512,3522.8620738373584,5445.018063372522,0,0,0,1,80,8397.481248388362,BENIGN
55120.10566992193,6,3,984.9336032647604,443.15442275056427,175.65798588633174,159.21815220301158,25908.659075641197,163.2798030884607,15262.45663820141,20793.90699147326,22887.189490617824,0,0,1,1,9001,5666.549836231159,Botnet
5270.951188680441,6,2,606.7666008469413,152.47987188547714,93.51029165379438,82.05285509467814,144043.54082483778,1517.7526244561493,265.9713985268461,265.2052832944017,271.769512158412,1,0,1,1,22,362.86892640900027,Brute Force
1434.9142770024055,139,4,7288.654779345052,126.5313901928339,48.248015756085586,33.78375686590077,5167685.825127138,99657.5212135549,3.8351063621923975,5.330791763823403,3.429518888671271,1,0,0,0,443,208.00080720486108,DDoS
80562.28257344812,13,14,6887.229571745838,6244.646822128992,522.2819075441857,481.7240776907864,163002.78460832563,335.1444266165655,2745.6332500254216,2332.1045299675584,4197.720493499366,1,0,0,1,80,13994.95544532472,BENIGN
13210.765812411544,4,4,499.36097789019243,270.0226105272894,131.21426832091663,73.99770955244274,58239.136121438496,605.5667107870448,98.9259271766722,117.50688962951595,141.88528400212098,1,1,1,1,3389,1212.4148479261453,Brute Force
15844.156243006511,5,2,763.0673011023339,142.22820001597566,154.2050045099357,77.36883841241082,57137.50150109129,441.80326756685105,322.1014231455619,315.20414638782125,309.2179318408772,1,1,1,1,21,2842.4858478561164,Brute Force
40540.79404532639,13,18,4523.822466374836,10588.225249924233,340.32303744002417,561.7404482054242,372761.5127469663,764.6618851456299,1004.7598131118638,1144.852508307518,1376.3301844774112,0,0,0,1,443,2415.0646962911032,BENIGN
10858.150721480491,6,5,985.1764018428026,282.1062921017827,155.30489626728092,59.25166724988775,116712.5716386992,1013.0638524144714,156.1085084946132,127.8085867345102,240.0800819720544,1,1,1,1,3389,1865.5373250672465,Brute Force
23619.24992865827,16,20,5530.208817251857,20540.52729514833,350.6596002111594,1011.8244084505798,1103791.8727794748,1524.180492976605,788.1981164006008,1030.9614680967602,718.2059059386751,0,0,1,1,443,19263.246947430096,BENIGN
80425.04702835373,12,12,2017.2635623723306,2257.171162120281,175.25330308773644,205.48489844267863,53148.05377714813,298.4144975574442,15639.174039070547,17138.78073937495,14632.062653833971,0,0,0,1,1337,2647.5561049320604,Botnet
151887.93657436062,14,21,5004.027216566028,13687.31607055753,345.4120989478198,687.4868231883688,123060.09093732557,230.43304681978384,3444.8478202421747,2997.0446884249554,5198.707424294692,1,0,0,1,53,17754.291840461905,BENIGN
9273.937951412368,14,20,2650.0303558895594,17655.978349915535,200.6258258923608,822.7184366009876,2189577.8052636855,3666.187996742203,352.4718554429723,381.6288333298415,530.8415094342836,0,0,0,1,443,24637.90263534786,BENIGN
69792.67786069287,8,14,1998.6217168201263,10419.520598761666,251.57257199611817,780.7731308263277,177929.01341840718,315.21931346311567,2668.907150886373,2725.8203702976707,3243.050450645554,0,0,0,0,53,23997.337376878557,BENIGN
31240.451303033202,9,11,4740.912801148817,9704.754228248148,522.1066278335325,811.6643677029876,462402.635905404,640.195617086305,1555.8425121460127,2139.771299529777,2434.2843209764665,0,0,1,1,443,10534.351930412644,BENIGN
2969.5123274398925,14,12,4033.294320003984,14453.43345752054,309.86057901795726,1171.8349135361063,6225509.692853337,8755.64642710724,127.08334334186222,120.4063065567524,138.55919056246506,0,0,0,1,443,6394.817050628649,BENIGN
34749.29475750733,9,10,4272.103734855398,7529.863796273846,465.20895502500963,753.8027271471748,339631.8576675435,546.7736865622342,1979.175342119862,1795.3167715228797,3130.9238493992407,0,0,0,1,443,12679.809403775238,BENIGN
531.8584843621347,169,2,9367.485952550036,60.563478603798735,58.667093887971184,32.553777697390764,17726612.82720915,321514.0963767508,9.671671362498603,9.205783850491333,11.936561469390114,1,0,0,0,80,163.34913449567335,DDoS
24014.763251546534,10,11,3863.1481264396148,13042.899299521418,361.36555360864065,1105.048987866051,703985.596229948,874.4620873431935,1208.7798657110961,1384.2065742671045,1261.1022502115718,0,0,0,1,53,2679.80363589247,BENIGN
11255.47434029436,12,12,4876.83575757823,5405.118225327795,430.0417183302193,470.0593188546792,913506.9453356441,2132.2957411115503,572.7208535135007,793.5380883336877,475.6039480674235,0,0,1,1,80,15169.464484453603,BENIGN
3076.5262694240964,8,11,2941.741145780834,6693.58093410531,364.15721354325683,650.4867137223106,3131883.5713012805,6175.796445761103,157.6112139889222,209.44494543542191,183.0976065129677,0,0,0,1,443,9987.926218458599,BENIGN
23665.292495797108,8,17,3068.9293890745066,12047.116950253188,374.7370608575572,656.66970191567,638743.2710587567,1056.3993664747618,941.9469232993894,837.8718753168657,1122.710756287923,0,0,0,1,53,22010.776172830763,BENIGN
62847.93924327044,15,21,3428.6559963019645,8576.576713931707,242.21508461948662,415.7978335135409,191020.30798120648,572.8111443821886,1518.655844990686,1866.2108580788895,2278.417618785326,1,0,0,1,443,1981.826372371984,BENIGN
218006.82759058042,7,9,2002.6971698007535,5229.185788628321,293.14344278209677,604.892347887692,33172.73609435133,73.39219682627648,9937.173910486743,13017.494391525164,13555.417410744149,0,0,0,1,443,20480.58035219465,BENIGN
14186.765988855934,20,25,8007.1866699465545,14765.638020621725,423.864682996326,619.9633110614246,1605216.0660475343,3171.9702739404206,304.6094175275543,403.3326622986197,424.5501615513729,0,0,0,1,80,17850.708606656168,BENIGN
25341.856868168907,14,16,5987.49758886577,9318.999652999824,405.2493858339599,609.2270770719186,604000.6192715734,1183.8122263914306,944.9309584453033,1182.6472928774294,1005.3810051916385,0,0,1,1,443,18535.22354531979,BENIGN
411.25631165038334,91,0,5662.302162271844,0.0,59.8515432961878,54.7811641232601,13768304.587348128,221273.19975908552,38.15974290209753,46.766733806352654,57.43856396053311,1,0,0,0,443,172.3493244310742,DDoS
536.0483884607648,2,0,97.38768760289882,0.0,46.29118063522969,0.0,181677.0457654812,3731.006459590143,5.810910264673403,7.059404020134609,6.43627202658125,1,0,0,0,39083,46.414520735859725,Port Scan
2082.2938764142414,120,2,8688.85863192957,93.20199435310961,77.60248728080417,47.74554567367718,4217493.373896673,58589.23247187705,16.8435000117831,17.001578470766194,21.166586061850605,1,0,0,0,80,426.2374286050241,DDoS
146601.69884532064,11,9,5258.096167968304,6323.035259200533,493.3032620096368,779.9145684982958,78997.25254472038,136.42406709830823,6990.019123689988,6553.426925478373,10066.403490385572,1,0,1,1,22,12722.977210149606,BENIGN
240.84772400488836,1,0,39.754359023745096,0.0,40.0,0.0,165060.1399203516,4152.001037716693,7.51022763580854,9.457849097767234,8.372514060529772,1,1,0,0,45949,23.6281704199994,Port Scan
12054.198353197857,9,2,1030.1719171582574,139.2351849890104,117.17630687057932,67.27690867279581,97012.43233956209,912.5451297291629,318.03650560772974,431.4332647553229,436.70390462701147,1,0,1,1,21,426.22526096235873,Brute Force
29445.2035083519,20,11,6562.107351288554,7301.299164966717,304.1916819589441,676.5976728473343,470820.53660532605,1052.8030479126114,778.2344401264237,1055.4240654764615,968.8987242507594,0,0,1,1,53,21270.594427005453,BENIGN
13936.955236385773,16,22,6605.223851517595,19545.45280376048,435.9946027953388,809.1064950332765,1876355.0726636078,2726.5639700694355,451.1571271468477,415.90194655127436,397.8496545376309,0,0,1,1,80,15946.680124783239,BENIGN
64648.01257451881,10,3,1552.5830394990628,789.6515352175559,166.95439214667857,242.44915548677358,36230.57355424127,201.0889350235646,16244.154103237084,22186.96825838816,21661.103595548157,1,0,0,1,4444,7066.286242831808,Botnet
2672.332196114579,4,5,637.444526075391,519.3903908491328,158.78768456404916,98.19702675870738,432893.3800245707,3367.844766113096,138.91078910318018,190.67018334443833,172.2382172148597,1,0,0,1,22,2971.2760803220713,Brute Force
18977.069803015376,14,19,5169.0286091846465,7005.981315839734,401.2928915249753,365.58971931088263,641564.2694790438,1738.9407502077293,665.6775425641127,898.650753975503,977.378347558218,0,0,1,1,53,20743.324326533737,BENIGN
6466.589692409113,14,19,6684.0751467321525,14808.028597974157,434.65662441054616,731.4582253314251,3323560.7587620853,5103.153527544428,170.48913594974528,204.2658228523778,236.04957938186504,0,0,1,1,80,14992.2638329776,BENIGN
15481.52971415533,5,16,2482.0728146567358,14210.030966186923,482.2124424112001,863.0447342472128,1078194.7319832004,1356.4551040972992,692.0831751190211,789.6478566644427,980.2493496719783,0,0,0,1,443,761.0793341017084,BENIGN
21566.9922029121,20,13,7518.101178519058,6472.032029965243,352.41832460564456,547.3557122455373,648682.6293095832,1530.1160073468263,579.5073523364805,534.2641415008555,636.7057386864725,0,0,0,1,443,1633.2817959847077,BENIGN
376.60074722064087,1,0,40.58068349143386,0.0,40.0,0.0,107755.18580598742,2655.331959323292,44.06366685576528,60.285366981962625,61.52774880379842,1,0,0,0,58044,25.152689170812813,Port Scan
88287.48606098734,17,11,3750.0268282682855,8380.411152578232,238.3195873915768,773.1556162402396,137397.02558148545,317.1457388724165,2184.204289359532,2367.1835099285686,3013.053224323384,0,0,0,1,443,8674.616847736817,BENIGN
98233.51999094161,8,9,2153.5512820956405,5852.848956421438,264.49473433805764,606.0546477921134,81503.74983259657,173.05701762053948,4466.158180607824,4708.4339046227315,6991.797625890536,1,0,0,1,80,2272.8941615974177,BENIGN
5824.0797050433675,12,13,6200.522902849477,8475.837523707825,514.8895507191021,670.6209887974541,2519944.9818394985,4292.523671740142,255.0359186719299,244.35400034046594,403.6529643147964,1,0,0,1,443,14508.330752900263,BENIGN
9596.507303417038,9,18,3215.9111308535116,10618.713467827274,367.81096247041114,568.363860331456,1441631.2269938749,2813.523623369315,274.4452553067129,244.82701081626058,345.5206633310951,0,0,1,1,22,12350.36182822869,BENIGN
63823.570356671575,12,3,1906.0984801250052,318.19874710733126,170.33096835829573,98.9793786013533,34850.71760796326,235.02289069969,14459.436696502316,13114.18924255145,15394.214841319948,0,0,1,1,9001,1295.5947890027662,Botnet
119100.54432837528,12,16,4947.091815626343,10323.698588782174,409.2963417915121,628.1331883672161,128217.63737959931,235.09548304666393,3894.441958739436,4580.716227412406,4680.806232197457,0,0,1,1,80,860.7985602293327,BENIGN
46406.17546669421,18,9,4161.050635604023,6616.584409414082,246.1114818605201,788.1176775252443,232245.70731439037,581.8191162807188,2715.296808503886,2789.9189812191207,4268.625510489245,0,0,1,1,443,10270.790321533621,BENIGN
49169.69053505713,11,12,5208.838642139894,9369.024181137169,494.55973886144045,797.3913603337738,296480.67060506105,467.7678413208926,1829.6692557262757,2258.0764362124646,2924.38251056953,0,0,1,1,80,7685.836038350851,BENIGN
7277.680440792311,15,16,2852.0188544723023,13073.236679822554,193.55660151691004,775.080961227827,2188232.317131129,4259.5989549418955,210.34515319768315,175.38288368232588,291.1364666983882,0,0,0,1,80,15602.009351573804,BENIGN
33490.5839864028,9,12,2808.564532630421,6735.92799443035,294.8944321177375,575.4755635705594,284990.32835425745,627.0419174692806,1127.842590810023,1376.4802549498427,1438.6298122082894,0,0,0,1,80,7553.402741181238,BENIGN
91025.17116158806,14,9,4412.592263519272,8494.278895703497,309.10436427801915,964.3681017071633,141794.52776101313,252.67736062995536,3496.938922680757,4686.093591010994,5518.155398089273,0,0,0,1,22,15094.461732597396,BENIGN
87827.95478588132,10,19,2259.2145085364687,18213.452150794074,228.49509789438883,1046.763788734544,233099.66296313668,330.1909975098482,2869.4692047943095,3670.250692541747,2381.4874013724343,0,0,0,1,443,4279.347027442242,BENIGN
59722.13847871822,3,8,487.97150025460434,1547.2271897840826,168.4147875240951,192.17717167398058,34077.793292079165,184.18630478076088,13695.50083334272,15467.14558663152,20561.515285847374,0,0,1,1,8080,2008.6853901465097,Botnet
4124.1792920516555,12,11,3111.106709544781,9236.613180002993,286.8840604807934,814.3988786123635,2993982.32112386,5576.867146471265,193.39911139960287,187.26527539235465,293.9841965613879,0,0,0,1,443,5047.2146040912885,BENIGN
82191.73728332746,14,13,3677.815767689915,6491.158279365882,242.0929307151598,525.3358850857521,123722.58311077903,328.50017401295315,3127.348380894534,2732.443741083314,4353.581856430788,0,0,0,0,443,11589.290036929386,BENIGN
21084.276225812355,11,13,4642.942601395245,8850.535798283916,466.49933176355347,745.3162737750386,639978.2593988129,1138.2890141904934,942.3195307092863,1296.9322306643626,1398.9313997056936,0,0,0,1,8080,24446.342310117816,BENIGN
647.4673476094373,179,4,12161.586883999224,185.70733152043226,67.77070114858958,42.92482280868986,19070141.93242026,282639.7356958123,20.513271834936894,26.101885020600115,21.798770770884737,1,0,1,0,80,400.3702692045426,DDoS
2980.747778810359,130,2,7119.3495388941055,105.49115927102814,57.51613618543113,50.20929331690006,2423834.9683677787,44284.18967158714,2.889064645782306,2.677337692360657,3.51458835624549,1,0,0,1,443,258.61129491016914,DDoS
194.67873424555464,1,0,55.686899092001816,0.0,50.76754984080055,0.0,286045.10558283224,5136.667874256196,37.335183868568166,34.83449128014224,36.755043988771355,1,0,0,0,1401,25.671130462202495,Port Scan
128626.32498462797,12,20,3698.3842621247954,21252.362211119264,316.84552514279983,1099.4777075092156,193978.5380343091,248.78266563103853,3150.8263126154757,3286.407944258321,3382.7967987432057,0,0,0,1,80,11610.469467655017,BENIGN
22.62483029853866,1,1,43.0836061990232,0.0,40.0,0.0,1904262.0709427365,88398.45309819539,49.264266963088176,49.22141365388745,60.90542815057657,1,0,0,0,41265,11.03383912487717,Port Scan
7004.133181797992,12,22,4434.162900778953,19835.28847912427,406.30079045967847,918.8617072725608,3465018.5469022086,4854.276627457282,180.31932674673487,237.9738685572097,181.5962841530154,0,0,0,0,443,10808.914781431646,BENIGN
7747.050180227304,12,11,2461.7401455277286,5467.099895074015,190.09621029168224,528.2857576699175,1023465.6877321409,2968.871953185821,281.2422540144728,322.57837171330686,265.91461023127135,0,0,0,1,80,18450.51472186363,BENIGN
7143.870409570939,15,16,4003.547565066087,15119.761532656868,290.16871519460693,1027.280819675269,2676883.538103192,4339.384426468321,280.1695968365245,344.0880394501928,437.1920772242167,0,0,0,1,80,3805.4851121755632,BENIGN
14826.810530638748,6,4,686.0364886729785,291.9793639562065,121.01990059443592,71.03866442999097,65962.65937358353,674.4538873910594,205.21967648933344,170.86545452347613,232.21301993418496,1,0,0,1,21,1174.5038154988615,Brute Force
39756.72991719444,15,14,4362.196469309382,11418.152390778308,321.5246620725456,856.662711192595,396922.7069971574,729.4362504260631,1302.068400273209,1715.3030545582778,1312.7466076766316,1,0,0,1,443,18687.114816076883,BENIGN
79874.35665253043,9,10,3428.5887309004734,6470.415437527846,373.97895817616035,695.0661212629669,123932.19279988675,237.87359042719845,4955.851407872928,4106.214230686353,6708.083271773016,0,0,1,1,443,10847.836259331782,BENIGN
28559.744583374522,14,13,4065.9570284117763,4809.028878914284,322.37559648251215,353.86393492080816,310751.5853798095,945.386606003385,1254.0276104326788,1641.2137005949046,1417.0527896545445,0,0,0,1,443,23789.240451783884,BENIGN
14898.457512177669,12,16,3217.5187659194066,9837.433595306,265.73500135192245,648.4393795815433,876262.012396557,1879.3891902643895,408.3317221938176,488.0901299252092,464.1610675799406,0,0,1,1,443,23596.093880005137,BENIGN
5421.395288142525,14,14,5256.009882758162,6905.513395255141,356.8838359623947,452.75041146616053,2243245.9969507367,5164.722089392848,175.70528959778326,220.49579484437675,194.92582726652242,0,0,1,0,443,2856.0379947415768,BENIGN
59685.675487494496,18,11,4571.801641939297,7442.122462131226,270.1699350369274,717.1568347445982,201286.55671472987,485.8787265644025,1949.4612250269713,2462.5829289230223,1697.0366317647251,0,0,0,1,443,23321.543836526103,BENIGN
20509.365969716382,12,16,4316.943380719735,8118.45288991365,342.508642155002,542.501118603706,606327.6792171528,1365.2299169727676,778.7712018394532,731.0464399894478,1191.6736899755883,0,0,0,1,53,21008.75913398074,BENIGN
44451.34076958695,11,22,2714.138716213334,15467.83158394426,235.31313487511784,692.7126015149341,409030.8635324105,742.3848061424097,1216.7631454579177,1463.1316339102098,1387.8797921018534,1,0,1,1,443,1492.0057986199124,BENIGN
24811.69866541422,12,10,5473.74889277262,8246.218635135474,455.0871449145958,847.2972796420231,552963.652868829,886.6785098702842,904.7644594494673,937.9249661836293,1001.882842777054,0,0,0,1,443,24031.446456428454,BENIGN
104497.8394645256,12,14,4858.542406387668,16593.19960822923,426.09148171608626,1081.7703743917216,205284.072135283,248.80897187186676,3810.540263519568,4332.388248579427,5637.6992102703725,0,0,0,1,80,23705.411687545453,BENIGN
56301.033671301244,13,16,4485.381430055284,10143.535533885553,333.1889805828336,634.5871399770375,259833.89664473865,515.0882338912081,1801.1127048548205,1754.2731277816915,1836.9897516318201,0,0,0,1,443,13533.376825766813,BENIGN
12933.044915479937,17,24,3919.0641835442693,18478.26751602808,245.15300106551445,758.7555365529619,1731791.070543978,3170.1737887669365,315.09508628041607,389.45471823664633,252.21847919952705,0,0,0,1,80,23652.62601179759,BENIGN
22819.24406294429,10,12,3366.8187768015755,9476.392474887332,340.23596867165685,829.2980714328306,562823.6946089173,964.0985450401206,1547.7112955721748,1247.284512894163,1344.2469449113696,1,0,0,1,22,24066.922658211,BENIGN
102988.91620059089,17,16,5887.2373482988605,21256.43362465675,383.9406679931178,1228.036183216553,263559.14766680374,320.42283012014707,2457.171866487522,2441.5448627671444,2705.571622749381,1,0,0,1,443,21740.051583640794,BENIGN
1637.529822182748,145,1,9404.656632916918,42.938399108690675,63.94008243763702,46.901739478882675,5769418.610912639,89158.68158381939,54.16423160840654,62.40953050586279,49.90390362272736,1,1,0,1,80,431.847011040999,DDoS
74277.13318944229,13,16,5469.951631539776,18882.155230379878,427.8212482371743,1098.827678666108,327854.6951968395,390.4297157785573,1684.442955182173,1926.322174537522,2326.6214436170158,0,1,0,1,80,18708.980428495957,BENIGN
1723.2554414911888,119,1,7580.440884648726,44.51401104209444,58.23713690468656,45.34829748392457,4424738.615125277,69635.64258132277,3.404351942412313,3.3754973963784347,4.84471071510632,1,0,0,1,443,230.78237571720481,DDoS
66.67275519142012,1,1,47.066360663287305,0.0,51.67552279853483,0.0,705930.9387793847,29997.260414061493,45.59076099951146,48.475381985734366,41.67464469018574,1,0,0,0,60206,18.748930055189838,BENIGN
89301.17669142634,16,18,7469.377262971706,12203.915566636546,441.92725807330925,739.359139546228,220302.72789784026,380.73406487670934,2210.6450665076395,2495.1220018879744,1928.0530762125127,0,0,0,0,443,1398.6282806274505,BENIGN
1384.9698718334657,10,15,4069.0524553620726,17065.256141647722,436.27054772549474,1195.1429612741374,15259760.538351314,18050.93418162536,51.336220443856746,64.77294985278027,51.8565800851108,0,0,1,1,80,6022.082068821997,BENIGN
26768.635963261793,13,22,2707.381807226236,5816.869910047929,201.40143079301686,252.2612584865451,318441.76628847077,1307.500316715249,635.8323036821599,706.9458926317781,912.2060567408815,0,0,1,1,443,2268.810958786815,BENIGN
62805.45477473515,6,5,995.8181357988747,733.155881115241,153.72383733945014,148.93841999928304,27529.042232325857,175.14402275174652,14691.297779145194,19971.360199820294,13129.439074348444,0,0,1,1,8080,3144.7160771453578,Botnet
905.0837455659773,116,2,8239.201285863304,49.36412476854909,72.0802895765902,25.110199557068313,9157788.382829428,130374.67591047156,6.604023857211509,8.493184125766069,5.967764939844774,1,0,0,1,80,279.68875700186317,DDoS
36425.232624671036,11,17,4369.174749228366,12995.34880571825,377.76113227127007,700.1600128503375,476716.88836890267,768.6979047879964,1404.0211882595368,1489.5256464549961,1969.1726076272275,0,0,0,1,80,2505.784081598871,BENIGN
16549.297997309244,8,13,2065.414573209706,853.5793086134306,241.31005907210874,68.34508213459503,176381.73427644707,1268.9359997876888,655.8518319857878,778.178644974646,879.8415420724594,0,0,0,1,80,15317.494564864197,BENIGN
19736.11624152771,16,6,4728.476724441283,5535.970544594321,323.1983743420215,917.8978629604485,520084.45549371507,1114.7076623772991,678.295281944539,861.5664430501215,970.6029024372925,0,0,0,1,443,11483.505368837996,BENIGN
4420.209618358488,5,14,2248.9133404969707,6215.065354118916,436.898815525303,442.2411886967959,1914836.4954146931,4298.438680619843,169.7609791252493,177.89050044973317,234.2188950657248,0,0,0,1,80,18172.363195958867,BENIGN
6446.050226457317,8,4,667.9339653502668,405.50528922180825,79.61348133849094,97.90640488356892,166526.66623139643,1861.6051036566428,90.28251126131116,79.64100883638953,104.94090087387997,1,1,0,1,3389,1445.1838064925817,Brute Force
1388.6259953894892,112,2,8302.31939388366,99.84666952973797,71.01332393473058,52.48131521517797,6050704.863159869,82095.53931620347,10.215002561790634,8.823606498336606,11.604533859369411,1,0,0,0,443,377.1199411485789,DDoS
1715.561242795552,153,3,12965.138147885713,104.88829631284699,77.40508986140779,37.23086509596206,7618513.474284723,90932.34103714881,7.065513288366356,7.605276659325511,7.125620297621281,1,0,0,0,443,44.733446344210236,DDoS
9384.70796337615,12,13,5094.622449873327,9754.704800323647,437.6995651271576,770.9625010301055,1582289.7535167336,2663.9081469090543,430.98808541752084,491.55732834366194,536.5943772058874,0,0,0,1,8080,14390.252794827262,BENIGN
1122.7575583195035,9,14,3197.3816885868746,8693.740910136541,375.45003559276466,664.7833742566966,10590997.593925398,20485.27736871835,51.5982286671766,68.20329279591552,57.55929789013398,0,0,0,1,443,18759.37640042313,BENIGN
9515.303941973141,7,14,2881.9958411684747,7465.49996841739,385.1535014272432,557.1659418849129,1087458.2538495513,2206.9710151208615,488.0087582778446,503.0368238938211,426.77524510851964,0,0,0,1,80,11678.445494865837,BENIGN
3620.8749175772878,119,2,7555.424152415317,73.10966363682074,65.58519670766823,36.63692100216509,2106820.5861019795,33417.33773034076,2.390437168981607,1.9831274537666872,2.791202056162954,1,0,0,0,80,146.5584202856001,DDoS
2209.171104582867,129,1,6964.62661953983,30.386908423389695,54.14270162353471,29.262924110327987,3166352.0826667747,58845.6003839261,5.848502051784061,7.3487420553720915,6.223063692016919,1,0,0,0,80,460.85578862915867,DDoS
70988.72500344094,11,4,1880.6746895792678,893.6363614058645,169.7270992471059,229.11731179793964,39081.00970753675,211.3011608431188,13566.55978629131,11996.743281898769,18536.945454964633,0,0,1,1,6667,4360.309574370987,Botnet
497.52452882618064,181,0,12743.189212647161,0.0,65.85701877638499,41.44600271624953,25613187.84163751,363801.1585620449,34.10482566275133,36.094856129525844,28.16143083045724,1,0,0,0,80,351.31021979307667,DDoS
59064.86388051264,14,10,1489.7607126037103,7381.204691199721,114.73609898064336,671.2592721636581,150190.22852146524,406.3329435339367,1674.7219715938675,1471.308566078201,1742.835554253117,0,0,1,1,22,16931.51814864766,BENIGN
18518.674470802714,10,15,2263.7035778914505,12189.394913931623,212.90428184276666,876.7858218804918,780460.7459680988,1349.9886311742237,689.9954258555548,958.8681845401052,611.6786134664295,1,0,0,1,443,6332.598300250162,BENIGN
103990.49683832096,13,17,6232.551778820189,11671.25165817879,470.57888039829993,653.2638838927991,172167.68821515376,288.4878994918396,3306.830617691151,3577.769206136207,4524.43373218729,0,0,0,1,80,6015.464110847785,BENIGN
69080.47179289888,13,23,7094.5875665569865,17472.164835420102,589.6401189724169,757.4585927939215,355625.1392669617,521.1313568894967,1608.2828551967277,2120.4700360340194,2305.546319876376,0,0,0,0,80,17414.88282462607,BENIGN
40441.6427515629,10,11,4874.327905128196,8749.410801052925,446.2414054170193,769.3702501866763,336874.01844364055,519.2667402015572,1559.235041295013,1778.604350720286,1642.8073275826737,0,0,0,0,53,13472.560752491116,BENIGN
8368.676049246887,15,12,4958.2896102143295,6211.549626836657,331.5837122525723,506.07646331923047,1334719.9929021245,3226.31678429347,401.2885237187212,513.1548679615743,343.16798823677755,0,0,0,1,8080,14220.756303362945,BENIGN
14584.675492499644,13,13,4977.4717225353625,14943.207429791382,379.96449766567144,1169.4171102413657,1365863.72199856,1782.6930748902048,502.4267905884998,458.21950584009835,539.436382519777,0,0,0,1,443,12210.202088639282,BENIGN
6160.340058635329,7,1,730.5988320913659,107.29671703796039,95.82454056586096,103.11864634862405,136014.49614048438,1298.6296087317298,261.59153496163333,355.23969852356413,289.34324202092444,1,1,1,1,443,358.5194042081258,Brute Force
4798.445836942356,11,26,5925.409717889221,26773.83731924147,494.09826473779,1016.7157146777843,6814549.574652936,7710.829976477752,144.6362604761644,151.53236941862363,124.27993568183376,0,0,0,1,80,8276.508827602745,BENIGN
46842.820835693805,8,6,1342.13812644529,1426.4473828552439,181.80333632093553,223.51672757156288,59103.73158379259,298.8718388481875,15257.4679429028,18672.896793284446,16391.751772591222,1,0,1,1,8080,6984.223034868056,Botnet
371.90783317075085,2,0,81.93378706037433,0.0,44.610343678808796,0.0,220306.69900613997,5377.676460720732,28.197314062891405,37.957222177190815,44.73215434893816,1,1,0,0,23731,23.58132669203289,Port Scan
60632.247402548266,9,11,1652.6238554722859,2337.646387624383,192.5740666735141,213.6509495857661,65811.02324320185,329.85747447585845,15731.154992916452,21847.7052221987,23452.92927149231,0,0,0,1,4444,5536.482947724838,Botnet
55527.433840866935,6,2,1029.664940055237,223.67806187473929,161.75892025025047,111.79267049649849,22571.599572237825,144.07292840016282,14371.708010115639,15437.297962039567,14646.02734921938,0,0,1,1,8080,4002.569011314183,Botnet
83080.42874952736,16,12,4612.0151408511565,7292.624308381215,296.17980369754275,554.0899803363969,143290.53940155666,337.02281537827633,2809.839004651497,2495.852784384189,2804.63216302327,0,0,1,1,443,23420.883662150678,BENIGN
53500.767270689255,14,21,2935.7386439767174,18286.560703314706,195.6018693521201,874.4069466601461,396672.80358646746,654.196225316099,1140.7124141675854,1075.3111687091935,1315.5905989626422,0,0,1,1,443,8418.297605920616,BENIGN
31082.667467450352,7,16,2173.4536524926316,12268.290332845061,317.6014623533762,743.1481791204299,464623.70066729415,739.9622321374287,1123.2482691201178,930.8020479349987,1442.7566950581072,0,0,1,0,443,20982.216881439763,BENIGN
13079.619817916584,9,15,3259.554653430253,8549.555159649224,341.149179947966,563.302977667654,902863.3842172729,1834.9157188135223,448.44716430143495,393.1785020604804,617.8114912072471,0,0,0,1,443,23946.352655858598,BENIGN
5064.58868115515,6,4,489.83542264764134,300.6882095360063,79.13529668976356,72.88233601411461,156088.41743162883,1974.4940072249192,362.5863476221911,372.56124591042015,545.2633441816275,1,0,0,1,22,897.9609190813393,Brute Force
578.0166806291335,1,0,40.076856632573545,0.0,44.063313929974626,0.0,69335.1212441698,1730.0538782229696,42.194776700933055,42.67970697378954,36.52044339168927,1,0,0,0,21744,1.5100047831793806,Port Scan
216595.5961968037,11,16,3069.384531881367,8879.668344850426,270.8455786880316,543.6478756656071,55167.570747258455,124.65627406139497,8227.107966690017,9098.885792040497,10164.721148625793,0,0,1,1,443,18880.560033105998,BENIGN
133.87558889372548,1,0,45.26074013442806,0.0,43.397486908865254,0.0,338080.6053473828,7469.6216708621205,16.1056110894004,14.822866389169741,25.342448160886736,1,1,0,1,26608,45.42738689755531,Port Scan
17772.069376265492,13,13,4353.32843757182,10651.635114130971,364.46703735414843,830.526705759764,844300.3025715083,1462.9697560556942,503.3643539737899,629.6963791764609,741.1041418707936,0,0,0,1,80,8440.030193265837,BENIGN
811.45029716172,17,17,4903.489310714289,14308.973960729338,311.57253205240653,804.3922375799339,23676697.560706705,41900.286584310525,16.865575541044066,15.956735706098112,19.449406865285564,0,0,1,1,80,15549.749596480135,BENIGN
45454.82504355084,8,22,3656.266561065603,15587.36236594754,455.5700820396321,666.9270809491787,423357.2323416838,659.9959403926123,1712.2625776019104,1432.789980153615,2027.2253608814333,0,0,0,1,443,12581.96703111378,BENIGN
732.6185696139248,189,1,11827.694979850507,39.076404333976974,57.38026127676669,38.40899757865214,16197748.564355982,259343.68562364747,1.0958857561106579,1.2590232043526206,1.6361053605437834,1,1,0,0,53,195.59180723115722,BENIGN
65589.05215360642,6,9,1491.9574538135087,1530.2321602559925,245.96568758053346,170.9550523793965,46077.65343203433,228.6967032984517,14391.619193492512,12231.676790137164,15366.79912280822,0,0,1,1,6667,2360.9250135855536,Botnet
67346.36716007101,10,20,3778.310966982466,12070.990254248294,419.6485901796948,603.2443136813645,235340.10652066255,445.4583263369654,2338.8211295918613,2103.4536062866064,2575.582891978051,0,0,0,1,80,5379.15933173167,BENIGN
66289.49541792911,11,7,2521.9645873904524,1346.7803174329067,235.0808969036603,183.6870238888246,58361.35696059307,271.53623491198874,14688.585959260761,19088.133244865974,19733.0614418622,1,0,1,1,1337,7378.8451777641385,Botnet
132751.54456095494,15,16,6762.211105479508,17604.038948182857,422.50114462208626,1001.7316436846335,183547.77064363434,233.51894023173392,2654.4313622466852,2234.415575782964,2976.9475041323326,0,0,0,1,443,16235.406247905938,BENIGN
35080.72487029378,15,23,4435.087965872041,22932.47803704065,271.5013247402892,920.6523378658012,780131.143358655,1083.215929559604,1510.5896682118585,1604.9010554554445,2103.6098662503305,1,0,0,1,443,24676.109121158603,BENIGN
51371.168726357806,15,7,2957.13532801494,1463.7015425660281,209.75043278773626,224.2590566540643,86056.77036724103,428.2557813155634,15368.615639224503,12615.06737633564,16638.046787582833,0,0,1,1,9001,2743.8050685338158,Botnet
48429.716136396884,20,13,7559.516299216707,8757.068618200467,389.2575676888394,642.9855792365546,336912.6688965786,681.3998229322507,1184.2383308626174,1431.9339448672038,1031.682482878707,0,0,1,1,8080,16764.470905158152,BENIGN
47297.58412220815,9,3,1079.0817530297882,667.7433452525954,126.19130348543104,228.981081224106,36932.64953594485,253.71274712455153,14233.129664178849,14253.484654362535,11778.455719747764,0,0,1,1,9001,7481.54578155595,Botnet
2527.339083659218,140,4,8264.008573937414,252.25934705239519,55.21714414493843,57.983316249142234,3369657.8255180134,56976.921273068365,3.415694126773659,4.343801730024077,3.384241080254018,1,1,0,0,80,14.831540470926665,DDoS
10304.905081313755,9,17,3968.2051528399747,17199.560324180613,436.4727418490506,947.7162426355535,2054144.6340349936,2523.0703043686167,339.1584587161398,414.9856015744854,390.19049314951775,0,0,0,1,443,19496.680045165773,BENIGN
31.37630117876302,1,0,45.92904834960988,0.0,49.208977584655024,0.0,1463813.3439609145,31871.188203561986,11.438962107648251,11.92935991180455,13.114355752379709,1,1,0,0,29500,10.379245680895421,Port Scan
77883.86838842301,19,14,4166.471095869112,9711.90822417178,230.1411772316718,668.4547288183956,178193.24601118342,423.7077675112663,1752.1460965898348,2293.738389219517,2338.1194203177456,1,0,1,1,53,22912.38180095595,BENIGN
20716.443801813253,13,21,4519.499554308183,16036.419778180036,327.675506987897,768.7470745906971,992251.3501419107,1641.2083234586853,555.1944877687853,600.716179290275,488.8957083149426,0,0,0,1,443,24140.48931011399,BENIGN
38457.42814005853,16,29,5598.755696192133,22718.103274943656,376.8910871200571,829.7372979708952,736317.022241017,1170.1250493432376,1017.8785425193676,1015.0041135800975,958.8808642278436,0,0,1,1,443,3239.858772911344,BENIGN
5085.509353448238,4,2,544.0210728530928,148.32853737672403,128.538306214775,71.62122387735302,136141.64523370075,1179.8228226503388,333.95645812660666,395.00762529075706,427.8702406823809,1,0,0,1,21,1412.6050334081522,Brute Force
54281.19822446767,7,6,1350.0102076563169,1041.6518513265567,208.86179823519925,176.68510774881804,44060.59809314993,239.49360782791544,16374.945668413142,17642.939847394828,23883.055565326318,1,0,0,1,9001,1165.6166940455878,Botnet
7233.269980763609,10,19,3359.3338499556294,16547.308965660017,354.7053497791873,877.57977620189,2752094.539337812,4009.251704571174,267.15881031524697,360.7586107192693,217.49870616096553,0,0,1,1,443,23901.144830346955,BENIGN
59242.58617111946,15,2,2873.7965843203556,254.54399535626243,199.38500629532575,129.49144303725126,52805.604580471074,286.9557373963434,17962.26444735089,25029.081162122762,26081.464732654593,0,0,0,1,9001,5542.155194609511,Botnet
16065.672695321198,10,21,3571.3169381969146,12223.674847683083,339.767938331846,590.8823511544249,983151.5981574783,1929.5799552189383,552.8767547240919,505.0539105595472,785.7586427721693,0,0,1,0,443,11373.313180980462,BENIGN
13958.301484516242,9,13,2011.574312836372,7269.851283066058,206.6750103772814,615.2680553981527,664939.4703358567,1576.1229992348503,626.0087656614633,640.2796281163949,625.4331504877881,0,0,0,1,443,13617.482230002845,BENIGN
11564.593441479856,15,21,7635.933390478857,9729.853617967183,484.35766429592536,513.9745116727761,1501634.0259881923,3112.949900242518,358.2964806191646,321.38243513610905,306.7318534857761,0,0,1,1,22,1678.0623476175697,BENIGN
19178.027031706384,9,11,2988.3798702864,10621.029644379958,348.55480383994734,920.8934688712466,709635.5371783751,1042.860142335532,754.753308256814,816.1400243296291,942.6470266431608,0,0,0,1,8080,21175.914563381164,BENIGN
10407.286510494328,6,3,668.7332079945561,144.08529280832198,107.94732607509764,51.32864571606905,78100.90555143855,864.7787289150469,207.05389151083193,191.33955093989493,288.29175857940675,1,1,1,1,80,2112.7658571126726,Brute Force
33762.27860440244,11,21,1208.57094910113,11815.170905471856,110.3575049722441,577.0464839505067,385748.3082576883,947.8033273449546,885.6415233893291,1023.0632447546785,1093.710246208093,0,0,0,1,443,8752.596792406532,BENIGN
120041.0582198756,10,27,4219.085571162021,20761.996767483477,422.4130216460479,735.4717688049805,208104.48282527135,308.2278726019577,3463.150718750656,3447.746926792702,4802.390305669341,0,0,1,0,53,9964.909005377522,BENIGN
89314.94633035538,6,17,1780.4346953242168,11978.094991263275,321.8540096258493,720.7303131101038,154045.0982940511,257.5156896464821,3390.1742993230537,4628.449731298763,3341.397478839231,0,0,0,0,80,537.5365667647279,BENIGN
46176.982102317874,11,20,5340.7530203633,14031.588907092275,499.16138497725876,678.3333887654233,419523.77668447007,671.3301430420664,1222.933159856071,1629.1050085435693,1533.4547907359872,0,0,1,1,8080,7325.556353037528,BENIGN
79716.00140386565,13,11,7042.8187766502315,6041.357289792762,594.0511662070255,568.1609266431819,164134.87676275373,301.06878891740513,3437.4629141905566,4812.11766939009,4892.89981387169,0,0,0,1,443,18408.472194431793,BENIGN
454.91099995266353,1,0,42.19044176881724,0.0,40.0,0.0,92744.3868651394,2198.232181908234,15.370712349022789,20.449520146738532,22.910616447582438,1,1,0,0,34641,26.82605368597762,Port Scan
25079.095799564886,16,14,2770.742892333592,10719.440013495405,179.560133201537,724.2560670795257,537905.4736918804,1196.2153755368042,767.3438461516563,950.3059524871555,1078.4399405346005,0,0,1,1,443,12776.907649755865,BENIGN
633.7773584821733,147,0,8198.789302567777,0.0,60.84200386655295,32.77732186573242,12936387.191557255,231942.6499426372,24.961788731693638,31.085043590892404,28.51388031119408,1,0,0,0,80,211.06470285257944,DDoS
356.18465418562914,1,0,41.483662536641845,0.0,40.269358096447526,0.0,116466.73164931532,2807.5325206987727,16.84747723225476,22.899792968651184,18.15798136902623,1,0,0,0,31496,15.34133000250017,Port Scan
50784.48821954359,9,16,4253.497700549397,13270.3094860071,476.1536984217209,792.9898870996973,345062.1991266369,492.27630082484814,1539.8858994582847,1882.092393830512,2305.2005500561186,0,0,0,1,443,8333.580070559115,BENIGN
42480.897133941005,12,13,5907.8231849824,7561.955146209227,467.9164796432357,565.1721710849879,317078.4809163002,588.499812543406,1305.0371786970607,1173.4058388817036,1436.4647571215353,0,0,0,1,443,10309.60343722165,BENIGN
29076.061498062896,7,7,2557.7937540585576,7096.187964844659,366.61900710311926,937.6285211484781,332025.08254243387,481.4957486911598,1700.8254806567502,1798.3842029112627,1567.6786526084989,0,0,0,1,22,11712.490147400746,BENIGN
457.0317234381863,161,1,9644.70681591632,47.040553628752924,61.80087953725536,49.22411581770683,21205852.61923483,354461.17127558775,5.579463228810692,7.086363341067294,5.689208563236513,1,0,0,0,443,58.34577128711963,DDoS
41976.08379075321,8,19,2560.036262957634,11366.584489223249,342.4152363178633,660.872265325969,331775.1322777933,643.223415852523,1301.131160730064,1366.1186539835421,1140.273624774756,0,0,0,1,80,11863.452997130502,BENIGN
3275.6193118194374,163,0,9959.417414098527,0.0,65.25254678421642,51.5972545214339,3040468.5239709937,49761.58230959443,2.5504786379443747,2.6977227535158104,3.186207520524235,1,0,0,0,443,72.17695099731816,DDoS
39502.37005134097,17,14,8981.424076027803,9269.292179027758,515.4777239800408,668.3154778419187,462015.7279508856,784.7630397798791,1047.7298353742547,993.7672162200555,1278.8439127643403,0,0,1,0,443,21686.365331338166,BENIGN
3215.198782642541,20,24,6910.537429519596,15644.953622940324,347.20108242191606,626.2149768493391,7015271.085018816,13685.001449222003,113.65610060307489,140.65868264604555,135.73903353386933,0,0,0,1,443,3169.450162345837,BENIGN
65355.184260354006,14,16,2545.054843249334,14217.476447757397,167.7536339992854,967.3954982519042,256483.57480303632,459.03014947505403,1868.6607880739778,1895.6320716747534,2974.485584076766,0,0,1,1,443,12921.930517899584,BENIGN
2883.880669222749,141,1,9226.494103326899,35.32614009897328,72.69781624012442,38.18251380706714,3211582.345368707,49239.20795872293,9.448479944485966,9.121419725028328,8.911094601247987,1,0,0,0,80,44.972261012265044,DDoS
17697.404578949143,12,17,1227.1342876924857,14066.302580829433,109.67714081220709,769.4763845984969,864162.6968687424,1638.6583620569518,489.04073918991924,642.660345592336,453.0130632510423,0,0,0,1,443,1061.9367717615069,BENIGN
34441.94879264767,9,17,3387.6685165431886,7651.42728414438,407.0363743969944,418.0599658190624,320513.10067112366,754.8934050314315,1232.321825729718,1359.129873931315,1560.2985665670722,0,0,0,1,443,24985.439102781846,BENIGN
55894.46634457604,19,12,3836.1735967696786,7767.546369583084,222.81569166885146,709.4788334611268,207600.51441977458,554.6166199868946,1501.56241659243,1268.3858669682215,1418.609114189916,0,0,1,0,22,19384.32258706943,BENIGN
43618.26766432593,11,13,4211.263849610944,7129.656386673425,387.00468469850125,584.698837688129,260003.91220396323,550.228179273357,1506.8830104843698,1768.1549016135302,2091.8353414920693,0,0,0,1,53,14088.277990443688,BENIGN
44799.67956213423,10,19,3809.8981792127665,12749.851869032544,371.75655299643955,628.9594283569177,369639.92176055675,647.326058655819,1225.4004232957411,1454.535343639468,1939.1792179867155,0,0,0,1,443,7713.9923856226305,BENIGN
47807.88126046509,7,6,1681.6326406073454,1266.9470898668899,231.11064046243465,202.6411096344244,61675.599351703015,271.9216927680583,13538.182844084255,11355.093208517686,11941.956662810353,1,0,1,1,4444,1483.8592882802934,Botnet
161087.5012964602,10,15,1651.1315823637706,7962.825337541621,169.94589445321935,494.72140088105573,59681.582013071136,155.1951566620356,5701.7657588604,5779.078510366181,6188.888779188587,0,0,0,1,443,1396.5895906171208,BENIGN
5332.042910921361,13,12,4404.1916421650885,12049.38475875091,363.527618247322,924.5555941656244,3085792.1955607194,4688.63443480429,275.6729921588238,288.2939200151075,254.5832186942775,0,0,0,1,80,14436.470743485817,BENIGN
188341.88652376845,13,16,5178.532838188733,8891.588529131166,367.88547236329185,598.8773686596263,74705.21627988615,153.97530807009434,4351.318278529625,3968.8935842816118,6544.111276377707,0,0,0,1,80,3928.5630984521576,BENIGN
52718.65423886957,11,5,1632.7506269049336,656.5988938756875,161.53015700057117,141.32699170357662,43425.79593188247,303.4978838326106,14808.116042142565,15078.863740183726,21442.96238370306,0,0,0,1,9001,6990.288600557874,Botnet
86764.47598993946,18,19,4754.13251531079,18228.430300615706,262.03115145178776,962.7777883582154,264884.47666751745,426.44180786950454,2433.0107894181915,2102.059088818494,2670.8720113136083,0,0,1,0,80,6184.218319520479,BENIGN
31932.87514326854,16,16,3989.8767350156536,15019.008384382225,228.86090907646826,937.2640123465279,595276.3424562777,1002.102061165188,773.3102654891828,952.1241182368306,1132.9220747205904,0,0,0,1,22,9745.29464673615,BENIGN
83952.092061116,9,6,1768.3588593998359,1108.5292040022246,203.68611342331025,202.9753510868105,34268.211699926724,178.6733317983333,13844.6117092107,15232.365579441319,21609.965845601644,1,0,0,1,9001,3125.1864636163195,Botnet
107216.3482107179,13,15,4645.965134896366,9753.475085083326,360.7809211791231,711.2188644180679,134302.65496153367,261.15420332140144,3825.0533096073777,3892.179091780639,5147.887105809051,0,0,0,1,22,6716.948579657895,BENIGN
8987.282834232083,11,12,1916.6951819860853,6933.239243958352,182.37231084243416,625.9471841920598,984717.4712512115,2559.1717123215735,389.21428004206194,455.07028166843094,555.7663025431357,0,0,1,1,80,5434.363095639016,BENIGN
868.6930899710766,161,2,10773.126452711402,99.82285402895991,65.14647958312808,45.42010272352252,12516445.027900912,187638.19107324444,59.64033751514038,73.82430238005301,81.28129509197271,1,0,0,0,443,18.33320758855014,DDoS
75846.65214706736,14,19,5474.366057421884,14317.214751833095,358.5878537758253,832.2669243785854,260942.04884454122,435.0884194072626,2527.8678263800057,3409.5861887471306,2586.7330056137175,0,0,1,1,53,17539.965371941187,BENIGN
37686.151615776515,18,21,1603.6478755511548,11902.552921568946,81.43117919546171,532.4055857888095,358386.309507549,1034.8628959947578,1019.4215311670592,832.4566756595848,1348.769842867986,1,0,0,1,443,1713.4616682393137,BENIGN
52775.61020561745,14,10,5709.51167801158,9512.721451737092,376.05435664578846,1030.3848328115014,288433.1051870702,454.7555188181497,2176.040723905828,2329.7561502304243,2449.787862113347,0,0,1,1,443,5691.655923828698,BENIGN
1773.9925735465415,3,2,392.1426684906014,139.19301308898693,132.06401158584615,75.69528115553085,299514.03940623574,2818.5010887639,83.3400957245788,102.50154934292752,113.13381946938283,1,1,1,1,443,344.3516055944389,BENIGN
1368.1357586650483,118,0,7042.725492622945,0.0,63.61366230729963,56.74927150717441,5147680.300012661,86248.75071983933,6.871469122007859,8.046116825607653,7.819021041459561,1,0,0,1,80,238.39879024402467,DDoS
73.575678971021,1,0,49.64618546548096,0.0,49.46911086283552,0.0,674763.538166395,13591.44779885574,9.274465142162809,11.767123760243756,14.108761281348256,1,0,0,1,59666,48.83642011769041,Port Scan
11727.56827673041,7,5,800.0632642648765,355.3849499190057,120.4993095181799,70.82381149384717,98524.10891322608,1023.230026621132,70.30854129627903,56.79978864951479,106.68481782727643,1,0,0,1,22,2389.7521013571527,Brute Force
114792.6027262602,11,16,6047.871734584367,7071.615437856563,568.7067284768218,417.8424202323093,114288.61146851312,235.2067934585076,3334.2181141050132,2729.8949698743863,4687.647821426625,0,0,0,1,22,14532.64230667862,BENIGN
46955.09261431195,19,13,6869.745698672669,11512.868499284903,357.6258239623754,860.875453211484,391493.51379097346,681.502223046332,1584.171380076415,1316.1611819587513,2400.177910308691,0,0,1,1,8080,4533.508101711379,BENIGN
8710.676701921131,9,17,2394.061980657104,14060.892775532771,277.6407057592728,764.6635197405874,1889055.847126177,2984.842726887766,369.87595495750986,477.87682937282193,589.5426241143183,0,0,0,1,443,8680.998485022465,BENIGN
91321.23884132691,9,18,3564.3011121867307,12560.730384511195,362.7287488714257,720.2844844260252,176574.82203801023,295.6595896263871,3314.399975077599,3142.907258468608,3234.0710464828903,1,0,1,1,443,11611.009806152571,BENIGN
1490.0906980315722,119,2,5641.654243812649,81.20584233812812,52.551754993659145,38.244607444552685,3840611.9128927817,81203.1107635545,10.28144577997505,9.10280105268826,16.425669922929696,1,0,0,0,80,106.00261773750474,DDoS
82133.37009383873,9,8,1292.88156062377,1411.8637936258074,155.48529594865497,187.33427179474543,32931.13811303933,206.98042684206453,15419.462971929419,18480.486492166197,23625.914854194147,0,0,1,1,8080,6671.223319956613,Botnet
6985.268082271502,8,2,982.5743423463804,103.24587617573957,126.73765754016353,56.47534516268138,155444.31591364605,1431.5842831257742,230.01737540987588,236.0676798805954,204.49285308328416,1,0,1,1,80,1801.879643319778,Brute Force
55241.87654853303,5,5,862.3935135012337,874.9711974983993,178.0196087840379,182.46790308477063,31450.139270219443,181.02209093520656,15368.159365996587,19173.018829986562,19062.649332684596,0,0,1,1,8080,6402.053094920047,Botnet
2170.814141382334,151,0,8933.094851534843,0.0,63.806726613522486,29.551248317998336,4115089.671309407,69559.15622691033,28.801614305363135,39.38028176068037,32.776797429173996,1,0,0,0,80,153.03587840314046,DDoS
25020.486412157807,7,19,3054.9732568631343,8120.15351963523,474.0624318590945,465.6441143967719,446639.0697771652,1039.148463051711,1177.667329618645,1252.7716555929653,1229.5276784468645,0,0,0,1,443,21513.996285607314,BENIGN
107837.26364702122,15,9,3081.5166414348005,10093.8722277969,213.27073701569967,1093.6867087947835,122178.44206765202,222.55757600228156,4921.283916177581,6206.533485420701,5844.156222188269,0,0,0,1,53,6094.523207807397,BENIGN
68149.06833339625,11,15,5521.742728205661,12875.505405951122,472.90922578047287,923.0905317438037,269955.9742204321,381.51658761941985,2480.765871198564,2258.0978423146917,2968.084152778019,0,0,1,1,443,14745.106292049002,BENIGN
34100.05121867984,12,17,4633.217562738638,12457.746624623862,375.89570193114656,769.8887639003323,501200.5430068139,850.4386053271951,957.873763617995,878.1283181071707,991.4217752667598,0,0,0,1,443,22041.715455549158,BENIGN
53421.26947617167,17,4,4052.8443948446607,948.9492445732635,219.79251185620834,234.97374732185187,93629.25457338584,393.10185261259954,14412.765675871851,16378.897797980091,13560.574968304132,0,0,0,1,8080,1536.1984327859016,Botnet
115449.32391632408,21,8,10713.010673959867,6461.472875761285,561.5775504711473,808.5785187581859,148762.09723124024,251.1924627728332,3121.3520877059127,2514.60467301283,4716.208807304198,0,0,1,0,443,1033.031060703297,BENIGN
64973.64427767068,12,6,2428.3212856546893,822.6599057882105,203.78761900667718,139.82630638499475,50035.38323246177,277.03540720411786,13858.225386261345,17152.253774901652,16579.979290183273,1,0,1,1,4444,2714.8410382931397,BENIGN
8270.14626519747,9,3,508.51021325849507,246.36039906761923,58.9071913094341,86.60047935068442,91276.57336639496,1451.0021485954298,198.62815754125873,170.3715458312937,215.08483927884902,1,0,1,1,21,1652.693864708404,BENIGN
107995.22122528746,17,12,5179.672095428686,13078.562485380824,305.8098156002356,1158.3873463008774,169065.2083828898,268.5304004285844,2570.1489257587054,3169.8484239461154,3299.7564608992043,0,0,1,1,80,20129.72641085811,BENIGN
77177.79225450917,19,15,5794.72919711325,12104.126080368424,322.1708309532505,862.2413887040303,231917.17143782278,440.5412361094525,1506.2178373216036,1376.6415473473298,1300.3698947467308,0,0,0,1,8080,14705.004468114024,BENIGN
39217.081164038915,11,17,6222.7667302740565,16739.20627288934,523.7703823189624,1069.1070632055864,585509.4851938892,713.9746041496658,1548.3351083232383,2046.3471775274434,1373.8953521857754,0,0,1,0,443,9332.872867934073,BENIGN
69224.73616927472,7,23,2355.9058892192415,20063.733947883342,339.2185013031217,832.7870463625964,323867.4652696401,433.3710991204246,2147.960480447508,2747.067867200881,2480.4245177947773,0,0,1,1,53,4538.820559562967,BENIGN
336.16302800397693,1,0,40.75435771768515,0.0,40.0,0.0,121233.9083202303,2974.747121769053,40.66122154752337,51.99096048984975,37.69061603173757,1,0,0,0,21068,14.486500491707638,Port Scan
2182.666169399773,137,1,9473.732047473743,45.287482310814134,68.22885572790287,47.257952790835006,4361188.927211099,63225.42674400346,97.71454009120076,130.80801195008397,136.90104942433723,1,0,0,1,443,210.51602688505722,DDoS
3597.3046663446894,146,1,9404.711603082464,25.939443584964422,60.802758020519214,24.300523486427036,2621588.083683261,40863.9283114628,13.51106252624083,12.255335453187216,13.227129174642124,1,0,0,1,443,152.10395611075973,DDoS
27786.147981853857,16,14,5295.140148540968,4492.996751414065,311.5424197578214,293.74116289579734,352266.7807839833,1079.6746644980058,761.6083279921191,710.128349164443,892.6829527961636,0,0,0,1,22,12596.623724007755,BENIGN
60930.561820112074,6,20,1382.372495328419,17662.75527032702,231.85389132849502,848.2414940502381,312571.01849615615,426.71525131773643,2465.9585845000297,3331.0857421068026,2178.8117261493235,0,0,1,1,443,15829.980227627102,BENIGN
86002.29944289399,10,21,3387.917566774403,22857.652188735367,370.0603185331116,1064.7675269307588,305172.8840452339,360.45547852571286,3243.330969499438,2872.024411486634,4959.315178675174,1,0,1,1,8080,20766.93389343678,BENIGN
15729.331778233878,9,15,3367.8693967687914,13084.091414778837,343.67532088660437,820.7595738814595,1045941.4960217013,1525.8117978801238,400.6377145562815,423.06630735883766,449.2935545649943,0,0,1,1,443,3031.28037574849,BENIGN
211125.04428798938,11,10,2148.7144126349253,6802.146851960266,205.30731824321538,734.9359401855645,42396.01841070824,99.4671194543577,8445.92626440161,7372.497416818856,7614.212366700292,0,0,0,1,53,19038.522463706286,BENIGN
18131.111480686064,14,20,3759.324310183761,10352.795213847165,293.2625166493479,543.5902953507809,778337.2541205585,1875.2297693507685,654.2953841229656,741.3104542337551,559.0800928316968,0,0,1,0,53,15409.83670767602,BENIGN
8360.952094514265,15,16,6322.672168718341,20829.05702123071,423.55989953168233,1241.8494246174876,3247444.654988955,3707.711711485529,288.41129262671154,330.04778410114614,330.9812230683726,0,0,1,1,80,10105.660159819166,BENIGN
436.2288615791346,1,0,48.365765358828796,0.0,48.646226753173565,0.0,110872.45622342882,2292.3746869476536,27.39272078627701,30.673425329186504,25.593231972284258,1,0,0,1,20083,35.73011139741072,Port Scan
14987.071813445838,20,14,4039.989690385526,7425.395744472922,208.75728655500563,500.607260216741,765018.3823481873,2268.6219445146367,350.88782960622603,296.16639921493714,402.7345051057218,0,0,0,1,53,13004.891124863372,BENIGN
73600.68352185554,9,4,1865.108903993748,961.0224843629403,211.8273570249157,232.86702279707606,38398.16769524261,176.6287944342213,14217.135291677872,16094.469249117883,22638.356079281013,1,0,0,1,1337,7349.112473662953,Botnet
122181.17460249782,12,13,4203.285763663884,9080.48757394935,326.63429155901287,726.5270904992328,108721.93184285908,204.61417302079948,3378.1778084695807,3583.7452424825415,4601.199037520372,0,0,0,1,443,8235.363729011544,BENIGN
69342.32230658365,12,12,2711.5330148985468,8843.302949695653,223.0790474427498,769.4192440590567,166634.6839886142,346.1089735917503,2390.0094876942508,2842.561814082819,3637.392624243785,0,0,0,1,80,17273.896654994278,BENIGN
34777.83614569315,6,15,3352.743224929892,14597.33776507858,585.4123386393777,975.2454020648298,516135.6478537377,603.8328523955801,1828.7230702977593,2480.7366543721937,2720.277438596553,0,0,0,1,443,20335.410244716528,BENIGN
11392.10715069974,7,1,929.2879172792638,70.99585709255614,126.1672858133325,77.08839533509179,87804.98297107214,702.2405858874506,268.8164116967016,249.56762358888943,231.21356670782163,1,0,0,1,21,342.5849798709661,Brute Force
2310.5470198963053,18,6,5867.965171270123,5228.413162674558,338.45382856864217,805.0065941138587,4802489.730091135,10387.150658841427,68.6517191635829,70.40567802458743,95.40238026319251,0,0,1,1,80,7125.568061277854,BENIGN
8548.854381796413,22,8,8491.77860041545,3847.8018776312056,397.0011032528487,514.2628507770739,1443419.191268723,3509.2421346982815,349.173960100866,487.65922629440274,500.76820766842815,0,0,1,1,8080,13323.597440493626,BENIGN
113454.90906870291,8,19,1723.4066992130001,13238.485727927906,229.81713977288024,676.896654736231,131875.23175467615,237.98000652091733,3984.8417299578996,4702.8140283974735,4804.702018940316,0,0,0,1,8080,847.5944460623493,BENIGN
212608.3735184999,17,9,7407.809412942954,7360.798563104263,415.7972538262151,822.3080679861854,69463.90554444527,122.2905738363952,6646.268496303941,9298.106206421737,10012.046256437961,0,0,0,1,80,11664.622832026394,BENIGN
15103.946922501511,11,14,4562.604273261643,10029.84310046155,386.17207773000825,776.8203381219312,966134.7095959204,1655.196494550413,537.7507796372639,571.3815087537824,703.2741694537676,0,0,1,1,80,14126.7573279347,BENIGN
11843.607069394418,19,17,7169.649872480963,17559.056765624402,377.05399693578784,967.0779922199886,2087937.1033853274,3039.6145185387963,360.5460125856768,492.15847891969287,463.5353678344924,0,0,1,1,443,7795.58660485347,BENIGN
12967.896004092505,17,10,2470.5565332148385,4433.48033095409,144.5762511091734,406.142340998557,532394.5273766925,2082.064815408694,407.1975146543627,467.8133659744647,517.9485153589,0,0,0,1,443,6580.844237199206,BENIGN
12520.899130032856,15,11,3839.9654833150285,7094.510477813964,235.64730594978917,616.1658869711623,873297.9834412498,2076.5281893882466,416.34768351307406,344.0075362649586,439.82177363074163,0,0,0,0,80,22873.138555628495,BENIGN
16674.20300005122,10,9,2132.9884191849933,7873.01548164079,208.51461334549717,860.5524672181655,600088.8858552967,1139.4847477832454,785.6865996165229,1016.1885113620182,899.0501105019318,0,0,0,0,53,6437.050216625217,BENIGN
23488.189898932233,17,11,4743.465779445811,7783.077546866613,280.8667227463918,660.5472389496938,533312.417015237,1192.0884546864495,832.0269052924916,1058.9974786788375,870.8044366076108,0,0,1,1,443,14459.237021421764,BENIGN
24326.08994269029,17,24,6773.611989232142,20647.191487723165,430.51383606293166,847.4248170132518,1127217.877659576,1685.4332158021157,575.6817696677351,563.0221880517375,499.0882636290594,0,0,0,1,443,10167.083484009494,BENIGN
146816.39474653447,16,26,6623.286970743391,23444.753510162864,406.9064073822782,898.1964868148297,204800.2917713384,286.0715935199832,2701.063116659164,2741.479395892104,3476.6789313428217,1,0,1,1,443,12795.426543765216,BENIGN
2578.989766472987,151,3,13864.205277382749,140.11294275786594,89.80253430776105,50.153603376449354,5430156.568357713,59713.30402392779,76.89587537698434,101.301902751007,109.90618804805113,1,0,0,0,80,103.89132199493469,DDoS
474.907924683176,2,1,91.15975200298509,0.0,47.39409068912254,0.0,191952.47597479078,6317.013981186736,27.062850814141385,26.287738059674947,37.81797227040676,1,1,0,0,20781,26.51094733746943,Port Scan
23138.349696801513,14,17,5560.003243492565,8542.988459629045,438.0524198307361,546.3604441933974,609507.241783588,1339.7671141725905,830.8044692882289,849.9816749704237,1075.2943625582354,1,0,0,1,443,17403.088731172807,BENIGN
38094.81698230206,14,12,4429.111461860565,4842.766577860267,288.2886009313915,444.27609157977315,243389.48902230783,682.5075445848441,1272.0416437207896,1493.0369536529404,1466.7446266526415,0,0,1,1,443,22674.832332921087,BENIGN
56571.33407690853,8,11,2300.3495600742945,6636.307049101221,306.1469281997333,567.4998356957344,157971.46655629796,335.85914686349037,2549.3743308317667,3218.6208791038853,3457.4055362823274,0,0,0,0,443,18616.972537935024,BENIGN
91734.18654564861,11,26,2762.1798146083593,19415.05054298324,273.33114467693827,765.5485674687624,241755.3498068662,403.3392717946882,1926.9377570433207,2072.8455062490348,2058.0759937424764,1,0,0,1,80,629.5663203671412,BENIGN
71808.59657654999,9,5,2140.030855713296,1204.9336231915483,240.35855044502594,227.86211936645518,46581.671810547334,194.96272963746904,15698.126303670397,17976.64635775426,12745.072070554488,0,0,1,1,8080,3781.78724260284,Botnet
7206.530876255886,7,19,1451.4448000077878,11012.49847156382,215.43525804087759,626.1313154612524,1729534.4300317743,3607.8385628881338,280.52355867387615,384.22816021955424,377.2394406068898,0,0,1,1,443,20668.369212724403,BENIGN
152.28694916600946,1,1,46.303104374772296,0.0,43.03747242149726,0.0,304051.6907610831,13133.10175923073,48.725673036852285,41.27058837302657,59.35238334952336,1,0,0,0,19518,48.63065315889109,Port Scan
3325.2685460125795,161,0,6626.95383431883,0.0,40.0,33.58209899131619,1992907.8637168691,48417.14218632342,14.426610213154937,16.88339771815724,22.747744845337714,1,0,0,0,443,300.3198181447192,DDoS
147837.06228494222,15,10,4468.3383167973725,8769.164203798953,326.6690703576608,853.5372025008694,89541.16319683264,169.10509187347634,4898.779440611552,5938.302158073023,6297.323503018863,0,0,0,0,53,13813.33449806142,BENIGN
106115.83983320862,12,15,3577.8545391323955,11995.831065055358,317.44033882876914,787.1938248945478,146761.17748930087,254.43892299621075,3274.0646682465144,3890.2263846562632,5164.120761554392,1,0,0,1,443,16209.862877575652,BENIGN
55027.97104295732,15,19,5893.0630321521585,11746.402844981454,383.7446963990917,615.2500516964002,320554.53877017286,617.8675927094979,1842.2712091152766,2348.578567990808,2117.1796840185375,0,0,1,1,80,4451.4050256789,BENIGN
101.94523255337097,1,0,44.9787434348629,0.0,47.896651722839806,0.0,441204.971613708,9809.188472609292,38.907120833747975,44.00146348917127,36.31643861763291,1,1,0,0,24358,8.672098634135917,Port Scan
1866.349950162021,17,24,4134.122527675802,19989.873345126405,231.1919190169454,807.5544336119666,12925762.325928189,21968.013017301884,51.897511483442145,62.5523182173582,72.37302834868458,0,0,0,1,80,13228.463772643352,Port Scan
2986.4229053305876,116,4,9868.495282086058,152.56903979367138,77.59431960167649,40.82414539956061,3355540.9396280493,40181.85093136244,6.327911489508006,6.825004830687432,8.912876781841948,1,0,0,1,443,91.2397321974667,DDoS
62116.52058872571,10,15,4878.806504131953,11394.937451327307,445.1507726573205,771.1673783982299,261987.3714950638,402.4694197784407,2384.5043028668088,2285.7550957835106,2811.7814858172355,0,0,0,1,443,15988.499468222293,BENIGN
174147.14494711495,7,11,3460.783099971393,11168.002432058982,533.7162833292089,964.4650368652871,84002.44251189331,103.36086764710524,8143.389985589303,10490.674313903195,8916.324170880835,1,0,0,1,80,3452.9933561692173,BENIGN
54973.98007029495,6,5,1025.027144679431,1043.5606160458892,176.3335790738254,194.4907302253603,37628.48820624281,200.0946627101468,15390.93547226256,13344.992618982582,19868.54171098201,0,0,0,1,1337,4681.871239916341,Botnet
47198.61943806122,12,17,5173.335708911614,11192.206384975612,392.38869182966124,665.8563446050491,346737.72853385546,614.4247510895253,1923.428856852669,2516.876240765612,1812.868746704076,0,0,1,0,22,18125.00210023291,BENIGN
130470.08268404634,9,22,4066.6307223224903,19232.55455123919,494.4829510856184,811.128131055813,178578.75762970347,237.60236340978904,3145.042482427868,3572.253738904076,3244.22129501536,1,0,1,1,443,3788.190125630921,BENIGN
1014.4713685862591,1,0,47.815484707211304,0.0,51.44572123510108,0.0,47133.39990447017,985.7350645524615,5.332199793345974,5.756642958514432,7.391275162906889,1,1,0,0,57794,16.33080614239034,Port Scan
57979.32235521308,8,17,2984.411990381572,13803.38077476858,339.98096048733913,826.370926165623,289547.92990333587,431.1882061476384,1962.756078193518,2038.8197556257244,1690.4639276104633,0,0,1,1,443,18092.851622252485,BENIGN
58891.80040036327,13,10,3287.8269742351827,1789.5914176304289,239.94900494748654,197.24467200322562,86216.04972759998,390.54672880841537,15924.21066943232,22292.69941787802,14850.605163116914,1,0,1,1,1337,5490.053816803471,Botnet
49627.7902467466,13,24,4581.949253878836,13553.59438546151,369.51057812000283,585.12806941713,365431.2140268877,745.5500197779927,1866.3386157415287,1938.124020221243,2652.1741839511888,1,0,0,1,80,7015.377991094899,BENIGN
335.66521417676523,1,0,37.63135919722509,0.0,40.0,0.0,112109.79752405317,2979.1588695079627,35.60527348467279,32.28641419509496,54.20985825161483,1,0,0,0,47611,24.79902670412762,Port Scan
71253.61183516779,18,15,4106.824054115402,10968.253711156503,230.73548371308232,797.0947437827795,211569.31384959602,463.13441733086415,2098.229626459245,1804.370262345292,1702.171435044791,0,0,0,1,443,17940.3634425994,BENIGN
45721.332402427135,9,15,4877.923073357031,13867.7720192883,526.4384900142629,919.9451313689564,409998.88033993973,524.9190856635217,1946.4832889969944,2429.9769552232697,1698.7999876393571,0,0,0,1,80,21612.156428600236,BENIGN
386.82524182551856,111,1,5848.811548044186,48.28786760756687,52.41945109995326,51.32247054805136,15244867.133856013,289536.43115802336,27.619615685169748,35.96798379368945,41.372624890666714,1,1,0,0,80,209.77172129657,DDoS
1305.1172768723563,168,3,10149.963992445084,112.63918566672865,59.49625104783294,39.13099595210928,7863357.079070772,131022.70809700132,24.055324283617516,20.060409392444967,30.581593020834656,1,0,0,0,53,191.23393884743874,DDoS
41218.19152143844,9,16,4834.407180252684,10729.5860677352,501.2037141532155,705.0674894444493,377600.1001861697,606.5283089142079,1746.5841725928055,1653.3113434438426,1977.6250728752636,0,0,0,1,8080,751.382623209446,BENIGN
5329.214987082274,6,20,2424.580763078677,20243.225268807517,439.67958803511783,1041.0055215303144,4253498.139375445,4878.7673349682045,162.19331744637242,201.40906209543616,210.83864244760466,0,0,0,0,443,19219.644954453943,BENIGN
163320.16786757918,13,18,3192.239568981629,8863.520005196851,254.48829572707143,521.0903605639652,73816.72289213756,189.81121808015138,3535.4681657369947,3719.0900668580607,4187.699848510669,0,0,0,0,80,3634.5630716835362,BENIGN
1622.3029706996556,160,0,15535.445353806592,0.0,92.18960838210799,24.187433770786967,9576167.728464784,98625.22777172521,6.954217270444464,7.576981763800385,10.093996840724904,1,0,1,1,53,137.80832294169252,DDoS
57607.69224944744,11,9,1699.8293197706344,1393.8932183541667,164.18345945074057,157.69027032306207,53703.28887205988,347.1758582759724,16426.29967765573,20388.510118760074,22332.342715808085,0,0,1,1,1337,6175.58705695816,Botnet
256.0245429248331,1,0,43.478135766464355,0.0,47.37790050572332,0.0,169820.1870405417,3905.875540586718,37.943331910852336,39.571279025161004,57.07298084238474,1,0,0,1,22353,5.291818056909342,Port Scan
58342.398478880015,8,4,1392.5639641930663,836.3448997045615,169.11844974847781,193.43739708951983,38203.929252317146,205.68232216822568,16370.805859095277,22802.977626946285,19333.370079438148,0,0,1,1,6667,1698.726199875016,Botnet
23817.73345646317,10,12,4588.131123379996,10512.620307037221,482.16108372440186,877.920980584345,634012.9491338936,923.681509838632,954.916058079115,997.2510965296748,1060.001433880581,0,0,0,0,443,1418.3711670397852,BENIGN
543.104514844582,1,0,41.305312926549334,0.0,44.735726379524074,0.0,76054.07761776664,1841.2662253160718,42.402023061145144,34.82851077029691,52.236147001232844,1,1,0,0,25507,46.529098499970125,Port Scan
72292.60961412748,16,7,3335.224828799964,1200.4639860691416,197.1161401226404,168.57830253407337,62740.69837953032,318.1514697389665,13425.388090433511,16439.988037863986,16208.454902785375,0,0,0,1,9001,1675.1003311132258,BENIGN
90531.73191279126,10,17,4211.997087989506,14395.396434397015,385.5936485871192,847.7578168640672,205534.49193163478,298.2379705936583,2920.574306887727,3579.8983825519726,3890.9273964457702,0,0,0,1,443,2175.8846378101366,Port Scan
50460.3577209924,5,24,1116.0695712036313,14122.111878920861,212.99807530969386,639.6359417411625,301983.22283762053,574.7085694546214,1935.8771257020946,1767.32466521918,1648.4448177086463,0,0,0,1,22,14090.800586801859,BENIGN
5502.3122348976285,14,17,4989.86664732724,16320.274817169404,333.2357934243871,877.3826044864413,3872942.965566388,5633.995069088761,163.3214965062858,153.73998516960228,227.2404054344103,1,0,1,1,443,21352.481235466046,BENIGN
38472.19611550277,5,6,1166.4340409255904,1680.6733224641864,230.62898267362067,256.1341119372292,74004.28493455578,285.9207716392212,14723.12788758268,17689.156650196433,15776.388630219662,0,0,1,1,9001,5550.7524862508435,Botnet
17965.150357398987,15,12,5688.396698396569,6229.632313363696,353.1891582136335,557.0333861400635,663397.1202390632,1502.9097704645699,535.8384368062556,447.0962292476652,507.6780684894902,0,0,0,1,443,10515.457810099877,BENIGN
10631.36346990214,3,2,225.15059351491624,171.28704981492692,83.10673782287688,81.3528033913123,37289.44499472486,470.3065617270278,336.63962699828977,321.35353289926036,311.32159999339814,1,0,1,1,22,2090.4461069734307,Brute Force
2578.6497397216676,4,2,567.1494159977957,85.89981337309277,140.1467967414974,42.524555615414656,253252.39768367176,2326.799141262056,92.72105552756005,97.974782327764,101.48871258905639,1,0,1,1,22,1781.3153483036467,Brute Force
58822.20699343188,15,4,3499.2198579472,734.1268368267523,257.76233311902587,167.55167319263052,71968.51174330556,323.00726156231354,15380.453049879177,13673.999614241078,17351.051420877917,0,0,1,1,1337,4420.685321294498,Botnet
13452.620036088943,10,2,1355.8522494065176,152.49309595906354,139.4195005000651,76.4956065305175,112122.79402221931,892.0195447286817,123.07742096448065,103.6863128514423,144.2462083279284,1,1,1,1,22,500.5974518709628,Brute Force
1030.8379570090108,160,4,9371.501072897081,174.77708016241232,62.72528801134696,41.680072634001895,9260697.171801995,159093.87007425303,23.04546167129578,28.120758886565472,32.70304348708271,1,0,0,0,80,311.57868531413624,DDoS
3651.3977895408902,9,3,987.2585005447545,267.9624390341979,103.70084518078481,81.67671574074141,343764.5011382827,3286.4126812950785,354.79477831975186,443.72784401996245,447.9035550616493,1,1,1,1,3389,2467.7874002440763,Brute Force
2398.228758504808,144,1,6456.207873834619,45.3059270855457,46.64587023916466,43.90898066197324,2710964.8226275034,60461.28814267127,8.190280804839421,11.132053098138952,10.360405986462291,1,0,0,0,443,253.88189886695528,DDoS
1721.979142901392,135,3,7564.305072508794,185.26308800568953,56.313215859480216,60.0,4500384.451496378,80140.34349305849,3.3923091248965784,3.53419524614749,5.367285787667733,1,0,0,1,443,281.6670435346259,DDoS
1521.889316065976,185,2,10574.069860430443,81.25810232958085,59.27048310082363,39.86820005352923,7001381.670976985,122873.58747177992,27.107977984063762,23.93583960652486,39.463653540583636,1,0,0,0,53,214.59738440109172,DDoS
65054.986888391926,7,5,1200.8606990150247,777.2232285800657,172.55211075749529,149.49483881589424,30406.338118070536,184.45934084326467,15091.357085211313,20103.074435950643,13457.11718406419,0,0,1,1,9001,2913.263334418496,Botnet
8275.212262087363,3,2,299.2467162251985,116.3054294591409,110.13139711569988,58.2273150018211,50216.49385214916,604.2141085501033,321.16081851224675,396.38776237661824,340.6309597945389,1,1,1,1,21,2415.4825964569445,Brute Force
8012.5137335987065,11,13,3856.1357527721034,13263.68619432474,378.1338552037429,967.9189132751545,2136635.5823277594,2995.3146787582155,283.66090207651183,279.140453634538,241.76550475850937,0,0,0,1,443,13190.418409211301,BENIGN
9170.091646380084,16,22,5778.568697609789,23908.81913659208,350.32857344160846,996.9246179203401,3237414.518743772,4143.906240566373,243.23724463568806,333.87976811557695,388.4534948446995,0,0,1,1,443,3119.6582867681254,BENIGN
12610.774796738031,8,10,3349.004499668256,9492.187086471782,440.68756082729584,872.1148480805255,1018271.422106563,1427.3508400654314,651.9923962500305,604.1213580869339,557.4825528098369,0,0,0,1,443,5422.340576532207,BENIGN
66954.03883605682,9,21,4395.620016419699,11320.289153529418,463.79131274864943,550.1336694222808,234726.82818180666,448.06856347318774,1544.0751292828143,1698.7940324541983,1647.462325573726,0,0,0,1,443,3516.451471986327,BENIGN
22537.902732266903,9,16,2655.0187429132607,9384.636233496647,322.2504375622351,611.4018436712063,534195.8885630055,1109.2425190125691,817.0704862916483,816.0472063335286,704.7351958993746,0,0,0,0,443,9133.688935677825,BENIGN
8318.683174023588,17,17,10277.366959223002,16556.243621063077,553.3697892727265,894.1273942811135,3225704.119142113,4087.1853499806803,268.9606936791579,287.16718568687855,226.98877321601762,1,0,1,1,443,7251.29751413358,BENIGN
15089.974914457542,13,23,3149.3883327689423,15059.400738673288,222.00524601700363,632.9270827727761,1206681.20223292,2385.6898506510297,350.0198302039082,391.2680264685681,511.7254010918986,0,0,1,1,80,20795.815084149053,BENIGN
1757.6196400747447,157,2,7882.256879112274,96.37145764163014,54.77695620612056,46.543782262920786,4539451.05916921,90463.25858832481,27.302916934913434,36.17512968460174,41.736871870064604,1,0,0,1,443,496.28055332958417,DDoS
10606.150271831144,4,4,602.0309387792603,296.06027617027644,166.93761349102317,75.66729145174814,84676.45582344572,754.2793374564177,164.47170370656625,225.0542513048592,146.02102212930316,1,0,0,1,443,2546.933719903103,Brute Force
5508.147465193078,6,5,720.4183496574557,372.57925409770644,119.8065017712981,73.11112495052046,198432.88703906356,1997.0416677314606,383.5307732168414,319.9042985150136,535.8173301038132,1,1,1,1,80,385.0756377084101,Brute Force
36020.52267094784,12,14,2532.0234921652877,11259.67221985642,232.97122939258225,779.8010470360364,382884.386159819,721.8107365490885,1198.4293314895765,1503.0571577084072,1441.326926198994,0,0,0,1,80,10158.977627154269,BENIGN
2648.999732486088,9,2,994.8045754431553,155.28650056985498,110.51697639967766,73.12108683702388,434160.51044053864,4152.510800624541,355.14339638518317,469.74624404372923,295.1372143056465,1,0,0,1,22,2077.017169651127,Brute Force
5686.005218417404,7,1,699.6390390360283,42.696725868899925,90.99926788420494,43.00716493036398,130554.8863199151,1406.9631828840731,195.40140146839602,197.39192582887762,258.4179235356774,1,0,0,1,80,2148.761614767416,Brute Force
1642.9587930744972,130,0,6485.92442025566,0.0,47.25428531698878,40.05292258246641,3947709.7341671227,79125.5389654227,2.5056248315784178,2.4399884873580144,3.5938439565468383,1,0,0,0,443,271.1068946399725,DDoS
446.93352644881793,1,0,42.722885412356945,0.0,40.0,0.0,95591.14025707243,2237.469200276069,6.987636666432432,7.740754006782311,8.483754177130098,1,1,0,0,48204,0.9089772432045118,Port Scan
94724.25025089495,18,17,5086.156459344591,13576.113640618383,264.56221618048716,807.1964925560508,197016.81512952017,369.49355531762916,3546.9006822414285,4042.257331729315,4532.194430180007,0,0,0,1,443,12355.922459565156,BENIGN
587.180143659341,1,0,47.576933696989855,0.0,46.85341330662184,0.0,81026.12837090783,1703.0548645053657,38.24752981646922,51.47714334917591,54.89735442108523,1,0,0,0,49607,13.97081008621024,Port Scan
7510.786034755082,3,2,467.8094074585472,154.12372481060297,162.7121489918854,80.5760926696212,82805.3321438321,665.7092848688832,218.7227321462421,238.58944949096102,253.8188797691848,1,0,1,1,3389,1574.2720571723248,Brute Force
58493.160311908745,18,14,3949.8760625417085,6400.276883330189,220.59226604968094,428.8438373384347,176946.37955413546,547.0725094927902,1680.8010686149287,2022.3008691297541,1875.6185929196322,0,0,1,1,443,10713.044880162499,BENIGN
49945.04256277197,7,9,1383.1360148836259,2285.1802787265306,184.1471311754883,235.5057744494148,73447.05511061964,320.352114624607,15220.009632165715,16299.215379050689,23815.17217348588,0,0,0,1,9001,1351.9396577126972,Botnet
108109.00485779333,19,13,6424.632120060855,8768.201869512546,333.6146139836757,657.0503128975656,140532.548695255,295.99754471972824,2693.5970396126927,3584.864178550401,3329.459895870182,0,0,0,1,80,11129.745980589012,BENIGN
58089.56377168692,11,5,2016.850429448278,1243.054137513988,172.21858204464948,252.631830017153,56118.5926576222,275.43673873823207,15165.734303839588,20925.98638129193,21056.689637521395,1,0,1,1,1337,7924.4971636993005,Botnet
26603.709553267952,14,15,5181.199418411313,12984.107420693112,383.9793842026877,915.2961369665323,682811.0494415254,1090.0735456434757,780.6301059163137,927.9481504055019,711.64771548246,0,0,0,1,443,20827.2727877739,BENIGN
11944.720867403015,12,11,3828.3325377740907,9262.32874639539,329.457541882283,892.2459733522267,1095936.9774720916,1925.5368338298047,471.9436541078548,441.4914380669258,497.98589064932827,0,0,0,1,443,10960.328740506244,BENIGN
241655.16734742848,12,21,2521.1924122645387,13775.901027101409,193.97438704912022,720.8927795558544,67439.45771263215,136.55822204106144,8453.191311187013,8421.097286326716,11296.155856117815,0,0,1,1,80,21866.9518711671,BENIGN
11729.820978344369,21,12,6357.903269423837,7165.14070705829,327.55048337273024,641.274498664679,1152877.2690945934,2813.3421695799707,393.1586251194899,377.5452929838221,331.53302125425995,0,0,1,1,80,1001.4480045921475,BENIGN
62239.71840885504,10,23,3259.991614291628,16352.563819590538,352.82064237401516,691.8908575411712,315113.17748975917,530.2080543363286,1787.396298919066,1867.590783635869,2327.618897322143,0,0,1,1,80,24080.665470967655,BENIGN
5656.900382545726,9,4,1070.248751742993,285.1513972955098,131.8448825128933,65.63526347759652,239601.2051441754,2298.078297456199,155.4583550388566,180.75523035332188,205.20783740513235,1,0,1,1,443,1951.9053978595414,BENIGN
72159.20888606616,13,11,3849.5016071635314,12281.656344833378,296.98455846500786,1024.5007647308373,223549.53998271746,332.5978814137798,2415.431004829587,2854.363065805771,3515.8037211130795,0,0,0,1,443,13475.638980156718,BENIGN
88792.60474379273,18,26,5660.951058469866,22430.302047647234,300.1958303805612,793.8912370354398,316369.2875907088,495.5367637536946,1664.2120935176195,1574.236079395888,1670.9842235071176,1,0,0,1,80,22224.834569220897,BENIGN
15737.650494402185,11,12,4521.189907460281,6218.3995695722315,382.10721422045197,478.5371756124114,682413.7745880516,1461.4633873195369,858.4166551543818,1172.5532024735303,894.7994295837206,0,0,1,0,443,8938.846774579713,BENIGN
62923.85757920763,11,20,3668.3425666969465,15207.6539726797,332.78073843915126,828.3471379287322,299981.55334986927,492.65892449422154,1741.044280234821,2260.1006176296646,1493.3246587745455,0,0,1,1,443,9636.69737680343,BENIGN
1192.2307047955478,142,3,9596.628486034799,105.41877694540807,66.74007197289853,33.93846899320477,8137726.384629544,121620.75629889572,5.30019909392916,6.4284013023666615,8.314109820598322,1,0,0,0,80,34.71617851649893,DDoS
45715.7906751317,8,18,2362.896382359122,16451.549133263154,283.95605852299786,833.8782281297574,411552.4469285158,568.7312767871119,1757.91644443216,2317.882160144097,1417.4733766681313,0,0,1,0,8080,21186.251578997508,BENIGN
6035.524337090683,8,2,1064.077544319582,135.4429909846358,144.79303883741554,72.17050724616165,198743.38471848916,1656.8568763025355,106.65309980891995,103.68033685571365,156.44595900356157,1,0,1,1,3389,2625.3021820023932,Brute Force
2944.552994706037,121,0,9495.632394681204,0.0,79.66474993441226,38.7386090766344,3224812.8703247127,41092.824689365036,34.16570364539245,40.76447931461344,52.96318612633587,1,0,0,0,443,394.71021090451785,DDoS
14300.043851431687,3,4,302.59885403935243,316.25509225814005,99.21474466770886,78.97567134685674,43276.36703264615,489.50898841468774,360.7403956513172,413.7884923438432,446.3828654359682,1,0,0,1,3389,1274.3682257797143,Brute Force
47104.99802122103,15,19,7261.590606889459,13205.603382500707,465.114337206071,707.2585833038864,434501.5359128048,721.7917721742147,1761.942872474295,1653.2276842292863,1898.3304691878893,1,0,0,1,80,17139.59729875023,BENIGN
85833.63308778284,8,19,2257.198679654137,15766.817959050906,292.9945738468857,879.6928914350258,209987.8100263065,314.5620082559811,3063.121901192897,2918.3461773747817,3080.980828323664,0,0,0,0,443,6822.012571485152,BENIGN
560.6649567625848,1,0,37.44994137742666,0.0,40.0,0.0,66795.58072199071,1783.596402696973,32.75159397383258,39.279695815349825,46.79928919563334,1,1,0,0,23762,18.21054567906783,Port Scan
2341.7468831988886,146,0,8653.66651087259,0.0,56.25717257690229,30.96829510982053,3695389.3578162687,62346.6186920083,21.360545113876192,23.375242386524672,31.239036108944504,1,0,0,0,443,389.4631390357426,DDoS
8888.290337237853,6,2,675.3808618102587,169.10109804422657,122.15977522600262,79.94770252944049,95010.61821939971,900.0606074357938,193.6294903236163,159.63517570353594,294.8708451407418,1,0,1,1,22,747.7360357190984,Brute Force
60802.659821881105,6,5,974.1197951044886,1008.8770636104542,150.30282006675827,215.45129862154607,32613.65316129345,180.91313821178298,13686.979309254544,14624.246210681998,12980.061611616511,1,0,0,1,1337,1702.1530156506565,BENIGN
379.77613984939984,2,0,72.80356768272291,0.0,40.217192977547384,0.0,191701.26830925493,5266.2602784711535,14.236199600637983,13.944465131438,18.632231735432832,1,1,0,0,9332,49.680243991091615,Port Scan
154.34243686538434,1,0,42.071932740305215,0.0,40.76287726278103,0.0,272588.2368761604,6479.099464214033,29.21616221825739,36.37674313751333,24.7654470662622,1,1,0,0,9272,1.557693712127367,Port Scan
5051.367854630323,6,3,571.3102379475611,349.38676741624465,93.12743262914177,111.32538369013017,182266.86946187285,1781.6956236418566,151.54480431032334,126.81514941345328,164.0804911912694,1,0,1,1,3389,147.27015353538602,Brute Force
67474.17916644833,11,14,3212.7769272121564,12109.470204681818,276.75356133996485,797.2900626995272,227083.12010875106,370.51210268640506,2185.5905770122727,2361.9874889890757,2570.526922980985,0,0,0,1,443,2633.092746051018,BENIGN
533.9832243082728,127,0,7179.69618024139,0.0,54.06709810723954,40.30732506246952,13445546.326931974,237835.18698460437,8.176215676247804,8.322659221726289,7.5171424646833405,1,1,0,0,80,297.3643742106335,DDoS
50448.65290771371,11,15,5337.678510339125,15098.117046625366,524.3547390939692,931.6283403086978,405081.09491739894,515.3755056168119,1634.7321979614994,1563.3856515323077,2356.355460755708,0,0,0,1,80,17117.699997305157,BENIGN
85533.740456271,1,12,291.8955625586667,5328.135219821176,323.17482536281557,447.0955383404287,65705.42516205141,151.98680579912474,5553.407997401039,4926.831108725655,6330.574208088042,0,0,0,1,443,23520.5767559287,BENIGN
113655.17018174901,16,18,9912.13730562129,13172.452881133117,688.0614489057577,681.5104202201006,203110.77929705466,299.15049131183116,3282.134355508059,2893.0282182296205,2814.0762173255766,0,0,0,1,53,18565.804948272104,BENIGN
13459.504972118886,14,13,3691.1539988053637,13998.527888451992,242.39281320550316,1015.2413929760244,1314289.1899740149,2006.0173131129263,447.4458126020076,421.3821782876115,501.81128466928664,0,0,1,0,80,6260.309915850266,BENIGN
2118.529797934172,13,20,6514.245438112313,12005.302877122314,503.3879961225971,639.9128696941322,8741698.291566854,15576.840142715513,68.74682791949678,75.00766025254083,83.06984765310514,0,0,0,1,443,15463.563073111656,BENIGN
11269.136223024412,16,12,7952.3387349905115,11358.18536829257,526.7198063038074,935.382405610784,1713576.2423236128,2484.6624839614688,430.62858301083685,579.0544200758035,511.27698560055677,0,0,0,1,443,15501.087198000214,BENIGN
65334.154858455775,12,17,2742.337643891467,15866.111258127245,232.02037584585918,954.0163377701035,284819.61605431774,443.87196961264004,1596.0399773082852,1520.4309408412648,1455.0683850103558,0,0,0,1,53,17568.975604933028,BENIGN
1871.274366893908,158,0,8408.775518204595,0.0,55.39277558109809,36.180071578527205,4493609.097078671,84434.43826052142,1.72034752933987,2.2107188289150006,2.2180830295059457,1,0,0,0,443,414.8602309904732,DDoS
23762.24916453376,10,12,4046.199266063691,6299.160343154665,443.54497436204963,573.809295511425,435369.54509589425,925.8382844009566,889.1580224576534,817.5859041903343,1030.8970125649391,0,0,0,1,443,12577.595322192214,BENIGN
10349.065605480379,9,13,4472.757697709783,12986.635292303214,532.8720322607494,1054.124549707931,1687050.1797541336,2125.795780862558,407.5809057572879,331.99898051095363,346.60467058303755,1,0,1,1,53,23846.80861842621,BENIGN
375.0992300306636,1,0,42.732946883840135,0.0,42.45339865528793,0.0,113924.37910455537,2665.961217564355,31.289380739854717,37.050716957392154,35.995575568056424,1,0,0,0,56826,47.6537460287933,Port Scan
33101.09949965042,17,19,9944.87575564413,16050.35279220749,596.1089131836108,787.7081705814536,785328.2501424509,1087.5771664436763,800.4201145142622,809.0257196273874,1094.5768423816685,1,0,1,1,443,13610.236835656704,BENIGN
81473.59785438336,8,6,1553.1361534064624,1053.6922083779882,202.08191791686565,189.86683539020723,31995.989258306712,171.8348074553183,14497.258158716328,13874.793988829802,12922.099655253942,0,0,1,1,1337,1208.2797158915723,Botnet
46235.87978631141,6,16,2645.1512660115,10244.593705582054,421.6988762097934,653.7285211912006,278782.30134618725,475.82094472252953,1672.7267061668606,1415.312174746195,2225.9177318641596,0,0,0,1,80,14928.810533085485,BENIGN
5676.270747359547,8,3,1009.0164664716348,252.18640219996865,130.8729527588734,84.36679508844261,222188.6384222039,1937.892057935558,77.830794097352,89.7816170200552,94.31187029390325,1,0,1,1,3389,2585.656444185977,Brute Force
49716.7785915314,10,12,2070.790543941173,13498.81765328549,196.20067233725337,1202.3624608046603,313166.0706568535,442.5065465473946,1984.6228429950088,2458.6835113683774,2866.1365750701016,1,0,0,1,443,24630.6854273233,BENIGN
174201.97012561397,6,18,1731.5910681726982,19138.430588162188,306.44703200728367,1008.0452972356915,119803.59143634187,137.77111695518727,5851.788123584577,6709.814926903528,9256.016994724772,0,0,0,1,80,4389.26981354511,BENIGN
218.55709394226568,2,0,97.25260569359233,0.0,47.17946049805113,0.0,444975.74496155547,9150.926945104435,39.64155349547249,44.24302437865371,55.307532513446084,1,1,0,0,42988,27.600965492901725,Port Scan
51492.97248246231,13,21,4291.248543778455,12833.33574945076,327.3057821463173,645.3393021607217,332561.5801080735,660.2842749382911,1772.0419860344855,2103.612165998778,1939.878698883614,0,0,0,1,443,11984.87685540174,BENIGN
1260.6762435889061,125,3,7559.89257484792,98.97426939123847,58.72069800735969,33.006880982196236,6075205.1791154705,101532.80880078163,2.7441259895701804,3.5148107626781218,2.926947681737136,1,0,0,1,80,253.91548479838204,DDoS
64986.56383891159,14,10,4471.568544015033,5038.067528847465,318.7965077447892,515.6383704590032,146332.34181199272,369.3071087662227,2363.2621591524053,2968.204650422221,3094.716854312341,0,0,0,1,443,3262.2368381904134,BENIGN
52685.584260578544,14,17,4199.401145623554,8569.667369163966,308.67817297152925,480.5531636533218,242363.6122479493,588.3962460523653,1665.0173431937897,1772.9601636286354,2169.165694975218,1,0,0,1,443,1474.1967225294293,BENIGN
60824.567129904535,3,5,621.3732943315275,937.2334617953363,202.24192846784499,203.49369943115406,25624.625536555133,131.52580244285508,15660.398503233597,21903.849378728053,24505.722873547442,0,0,1,1,1337,2944.265661267376,Botnet
44292.57289412668,11,10,4465.871952535234,4405.637881657276,411.3802895717101,464.0468896722019,200293.39581148827,474.12012054925486,1863.1183220508005,1995.9127038361214,1736.197263576557,0,0,0,1,53,3375.106893425708,BENIGN
22661.527854486147,11,11,5605.40447201784,4656.675372411796,524.1214931542984,405.8839201532448,452841.48140073987,970.8083294853755,858.545652379918,899.5763690013518,734.4087993655329,0,0,0,1,443,20073.475045224168,BENIGN
2322.1605927086794,131,0,10930.269975890213,0.0,76.02603942190736,38.27623396457629,4706939.739744969,56412.980399084,8.128129172561923,9.127584617389674,7.532292844732805,1,0,0,0,443,16.308998278049753,DDoS
1748.179552758076,159,0,8579.482171152511,0.0,57.6428468959442,37.94145773165437,4907666.468022003,90951.75592755798,9.59231385212077,8.42769542803142,10.555364386591055,1,0,0,0,80,227.56259616264896,DDoS
70750.9006895928,12,7,2740.8088649135816,1191.2404430921915,212.84832580676573,161.0712221208772,55575.96114934213,268.5478179756209,16333.8722634645,14137.815877868685,13830.362525672299,0,0,1,1,6667,4888.254091875776,Botnet
2918.982017576118,7,5,357.7784542897539,379.28065146468003,46.63857611818014,83.26126393366961,252505.53148884335,4111.02224259834,108.06022114902785,140.79726023082284,94.04241327567783,1,0,1,1,21,1023.5479579924806,Brute Force
71233.7829995714,14,16,2289.4274317443087,15591.96273998301,175.74969782095022,887.8834648771954,251024.0144319572,421.1484879327623,2915.4390720783995,3086.543361907273,3160.105091983679,0,0,0,1,53,23261.168724322804,BENIGN
1085.8787691991702,179,1,11415.97442705782,35.612314306892415,59.08733859680028,35.50522900050861,10545916.419205982,165764.36072394068,28.95727103110948,39.544306606741685,37.8461535197491,1,0,0,0,443,193.74050869059556,DDoS
76027.3479691471,9,8,1832.4944798407976,1599.6860795911148,198.47405603962474,191.33624186927187,45144.02581587794,223.60374857345838,14428.916307847581,20124.125904997105,20919.918451094076,0,0,0,1,9001,6894.380614321043,Botnet
2602.822514167847,148,1,10415.605808161725,44.660350929938424,76.19026374605207,49.47405142464481,4018816.5355700147,57245.54755038188,11.381115590264233,13.429929066750214,14.9932994575661,1,1,0,0,443,366.31279160492267,DDoS
657.6167423896397,146,2,7908.707365902538,85.71813065758253,58.50122828781387,41.83125767629427,12156663.57202232,225055.0973842293,6.6652065616885805,9.106154163596635,7.971034786002654,1,0,0,1,80,123.16814323491329,DDoS
58312.57651698055,14,14,4711.709014452854,10543.106633111878,331.3464299642346,684.9691943960864,261604.21231125927,480.17085974320537,2193.2648752726845,1935.8478265787535,2359.206830452412,0,0,1,1,443,15599.628645559178,BENIGN
27079.330823103544,16,15,7335.916096753238,14453.999975564335,454.55433583853494,886.4959941497129,804669.6653865188,1144.7845665946595,902.7402300162576,910.3791281557294,1258.6895359565722,0,0,0,1,443,21275.65972575545,BENIGN
2827.4150555665815,4,4,662.1879898382829,336.484397814494,151.58797098949128,85.20026019803409,353210.3946629988,2829.4395561945157,236.1818277237551,197.61889042838476,373.40347001853536,1,1,0,1,3389,2186.1048892219706,Brute Force
542.958050001432,141,2,12314.36930644373,62.956447177304995,87.59377081903529,31.037119477834448,22796099.539528683,263372.0966097157,8.861551056307038,11.52044299670768,12.903490178086292,1,0,0,1,80,491.58528418913613,DDoS
248.1072954288152,1,0,49.06816809909141,0.0,44.698817872566316,0.0,197769.95277097615,4030.5142912934266,12.178852002760191,16.95848461921136,13.576957490794298,1,0,0,0,18360,6.916720410141042,Port Scan
6256.157220254483,6,3,625.234448743849,373.4645431664009,101.8208271939997,135.09706343001602,159634.5738685937,1438.5827726423258,113.44730933483396,116.10796492061154,156.49233369780654,1,0,1,1,3389,798.100230882335,Brute Force
242517.15651722354,10,14,2416.7124238339666,12610.677060079366,246.26636397013857,868.8673217473978,61964.23255047561,98.96207074444864,9223.835989528376,11419.859354069164,13965.756832418223,0,0,1,1,443,10787.393859284122,BENIGN
59529.5281395467,5,13,1136.337811533087,6630.711272274711,215.35533294716777,516.7265001009519,130473.88962332434,302.37095039297355,2778.553427995882,2935.573212835269,3455.790264365393,0,1,1,0,443,18529.89724783031,BENIGN
413.67708081615865,101,1,7064.263247726325,21.670109770087258,68.31069836026747,19.733678237644703,17129141.75355404,246569.13503344316,12.388593873764593,12.174652156094226,15.203457001825853,1,0,0,0,443,297.0275096739095,DDoS
659.7906048567306,106,0,6213.28522531579,0.0,56.512935572315016,43.483892886885606,9417056.229021275,160657.03151838185,9.881061617138382,13.039847639448036,15.010343178641927,1,0,0,0,80,88.91282371961442,DDoS
28842.763041453145,23,15,4077.88105906785,8833.230047354602,183.56793081480745,582.2649389295514,447637.80390479433,1317.4882012997844,854.199034628401,1026.5713064192607,814.5720007083515,0,0,0,1,80,1222.019890801861,BENIGN
124.77087523574113,1,0,38.443872328427055,0.0,40.969348523198164,0.0,308115.75422382425,8014.690913328994,5.332421486428736,5.692732337185503,8.430250897900395,1,1,0,0,29827,24.7312645950252,Port Scan
1304.8075609128086,130,3,7876.7795399732495,121.84446401736372,56.41528785247894,40.49299072603123,6130117.761116427,101930.73981496302,8.065208767697293,8.451645998010553,9.66126922355019,1,0,0,0,443,61.6064845826748,DDoS
2761.9648798379026,169,4,12029.458514597203,181.23137483235405,74.03459351522277,44.103342238127084,4421015.624987307,62636.56763447087,33.19503941044483,45.73341062216715,31.546675034569134,1,0,0,0,443,161.54934511861782,BENIGN
26521.490747603366,11,11,4894.936704549443,9044.735066920264,429.56627044751855,889.5605566661297,525599.1039164861,829.5159653492723,1225.0212774527374,1303.1159766899618,1539.4959360579119,1,0,1,1,80,22340.98061572356,BENIGN
57127.100406749756,10,19,3698.8227289071538,12772.461120554095,343.99083223403113,675.357813109224,288326.97147561004,507.6399781105213,1858.8919223701575,2234.2593552191433,1670.5436655116662,0,0,1,1,80,9870.374762798163,BENIGN
68769.8636273345,15,9,3332.914181365329,1804.9583149496061,218.5739787901385,193.615374568141,74711.10491300646,348.9900769624404,15099.067712902764,21097.818449687504,19562.644784659657,1,0,0,1,1337,7949.27312196022,Botnet
1259.3638100331111,111,2,7592.564058867331,96.04743684036228,72.84882491142507,51.01140392032872,6105155.185859712,89727.84440822466,3.5267043015574373,3.9144367009429684,3.6388199001002235,1,0,0,0,80,442.96351914476014,DDoS
844.875321579828,145,1,11671.28416088277,35.68362981609346,78.6699871625035,33.76937134643477,13856444.248848533,172806.562425087,11.200896047182088,14.613304543516909,10.177761663237124,1,0,0,1,80,406.78511632524453,DDoS
1244.196116003528,138,2,7000.724943202539,94.57132595043713,54.08021490106661,44.792356162569824,5702715.333932819,112522.45381515322,9.656594191960524,10.515853977405358,11.88188074406865,1,0,0,0,443,380.71310061757,DDoS
91735.60510812564,12,11,5713.198481212965,9494.232512834556,457.021978526761,922.9997669807724,165774.57548923386,250.72053509529567,4178.647868419755,4058.9306483792698,4504.868018643567,0,0,0,1,80,17990.14327188271,BENIGN
31020.39842974182,15,8,5409.150257892609,7091.847502766273,385.75766284824107,850.0008170645726,402992.81741891307,741.4476010710423,1397.7891933095568,1128.7986001483268,1776.449171449316,0,0,1,1,8080,8745.9803333116,BENIGN
8385.438130342762,9,4,1049.6762248945415,407.5769725419232,116.29930179745874,92.98061247556171,173783.78741635272,1550.3065907742396,316.55233740614807,274.80882820915906,367.69991390581174,1,0,1,1,22,1057.8001246083295,Brute Force
2216.689753732621,129,3,7867.1771189276715,89.09141409725902,58.463531538153184,32.31598823771423,3589256.6921589253,59548.251972441765,2.964576090864323,2.8088401627927566,4.469488542159832,1,0,0,0,80,153.37347418762926,DDoS
210879.55165119702,9,18,1058.4954570563118,12697.265056870117,113.19875504729771,662.4764528503333,65230.414263583945,128.03517357936653,7497.278713081056,8708.013172382678,6652.68905885245,0,0,1,1,443,9127.065565910745,BENIGN
99626.6882718345,6,16,1937.3194215938977,12043.80347445652,337.7876719862329,738.6517024646272,140335.1164087929,220.8243632466465,4167.53392999498,3998.268998052702,3762.979599124128,0,0,0,1,443,23530.200133854094,BENIGN
24081.55737969029,16,17,9341.95755246996,11107.786329864864,541.495630755641,663.0755450697916,849186.934213049,1370.3432664131296,557.2590041945597,719.7113022415023,466.44361004268603,0,0,1,1,443,24250.09807100251,BENIGN
66282.95507285466,13,19,6150.075419135254,16856.169582832445,470.66764984690553,974.2678281323597,347091.4200593572,482.7787168635937,1673.78593086738,1747.8776628943945,2431.914289698829,0,0,0,1,80,3247.7756184144187,BENIGN
21986.533210629856,12,17,5333.6599607074295,20270.10743562264,470.76676534200493,1093.5095359387853,1164520.443084287,1318.9892068104368,808.1085446193822,699.2905264180545,1236.7284332301158,0,0,1,1,80,11893.555278875036,BENIGN
552.0170042950858,1,0,42.32920875390831,0.0,40.45413951625927,0.0,76680.98704307457,1811.5383986712134,44.89719417217783,54.559719426330815,43.15061130118858,1,0,0,1,31201,4.9017247298845765,Port Scan
1088.8709342927843,129,0,8265.737853929972,0.0,58.81349623214998,28.973282795825824,7591108.912553095,118471.34121895244,24.308097821503022,26.616471893214552,34.0516898509438,1,0,0,0,80,232.73381524882785,BENIGN
65966.25845101046,12,15,3315.8062839783647,11510.468468806594,289.6677615321097,800.9400590690296,224755.42953213913,409.30015789892684,2939.2915627724847,2549.245335149644,4652.001641127049,0,0,0,1,80,20233.11445689867,BENIGN
59458.40497706995,9,9,1625.58131304961,967.0530638240762,166.61963203260592,115.39553529317438,43604.16963545409,302.73264153220515,15320.63191826996,12314.373295900172,16654.219080385756,0,0,1,1,8080,4959.1259861992,Botnet
10083.938126475901,6,5,864.613067313651,365.40360614197533,133.8362700999328,69.91484941094275,121977.80847406767,1090.8436626677558,108.84033035767666,114.23353960288117,100.0067273598662,1,0,1,1,22,1531.6880661316063,Brute Force
3479.1341400810993,166,0,10664.131879558148,0.0,64.54948300844738,37.8233275174096,3065168.3580413964,47713.02091736265,16.260043487418315,19.23847351058341,14.353109672335222,1,0,0,0,443,415.444257268222,DDoS
8903.877568818507,8,15,4249.338939330849,12733.752407025935,507.3963721433455,882.730894932258,1907381.4992505948,2583.1442337601648,439.949534900056,363.7415881987155,636.975170164902,0,0,0,1,443,9994.581602342108,BENIGN
60642.87166281401,16,6,3477.999570971025,1219.6604436650534,217.60357699299942,208.74981738841618,77464.33976207407,362.7796540098598,13503.092461917058,15146.330704459566,15154.686555963875,0,0,1,1,4444,4341.7511343605875,Botnet
22155.101379963377,16,14,1773.0906033451631,10304.327401926152,110.16774143728156,711.3821480320587,545130.3425852922,1354.0899445908829,618.7795249666406,801.5977461816084,738.3447538645993,0,0,1,1,8080,10805.130268855715,BENIGN
8241.438880973257,6,14,2361.3633404077414,9963.43955364254,410.0296980154036,782.0413554872847,1495467.365838768,2426.7607014805812,426.8442851787895,580.615431412034,501.2017928543706,0,0,1,1,80,8411.537440190648,BENIGN
12391.787326987765,19,15,4141.486451962982,10242.298758731979,240.7423288955554,714.890574152729,1160751.4582960017,2743.75270514466,342.5939238191837,450.8487178936414,378.5272291554693,0,0,0,1,80,24943.808571681915,BENIGN
48302.38134367665,12,8,3077.104799734936,5500.597567343622,284.5244802803217,729.3392560551615,177583.42608508846,414.05826055858086,2147.6961616046365,2708.5429809470006,2944.144855436103,0,0,1,1,443,15213.792366893249,BENIGN
15842.97609399129,6,2,688.4781468864215,147.886086822231,118.17745523424166,74.25613409951941,52790.85373523082,504.9556316022046,171.06438948937105,169.94257088481478,200.99291952743778,1,1,1,1,3389,515.0649228637358,Brute Force
73209.46956206238,9,18,4235.839144755489,20250.11841850889,480.33802721435495,1080.7444882098878,334464.34880267404,368.8047483681206,2269.83771476562,2271.3770231545286,1942.8216059986078,0,0,1,1,80,12856.692546572202,Port Scan
68427.89733964109,6,6,1181.7042816810063,1126.071911334225,190.74067865920492,200.37366602954154,33725.662817909055,175.3670720062921,15456.302216247284,14211.917597218042,13794.754854892037,0,0,1,1,8080,1772.6883740972762,Botnet
114727.12817268485,10,9,4529.432559223395,7381.417798504348,418.7610735411075,839.7504093537452,103818.95326273472,165.61035129722416,6558.4248209751795,8062.804122492451,8246.041101925883,0,0,0,0,80,24465.036069361384,BENIGN
2165.883405757231,181,4,11738.566822639117,228.3604663193083,63.495395779358866,56.50106044327735,5525194.5959549835,85415.4935155989,49.76983317731217,59.039949415924106,59.14523224197412,1,1,0,0,80,38.35384520228398,DDoS
71549.84003216762,12,10,4106.976909890904,14001.454622530033,357.5325817946911,1299.801546952533,253088.3580491541,307.47797605290475,3035.5545214739523,3093.9599707637935,3784.0317281952343,0,0,0,0,80,10721.146864157283,Port Scan
25769.251187240247,4,9,1204.2195985353837,7027.980397453755,319.3363325946252,719.9366203280117,319458.25418727525,504.47721222248805,1442.6172883619845,1382.0925123868356,1530.8991979942937,0,0,1,1,443,10603.992852664507,BENIGN
825.3371868581745,106,3,6651.901431712748,126.4511671226584,62.627696900783555,43.10489565675406,8212828.292202219,132067.23474430153,2.810558764987179,2.611343457264845,4.052621578487524,1,0,0,0,80,45.01591066669002,DDoS
4749.3499325746525,15,17,3837.0542334052075,7231.852754823699,232.82849106973197,440.39831593317433,2330615.1674168976,6737.764210743805,157.46384617167595,208.77698783728198,236.90616678375503,1,0,0,1,443,17350.690430835264,BENIGN
1731.3268749526196,136,1,9322.583978056009,36.07344812323232,70.98718007040581,33.820161824513534,5405482.674342102,79130.06029190717,9.631548930866654,12.226184081105474,14.501150846450095,1,0,0,0,80,64.09385445957568,DDoS
21005.712328649402,19,16,4205.3922427026455,10042.830772644282,239.32729089163115,626.7532686127763,678302.3014132195,1666.2134305373677,460.4929497407037,476.2449944274207,530.6506245465273,0,0,0,1,53,24330.880829607864,BENIGN
67623.00620104134,5,4,931.847374461713,426.2644826122117,188.1337561630605,105.94002157467695,20083.577074883295,133.09080009314061,15541.155536024291,16767.943788606255,24449.36975710724,0,0,1,1,6667,4776.065105643427,Botnet
20161.635536344576,17,24,10297.242706628043,13551.545934868434,597.8542012033887,556.3453740796855,1182879.6626397306,2033.5651800713754,564.9218680012817,722.7165471165699,523.9054131357492,0,0,0,1,443,20508.514628457375,BENIGN
15731.822502617455,14,14,3027.371166397463,14662.795263152682,235.45315318646936,984.8304195341902,1124482.9660776344,1779.8319295390836,577.6886659832234,554.3193795680132,607.2169966816372,0,0,0,1,443,20207.169985759574,BENIGN
39596.464570375436,13,14,3012.5559336890574,10392.402837370591,220.14762161597392,719.2460418824933,338539.2841634838,681.8790589753906,1364.444748030845,1250.7783004776609,1987.1923396388277,0,0,1,1,22,10595.867299515488,BENIGN
7842.8580260692015,5,2,617.1318840120902,156.90127757486013,116.33037488610776,78.17521220888092,98692.74172936821,892.5317756272534,195.52316696683616,223.91696685944103,279.8423170716916,1,0,1,1,80,1630.9557626761134,Brute Force
27081.87814782626,9,8,1187.1621105409927,6630.033400798984,137.60685936040807,762.398166961945,288650.4203537828,627.7260353659966,1056.3360706766227,1382.2570138292965,1192.0082042501115,0,0,0,1,443,7829.002329592561,BENIGN
62243.22895653489,9,17,2955.0468713734635,11443.465463169567,348.47753739279256,669.5367418981953,231326.56476735265,417.7161184577374,1914.8608660932553,1913.5385282771535,1915.6368445690875,0,0,0,0,80,22857.035235194315,BENIGN
24926.188578212175,8,17,4134.611196838607,8153.605725794369,470.0106823961678,477.63279988543457,492984.1914689689,1002.9611996858735,842.6048045278816,1087.4546558226157,973.8517346157187,0,0,1,1,443,10028.491068504673,BENIGN
725.2616053590489,2,0,95.98899138576822,0.0,44.11734125105729,0.0,132350.85199118985,2757.6256418673615,34.50411452131953,38.553951810535665,49.33396489701381,1,0,0,0,61574,2.441601879377159,Port Scan
3735.6679833993007,6,1,671.5046129811939,69.15098557958288,117.74482297261535,65.41142041442436,198265.90635252636,1873.8281964850353,219.48536704345338,225.02703871950575,198.69381348058417,1,1,1,1,22,138.5729582514177,Brute Force
22265.902676247766,12,25,4304.918020369382,17443.393964881954,383.73675847311273,773.0874728879108,976754.1114985393,1661.733662362132,584.8578330828586,516.1659922673322,533.0710260883267,0,0,0,1,53,24536.951412985803,BENIGN
85975.57510839871,20,24,4119.828686559229,25236.778531532735,191.00365580859818,1013.3916677579798,341452.87404101586,511.7732558872033,1899.4257116409979,2455.1741802269225,2599.8657821602155,0,0,0,1,8080,10562.171291133172,BENIGN
41290.348601408536,14,19,5334.781408011112,11927.623507275355,357.40682917746994,665.9156812222099,418073.60557613685,799.2182463403632,1440.7263479535238,1821.0730052762756,1577.2388080991198,0,0,0,1,80,22643.01515526765,BENIGN
149556.76402552697,8,14,3394.726455204773,7310.737133850619,391.5850936273155,528.0776692154985,71581.27322966242,147.1013373640857,6823.054336965986,8630.674829683338,6372.575631320462,0,0,1,1,443,19286.948767993403,BENIGN
64893.00539954899,13,18,2925.5054121731114,15454.344224279826,235.56174129826536,822.7564367836821,283233.13927729847,477.70942043956336,1915.963699527205,2287.741289825331,2704.1333781392113,0,0,1,0,443,16356.043207516293,BENIGN
57538.92585519349,9,4,1546.6513477339824,911.0546151446277,180.95700323774753,209.45766329809294,42713.79637958216,225.93400566282233,13314.41425636508,14436.80636096864,20696.12609121606,0,0,0,1,9001,3411.2682595847446,Botnet
43831.53379664842,21,22,7256.444133500357,20637.21910757355,378.2412346925872,959.7602023815078,636383.4624287502,981.0288683826071,861.6555557129568,916.7118735930501,992.3139271934455,0,0,0,0,22,15127.540451437351,BENIGN
47933.49520183416,11,11,1251.491689853508,5259.27169111853,124.02994271926198,472.87678915377023,135829.09724310914,458.96924285125317,1692.946879135749,1702.1759424872023,1854.4308833028401,0,0,1,1,443,3668.160463813061,BENIGN
131539.08607971313,18,11,5614.2781146021025,11110.868055424478,309.9798216790436,937.4181656214662,127149.63033794446,220.4667894866314,5041.231326481425,6557.459527020046,7503.350713237646,0,0,0,1,80,24987.522202539407,BENIGN
116525.51005683829,17,16,2702.2601678047454,9532.220658870325,155.22692317090267,574.8998826260654,104994.01221850382,283.1997901910355,2891.237535283623,2717.9824113773043,2610.9158673244697,0,0,1,1,443,6115.91885409963,BENIGN
58943.2465408544,7,7,1383.116176280325,1559.5112263609326,199.04037119077475,228.89462679944023,49923.06286695085,237.51660829025428,15889.761210376395,17999.49657069603,19841.07011645378,0,0,1,1,9001,5532.720622948872,Botnet
19098.80919726148,12,16,4959.005694323357,13974.851639726205,378.4521536620425,954.8841614329956,991363.238330295,1466.0599889135933,772.684635015885,987.0066514640298,1201.8412135338924,0,0,0,1,443,15743.65799107825,BENIGN
8466.265566645054,6,1,512.8469749308845,101.19120496404862,87.10564312503331,108.08262409896828,72527.63040106943,826.8108228943621,194.16200216114868,188.75236793708595,192.11238623479562,1,0,0,1,3389,238.3900265036901,Brute Force
30017.093795471104,7,17,1998.9271350689357,12367.95315265507,297.92536948259544,664.9724603776956,478623.2933013536,799.5444250376115,1027.188888815486,1009.5488950562028,1106.6376198258977,0,0,0,1,443,22764.945453739634,BENIGN
32067.250563733654,10,14,2015.1769730483838,15966.240644587619,220.37306436824758,1081.6424486424298,560740.858711848,748.4271204448914,1212.6186195300104,1187.792243525391,1600.317836372712,1,0,1,1,80,24644.080604242416,BENIGN
20837.288846615298,10,12,4437.904027034047,10512.297838161152,407.3837941357062,825.2792798937934,717473.466689676,1055.7995410028386,778.4611103855126,938.0478603072941,714.2210596023905,0,0,1,1,80,2811.5196275776057,BENIGN
11981.425846746548,7,3,838.4501364120275,259.238630203239,128.35342810700683,88.93756068840989,91615.87115387726,834.6252047051155,256.71894269332466,262.68214173946046,372.6767642741088,1,1,1,1,22,2147.4012422085743,Brute Force
300.8344096616971,1,0,44.333711045884,0.0,44.184636415788674,0.0,147369.14934611172,3324.0878299944093,30.470008873012567,30.967982587901798,24.465942580336264,1,0,0,0,1715,45.70451668268074,Port Scan
13942.665720625495,16,7,6535.528209469002,2388.7276209421043,411.49196865579773,370.85816189106276,640068.1196286149,1649.6128115569693,823.71886608297,951.490651121455,1092.484571682362,0,0,0,0,443,7080.915471784794,BENIGN
57837.45479044712,9,17,2925.0995978680726,11261.878380903096,296.65107395690836,730.887666145918,245290.49610105593,449.53568745722816,1812.034801651397,2300.961058752489,2532.4844964494396,0,0,1,1,80,2466.698320092043,BENIGN
116906.05585705144,10,6,1882.535854046717,7085.060127731441,187.29096129057464,1210.3389902560657,76707.71129892036,136.8620289402649,6748.04258075544,6633.187655477788,6469.527280340064,0,0,0,1,80,18375.227300520688,BENIGN
59360.65611570498,10,5,2018.986447513772,1007.2543196624342,203.33429887335848,185.85823995533266,50980.58150296552,252.69262473720312,13958.01943150445,13188.370004344253,15274.813085321028,0,0,1,1,1337,5411.639389916198,Botnet
5310.888800637242,4,2,352.9205851562885,133.6634657274475,97.66153804277405,62.203815262955544,91620.07888874492,1129.7544018018364,96.90968236711767,133.42715093062105,100.5634692104291,1,0,0,1,21,1170.251139252856,Brute Force
66173.96565183258,14,13,3854.507497257701,12046.3703814142,295.4322436430895,926.8532616431521,240289.0278985653,408.01544435250696,2380.162297475796,3202.530197975278,3351.460422416037,0,0,1,1,80,7482.236711232611,BENIGN
11726.121488769511,15,14,7048.4395874752945,8584.35049361096,498.351224740275,586.2104153215191,1333159.4846649242,2473.1109964854318,444.8320468396702,529.0720940858482,525.3443227932895,0,0,0,1,443,6234.936856232079,BENIGN
97983.11890071833,14,15,4341.826336189455,10969.967105516376,284.5471429334773,801.9398015883706,156269.70863440822,295.96934987734295,2958.159356820695,2439.953250343174,4093.1187439208916,0,0,1,1,80,19804.0582547724,BENIGN
23752.178990569,11,18,3943.263185266684,10092.00710588827,374.6676498045,520.4492128212254,590904.5353997954,1220.940613975446,539.4696542953408,556.427478583865,449.89336459205055,0,0,0,1,80,23235.421842508826,BENIGN
7742.600379340043,18,21,7444.913789789735,16117.036787329323,420.1508773690184,841.9173668228191,3043157.2627706006,5037.067404907735,219.70119795325456,224.55197683278027,244.97465178273242,1,0,0,1,443,4137.810328042458,BENIGN
12976.70914119658,4,1,474.02240293778004,76.08376715470395,127.88912823008559,70.67227260785027,42391.80859391281,385.3057000504637,194.6556079188766,161.26961473199205,307.49071533199793,1,0,1,1,3389,1416.6741552878939,Brute Force
3725.6605304385057,13,16,3596.860026006118,13425.31704015305,259.80889687323247,807.9541507891529,4568901.789921177,7783.854638142981,113.5007812560396,98.08645161846312,93.59869754480252,0,0,1,1,53,12903.076541385026,BENIGN
14651.401656898444,4,2,324.17478636168033,123.65666819134644,76.69558499415552,66.54924708453062,30565.7755510491,409.51713293417004,316.72745312444954,436.93103872462285,498.1817703262313,1,0,1,1,80,2034.9190211228374,Brute Force
3154.5305683041197,8,2,999.3077220558986,139.15734405239635,124.42244079388368,66.60553782350738,360898.40990836726,3170.043777821438,390.2422600562717,436.87764041840296,559.7729351394341,1,0,1,1,21,2695.6200836364387,Brute Force
11053.436382492084,11,12,2523.745393710806,7421.812634947208,243.57815358103252,587.0017391262971,899770.68528762,2080.800866274536,471.4796408837459,415.877085049861,432.88084836327,0,0,0,1,443,17927.989732233476,BENIGN
182745.58512641283,8,13,3438.0492648151007,11594.35472976145,471.5328131807877,913.8895783199689,82258.6438089763,114.91385679973288,8411.14312804446,10979.331579679258,6880.638299989321,0,0,1,0,443,3885.4957855019265,BENIGN
100279.40079167084,14,18,6080.179795153601,10971.071784997446,409.1037654551013,639.627346189855,170037.42987629934,319.1084085801389,3305.3320154174885,4402.458917455466,5246.125147511877,0,0,0,1,53,5258.434742271369,BENIGN
5385.3772491923355,6,4,696.2541826458715,266.31674536280354,115.45824282761319,72.39058752054721,178737.88287589978,1856.8801287783017,311.89547838393923,309.52933638823833,299.0807893342959,1,1,0,1,3389,2162.376343072315,Brute Force
228.551001237369,1,1,38.836851905552535,0.0,40.0,0.0,169926.41334008978,8750.78205377379,20.70278074257502,25.971631362317794,17.92484610869413,1,1,0,0,13746,23.232935076620002,Port Scan
13684.412571452289,5,14,1117.821983753692,7333.43468632981,218.91823911919985,570.8586637299868,617582.715074966,1388.4410383560646,780.4626454597982,692.575476594714,678.3095727384185,0,0,1,1,80,17049.54081702094,BENIGN
63512.572169646766,8,5,1474.720933518089,919.9955842275149,189.6613860938659,178.55073649176336,37704.60612662858,204.68388471617934,16766.95388263445,21354.335918917543,17857.725339522054,0,0,0,1,9001,4995.504789064331,Botnet
111055.68569728016,11,16,5422.7558506698215,14138.987308283162,468.7073409656941,808.6890818486252,176143.55389489135,243.12127587593878,3676.0686949117885,4252.3973995209935,5651.571488612254,0,0,1,1,443,21340.159561545475,BENIGN
67167.07684347453,19,12,5741.780720273421,9467.797139606813,317.7925940675407,777.5917642543393,226443.94507929054,461.5356430091797,1499.242980649028,1575.827324746442,2178.9680197814673,1,0,0,1,53,13309.587321813911,BENIGN
55974.58228973475,3,18,1757.1415306022334,13000.304500586006,587.6899332956459,675.2461813986979,263645.4874250062,375.1702851715825,2394.684663674785,2405.585176856093,3379.228195887836,0,0,0,0,53,20257.555600496104,BENIGN
2369.5906248589595,125,0,7496.988642144878,0.0,59.2386428798888,24.99489220238797,3163832.842472994,52751.727951928464,14.910221039206867,19.52365138996025,23.152609757405706,1,0,0,1,443,454.95630576970154,DDoS
2249.957520209482,150,1,8117.715200246482,57.039059095172895,52.314972294876995,60.0,3633292.7114910795,67112.3781865629,24.528025792398207,29.698545950585988,37.985666045481494,1,0,0,0,443,45.40363769775302,DDoS
94506.97522388722,10,10,4426.76564007584,6181.404378972472,409.91010130830773,562.2567173419785,112247.48219819262,211.62459122853056,3054.927764867197,3855.3113005591167,2522.075505007016,0,0,0,1,8080,789.6764031899318,BENIGN
26241.8798961483,6,19,1519.1319523824216,14197.562213209141,268.18660137531583,696.1095503737852,598916.4735068546,952.6756504845303,809.2399884682444,649.5911286672352,862.3573033206002,0,0,0,0,443,7177.472318184916,BENIGN
2177.2113930413902,11,17,4835.596526795273,9118.405034651087,465.2750891088264,568.3817946288796,6409116.545157214,12860.487543603305,73.4348823172785,95.0528269781899,72.0658904256856,0,0,1,1,443,17739.862547461536,BENIGN
26412.601188894554,12,11,4639.274723345632,8390.820072213608,359.35003701817976,803.2470984324264,493328.72224027204,870.7964745884469,1003.137829421625,1347.6071378667712,1314.0595532615912,0,0,1,1,443,12636.289512923315,BENIGN
43031.674096881754,19,14,7498.525295745707,15294.007352159188,408.64062565027785,1033.3319019612782,529668.7411368114,766.8769735916761,1149.5182637230666,1295.9766087449168,1659.9026185533064,0,0,0,1,80,5758.314288074634,BENIGN
43510.57391480589,12,16,3780.8075116959585,12582.012249785166,340.3611169004321,797.519198549207,376065.3627212474,643.5217346207444,1786.0609172486334,1644.17390197058,2560.9093086504413,0,0,0,1,443,24623.699950485403,BENIGN
43807.503406585936,9,9,3200.503282916417,6307.925426800448,335.57234415535686,683.4022300291817,217050.2304472203,410.8885145299998,2413.935860432445,3258.1858025556344,2797.5379968111074,1,0,0,1,443,13417.063171217238,Port Scan
3328.2881171763947,4,4,582.9745165798798,370.9639717002019,136.32699488047928,96.15563236970071,286615.3574136395,2403.638062075865,229.69522362736583,272.27232657048756,250.86832792113782,1,1,1,1,3389,504.5710312681023,Brute Force
67022.58898487464,14,8,2339.044605156032,1073.9909572678787,180.84583430014578,135.472725886898,50923.66042729488,328.24754061596843,16272.057055285248,17588.984706411095,24852.807014594182,0,0,0,1,4444,7680.065388092705,Botnet
4459.408553081306,12,14,2985.745473490914,12902.214853622756,228.8057773723149,927.8910804602806,3562795.4106460162,5830.369586127032,164.199685530636,146.70668589231562,201.45487156609443,0,0,1,1,8080,17158.936636145525,BENIGN
257.3582040185299,1,0,39.68950474940225,0.0,43.11676426024985,0.0,154218.92183605925,3885.634824868453,13.80488410474708,15.371997831767665,17.344309616046367,1,1,0,0,39027,40.39764678417203,Port Scan
1324.1323606307071,137,4,11073.938607599117,195.5060897134065,76.09189987739418,54.23092849727861,8510814.350874025,106484.82296198793,32.21834202920662,38.327858343479065,50.8032399312101,1,0,0,1,443,333.7453401178885,DDoS
325.74374689278443,1,1,55.59334512835466,0.0,54.42188957720365,0.0,170665.88586473375,6139.795526629961,29.018368296135996,31.922634501417026,29.347431899860084,1,0,0,0,41448,4.671238549555162,BENIGN
59361.58795269587,7,5,1390.7915304386008,716.1236885827345,181.4802494433469,134.51909677092152,35492.90528919638,202.15092644695716,14921.621284362984,12730.015679616785,22432.799238783104,0,0,0,1,4444,1413.5904294130987,Botnet
6151.268367679433,4,2,467.3160392402661,154.33205861843496,110.80664459916329,75.43065158230354,101060.14901333557,975.4085891498017,186.9748436005043,231.19768097955136,153.19215097005952,1,1,1,1,22,889.2589604322393,Brute Force
11895.724020268846,4,17,1855.608371823411,10776.23836571126,438.5291121668075,659.8073494054981,1061881.2874282864,1765.3402150401769,520.2410762143704,455.8550178502099,652.144445584286,0,1,0,1,443,4218.904951583654,BENIGN
1543.4780146446133,20,16,7124.630026126603,15323.63819468146,384.1971155126446,1045.9198412039145,14543950.744887538,23323.94738274845,35.41232039603436,44.63392523117221,45.47093127166739,0,0,0,1,8080,11017.948458359182,BENIGN
381121.99445179076,15,18,6345.003448973467,10371.967793740441,395.7364632185083,612.5348197215693,43862.520363747964,86.58644864479021,8992.194434438812,8671.751348221625,14344.349864425823,1,0,0,1,22,10716.39076480307,BENIGN
21936.907174943935,13,16,5704.326923483253,12189.482197103926,447.76153132823447,759.5941822277111,815694.2534280889,1321.9730460966457,705.2435058728244,827.9286473547826,1069.152869798714,0,0,0,1,53,1092.168119851323,BENIGN
220656.66000864955,13,18,4637.752184314873,11359.674754686988,366.99642820361174,634.8799275867799,72499.1801216187,140.48975452988742,6687.583206321184,7661.806320357824,6905.289523513374,0,0,1,1,443,8542.847677351649,BENIGN
213225.27175028855,10,16,1928.607381754926,15927.04164220966,181.4382562682031,964.4449462596317,83740.772739526,121.93676568717899,6952.608051654634,9585.290044142776,8565.426778710731,1,0,0,1,443,611.8266521769538,BENIGN
8152.860664525225,8,10,3178.1769500558325,6358.717369276399,385.3283671415523,630.2796372149415,1169760.4941084327,2207.8140104027175,449.0506513148676,378.20429612089094,679.5564991428271,1,0,0,1,80,12406.029422804811,BENIGN
17025.282048758316,8,11,3910.8973640150343,6730.030895521936,457.30727670234984,630.3304295284279,625007.4582648709,1115.9873854416235,719.3056475299844,949.1609782335709,845.7980735349768,0,0,0,1,443,9096.628790311759,BENIGN
38697.77919409465,13,15,3522.535161728203,14451.454687848422,262.55624765391633,1062.1434173318328,464470.83589539654,723.5557332518155,1131.2988429053462,1093.1182530086214,1228.953727873257,0,0,0,1,80,10581.476181138105,BENIGN
206130.0042336514,11,17,3093.4809360041518,9533.186822857802,305.12324999756925,558.0091808529206,61255.84582315072,135.83660517593347,6113.640532598927,5563.677199482964,6927.115933758873,0,0,0,0,443,23681.0684180691,BENIGN
160811.96435034182,9,12,2231.2693477166586,9952.184627770048,269.3826393618376,811.4318107058413,75762.1115114549,130.5872985560316,7187.363850576599,8383.993456347283,7576.843076025791,0,0,0,1,53,5805.644829355027,BENIGN
49947.846891984576,14,22,2477.5478333558262,13791.528465779089,166.77624293942782,674.123910899473,325721.2735179123,720.751788917995,1313.06735862191,1751.6704754871664,1478.0157726976427,0,0,1,1,22,6761.420131703925,BENIGN
19027.070377348577,14,8,5067.036942482022,6398.899764239623,357.2809020223298,804.2043282822448,602611.777815867,1156.2473656580705,1100.7946576660981,1196.855311831508,1614.4976549992466,0,0,1,1,80,18720.583128894436,BENIGN
7254.7988210977555,15,13,6399.4438449419595,13386.383972964763,392.5645771599148,957.282369139816,2727274.498690074,3859.514328443252,246.90830977718147,240.97248604562625,321.27444295560633,0,0,0,1,53,8586.475705671048,BENIGN
2237.5890692378784,166,3,13934.777685593208,194.09615190489316,87.21447927782238,60.0,6314329.128498285,75527.71968874575,96.7309287533933,121.44849158981947,134.07032655355349,1,0,0,1,80,200.76191545474035,DDoS
1539.7143414595055,7,5,965.3717518952151,302.26129104964133,136.16941399839826,63.60773560075469,823291.0539387837,7793.653456929628,247.8969334590946,270.3323479229537,320.4702106139297,1,0,1,1,22,2032.745483984268,Brute Force
74552.38930076025,12,8,2380.45014594199,9139.024002264516,201.90822942747354,1141.8732624223035,154515.15714318005,268.26772672993394,4492.508655609795,5160.620496706517,6116.954968122543,1,0,0,1,443,20390.023944492674,BENIGN
45009.90592782243,10,2,1525.7771228975646,329.46150402307967,148.01729401572214,150.02674715804332,41218.451553657804,266.60797779144696,13776.49618954579,18713.020701173904,13366.128790750854,1,0,1,1,6667,4092.6341770383947,BENIGN
3683.93985924166,6,5,362.1142812292233,393.8455942638383,61.810870263411715,81.73353178957703,205204.18475253723,2985.933652636868,317.35881393880493,407.8993990190046,496.2655690033774,1,0,1,1,21,580.6451899769897,Brute Force
13930.834892950219,5,3,527.8823413379582,213.89600548348656,113.13786402671434,64.95873696702589,53247.228362230184,574.2656532415331,316.43769883085116,291.86247639039124,443.5466323043989,1,1,1,1,22,2101.041745217546,Brute Force
1376.5798591062778,149,3,9133.038647379914,96.87080288000107,57.198399184879115,29.843596143698612,6704957.499706762,110418.5848677777,15.013458790375457,18.48381553969091,23.184973264192962,1,0,0,0,443,257.1937287772382,DDoS
331.1958051278463,1,1,42.07467723329607,0.0,41.047851915335116,0.0,127038.67797194666,6038.723827519408,5.909926399180867,8.21403787020073,6.198893272597803,1,0,0,0,62400,21.397222924625797,Port Scan
65892.07673986355,14,3,3839.795199702271,656.8076460638307,261.583257953529,200.1006423345221,68241.93542295405,257.99763554447657,14645.332899243844,20379.125229572688,15247.078658137807,0,0,1,1,4444,1725.1734863680663,Botnet
10480.670907810898,17,15,6760.619655411011,11254.300949344104,379.04582693972776,717.2084362474272,1718870.9351926306,3053.2396524492965,366.2525293671817,484.7254162961768,448.22910817361515,0,0,0,1,8080,20378.23822648003,BENIGN
7646.528103609727,11,20,3791.1729799934674,17497.99764239097,344.4144995857162,826.1003416876601,2784161.691936289,4054.127517737849,187.38840628733206,240.80795295999934,251.51245507569075,1,0,0,0,80,8477.607395173687,BENIGN
56944.949550075304,10,6,2241.539991335352,1440.2271967591737,226.2629357580567,222.5008385543356,64654.85029285897,280.9731174830559,15525.274439659917,13066.01061374987,15883.10869610662,0,0,0,1,8080,7499.331148694831,Botnet
74400.81683169235,8,13,2640.061300448615,7394.174342616176,302.44997657222467,611.2788304087283,134867.27794620837,282.25496566127316,2800.6057060255525,2560.3608844443843,2348.8830873188977,0,0,0,1,443,10754.641698160058,BENIGN
73673.3341636513,10,14,2318.183218409346,11491.78393562188,228.00850231089737,750.1773772450334,187448.65168386445,325.76237077432336,2700.1544844844275,2596.6070667460303,3157.4748806712864,0,0,0,1,53,654.9071742608779,BENIGN
58747.223078817835,16,7,2397.2060047877394,1383.1812229282134,151.65853894561258,186.89018507143288,64350.058259673315,391.5078670040658,14070.160402071117,18148.677552732173,13282.414547498614,0,0,0,1,9001,3921.4112701656877,Botnet
1805.71549807839,132,0,7744.168819303588,0.0,62.07543966908549,40.11428517037114,4288698.207189778,73101.21674232294,2.7151906215360135,3.7301443031397596,2.889524442724924,1,0,1,0,80,382.69843223572445,DDoS
65733.45162785993,13,17,7613.129591917774,9639.052908621697,535.2107018212745,586.6247824575653,262456.66511185374,456.38863100998407,1728.0374267493164,1862.083553274523,2533.9942328045804,0,0,0,1,8080,18657.432033033492,BENIGN
52198.09580592938,7,4,1189.767180894608,766.7553673302884,178.0567723968455,187.4455140875522,37482.642192527026,210.73565673540276,17142.19805991947,15335.836843099522,25798.214161890766,0,0,0,1,8080,7202.463105929846,Botnet
3209.0467409052303,9,5,372.1721153134996,462.54821289409796,40.0,96.03978871690803,260114.7305109472,4362.666277665617,63.806061016615885,62.370199334352286,56.14046836317372,1,0,0,1,22,534.4518305756003,Brute Force
2638.078075750069,155,4,13008.239335085234,171.1077070568967,87.74401108846055,38.92208755572338,4995813.870442377,60271.15022165995,5.858860558263572,6.718193956334148,5.566284096588399,1,0,0,0,53,288.71481588168393,DDoS
2116.2962858920223,105,1,7157.870583364002,20.79273834875233,72.80665486665869,21.56142626753542,3392088.0405868767,50087.50462146222,4.030870848608437,3.880642878320638,3.807889125647476,1,0,0,0,443,268.4944601441023,DDoS
717.5699613688178,114,3,6482.78866302018,137.86263011651474,62.426788937748356,49.553719701238805,9226488.913369942,163050.30352275874,63.706129261450194,75.67874511359,64.69405245371863,1,0,0,0,80,450.23572945667814,DDoS
39248.57926350676,19,18,10600.968120256659,7900.886382005993,534.2694221669626,425.7344312281324,471401.8914683527,942.7092825854849,1168.3099158787866,1289.19493118991,1538.7949178153651,0,0,0,0,22,20514.948702660167,BENIGN
33380.634560091865,14,13,2034.9565024426245,10017.60845380384,151.5768591672731,790.7636667819472,361064.58475345693,808.852208947513,975.7199164577213,1220.825844045558,1199.6334385341581,0,0,1,1,443,23429.15258220377,BENIGN
2988.422744580094,22,11,5588.399070698721,7722.498139634859,277.7309543408754,768.0562649262212,4454154.698987845,11042.614389095363,78.19410522166962,103.08292498786753,123.79646547822053,0,0,0,1,443,11338.627295336175,BENIGN
38019.76667525146,9,19,2357.2541585707536,15203.536361962919,254.22942272159554,790.9735000904615,461885.8045745102,736.4590172044975,997.8250266636527,832.4463967330178,1595.559682455394,0,0,0,1,443,15166.904380190092,BENIGN
13592.547729906142,7,18,1932.941425858386,13091.827818993519,258.14898845235837,698.7451469637508,1105368.1431476313,1839.2431276879265,748.9295339123636,1046.019865912763,1077.7131513394866,0,0,0,1,443,8240.388368891261,BENIGN
43998.874779006466,19,21,8293.29232926007,19662.076743225083,426.57529400777827,858.3376006334732,635365.5454348965,909.1141580530946,1033.712320386148,1117.210615164175,830.2124502093841,0,0,0,1,80,13218.563630663051,BENIGN
14426.70821642306,8,4,1015.9400314171859,419.3860830098128,128.1050607710025,96.30876071429076,99490.89514356808,831.7905803584115,84.05607100410027,101.19188245217885,91.42493973196997,1,1,1,1,22,557.8830522778569,Brute Force
1693.7546301797738,138,3,8862.819456635767,127.30907784326175,61.61543998492139,39.97930811654492,5307810.455121721,83247.00490119656,4.338611911621484,5.2213321981570475,6.0710147377859975,1,0,0,0,443,172.3778144981292,DDoS
8072.511282833806,12,16,2252.780149331314,13533.581473717888,188.10650878119807,912.8334759239717,1955570.090885955,3468.561271576293,360.30473117649757,477.8114731411593,553.0953915520928,0,0,1,1,443,6429.069128961864,BENIGN
3331.708825091637,9,18,2994.394586840172,18768.568410198583,309.6638150635436,1094.3998209516317,6532072.32070773,8103.949479816076,119.26201854305761,146.81151866304563,104.96181872328773,0,0,1,1,443,13238.529034680038,BENIGN
157015.78643500526,14,14,3881.3985375873435,12714.10207895608,306.6478083207115,886.7039354188219,105693.19807478675,178.32601826689736,5310.139842507796,5490.416535821738,5520.346773443474,0,0,0,1,443,18872.655303845793,BENIGN
103999.6748709298,12,15,3900.960864805358,8799.025961696878,334.6147427062172,613.764118453216,122115.63971006377,259.61619623819706,4016.474821084113,3464.951326615248,4516.658761653267,0,0,0,1,443,11916.128685244008,BENIGN
173242.24281215196,10,14,3392.830838627912,10455.378514589553,352.72944430002786,731.1540487365919,79935.52339444828,138.53434133858104,5599.982204958164,5235.260483771326,6563.641730036915,0,0,0,1,443,15111.306001922983,BENIGN
76206.56469083135,6,5,1410.551075578921,1022.0332315759107,238.122633832314,202.49475461948253,31920.928558107582,144.3445199849488,15993.521230288028,15011.20967081634,13557.990144090942,0,0,1,1,1337,6441.644403608833,Botnet
50818.80330314338,15,16,2333.8624699494067,6679.352876725107,164.01045549885518,407.8413684649212,177359.85030794705,610.0104289170167,1955.8205223368855,2278.293965933867,2116.5316455594607,0,0,0,1,8080,7210.341345974505,BENIGN
44888.42429296734,13,3,1827.9218291419354,468.1790227525669,147.66368795562863,159.42309245174695,51151.29096331928,356.4393326790648,15766.324925838704,14821.29782756317,14808.305951800205,0,0,0,1,4444,6236.755561535853,Botnet
13874.41579408079,6,16,2193.1322239415035,15384.421195311075,346.7297190473187,1022.834454079725,1266904.0397903924,1585.6523493685268,660.9724960232143,628.2334441845657,551.6931685263447,1,0,0,1,443,10242.864032151616,BENIGN
12734.356344695287,7,5,1082.8347588697486,201.43521208346093,159.4892996646323,40.0,100850.79576779663,942.3326688198737,76.29619528124735,98.02360581146878,102.35436801575406,1,1,0,1,80,216.46095520482532,Brute Force
117800.57954162308,10,21,5174.669870879815,8585.276807098317,483.93057838943895,441.25757220977385,116807.12210007642,263.15660008316524,3726.1034375698714,4613.130257006711,4321.058648077087,0,0,0,0,443,14928.515824542843,BENIGN
51462.91943058064,11,6,1596.700156909516,1039.5993185433967,147.7600113147097,179.33361680021005,51227.16520210382,330.3349321822218,13803.56284551408,14417.920164711564,18835.972981010513,0,0,0,1,8080,5720.156905690583,Botnet
38893.24336569017,9,8,2076.182930137095,1015.4202937205287,211.14497592766375,121.19318198501463,79489.46799805576,437.0939147491262,14609.745061505906,19042.36803603625,12089.859109162731,0,0,0,1,6667,5666.220228295518,Botnet
3749.2944719280413,16,16,6606.531509958842,10163.233413622262,397.9730374374998,579.1298237331052,4472778.825227191,8534.939103768045,127.10396047909254,150.67387092700207,109.17571351443533,0,0,1,0,443,15126.925842189907,BENIGN
78808.4906598604,5,22,1979.5443861326978,19828.798020886352,422.55214659988235,829.8554252163411,276725.79723857995,342.6026786445224,4018.6881342422184,3521.237764924149,5157.530615848834,0,0,0,1,22,23681.74307184919,BENIGN
45995.049392349254,13,11,6338.700497567673,10171.996486596623,528.0234650554455,853.4539202579709,358966.8280019428,521.795287037829,1522.983474844213,1462.2002611868884,1811.6822626174355,0,0,0,1,443,9066.262703375682,BENIGN
865.3632317095096,12,10,5615.737997680711,9747.716594275487,453.3801821386707,945.5484518279309,17753764.00220514,25422.850421480693,29.297548441673523,31.57361237530077,32.44140573986245,0,0,0,1,443,3483.419394875359,BENIGN
12575.391781819013,15,18,4919.614965908033,19043.67611254333,324.5474602010111,1000.3784272240757,1905570.1400171493,2624.172715454484,316.2000761189967,259.33130732745144,419.86591282982596,0,0,0,1,8080,16264.323826427324,BENIGN
8218.529329340749,15,18,2160.413982561686,15310.751859531056,137.21051553747427,778.7156374110292,2125826.3056529355,4015.316935377671,266.1380029863563,320.5896645988138,253.38493163348204,0,0,1,1,443,4857.467731355339,BENIGN
21253.411345709937,13,10,1775.650713528598,7556.730729161045,137.6667189642946,785.1043789459645,439100.4009139178,1082.1792147095773,797.8666222847457,821.1575250603419,819.1367976017734,0,0,1,1,53,13680.067684973694,BENIGN
103649.91919709204,11,17,4478.41766338375,17863.45178534704,388.3626667660016,955.4606140646199,215551.24810321708,270.1401044679788,3119.7661869587187,2628.8788628481693,2993.8761397303265,0,0,0,1,443,24222.893339678933,BENIGN
9259.056216710254,16,23,7152.638704601298,19073.78970659205,432.1945543912399,833.2167209668434,2832516.3815142717,4212.092365268813,278.92917229648214,368.2382392036418,411.26076256528313,0,0,0,1,443,20683.22621772452,Port Scan
66155.5943941511,15,23,5382.72100179592,22648.642370985795,329.6899032718584,922.8517008890291,423718.7138818905,574.4034249559946,1736.3312546972907,2216.069804378797,2286.294955423324,0,0,0,1,80,1355.784841291989,BENIGN
116165.10861859085,9,9,2726.2341091029807,11022.183701368333,302.8738520678411,1116.772317683221,118352.38630570215,154.95186303402048,4521.834884823465,4363.29693506198,4412.072599754941,0,0,1,1,443,22848.609733421923,BENIGN
28738.958292075353,8,10,3087.304414392825,8778.745768294391,411.94544903667276,828.3854992645097,412890.75484546117,626.3275034907381,1447.3358895132042,1921.6450998992377,1780.0287923462292,0,0,0,1,80,14434.614773268459,BENIGN
6292.9689726102515,10,13,3818.775058389186,8760.280635953899,348.82910435188546,665.8721680561122,1998906.3586826231,3654.8726205557414,262.3463080359855,278.0422731565085,238.52438691360425,0,0,1,1,22,19132.816367160398,BENIGN
1434.3498539295485,128,3,6486.959639572507,149.10722695869234,53.85686164785906,46.92238574216134,4626532.953833413,91330.57715390151,12.779833443802637,17.816334058290845,14.61989594030643,1,0,0,1,443,44.84742815896451,DDoS
6041.452043247882,16,21,3992.968245282657,18399.007322030928,272.5981147225118,967.6324690351115,3706389.690263215,6124.355491880859,149.4869233561889,205.6271595190111,231.6577874547442,1,0,0,1,443,1353.910760837437,BENIGN
132515.0517907068,5,14,2598.191569939059,11726.130810555893,548.6584314487368,895.1571058628698,108095.81392398104,143.37993868053906,6089.620225130861,6804.265803099861,9399.80589649695,0,0,0,1,80,15169.129368976446,BENIGN
80803.94841226806,12,12,3160.860784600747,5786.989011234472,256.3851103137622,474.0118962303286,110735.30404953223,297.01518888099537,3690.824111685396,4238.796260582193,5252.360310716992,0,0,0,1,53,21464.350601226815,BENIGN
52202.52378497955,6,8,1000.4597975667153,1059.4005207126258,168.88997318756404,120.64663612189682,39459.01785829047,268.1862673472557,17248.384362075136,14405.971646221273,17747.37805189577,1,0,1,1,1337,6597.074140287369,Botnet
20081.024763319863,15,30,7525.671025496962,38385.890038657315,546.3832086739877,1363.1051796751835,2286315.6440111883,2240.9214933192707,394.57108909226747,548.1122105202218,611.7808739719287,0,0,0,1,8080,5965.683962629647,BENIGN
72523.09201097208,12,6,2919.5542742695793,1023.0894135547123,254.37379238431242,185.77590802029812,54363.9767486445,248.19680878025395,15522.14172134349,15176.732301794063,18732.177400843346,0,0,0,1,1337,3212.6013577347976,Botnet
48017.57034457993,12,6,1763.9488167113652,1119.2568193136162,140.7060358736921,195.61400716249787,60044.80475240099,374.86278191149216,13285.854040080392,18374.350337029155,17083.801959192147,0,0,1,1,6667,7314.292267163679,Botnet
7930.62513633169,15,15,4919.96370036395,9853.853498170121,309.5984045820423,638.1338043894742,1862881.796146489,3782.8039384391454,231.32378820561468,323.07227333674166,245.0400277307216,0,0,1,1,443,19732.818912508083,BENIGN
62510.39350895868,8,7,1758.3281056309793,1287.1510048263367,201.33757800380562,203.42444843079008,48719.56389173671,239.9600955615529,13149.851335707746,15707.064790737757,17224.63287546301,0,0,0,1,6667,3287.8301812717787,Botnet
52283.156749307105,12,19,3529.382013138129,15276.715247366747,280.930743078261,852.4941037314059,359697.0502503965,592.9251775795047,1423.3424789656224,1221.9484814559933,1988.5419153444195,1,0,1,1,80,23417.43872545529,BENIGN
1423.599714573848,9,2,751.8558018955218,168.57541825645458,85.71415401218647,92.35153801916023,646551.9841913609,7726.891124934533,276.0153523166536,250.7705497768011,439.3184586263105,1,0,1,1,3389,1208.3042865856655,Brute Force
23809.1653513904,17,12,6600.1201353341285,12694.666734088885,392.69192982526016,1086.2584810087667,810393.2491819266,1218.0183375603492,747.9433472929686,845.8058939865916,687.3757561866967,0,0,0,1,443,4416.027681311478,BENIGN
124717.40944350412,16,9,6502.456217282953,8271.399998288183,433.2632149486551,952.2197066340603,118458.65209590938,200.45316938149503,4734.543611269751,6532.106409355656,6810.57578611044,0,0,0,1,80,6860.55897128726,BENIGN
179.2172586099292,1,0,40.88237481653866,0.0,40.0,0.0,228116.28262610667,5579.819754840268,14.686585189278686,16.452143976493986,17.340488791483494,1,1,0,1,4963,26.50209138114849,Port Scan
83123.61354545639,8,12,2000.8069115566325,9381.663302544961,263.6489100857417,844.0724412893792,136934.25644780297,240.60551685548347,3324.3864285595128,3978.2679975255505,5255.267053336096,0,0,0,1,80,23719.979497647146,BENIGN
53207.17133187778,12,22,4908.307901197543,15551.499908282536,372.43796278841535,676.5628883445821,384531.0189835648,639.0116059342123,1784.5931179403683,1445.4838930704623,2806.138975624438,0,0,0,1,8080,13530.756811963785,BENIGN
148597.98223657897,10,16,4486.716407533267,11177.228022850926,437.65508245111505,693.9023165507941,105411.55535642493,174.96872843539745,5424.343641435804,4819.741461823978,6772.229801460106,0,0,0,1,443,7970.686807028528,BENIGN
52368.4010858952,11,12,3339.49119899701,6546.988141646935,329.04903849410937,512.1148710588083,188787.11466535018,439.1961473537288,1613.282421208666,1792.3549172284281,1526.9411518074066,0,0,1,0,443,4108.226366367266,BENIGN
48284.536772709536,11,19,4360.927772133199,9773.912818162897,363.6269634529885,488.6187391020691,292740.5238831062,621.3169268086677,1389.1535989832316,1887.870397978263,1213.9590920139747,0,0,1,1,22,10142.362387413443,BENIGN
205.86382801123128,1,0,42.21113475954952,0.0,40.0,0.0,205043.96118217823,4857.579933593011,41.27921730587393,46.56296360936841,64.26889361411881,1,0,0,0,47705,15.020796955876198,Port Scan
1378.542313186869,16,12,5776.001248215225,11297.895803760985,337.8768973872809,899.2871778878141,12385471.877540946,20311.309803230135,47.735241582891014,56.23945275652395,40.720853117372194,0,0,1,1,80,643.6037490927977,BENIGN
73037.52087409946,12,13,2752.672644554348,13437.523007142825,216.57882045812798,958.4148172103995,221669.56733930623,342.2898217355224,2480.0117408049737,3435.310022516247,3789.9210790471293,0,0,1,1,8080,21529.97555805305,BENIGN
7962.595401819851,14,22,3816.9532645679556,11503.164032915483,296.5716948504121,501.106378440507,1924010.5172218126,4521.13892309186,226.2019557520633,194.66873064061318,233.08003273983033,1,0,1,1,443,1323.038624375748,BENIGN
2179.3345699183196,162,2,10668.502687384207,101.1848808393947,66.25998435728359,50.87374988127908,4941732.0850498155,75252.32805633264,15.116490818922083,18.769078888410515,15.339519817145382,1,0,0,0,80,307.5427809890858,DDoS
64549.28860122561,11,16,1893.4920598031922,11146.649086697753,185.1043314339127,666.2168504281606,202018.35572597384,418.28501266375457,2302.0896222748015,2510.280412972012,2517.3984497551487,1,0,0,1,443,12992.581054268043,BENIGN
57883.22391050879,10,14,1317.623853499565,10255.995065687033,143.0192725226826,696.162142111553,199947.7246996498,414.627907338153,1760.7835718902074,1840.1571523624837,2782.432185969106,1,0,1,1,443,1067.6564806292179,BENIGN
721.5983809747939,122,1,8584.103026900859,43.66009019518406,67.00391132451512,42.93449541853372,11956461.301147817,170454.92789748442,21.762930484040403,19.95642640046655,21.25628393576009,1,1,0,0,80,287.26409532648876,DDoS
2416.0413093319476,10,11,1395.3528936864006,5903.225785433617,144.03499392317252,492.09358490447687,3020883.231975088,8691.904363922755,101.40193021819695,140.47600023899636,132.87704468565494,0,0,0,1,80,14889.96608107115,BENIGN
667.9742531423846,154,2,9057.226881423301,87.57664987601623,63.90490326176357,44.621154198372196,13690353.315683896,233541.93558527358,34.11612423806142,35.65210192367671,37.9773042808304,1,0,0,0,80,307.5068526117338,DDoS
51778.22267189269,14,14,4875.50536053479,15987.115718566045,317.427414625029,1247.836062483208,402922.69611691224,540.7678857080494,2677.601437509316,3231.823769261707,3565.549325126602,0,0,1,1,80,17571.668154895204,BENIGN
648.6935738853131,136,5,9540.43054559159,157.79769034573465,77.74111584286092,32.31239668333417,14950399.736273538,217359.9457067049,11.63490114707089,15.780857921103303,16.37744380809119,1,0,0,0,80,291.84099976577045,DDoS
18417.252283979473,13,11,3092.5012657679563,6751.573529025762,250.9314545206749,585.3333310608128,534502.9021162259,1303.1259837210769,669.3916157051995,620.4313106795947,1005.2126776402054,0,0,1,1,443,11749.474338853639,BENIGN
47935.157728082624,13,17,3719.398851993853,13549.717361872536,277.4509884538447,760.1443211292274,360259.92261937103,625.8454425075277,1624.5488157673753,1580.5325946007667,2328.8124472665627,0,0,0,1,80,11634.771700066567,BENIGN
69145.71751861481,13,14,4897.7103743395255,14360.808223833585,373.3478328310802,1002.872015931086,278520.77162968914,390.47971398563175,2349.5731752512324,2665.083820330322,2928.434976003797,1,0,0,1,443,1797.4921043146217,BENIGN
84975.97759128228,10,14,4773.12404197415,9068.863395728424,447.1421886127393,691.1163830196787,162892.94727834503,282.4327613556301,3643.8453789534883,3119.1366399787566,5337.015954760733,0,0,1,1,80,23322.350271138257,BENIGN
2843.702152608189,154,2,12416.434203638077,66.35812820805307,76.42696802544876,36.31921082880584,4389627.204943792,54858.06586914167,5.580565036803096,7.698288527841481,7.562390752833106,1,0,0,0,53,107.76284363096369,DDoS
137380.99186365507,6,22,3092.8542359297594,16824.25354601975,544.878814452637,767.5094575970055,144977.17269152062,203.81276638174833,3623.9662014676405,3398.761034832297,5376.476491867136,0,0,0,1,443,24037.542018677836,BENIGN
13891.786259417684,14,15,4871.177852516343,12948.077218152877,346.9113611189961,838.3142834187203,1282718.776254492,2087.564511751682,412.6420537664354,377.962664986132,575.0775204477585,0,0,0,0,8080,2813.72244820775,BENIGN
53397.803000741755,9,14,3109.6207483052744,14065.705983839256,366.70908459207317,1054.6221742818007,321648.56542704476,430.7293316858093,2239.018072821406,1845.97100191426,2285.598859511452,0,0,0,1,80,10529.42640043055,BENIGN
58204.88050578812,9,9,5159.0933272641805,5444.292032849878,539.5530906215256,550.7959223171902,182173.47528201895,309.25241738465576,1996.906815782975,1801.6729862571792,1679.4112231743343,0,0,1,1,443,10282.810026426832,BENIGN
73707.05926462513,12,17,5170.863637273022,8249.496107792578,474.4885577735515,477.84330533597216,182076.99342451652,393.449423831758,2458.4671068323205,3209.968093667052,2072.5979298867637,1,0,1,1,8080,5426.083873841975,BENIGN
28624.24219499948,15,12,5032.458197986846,10808.289640118355,323.7499469270408,821.7248885355827,553403.221304231,943.2564123816969,1042.239159385894,1414.060146484844,1460.2113158501384,0,0,1,1,80,10472.722785147454,BENIGN
12935.82428654146,15,14,4995.688177136214,10599.319415332084,322.34092663271656,749.4177890947583,1205567.364477382,2241.8362647498116,397.47151251544864,485.7169124110617,327.4971834564053,0,0,1,1,443,7891.444137765007,BENIGN
87456.19614660594,17,14,4326.945254861911,13948.178494706268,278.4831735864333,1056.566228285244,208963.1673315969,354.4631640282364,2426.248793765019,2418.160591217852,3372.8281615589785,0,0,0,1,443,20786.442369646637,BENIGN
30137.776515239926,16,14,3996.023540039213,8667.065522007028,251.29676343752152,603.8496045698213,420173.3016250496,995.4284445911179,763.8562532793642,684.3463438161017,709.6641980386494,1,0,1,1,443,24072.748364008417,BENIGN
1087.4387768494207,11,21,3320.4681402740753,19574.762466671855,314.9222425425086,1031.255942053072,21054270.911029197,29426.94400940154,26.161633915156994,26.408143852028562,37.17116474360774,0,0,0,1,443,20308.966923499207,BENIGN
1662.3900931068467,13,22,4602.838744227026,18534.82494396777,341.1624884307707,871.0479481462619,13918311.823521959,21054.023448003336,40.21786880147289,41.4510431996478,51.894682416386985,0,0,1,1,443,19539.704326599618,BENIGN
2588.830360338522,129,3,7855.074262194101,121.21317519324516,60.1829050550861,38.61554347762219,3081039.0512974155,50988.277185817366,1.5328977257277723,1.4508876064152154,2.330417089761519,1,0,0,0,443,346.0309725021337,DDoS
10591.34573227344,15,12,3307.0031594309476,9994.778312330884,239.3843870763427,863.7755671218246,1255910.420451037,2549.251122803677,412.69851303144316,509.0990900823128,399.98633033336944,0,0,0,1,443,15298.938635310089,BENIGN
5690.352793793641,13,19,4696.06849496197,11120.871073921178,360.51534782868254,592.396192164812,2779606.140788737,5623.552907809476,169.39427999181459,150.35251150852616,197.86219813148404,0,0,0,1,443,8877.112872163229,BENIGN
73602.50760191049,7,12,3033.954080282496,12560.966602978446,420.5745380169759,995.8316887619533,211880.29037826078,258.14337879307277,2459.765499283563,3266.19868583433,2291.7505508578597,1,0,0,1,8080,7186.628639480767,BENIGN
169939.00939096752,13,13,3551.0921475196014,10378.723077617022,302.8988825358713,838.025599328994,81969.49761599005,152.996066607541,6650.289028644161,8685.592725635066,9516.632637459124,0,0,0,1,443,15155.584545559286,BENIGN
33049.68273278946,17,15,4684.673080416796,15495.551448324266,304.6569643075134,989.4943098020948,610602.67028584,968.239249336332,945.618285723165,1312.1601075853744,848.6353875069349,0,0,1,1,80,20565.13853160595,BENIGN
5394.2405552125265,5,11,1004.8081362196976,9479.731949412622,209.8844907262489,918.9071529986901,1943654.5289959249,2966.126526289041,226.29110215172784,296.96198226019123,248.52465104263982,0,0,1,0,80,21972.21490872764,BENIGN
11156.526148640623,4,4,673.2749648585705,292.80153338019863,155.03762897609386,80.57831538884611,86592.94885948718,717.0690852523809,273.2738621318581,221.5106620381236,265.9958637320209,1,1,0,1,22,1037.6795163127977,Brute Force
436.3621737652065,112,3,7015.189623584386,101.93870045520208,63.70210956846488,33.290455526287154,16310140.410724746,263542.5500054413,6.25703480516148,5.949568344809137,6.951921268144884,1,1,0,0,80,452.6823419457002,DDoS
10748.3232207179,11,15,2261.8601396560825,9651.217571301167,222.15736593218128,622.6874915169942,1108366.1578016402,2418.981962682679,340.7909455034901,434.71956513735984,473.1822247145692,0,0,1,1,80,17204.0176168273,BENIGN
1158.7612900603328,106,0,6259.566910366871,0.0,64.9861665983114,30.220988224455596,5401946.858305005,91476.99436393921,5.5355916628872075,6.148369205409115,4.812598278556273,1,0,0,0,80,363.4339458617922,DDoS
6785.332748751821,6,3,643.1614121829167,250.29964903839405,110.0292423319933,80.08134879971473,131675.34950819696,1326.3903677613412,111.1411893736447,134.4655301339303,145.0330612185479,1,0,0,1,22,1868.3197569562285,Brute Force
10178.823420981522,9,8,3773.291261462545,6152.542968826857,392.8723672387241,785.1283202723299,975145.5369418595,1670.134090837851,619.1222353828687,710.5019856260454,631.7982123569388,1,0,0,0,80,13718.97509888847,BENIGN
27396.805289292315,14,17,4129.691492042782,8550.033819092363,315.5769779378054,473.4650590641691,462817.65984192514,1131.5187910656118,702.6527998405201,568.1393807714252,748.2501635554372,1,1,1,1,53,10667.249692342262,BENIGN
59796.45085188484,6,14,1531.8845583234147,13218.529006510445,253.57133847445928,903.6178100540328,246677.07455364658,334.46801131290863,2600.334423071693,3594.392683688353,2114.984770894995,0,0,0,0,443,1105.5689515469514,BENIGN
15714.565375238666,13,16,5373.808471984655,12862.611897127454,394.7497822831128,738.5650887824722,1160478.8254498665,1845.4217032114107,518.2389124770081,637.4781967160311,674.6684460497819,0,0,0,1,443,11001.650853465138,BENIGN
144740.41826847757,11,17,3446.6303504412335,13404.78773558995,290.23474044427405,862.3073940976238,116425.1028677674,193.44976569062467,4929.032346671505,6324.410974068713,4069.628251361481,0,0,1,1,80,12995.023441497433,BENIGN
9541.847252862051,8,13,1407.5193240257422,6478.020152611068,189.639121202388,492.8168113267387,826416.4440770694,2200.831709363311,327.50399610429264,295.4125520309908,336.7548169922955,0,0,0,1,80,20776.274074282133,BENIGN
39307.27787178025,10,18,4176.263683300497,14271.678447247275,399.9981067119625,860.4738570347204,469326.37235080695,712.3362775548991,2060.0384036679743,2042.5613148207017,3182.4404549892884,0,0,0,1,53,4148.934166652388,BENIGN
252.1958121633282,1,0,40.74358502353366,0.0,40.0,0.0,161555.3592029796,3965.1729004618655,36.86085630930657,38.43883091433429,32.79121415044791,1,0,0,0,62633,20.07087083478462,Port Scan
48338.01664267779,15,10,6479.653433796233,10669.900519418024,403.91310979629964,994.9451720293662,354783.98048447986,517.1912655168277,1498.2392599230743,1465.773901603121,1504.8745865639867,0,0,0,1,443,14081.110037070752,BENIGN
72867.21584188388,15,24,5947.915372157849,22220.289219147988,386.3480536170563,864.2999935001906,386568.97022700333,535.2201199044977,2277.7110005939962,2490.2689162577817,2083.4446888746497,0,0,0,1,8080,13485.641866194808,BENIGN
246.14514347809433,1,0,39.830258724665164,0.0,41.40668401109255,0.0,161816.147017379,4062.64363322283,14.96659275961325,19.889034730028204,18.312135918399978,1,0,0,0,4061,7.377781082071838,Port Scan
16809.383833502718,10,21,4290.4016874762965,12993.019751986594,393.77670876686824,634.8710363451781,1028200.7722981118,1844.2079916227517,642.9767204304316,735.4683200900351,626.7379356889937,0,0,0,1,80,23084.252621323125,BENIGN
140936.69509963872,15,20,6186.022255662096,16594.637975179725,420.94426834680235,911.8786457661856,161637.5367304907,248.33844709680383,3589.3938882125035,3841.1483613331256,4925.911663498157,0,0,1,1,443,4632.086596514723,BENIGN
38615.2701391195,13,9,5219.896390761834,3230.1549920199323,429.8645608787415,389.7536741309402,218826.68054214586,569.7228044952282,1288.9477997043691,1684.5567297357256,1734.1325574753266,0,0,0,1,22,16876.25686975047,BENIGN
21274.55440545269,9,12,3214.242616747529,6346.902371327973,379.79980132477897,497.0217484237618,449416.9328230429,987.0947047717098,956.9833916017675,812.5211798383383,1283.4780001002132,0,0,0,1,80,13496.95731501899,BENIGN
50148.96452546774,10,16,766.9007494186185,17207.06144947257,82.71051871552692,1177.0398379539797,358411.4321994278,518.4553708341498,1963.8552877645104,2313.5770949048256,1894.0877589335344,0,0,1,1,443,9660.844697214681,BENIGN
6978.079616169754,7,3,1129.184814987151,242.551307410762,156.8986859498379,74.19556239876651,196577.88357978847,1433.0590291385881,63.048484054217724,75.51382521382953,97.1162658074569,1,0,0,1,21,408.3608383984436,Brute Force
106026.92609207786,13,14,4678.986591694545,12200.792307029427,398.15031947726294,929.3385901216957,159202.75651549987,254.65229442332563,2818.761156774616,3174.3976755539948,2973.9276120250506,1,0,1,1,80,15017.05018254359,BENIGN
65128.466327036775,9,5,1413.526754300945,984.498688250704,149.1935916173241,181.0483669194784,36819.92802517687,214.95976781796537,15298.96557465982,13974.87903320254,16167.982670996384,0,0,1,1,6667,1025.8772734809772,Botnet
10170.391805535557,14,16,3378.0580628224147,11888.52117472688,260.3710706532441,798.7339916149241,1501080.7380341017,2949.7388668617027,306.97544901646984,331.81817853862105,382.44912519001787,0,0,0,1,443,2767.012747769111,BENIGN
9773.594208689028,8,17,2544.202632500169,15026.827955417999,331.83290722848034,825.9371422690617,1797806.437707121,2557.9126231549726,365.35689160874483,384.6569346732439,361.6920087788844,0,0,1,1,8080,6807.895535101513,BENIGN
1520.924029555456,177,2,11063.8227634785,88.05718113907932,64.13989106085954,44.52590591901661,7332305.708837485,117691.61149509823,21.944595099985275,24.47751776942198,33.426714886865874,1,0,0,1,443,249.5481980413186,DDoS
20409.33971922925,10,19,2336.660695264446,21524.55069687113,217.11832514271643,1033.1856688333405,1169131.9621503504,1420.9180894116241,586.763052964767,738.4753601456523,907.9032430807656,0,0,0,1,443,8327.079238889202,BENIGN
27438.894286050625,12,17,3576.3462026413295,11786.718555268479,328.5353579552368,732.6645749252966,559901.0148787255,1056.8939002306302,899.8618784488899,792.52545191014,1230.0206692778554,0,0,0,1,443,827.0575683428311,BENIGN
57747.446930362355,21,19,8263.5423871347,16529.149260765855,410.25155602891994,855.5316094417511,429329.6581197444,692.6713149455074,1406.2487401693247,1371.7204412614285,2035.912855180509,0,0,0,1,443,4095.1117293376997,BENIGN
27122.296627186926,12,14,4789.542314691618,8841.247275739619,417.68372267629815,638.9548183243273,502567.67624788696,958.6208851479798,849.7380702957618,1154.6560031123986,1357.4920864843527,0,0,0,1,443,3651.7882367344214,BENIGN
26386.484664632746,13,15,6560.061372156251,10369.252479700137,497.0893453196377,766.4715404326125,641590.3469910744,1061.1493101818878,727.8946314484236,724.4670752417303,1141.86620251991,0,0,1,1,443,17623.678677672822,BENIGN
746.8944444116718,13,16,4402.792290984389,16953.16895354758,365.43586059858364,989.0482915822755,28593011.24050273,38827.44103531695,25.382836699054934,34.757847587089856,32.64026412731322,0,0,0,1,80,8792.48652551234,BENIGN
455.4352674267698,1,0,43.18348236315891,0.0,40.0,0.0,94818.04649681077,2195.701719917401,38.49454010592501,44.38316623966454,46.75652057704083,1,1,0,0,17492,30.528185297343995,Port Scan
9777.081957848197,8,16,1262.4999107689753,16042.726627747033,163.72398406013028,985.145174149425,1769978.6718699713,2454.720140781358,433.3079713143917,413.25301797545814,672.2773371759714,0,0,1,1,443,1802.873669163828,BENIGN
3187.019930114659,152,1,12295.132143728948,39.622676424704764,73.69126509062968,42.52114777427373,3870309.910396414,48007.23037665332,16.530066068058908,13.848492619498098,13.785976166208336,1,0,0,0,53,217.54421836959898,DDoS
11207.663662037192,15,13,4283.748047570992,10617.78259125934,285.23612012572084,751.5434863865552,1329584.0318000508,2498.290530866136,469.9800923695841,591.3059857443503,581.6660973975073,0,0,1,1,443,18448.74407870372,BENIGN
120151.12862698753,18,14,6853.800603453772,11789.003745793761,351.7809726963099,828.4716143456254,155161.29196858924,266.331247701758,5327.9730895739285,4405.285212171254,7060.676159210535,0,0,0,1,443,21918.046924454364,BENIGN
4088.4594901035116,4,5,526.2528728312127,400.91914721933074,127.50940875263029,77.96870042007151,226777.84194629974,2201.3181301625514,216.87075774736874,226.50156715522024,174.87784635435887,1,1,1,1,22,2413.897449915664,Brute Force
31241.06925739904,18,18,8871.443173240043,12790.312238555585,514.863834250451,775.7099524015721,693374.3283023299,1152.3293170086956,942.0689744318952,908.3129715141837,1485.2043418782077,0,0,1,0,53,16270.689452907285,BENIGN
433.89784453212025,1,1,37.914582839309034,0.0,40.0,0.0,87381.35788665418,4609.379892533542,7.861740994903334,10.963942668050528,8.401814461447543,1,1,0,0,12651,0.4483074938326559,Port Scan
778.5372219134641,1,0,44.97162389165618,0.0,44.768399496039194,0.0,57764.25664161098,1284.460102681066,47.876076436982444,62.8210752013162,65.9879823311326,1,0,0,0,1888,9.61476556998142,Port Scan
1384.220299313235,166,4,11982.730572187087,98.00794457202257,68.56064615082902,26.04761927411167,8727468.108040916,122812.82111261014,15.784707441788942,14.986799759060153,15.402399905302627,1,0,0,0,80,272.88811420504,DDoS
1765.0275909186348,128,0,9043.847115278726,0.0,66.11232152940977,20.530667658607594,5123912.601599459,72520.11280649755,4.468829260116978,4.028271986186127,4.490758785698141,1,0,0,0,80,448.9515450087357,DDoS
27622.1110924843,17,15,5703.72103409131,19074.72970092978,323.3209396217971,1188.3867178592236,897051.3025618471,1158.492191015294,1012.0582527168748,1054.4539882772424,1406.099167021409,0,0,0,0,80,770.6805575838665,BENIGN
490.6223181797269,1,0,38.32182788536996,0.0,40.59261308944217,0.0,78108.61117681919,2038.227701728146,24.257963005110316,19.468750425805702,24.635838814218502,1,0,0,0,16258,47.4603790667058,Port Scan
10998.60964844602,5,3,579.7918118367444,130.16108842145914,124.92267609702694,45.887937608676175,64549.33150196051,727.3646629626782,148.34959040647544,193.34966499500294,159.86517517578903,1,0,1,1,3389,1711.4857839215313,Brute Force
3091.138504638684,10,12,4512.243683921925,5984.618009733877,455.0505481266722,480.3937857184036,3395791.4463890246,7117.118811397786,127.44908004554007,125.95363674861187,106.11017990254929,0,0,1,1,443,16104.187880478441,BENIGN
26542.549538606316,11,19,2968.695194474436,5726.478959764184,255.3066902480116,315.3363553150822,327593.78075536527,1130.2606765926837,848.5340996318553,713.6231195088666,837.2211762962265,0,0,0,1,443,6959.541389832705,BENIGN
20093.66444139651,12,14,1296.7374085070792,13876.948118797118,119.66292676475848,903.0337246745594,755147.7517482433,1293.9401907416843,639.4292907383578,808.5992374546535,728.4165548824653,1,0,1,1,80,4282.493552452914,BENIGN
30131.622708566465,9,21,3106.0917420694377,14219.11975417267,336.4500275166059,738.8879918474713,574984.3499572468,995.6317417804038,980.9585200286795,912.4792259552015,1096.1062342186128,0,0,1,1,8080,8483.5687243567,BENIGN
91.51773472814611,1,0,43.82244957921412,0.0,42.09825171256989,0.0,478841.0651704714,10926.843884089843,10.220412949837446,10.655416150058828,12.29547124270238,1,0,0,0,30112,40.561645632747805,BENIGN
222859.53925409322,10,28,3382.275953952003,17290.438820890467,339.8014174598995,577.7422632920089,92761.18421510547,170.5109869973944,5249.512153191854,6364.964780972997,7133.97599587806,0,0,0,1,80,11511.312420481147,BENIGN
56205.19258425096,21,15,4993.856776758078,12719.130383079228,218.91416495378957,837.9504576539013,315148.58939920424,640.5102152445505,1483.9339294297022,2054.8161962436848,1722.158426795736,0,0,1,1,443,23762.41780693233,BENIGN
15897.133952958193,5,5,622.429806903506,372.10358299055923,132.70783579147425,77.21518400973054,62560.546626645184,629.0442056782925,248.11939259324265,272.59296384517165,331.8180544487667,1,1,1,1,21,2964.2501093270353,Brute Force
122687.5334530805,9,17,1468.1277327060595,12656.257493196064,159.26385337347025,799.8543385683724,115124.86092406223,211.9204720171769,3672.860760209008,4240.418519644836,3447.751373346115,0,0,0,1,53,6348.0780934609675,BENIGN
37049.15181360106,9,18,3372.957337188648,14918.994284613667,363.12777987570695,808.4513729176365,493721.1980946668,728.7616228258178,1267.642115251981,1284.2154010382935,1467.4873840663686,0,0,1,1,443,22884.923599455356,BENIGN
54899.66256169883,7,14,1437.4872336330814,13334.43091769119,225.04929374788247,1010.5308174241852,269071.20120679965,382.51601230516144,2393.1842220944764,3154.112032401007,3777.767403673084,1,0,0,1,8080,11531.964838057726,BENIGN
7157.939398855446,3,3,380.44556841830394,157.13503942436353,128.73395707291067,55.06093563514215,75102.70454771195,838.2300639426202,209.93097143894693,203.1822321307315,218.99245705441945,1,1,0,1,21,671.4797008489215,Brute Force
58559.02687277476,12,5,2201.456096807796,1011.4648325137749,189.55635861818422,191.90263982991894,54866.36477586892,290.30537062943637,15826.689111663738,16212.563611226109,18337.100510350232,0,0,0,1,6667,3861.2022383838557,Botnet
1813.7418096472566,128,1,10298.37724542477,38.32075708778662,73.86622570041284,41.54107268349268,5699101.133100568,71123.6843710894,6.138977659760271,5.5207463403189285,6.944756432067773,1,0,0,0,443,412.93742828022664,DDoS
619.0659433587716,1,0,51.84260427704147,0.0,57.48221715258949,0.0,83743.26650205786,1615.336800106387,15.11615303304083,14.241749778321797,18.711014866447698,1,0,0,1,57393,21.676906041354137,Port Scan
4117.441198565905,18,20,7796.611947945851,18489.181213443775,395.4028169621317,916.8449902407084,6384011.791241828,9229.032830689921,122.65152235396717,117.70456295042158,183.63084934197929,0,0,1,0,443,24689.38845412933,BENIGN
585.0896169723804,124,4,7876.93019539478,159.6550734051219,59.43350347845974,40.902964876378725,13735648.41294949,218769.90513410929,13.572827068897505,13.90666057828105,15.20776679794716,1,0,0,0,53,125.9199584802025,DDoS
391.92849810691104,142,1,11162.293756717694,22.240858273057334,74.97630023783483,24.000681268469386,28537181.32009837,364862.47029934573,25.68688151873859,35.850461668172805,22.744023889031784,1,0,0,1,80,230.32221078055588,DDoS
10821.254417135586,7,4,791.7207029206536,381.9183773444653,106.76407655093415,89.15371009119681,108456.84197265038,1016.518009463059,122.47218146085137,108.29492043923466,155.54246137167112,1,0,0,1,21,1481.370693953851,Brute Force
209568.6973879992,15,19,6315.084189778063,11416.797551509057,413.9936513832255,570.2279424007739,84611.30866532993,162.2379698102136,6485.901231736512,5689.706091580843,8155.41868261889,0,0,0,0,8080,15293.909066263664,BENIGN
79785.99787455855,13,3,2547.457716569959,527.7404851542565,214.50557872455687,177.94603311116762,38543.0812880114,200.53644030567347,15437.851106422277,13350.601930861067,18638.147796838206,0,0,1,1,4444,7045.7510055453395,Botnet
2386.033106399843,128,2,6650.2531006990575,85.4733509459876,52.002937500621265,43.17259926191023,2822981.1370087066,54483.736898416304,17.15344681862793,15.23229519778833,20.72964613474184,1,0,0,0,443,32.32665863289107,DDoS
57786.88285779584,12,5,2005.8201720442448,740.0452209039589,159.83978455747842,137.40547462622285,47517.10521755143,294.1844093206108,15974.954951347923,14088.701082343821,15823.384656678601,1,0,1,1,9001,6780.586620187556,Botnet
60083.40672198125,11,9,2975.8097077394823,5602.216761015104,254.13422565815134,570.7486611806611,142768.64340344325,332.8706058986347,3177.380315121184,4403.7921392092285,4236.281631229261,0,0,0,1,8080,7374.541942605242,BENIGN
2844.2466220019223,4,1,448.52461695899393,60.315717002393626,119.49160566052912,61.02342047746427,178901.6219708966,1757.9347590050934,365.325015232428,354.9980265676459,435.5830753499591,1,0,0,1,22,1646.7915005337468,Brute Force
296.9743353177644,1,0,48.89330737201062,0.0,47.94059860749125,0.0,164638.15743436036,3367.2943452503855,22.75789305187433,18.81133311978783,20.158584461338645,1,0,0,0,17510,42.41551690159167,Port Scan
106500.32657843585,11,15,2988.0930476857448,10036.26187346543,299.8356921161878,632.1954121308883,122294.03739488947,244.1307067809919,4154.554871768906,5767.906517225765,5430.2331618867975,0,0,0,1,443,9586.141984385618,BENIGN
51332.59773872049,9,11,2630.8615356094156,11387.10221342675,288.6245356500739,1003.533686742669,273081.12907877116,389.6159727157911,1846.7723372805629,2103.2353096644742,2001.813098261044,0,0,0,1,80,18830.85321245189,BENIGN
2361.8063560028572,127,3,9284.885695622032,149.9113538131102,69.08987167255312,51.292581909596045,3994737.7673259713,55042.61586458477,10.2669776264245,13.527326760394402,12.995108563128584,1,0,0,0,443,375.79816314645836,DDoS
25599.46304744816,13,16,3592.650084751942,19128.140769523583,267.5873903817141,1142.3165247537665,887549.5088378586,1132.836260910981,822.0896593626081,1138.5366553303786,828.2169233199592,0,0,0,1,443,17438.21776648392,BENIGN
43088.08734691842,21,22,4915.787130563853,11874.411018372346,256.834721491267,495.85505247932593,389671.46565945225,997.9556449974399,1436.2963664546107,1223.0058091351366,2163.5397042727764,1,0,1,1,443,7156.258858090757,BENIGN
2370.3393860394885,118,2,6099.656724648743,73.10728548801771,56.855734882416755,37.75185982306587,2604168.8572076596,50625.66175407629,2.903409660057722,2.7789913626715634,3.089235583619816,1,0,0,0,443,167.20184857713383,DDoS
480.6777522179027,121,0,7989.132611590221,0.0,62.82655767101245,41.42240841527147,16620558.315269304,251727.8976230791,42.90670975029792,48.27801580603391,65.74722153691349,1,0,0,0,443,93.2671725851926,BENIGN
8361.145077015077,12,19,4912.187680190958,9970.074935549166,385.07608733261304,493.0439736687521,1779931.1552016607,3707.6261342742996,225.65997341936594,260.4990245076781,243.52751075991537,1,0,1,1,443,23736.955705719985,BENIGN
449.1512242446405,1,1,50.59301765875127,0.0,46.77319610043548,0.0,112641.38875238739,4452.843256441074,37.433235148971576,30.04821241672006,42.672923272184185,1,1,0,0,22255,8.214280392987522,Port Scan
841.902828272092,14,16,6773.571078589808,14355.501288952037,457.8583577994432,830.8965263138532,25096806.49357933,35633.566003776854,30.344322460764122,28.013523779868482,35.949591758766736,0,0,0,0,22,10016.764834374342,BENIGN
5897.687163744091,14,10,4552.5189691997775,7666.638945464505,353.7528848547785,778.4098332223132,2071855.894592257,4069.391836776203,218.55650774563853,244.68403913484897,250.01600956722064,0,0,1,0,80,22292.565300582646,BENIGN
1771.0747189503736,157,0,10628.08514158897,0.0,63.41380479428855,32.504313608690495,6000924.200356549,88646.73992582648,16.430267170412307,21.004658857990044,25.489812047152473,1,0,0,1,80,384.0790181706934,DDoS
25336.21310296779,13,14,4940.996626198095,10415.529963749343,415.0478510377524,736.8875843727162,606109.7815817089,1065.6683337115333,841.2541652684203,695.4424890676702,969.0212036053521,0,0,0,1,80,5590.687505005181,BENIGN
98224.59999670825,12,19,4935.776090632193,13348.937357593768,435.84127091017274,719.6650100362568,186152.07848989693,315.60321957064616,2728.8128587416154,2210.4093904365413,3980.116270768257,0,0,1,1,8080,23284.63607202991,BENIGN
52644.38723826152,12,13,5777.252151433736,10700.85224518714,438.1059516085903,873.2741807458752,313007.8107290556,474.8844332987164,2674.815538390366,2513.951188663464,3081.4697337824127,0,0,1,1,22,8846.96437261383,BENIGN
41206.35397734462,14,18,3180.2326328341915,15972.866240535472,208.47420750008132,870.0678554543846,464809.3564380896,776.5792629358497,1125.4996283501757,1086.0509992672967,988.4363147588234,1,0,0,1,80,1689.114607765825,BENIGN
193823.42692282435,9,12,1425.181262207873,12317.953767574014,147.08287452520722,1009.5159450032165,70905.43825362276,108.34603604631177,7293.0698415566685,6164.0091525758235,8616.427766348423,0,0,1,1,443,10035.399098888385,BENIGN
9055.280149053207,5,4,771.9130963041323,343.4572404666905,147.66530214390045,78.61918369050093,123173.4765144116,993.8952579993908,298.1998612205024,260.083041972261,297.5160921361675,1,0,0,1,21,607.2171265186172,BENIGN
66947.95106282909,12,16,3700.6140838220417,11481.358269799377,305.4317100186407,768.2971792560114,226772.77067633468,418.2353538157225,1861.636344836143,2346.533230322897,2012.7821669510026,1,0,1,1,443,22659.683050934767,BENIGN
454.84455163043026,128,1,6029.141854855064,28.869341080375904,50.801534340368,27.674899989032426,13318860.639794335,283613.37854347855,7.418942427483075,8.348168005229507,6.186722061817327,1,0,0,1,443,138.07738416511856,DDoS
5270.132956888979,4,3,544.4187832983322,307.736649387908,143.87068604767128,96.53990617342069,161695.24367925577,1328.2397346066543,65.23038553397114,74.61631807364802,84.09115642476192,1,1,1,1,22,1291.2482812795088,Brute Force
10717.256614308008,9,24,3309.131864188345,14812.433102643485,344.86307044991,602.9639355785175,1690877.2103710521,3079.146202018113,400.47182746094603,406.38926221464476,515.2593472663882,0,0,0,1,22,16994.69793766231,BENIGN
6434.222274506367,12,13,5131.136142043542,6134.427479829049,410.4525843608734,510.5099580912686,1750881.9467597404,3885.4734781319003,211.78033296359501,208.4529826151222,252.4314775340881,0,0,1,1,443,20090.366416391345,BENIGN
2664.949614794023,7,3,818.005230987721,269.6081161615796,118.65292433021058,85.1011014682628,408117.7899618051,3752.416159947891,218.46478532762674,279.1584367774627,219.55352900934096,1,0,0,1,22,862.4958165382617,Brute Force
38013.23222025061,10,10,4068.8238845229616,10744.206820868496,396.89329766780185,1104.114156408185,389680.904258917,526.1325815210603,1364.0666369071114,1904.0984742085066,2105.184387100476,0,0,0,0,80,12905.658616614737,BENIGN
96133.05102613385,14,8,5009.89558795059,4797.823782727405,381.52792818972347,549.3945165239995,102022.34575923068,228.8494931261391,4203.903753282867,4533.792822072299,6221.891373690347,0,0,0,1,80,17439.332788636126,BENIGN
6195.641671002852,5,3,778.7564580540442,241.36191863265367,146.80736832649885,82.60664047993772,164650.9644773529,1291.230259077441,187.43171761559844,240.3297826802344,284.36457262067734,1,0,0,1,21,1082.5067355391666,Brute Force
113621.3622909743,9,15,4364.022349316181,12184.212690815786,478.6442279857049,770.678116638519,145643.69504524505,211.2278845815817,3797.8749103067553,3356.4689867667225,3387.594938476892,0,0,0,1,443,11977.149067363634,BENIGN
8193.860482461396,17,7,6156.689846894487,5907.239173600506,342.1578621549876,800.1366529651187,1472313.2089345811,2929.0222906981344,305.77786214572217,278.434506618304,467.72212558852016,1,0,0,1,8080,5900.281706942412,BENIGN
47789.41447907388,8,17,2977.792685575674,13960.456581939741,405.9563606730097,777.4867042893624,354435.17046923365,523.1284013941423,2586.125383145957,2627.0919173358884,3507.2075565723794,0,0,0,1,8080,20374.15793958876,BENIGN
12742.700407807366,13,11,4248.627148338702,7384.361183504042,342.44242956737594,706.2241773868672,912913.9004724063,1883.4312376437388,472.44601829785864,631.9203220841014,611.6040727002489,0,0,0,1,443,2224.1104832470346,BENIGN
34076.232185134664,11,5,4424.92952937027,5631.642580716808,365.99326954299653,1035.0391114419654,295119.8376466672,469.53547895414926,1581.3952390166628,1611.99996147206,1361.6469589716792,0,0,1,1,80,11533.125935760992,BENIGN
33713.7040556166,16,27,3816.1546287994324,26736.70909909317,255.48781547536038,944.3332729009023,906244.6439433161,1275.4457335528614,871.2155814866978,1097.572543023438,1310.6605970243481,0,0,0,1,443,12950.36850423181,BENIGN
49326.05466489114,9,11,3586.627070177476,9133.394122323638,407.7436484012806,872.950729644437,257876.31463569813,405.46522797890464,1800.784932631126,2275.0831289503585,2159.7473391819276,1,0,1,1,443,23132.843577742064,BENIGN
13093.027947304905,5,4,490.24919374096777,327.22080543390723,105.80455950265802,88.76353698146889,62435.51930576492,687.3887412615336,358.0742393731252,458.8101848794154,427.85240559484816,1,0,1,1,80,2916.3115179739784,Brute Force
109354.42787158767,10,10,3361.5949944148183,10547.898005130775,324.23147660532567,1013.5674784940786,127196.4315508027,182.8915425673072,3990.812172648321,4987.535988395322,5566.609028940782,0,0,0,1,443,21009.23505577852,BENIGN
68557.40941526285,8,16,2747.257997611026,10337.27834826851,340.6116068558921,670.3971683161435,190855.17462634086,350.07157074194976,2636.44289481033,2910.529574096303,2214.43209934617,0,0,0,1,22,15492.98067044681,BENIGN
14227.61470347775,7,5,698.6183450654181,514.4978302426535,101.06786443546645,112.76797811234391,85264.90213510925,843.4302059829299,273.70740561874436,300.32864144731,403.6795351717376,1,0,1,1,22,2953.672718627329,BENIGN
30.977954656132567,1,0,46.38622015014753,0.0,47.40909431952552,0.0,1497394.5396025253,32281.02084532022,30.72746661231812,28.317188996561026,38.728395580211604,1,0,0,0,40674,34.31761985713252,Port Scan
613.0177249653741,152,4,8285.12870036805,192.6150659350969,58.74519769870903,47.51302392649931,13829524.695688052,254478.77548534435,3.356002851767637,3.5715063822773407,3.803846400881042,1,0,0,0,80,133.6698449509105,DDoS
32108.359799607766,16,10,6746.580526252044,6399.389253807718,464.47865426333937,663.8126083313326,409425.14230267075,809.7579621715095,1077.2674947117919,1411.2185751376742,1404.7742019758393,0,0,1,1,443,3629.615432274882,BENIGN
1982.4162706623881,157,3,10468.226477249746,135.5256886278801,60.88896377462716,45.327987612194406,5348902.913480717,80709.58777317689,10.091658044120116,8.129956131160846,10.711460475277041,1,0,0,0,80,367.80439677214645,DDoS
5541.7458527513445,10,11,3070.8083498626065,12866.894081981838,309.1909302871288,1097.0253200509405,2875935.283811645,3789.4195363675876,304.22352597754934,372.24316401324216,372.9957688389526,0,0,1,1,80,16778.34148375845,BENIGN
10655.518514118698,5,3,380.35874599897403,345.96078404801773,82.72102218888213,106.98314244463913,68163.69650004448,750.7846745702612,84.25969410831019,102.27652536388491,89.6323368821364,1,0,1,1,21,2066.932252018415,Brute Force
1422.7816932513922,10,16,4403.906979819956,8165.919295911469,452.7789818165733,521.8174693342428,8834683.729312263,18274.061385049074,54.60702172892863,45.771090276694,62.39881103791875,0,0,0,1,80,11430.808280848194,BENIGN
2044.305614155261,143,3,8150.545574347172,156.97326003476041,57.45057493566685,49.091444080237274,4063736.251986339,71417.89319026523,19.77187306864518,20.917547076393838,19.640436962794087,1,0,0,1,80,36.51721434299296,DDoS
33782.995793000366,8,22,4246.831766338465,23447.921202224163,506.30329621983844,1048.3846830200678,819783.8089391948,888.0207126632571,1214.7265648854996,1633.72876281097,1538.8250614277356,0,0,0,1,443,13742.471925050948,BENIGN
12592.569208167672,14,15,5199.727265959914,9968.830911961113,341.8450887778403,687.9057425993299,1204564.2098264222,2302.945453036724,419.401017177954,338.34845834426517,542.8166696552992,1,0,1,0,8080,16537.035952442515,BENIGN
19376.60822510454,8,16,2764.2602041934715,13012.422142626348,379.61675598730864,850.8386398283498,814212.7953219069,1238.6068666499302,821.83346175706,806.0489082501713,940.5293172873102,0,0,1,1,53,18182.622943780254,BENIGN
53889.95961064237,9,4,1341.2059904426767,535.4970921337098,139.50129909384577,144.1029432987293,34824.72609249773,241.23232034177877,15919.93127779084,18651.0369863015,22546.67512487553,1,0,0,1,4444,2554.2862479848027,Botnet
17067.214607471677,13,20,2412.329813092275,15585.907508803655,192.43145065108087,783.2118234067832,1054550.3607845106,1933.5316722128327,520.0535727908949,470.3985547733445,789.657932214431,0,0,0,1,80,2485.5333203913233,BENIGN
4973.809079054658,4,3,471.18582873490556,180.8030454832833,124.14823946123992,65.79180961314185,131084.4191755966,1407.3720741469328,151.56260318724333,172.3659470811734,152.8133241876876,1,0,0,1,3389,2183.511082573684,Brute Force
3303.3468539349406,132,0,6724.7606988843545,0.0,50.592648489325015,31.86187821053501,2035741.6269726057,39959.47317574655,2.197315142007481,2.7823501506822965,2.4714296661660167,1,0,0,0,443,374.1815309659834,DDoS
22116.064149310925,11,18,4558.7965134690985,15900.789292627222,424.95062692410363,850.9695963303044,925100.6719807233,1311.2640569413234,846.403585560164,1095.8973754737372,721.3565393232369,0,0,0,1,80,9138.69778231036,BENIGN
65088.62229042877,12,18,3655.7665166422385,18530.336582593503,298.3124540029592,1044.4249859231513,340859.92787249683,460.91004762919175,2181.759420300374,2990.845894779265,3009.3955804044344,0,0,0,1,80,12851.916120655756,BENIGN
161637.98295954728,14,18,2246.831786556199,12500.82768275298,170.10388527696833,689.9563563303257,91238.82394028659,197.9732697357932,4500.6857978906155,5875.129524571617,3954.9516959086704,1,0,0,1,80,12447.183379427319,BENIGN
2341.6970416253625,115,0,9270.194953883076,0.0,85.09252380923968,36.88640069459478,3958750.7645517928,49109.68325782184,7.711234930773696,6.630132556953025,8.239146734179362,1,0,0,0,80,450.7174048627343,DDoS
2692.523627427474,133,4,8421.55732573119,129.65384402888105,60.97805766340088,32.062466194193384,3175909.426625972,50881.633351122844,3.9713598087474162,4.9459831104759,3.476536984479163,1,0,1,0,443,75.61386591151573,DDoS
76111.7299804419,7,16,3226.1455460782813,18426.391013451102,496.4532792187814,1116.2570492734894,284483.5686311866,302.187323897515,2949.1921324100517,2619.5952739237637,2425.5752547508014,1,0,0,1,443,18376.430627937607,BENIGN
39544.42544954264,13,19,6325.908160010578,20592.960268742932,461.7118054359772,1075.8785503245572,680724.7323165963,809.2164606318765,1087.948187286472,960.1873015198769,1059.8525999161302,0,0,1,1,80,2100.596815416386,BENIGN
643.948002652297,158,0,9435.112874916482,0.0,56.53187749846224,31.334275690513593,14651979.408360738,245361.4256884541,3.8651933451640006,4.199307847082289,6.168507808222565,1,0,0,0,80,299.5605628881139,DDoS
448.997506577068,2,0,78.29003363130839,0.0,40.0,0.0,174366.29933237797,4454.367720763079,21.462081124778017,20.108654934917958,24.107774586648674,1,0,0,0,51842,45.75575268744925,Port Scan
5438.68640283418,3,3,474.00859211758404,209.19452218146645,159.1707063201447,70.2925822314919,125619.14103799463,1103.2075680762382,137.742640627017,176.3986073223736,208.9641374144103,1,0,1,1,21,1062.4177551678863,Brute Force
10856.249363541678,6,3,859.1184901173679,230.20777504583407,136.81025703817755,71.95052692631634,100340.9399217988,829.0155926433043,61.81777512008135,61.10741190158083,67.0786080395906,1,1,1,1,80,1329.2675517734315,Brute Force
90431.48474336001,13,19,5195.732868450275,18241.33095200003,366.98889482166294,910.7338499273276,259169.29139185883,353.8590579466254,2123.3330904166182,2517.6729136058893,3230.290029245773,0,0,1,1,53,18704.212258990978,BENIGN
7929.589758462985,10,6,2319.386534086237,5003.32778150805,221.3439411740981,772.0307035015007,923466.9810981079,2017.7588610966586,387.9979668995486,333.00392388208456,448.63650345222845,0,0,1,1,80,16727.387688378352,BENIGN
25860.765539199874,4,15,1434.0434375839998,11078.610086302719,398.23299698227817,714.4644371037722,483846.9884010192,734.7036951090913,1330.8923979166616,1279.7608774530686,1608.0977272973623,0,0,1,1,443,15700.308636791231,BENIGN
33686.79750623502,14,14,4882.741707972658,10405.527129824695,381.57714378321134,697.7157950341345,453835.6261074588,831.1861640993785,883.4217800212339,985.6309468273895,1178.4719573331822,0,0,1,0,53,7397.632228191959,BENIGN
51629.39695757543,8,6,1388.7557202658347,939.2786058363613,185.03160057079396,160.52573418316658,45091.255433705206,271.16334539998576,14651.773204842584,17184.592107210156,17910.36905992656,0,0,0,1,1337,4751.52899616902,Botnet
2334.0748401302917,140,2,8558.579309103796,88.21566519340878,61.985282347392555,45.68280726477868,3704591.9974933313,60837.809293241575,26.90572721589468,32.09666825902685,28.87840553628854,1,0,0,0,80,188.06436397370487,DDoS
32319.83714250298,6,17,2539.445833548735,15540.386224167472,412.6454609201087,868.7886988576631,559403.5631429557,711.637249240755,1774.2568116435189,1505.565663438267,2249.7139323235847,0,0,0,1,80,22149.59333546506,BENIGN
19523.05012559037,16,25,4910.791149234657,26760.94204957337,331.92726991627234,1107.062769166731,1622273.824789982,2100.0816847905407,516.252405966738,512.5709360243296,764.0061827868345,0,0,1,1,22,11662.51755411555,BENIGN
104324.04000127617,10,12,4360.5617648010175,11879.911235430121,467.9072011284753,963.3285478078274,155673.35199089753,210.88140374673833,4419.294732173322,5145.033794542926,6949.397217521121,1,0,0,0,443,2441.7759075717686,BENIGN
83813.48721446775,15,12,4420.116579270014,8554.457681351254,316.60333332415206,776.3117926049501,154802.94033609447,322.1438565240762,2421.1886000942914,3118.880647865756,3215.8688550764423,0,0,0,1,80,20466.09595516016,BENIGN
54938.92947951422,12,17,4255.543714080062,11731.656475989774,345.8824140219586,733.519439316018,290999.48509246414,527.8588475374935,1805.201298344577,1849.1435828006863,1666.540008009246,0,0,1,0,8080,15980.811008013732,BENIGN
839.0889987365126,177,0,9864.625372822315,0.0,55.89932984563238,38.71804594829007,11756351.695322327,210943.05880129983,1.1166991175369325,1.4311074295542279,1.256524530960668,1,0,0,1,443,491.33239531537816,DDoS
60266.124800602876,12,16,3598.6485438694526,13353.290531179973,312.734515353722,879.2969781900845,281284.7039881325,464.605947248825,2257.330910901366,2191.930970588451,3581.812113564557,1,0,0,1,53,15018.209677308947,BENIGN
14405.995079716617,9,19,1306.225749105655,9889.542421153285,159.1816725455258,520.3701023638273,777160.3494452377,1943.6352605328527,566.1901906851958,539.2902415543301,573.7158957059999,0,0,0,1,22,15153.38292641015,BENIGN
21479.81136012069,19,19,4290.486349112022,9900.16752655659,226.5676793705852,558.7927477581178,660650.7681913311,1769.1030597480299,532.3209715539626,598.3228282738366,684.0371676769487,0,0,1,0,443,18394.08935867167,BENIGN
74366.53909258619,9,11,3777.427388025573,8050.954922253846,407.67374822329145,724.7146801984419,159055.16721106396,268.93815745681053,3128.3784593945397,3473.699217359206,3369.2325408581237,0,0,1,1,80,3475.4799631255505,BENIGN
13899.246605812865,7,17,3137.939662970895,9922.348804810706,419.99664946117764,600.4259421686274,939640.027850114,1726.7122946047202,483.22524005015936,646.0022949429165,713.214315275275,0,0,1,1,8080,16740.73705024705,BENIGN
127950.4438408503,15,16,5185.707926602696,9030.944256953657,368.7820135282949,618.4932578349033,111110.6124902511,242.28130102119064,6105.857034379826,7699.241185904773,6273.462731060662,0,0,1,1,80,18851.663643344356,BENIGN
54.015694067897336,1,0,43.59075754608013,0.0,44.22456866633104,0.0,807001.7112302002,18513.138028792284,27.259423586173597,33.47161378741695,34.13338196186402,1,0,0,0,25434,36.9808706009333,Port Scan
16709.082196576524,11,12,2660.7648901644166,10624.86309794112,220.22437131551845,863.1246042818984,795114.1679599606,1376.4969092504914,652.6509057263155,575.1938602188532,956.1457317412433,0,0,1,0,443,2975.5302641495273,BENIGN
918.2386740389856,168,4,9386.668629894635,218.14470845481623,61.4265073950543,55.458468433626635,10460040.085331518,187315.1337042219,1.048346406022901,1.3814219406361659,1.4388133426104956,1,0,0,0,443,59.63018826012515,DDoS
10531.748001142292,7,4,899.5012297215745,398.8840085728518,140.21623792170345,101.86150379305637,123282.97621188822,1044.4609953453996,79.95401340153131,67.37444497038113,94.8202715712474,1,1,1,1,3389,2515.534181899778,Brute Force
19196.922593041916,14,25,7565.840273618848,26362.52498015916,539.9138790123518,1084.585911091602,1767385.6363871377,2031.5756242167624,461.59949128464314,558.4353048093745,392.7144669610255,1,0,0,1,443,6177.984825333526,BENIGN
798.8266891357091,173,2,8371.989493193736,63.341983888226125,52.68446664601338,29.868609699317847,10559651.538694298,219071.29841811035,5.122824332862834,6.131084371677135,6.755671561642058,1,0,0,0,80,315.2310465644795,DDoS
29434.43185946171,9,14,3292.6094969782102,4992.624335702342,340.1294485185652,381.6690638519226,281481.01761363744,781.397789833903,894.1268892967673,796.961199781982,1351.374400952123,0,0,1,1,443,6958.414976207241,BENIGN
27643.20464658587,25,18,8046.499195028018,9485.14411745947,335.05313055978866,584.9513844759532,634211.6819170158,1555.5360006102187,655.5325841637389,590.1136628210133,1020.1898554217607,0,0,0,1,443,16466.164490539242,BENIGN
38659.56211342894,17,22,4493.112563609248,16708.29656650752,250.72200326376043,828.4618833775012,548413.0696543033,1008.8060461102016,1075.7463686186013,1177.64705513677,1533.3325659689815,0,0,1,1,443,17893.76184735901,BENIGN
8789.060489374491,18,14,4252.966517343937,9248.365680616682,245.23748138250284,617.9721029837369,1536151.92594055,3640.889721795214,200.84304057110182,267.70086232357085,304.7000776365385,0,0,0,1,80,5914.8110730334865,BENIGN
10875.780981317186,8,17,2821.2503143767885,14139.659614082839,354.39135020424953,888.1399767944708,1559511.9060962794,2298.6854960527353,354.46131282039124,374.37306541232607,467.33116297135206,0,0,0,1,22,5165.572648430747,BENIGN
1527.7804486217537,11,18,4576.060532500164,8623.539328986913,447.510791002777,511.31268246813573,8639722.987288352,18981.78499807454,58.870043835810954,74.9287390048916,51.75950857298908,0,1,0,1,443,1035.1553775276927,Port Scan
12383.347747419477,9,21,3155.881246709939,18220.21352628896,375.8174577666006,799.9432991347944,1726196.761086144,2422.608216445476,389.2231130921223,514.0351702831,529.966623268995,0,0,1,1,443,12612.86136415445,BENIGN
346.6278104254637,1,0,39.383580927349286,0.0,41.21022617610722,0.0,113619.21848973524,2884.938743872176,30.079975510466674,29.43730784347844,45.717717511338314,1,1,0,0,20419,42.02228698272038,Port Scan
22726.7612402255,14,9,6819.805545718745,6043.911501379266,473.8146094028541,683.0534513233408,566016.2885123165,1012.0227760078227,757.4940870195246,776.73157567082,701.645164377929,0,0,0,0,443,21299.631862673516,BENIGN
81955.90499256276,12,10,3999.544287982898,6590.4646242595345,353.10708393570064,638.879255634871,129215.93524229208,268.4370333290375,2465.615205999221,3214.868997782107,3681.967140891975,0,0,0,1,53,23839.285975818773,BENIGN
82676.63286082445,15,13,3521.1944971019543,13085.085513234902,235.38789020098824,1043.5254002791512,200858.2042557467,338.6688479093533,2380.8814681718463,3126.8235585592433,2366.6345096109903,0,0,0,0,443,22159.997141017793,BENIGN
49942.15538046259,9,5,2010.09015703242,1099.6178286677252,217.73198702236368,222.70181437539856,62266.19500120064,280.32430505546046,13995.713174599705,13473.452316527424,11602.83540661417,0,0,1,1,4444,6195.860587965485,BENIGN
38313.77807434061,13,16,5376.945645444832,9659.478896781247,406.2557552469593,617.5195461466599,392454.7590438811,756.9078659831199,1229.403919304671,1495.0424465135925,1686.1132312149834,0,0,0,1,8080,22117.760422784002,BENIGN
78618.55406869501,16,12,7271.568118479827,10247.584533686217,425.9578250651709,927.122847897692,222837.38056105972,356.15002503778265,3045.7723521652083,2939.8436802309016,2472.912412235155,0,0,0,1,80,20593.451620229513,BENIGN
1359.423640857512,5,4,643.7292597039028,317.41749726156627,140.3854568156964,77.60326334797602,707025.1892626985,6620.452763586546,379.4788746990968,406.068185376249,385.1938134436444,1,0,1,1,21,1211.944704322775,Brute Force
15979.009609010884,12,17,2437.677150089593,17625.61728151597,191.21778583469526,988.0839440719562,1255603.127010542,1814.8809412847665,374.522655745803,460.9472971230091,331.34662704808676,1,0,0,1,443,10872.833839607363,BENIGN
64003.76419720674,10,14,2235.946555811748,12042.068901382787,211.11524165695755,934.5879586323136,223080.8708875541,374.9779454541427,3227.3354546450028,2796.003989156897,3123.0981948227422,0,0,1,0,443,19606.943352759994,BENIGN
18238.66327489803,9,21,3774.5255659062495,13542.73977168357,397.20839530415384,650.4546403871266,949481.0599098929,1644.8573860831764,406.24720100830143,439.5288775901555,507.355476755995,0,0,0,1,443,14401.198108890798,BENIGN
1725.4871594331105,183,1,8532.101933460002,33.785038420446554,47.955843530076976,32.077403624134654,4964329.5952979885,106636.55130325696,19.09906384181013,18.097080026911474,16.596351457805273,1,0,0,1,443,40.449850193237026,DDoS
2019.1188240998238,128,1,9624.523553581743,42.00410314580918,77.40945345829641,43.26739826814144,4787498.160756906,63889.25627371712,10.614553719718671,11.017684241301463,10.616056584390533,1,0,0,0,80,223.79898552856432,DDoS
19297.541394821325,18,23,5657.555888526085,19173.27859948197,349.10658456429337,786.5816279627539,1286735.65092969,2124.6229849260867,388.5533665024245,524.7501432557615,477.0010324214975,1,0,1,1,22,15641.514240451537,BENIGN
18087.907861831514,20,15,9483.543530562982,12307.458664686888,431.8668918129643,909.5061594329268,1204727.6203364846,1934.9943767601674,585.0227937635417,751.0335130171247,814.694704725825,0,0,0,1,443,14799.261518112968,BENIGN
68916.35230086805,6,6,713.0592811783423,958.0296374618888,128.83373756164684,148.99489734510237,24248.07557058098,174.12413163731608,15836.594957281073,12813.065271535079,12971.824965209762,0,0,1,1,9001,6305.775277514221,Botnet
86621.21653435826,15,12,6122.963373757541,9093.112251093564,422.84269442199894,756.510110957475,175662.22495634953,311.70192569727374,2344.680390752192,3116.114504020377,2434.9430328906687,0,0,0,1,80,16792.12584129822,BENIGN
165055.36084431293,9,18,3927.36944824495,19725.50519062607,433.3102935287477,1058.0157943811862,143302.67443528475,163.5814787346866,6029.134573148411,7092.0852021816,8178.079065308189,0,0,1,0,443,23062.63665496046,BENIGN
1225.4420087210137,8,14,3765.4281349900816,6422.156084944905,464.1843240684261,426.58291307437645,8313395.613528628,17952.705916260587,39.71814527129799,37.568520932827866,52.66603569137704,1,0,1,1,443,18293.880967490342,BENIGN
54149.538979851386,12,10,3606.9901649230865,9959.75598586413,273.2688034312673,924.7914558533481,250542.22817733124,406.28231402276623,1731.1029490004482,1693.061275631377,1873.9975354272306,1,0,1,0,443,1358.0014153228349,BENIGN
23879.982122606143,9,18,2728.5971269585725,14831.916232883397,313.16576491165034,782.9060452998806,735365.4315854029,1130.6541127784294,1065.9343540362051,1136.4308267825127,1027.989382331512,0,0,1,1,80,16112.76468090496,BENIGN
60780.28454711157,7,5,1204.660114860235,818.9941470883891,164.27056905502485,149.22374523613615,33294.58354838836,197.43244194091665,12915.78914102283,17592.347119330498,13605.88397902116,0,0,1,1,8080,2679.8157127488566,Botnet
62712.31775033671,11,11,4673.108651540925,9327.829148388224,412.64481711025496,883.5428829185909,223256.58343019822,350.8082748206492,2527.55826117079,2157.8709685152758,3741.550310952466,0,0,1,1,443,13037.928141608882,BENIGN
57040.400068248746,13,16,3783.7473513892555,15219.24926700743,268.90931534004187,1040.5902560115592,333149.77797595446,508.41158135815226,1933.828724667764,2410.8529289844137,2255.2090994195646,0,0,0,1,8080,7058.6010312281,BENIGN
5042.9638978469775,5,3,676.4917275666236,204.97307021533982,135.19484035029834,69.51988626894317,174791.01886061337,1586.3686835861522,127.50685501397479,158.7635761740648,158.8822841417368,1,0,0,1,443,2581.034728295825,Brute Force
67285.13835768831,13,1,3092.304638870315,193.80223475011982,226.32279274739594,195.29118184248875,48838.524432415754,208.0697215122884,14146.007262227466,13745.248485930058,15082.764078177297,0,0,1,1,9001,7926.37397559765,Botnet
970.0554679062922,156,1,9643.839005581563,52.85479811432885,58.90429550580413,53.94108227857316,9996019.94370965,161846.41517341178,25.527650123158335,27.82169930617449,25.340778530248695,1,0,0,0,80,273.2764492173261,DDoS
4886.681291006554,10,17,4041.745664827072,4156.388354401031,415.1405648173437,240.2796919758922,1677648.5985112116,5525.222209537338,230.01103621837808,280.6237553271822,323.53778443384135,0,0,1,1,443,7012.147523156004,BENIGN
1905.7101355994987,119,3,7896.706614576393,141.089313257493,65.82998896195977,47.980749178089354,4217743.180184826,64018.130418150504,3.7856465453404287,3.0389283907632,3.1235716027505287,1,0,0,0,443,201.3753513046654,DDoS
85.74175474069824,2,0,73.9489498336221,0.0,40.0,0.0,862461.3533658115,23325.85804953999,19.99671767277308,25.922855744719474,16.200750395195932,1,0,0,0,44657,1.8461190694818996,Port Scan
3176.209350277298,114,4,8694.431402208651,217.02012605945976,77.89011682982795,60.0,2805687.7067911467,37151.203521801246,2.213385775034326,2.877829481689876,2.971294172223422,1,0,0,0,80,93.44811467395238,DDoS
16806.309372980344,8,17,1270.7916810503848,13521.227435516896,157.9535829867793,873.2869655740523,880146.7822762174,1487.5365819572933,445.39963475870906,588.9935331996913,458.4390983625737,0,0,0,1,53,2272.11522477382,BENIGN
8423.904583055033,9,2,809.4553356341861,91.44170037419718,91.27876871393642,43.646862953326476,106945.30394142498,1305.8077630801838,107.74280159825221,92.74175112973897,140.62850143833617,1,1,1,1,80,2079.247964820838,Brute Force
102836.54597142444,14,14,6821.0010940936245,10821.304014054069,452.38811349771635,717.7606636985819,171556.76458688168,272.2767449597195,2951.0742119161696,2635.9774627309253,4231.903935683965,1,0,0,1,443,21569.20486464731,BENIGN
688.3618931950994,1,1,41.9536565116966,0.0,40.0,0.0,60947.093275260464,2905.4484563589126,27.227881865917624,23.769233697036142,25.95640195558039,1,1,0,0,56710,14.557854748748888,Port Scan
37370.909088283595,16,16,5579.025658494888,12725.137908380086,340.9708431098821,873.484314042275,489797.1179570163,856.2810159208178,1076.2544118402052,978.5082051562927,1052.3871999702462,0,0,0,1,443,3922.822687183188,BENIGN
128925.43230598986,15,16,6620.578217880311,10830.27766740594,407.2229445444631,622.3354812028267,135356.1944540828,240.44906769383581,3513.720347706964,3614.7315999292496,4653.766638739676,0,0,0,1,53,19708.90327301577,BENIGN
51246.35045934234,10,5,2248.7827823932726,924.1825891650107,212.3879805453356,181.47235032533578,61915.92851232674,292.7037704255769,15634.385146088405,21839.289344803146,13468.852532672938,0,0,1,1,8080,6478.2354667090085,Botnet
11.769171297206949,1,0,51.21254464060955,0.0,48.317882069968235,0.0,4351414.67035689,84967.749618643,41.53498063855649,43.21365678415665,47.79568634912237,1,0,0,1,7546,45.150326389849724,Port Scan
19923.51115862907,20,15,8677.954888482695,9679.898273204804,464.89290692231805,639.5515027654862,921416.5623480744,1756.7184680116563,665.5988828925647,739.1764257270257,594.9615364509154,0,0,0,1,8080,11552.54899701919,BENIGN
34184.67812083654,8,10,1414.890615156955,9134.450647575415,168.51103854625867,953.089359483388,308598.5254985403,526.551688928394,1874.3618791078563,1961.3095513554342,2261.8548784304517,0,0,1,1,443,15257.779985359924,BENIGN
41053.78904246109,12,5,1989.523792665003,837.8776672470186,173.93313355595862,162.39925055734156,68870.65788221639,414.0908889656263,14398.31504823982,15711.640635328626,17965.024350443662,0,0,0,1,4444,4507.378376300887,Botnet
23976.287316914455,11,17,3312.1652468510483,10501.51168636798,286.762775603394,587.360119893554,576139.1140601634,1167.820506565541,704.5634804096285,747.510418807011,1078.3642304494233,1,0,0,1,8080,15458.3106629839,BENIGN
66455.4017675722,10,13,4446.339982336821,9867.030038508876,482.8294707443032,747.037405328286,215383.09362580813,346.09677149259454,3237.530859410295,4194.674637924792,3801.7714707820637,0,0,1,1,80,18774.611179506795,BENIGN
19154.029433051528,6,13,1128.5796313150258,11442.0752098965,206.77330978945318,897.6283132874025,656292.9688058243,991.9583796406964,733.9988832830818,689.8326859303882,979.2159613214956,0,0,0,1,80,24944.36463009111,BENIGN
23070.35513557805,12,14,5918.107116280187,14313.65645286685,511.14245524237515,958.6019782463204,876959.3467569354,1126.9874194482593,899.0022753501474,1257.6670855120917,1101.4522108679173,0,0,1,1,53,24562.63601377922,BENIGN
6297.0002550829195,4,4,424.8658726729275,271.46193569063337,96.64713690770992,71.44529689279553,110580.87663272479,1270.4461927792402,85.72678564780625,98.2407167403277,119.86506370384029,1,0,1,1,21,1939.357580897906,Brute Force
39958.736705864794,15,13,7934.789810721368,7073.50719738365,517.3050641565002,561.0146517441794,375594.8822551798,700.7228533301055,1375.2758213628142,1716.968230556318,1747.4351457129249,0,0,1,1,443,14246.995419513974,BENIGN
676.9399517009992,1,0,47.75753326355093,0.0,47.35901415827233,0.0,70549.14271723348,1477.2359017771412,7.520655706340722,9.884009089240987,10.943408058564419,1,1,0,0,21247,7.795638443024483,BENIGN
2336.486380623945,159,3,11619.86091396414,87.04064206926176,68.79860009257592,28.41067607290939,5010472.842091697,69334.87879211984,11.653771274181748,14.31972831579917,14.35803607041283,1,0,0,0,80,468.19254789274066,DDoS
4102.464596583702,9,20,3081.8408327306306,16639.399443505183,367.77237400136113,876.5797067830651,4807168.913208547,7068.921453740159,137.25671966256806,113.71597008826808,170.29030283569875,0,0,1,1,443,12690.975796039807,BENIGN
120098.53324515779,8,18,3868.7662253451085,14717.816829347339,502.4870971259454,787.8931643585772,154761.11616410463,216.488905380102,4516.28572527549,4306.915477871609,6675.5025969142325,0,0,0,1,80,988.2634079934592,BENIGN
57679.126364443975,15,20,7452.628866822488,11466.32935639274,541.2797585582483,532.8447663991477,328003.5502562281,606.8053073282259,1691.3664282502348,2321.6875043704795,2429.3774022088564,0,0,1,1,53,3835.4719785465622,BENIGN
51690.74184397463,4,6,955.4126127375383,1438.4710285237522,221.23762336567995,253.2475598839398,46311.65187156886,193.45824113309098,15082.156628998471,13878.5438606403,19842.473693500193,1,0,1,1,8080,7992.057851469938,Botnet
2122.011588903201,149,4,9189.85906465207,146.20213245075504,65.46253337217641,40.2757909006409,4399627.808785122,72101.39699523542,5.623481021157974,7.762031873643915,6.657700564000541,1,0,0,0,80,35.599125115153385,DDoS
18159.81532472132,17,17,5286.895434596375,12549.203636810453,299.05081872263963,694.0536819934737,982174.0338474803,1872.2657357487067,551.3797231268645,574.6442506567995,654.637779101228,0,0,0,1,53,932.6258918934582,BENIGN
26364.709725540015,12,13,4754.4089937191075,8302.390061029531,431.1328352527211,701.310244234795,495237.73220610357,948.2372557958416,893.4637143640173,1128.9355474923818,1018.049565872688,0,0,1,1,80,21677.846406257482,BENIGN
2008.6259580107915,166,1,11458.904595141108,46.03129866246369,67.06000217545991,50.88363586718435,5727764.220072756,83141.41283197675,1.5777739734727092,1.4980312711880512,2.117874748303274,1,0,0,0,80,87.00614152835747,DDoS
657.4391118127114,164,1,10644.705544398556,27.11562737943711,62.53407175074079,29.796722302474716,16232409.937329888,250973.8119246616,7.2957387854467015,10.005022918367182,11.517052379955892,1,0,0,0,80,118.26736851768375,DDoS
20199.021140309596,13,11,4793.888551492993,9951.092613759245,352.76361277077376,955.2238308300401,729984.9365386742,1188.1763890085292,856.4682358329924,1056.6937304706553,732.1350157239409,0,0,1,1,80,16838.7768554135,BENIGN
112257.59570492551,17,11,4221.629959227103,9261.892644084697,242.40637980624837,854.8184642792271,120112.34089454303,249.42632900850066,2796.7553029384235,3792.288707002575,4240.707788470038,0,0,1,1,443,9977.503417134942,BENIGN
114606.81091319279,13,12,4975.5236197154445,4522.915248607141,424.38403890414884,364.94214878668873,82878.48507988792,218.13712292313826,4441.06944296718,4547.034570868541,3661.482314931567,0,0,0,1,443,4601.766130696081,BENIGN
55866.178244397095,15,10,4125.405751402024,4276.691204666573,255.20647104822478,452.18880639688905,150396.84510567458,447.49794572724846,1935.0971240572749,2178.947378724975,1615.3452315779089,0,0,0,1,443,6022.453355699562,BENIGN
16993.5403002057,16,16,3607.1026975250998,13456.611437158417,245.84022610442128,861.6183726643048,1004129.4417312776,1883.068473943164,562.5528878170996,624.0182741252755,526.4755883344407,1,0,0,1,80,7940.99008134101,BENIGN
24503.917744660735,12,11,3394.9678205131463,5985.951427736706,270.459321420683,508.0384331041416,382833.4450842622,938.6254165422821,916.6483382545603,1161.8608371520456,1216.0824024134163,0,0,1,1,443,2099.0738038369595,BENIGN
46182.05464751156,8,17,2960.2858062802843,12493.582062921994,376.6016182576719,674.422567294665,334629.2837587074,541.3358108645147,1655.032264931872,2294.3241598043933,1638.9337566245977,0,0,0,1,443,9434.474307644123,BENIGN
30082.02898696882,11,7,5014.662756964054,5766.204028239856,428.00008320640234,863.2155561622573,358382.3016018652,598.363893864918,1462.2490980602217,1578.271080413775,1172.827813907619,0,0,1,1,8080,19094.92588446267,BENIGN
5416.956118826587,12,14,5013.885627058787,8286.635547178641,402.08699660799635,551.846035209178,2455349.624858797,4799.743514561103,198.33061571311814,233.39800276013986,270.2930110784524,0,0,0,1,443,13579.536957144363,BENIGN
718.8124903571457,15,9,7981.478755592396,7725.059704161246,505.96647383309664,905.3556592968118,21850675.482767094,33388.401456512634,23.948517725338505,23.192516783520297,21.03764161317508,0,0,1,1,8080,14283.261588595155,BENIGN
45740.025713886185,11,22,5238.740732487905,24478.677606886144,439.59166982326064,1052.9408551016602,649702.7029513051,721.4687679981245,1104.3066669169411,1347.1132553645575,1610.0433099645059,0,0,0,1,80,18239.964249230714,BENIGN
6451.083938209616,11,18,4157.109861854641,10442.621327043104,381.48471917518316,625.3291947924608,2263143.8884904115,4495.36857337008,176.20451839090512,205.51984733130635,254.1838193914249,0,0,1,1,80,4381.246297070209,BENIGN
704.2568983693412,1,0,52.7538771394482,0.0,48.060001333059994,0.0,74907.15002095996,1419.9363929773804,23.42617318995608,30.89209078760466,22.87873387152472,1,0,0,0,15838,26.7919797194893,Port Scan
130184.07301620887,8,9,3521.0635425884225,8552.877384855483,445.1740106771118,992.0307427075592,92745.14652756801,130.58433037260536,5902.058710420398,7719.742963311701,6023.363171424162,0,0,0,0,53,3573.1929436590585,BENIGN
1293.761880981875,9,5,1012.9285088999794,408.374831164717,123.02525533721554,79.133611733861,1098581.8649920544,10821.156663987485,184.91865790923487,249.75945342295793,252.94918703161952,1,1,1,1,21,947.7627035097412,Brute Force
15066.020107500071,7,1,755.688151648373,79.8915974439017,111.05985978879119,82.01126508447194,55461.21292353192,530.9962380852984,372.4678666146665,455.2544076485739,336.9518479363004,1,1,1,1,80,949.8809622377606,Brute Force
49128.95715308706,7,16,2197.0232228514055,19598.78800197451,293.5944108640327,1139.5589719994666,443644.898810077,468.1556730042412,2287.7868875222384,1857.7525816619345,2895.832700138955,1,0,0,1,443,16783.075783209904,BENIGN
10636.691667315106,5,2,665.371105531406,75.11696827884765,140.94109254505946,40.0,69616.38984851445,658.0993619952252,75.45743900623347,65.79917304404171,72.03270556599583,1,0,1,1,22,507.18209783396946,Brute Force
50316.53899998731,14,12,5308.059877441815,10236.14297516135,414.61929607522177,805.9529481274785,308928.29994938814,516.7287042538152,1650.9396523988446,1846.8603206328414,1582.447923673769,0,0,0,1,53,18446.09591010238,BENIGN
54033.16661048234,8,10,1687.7850585624385,1670.2850747018342,219.49763223693412,164.16225651085057,62148.312673809,333.1287268384532,15163.707847093909,18445.125406549894,17626.840940400387,1,0,1,1,1337,7790.128440732835,Botnet
19286.65424836318,13,19,3023.129734425945,19972.69605252972,234.86149218712154,1128.3972944605919,1192318.0397609542,1659.1783928887396,564.0809339863541,537.4961301659287,898.379587813141,1,0,0,1,80,2251.768914692672,BENIGN
80714.59183319475,9,19,3082.6021840623343,18749.94452368693,339.59529920029274,992.840569187769,270490.7032531185,346.9013392010327,2383.7725916480335,2416.4355674845983,2250.692325215807,1,0,0,1,443,4651.539124783596,BENIGN
14096.050858402656,13,20,5194.390358037887,20952.047324454732,380.58492739583687,1002.8167104736899,1854876.7981286566,2341.0812242017914,411.4508469082702,527.7664056208511,347.74251211003684,0,0,1,1,443,20523.80839225061,BENIGN
75077.01203742101,17,17,5820.425462330863,15131.910754993836,347.649261803753,969.7255913580974,279077.9181100245,452.86831584417894,1898.0793526129355,1607.9587733395701,2559.5324029008693,0,0,0,1,443,3029.5833577209814,BENIGN
13366.915834020225,16,17,5119.008615897103,11030.264507884665,299.92884731911107,702.6104198141801,1208152.525557178,2468.781909736537,437.9871686725413,421.38981912935634,536.4327956470249,0,0,0,1,443,21801.436879894747,BENIGN
17139.088339145048,15,16,6793.296487604703,16929.02290668128,465.56451227255496,1095.4669924699408,1384106.2561131138,1808.7309772012281,349.84217167310635,464.27637110974496,303.79261301568494,0,0,0,1,53,4696.492526388432,BENIGN
41667.55399779742,10,18,3896.2786021003394,5483.562714396323,386.18258197149964,329.2519401819831,225111.3976354957,671.9856894282805,1454.0978852540454,1261.2508045851307,1395.593914798697,0,0,1,1,22,17262.72241663145,BENIGN
11514.289191190888,13,22,5570.516263935701,17601.58552215806,425.9978419839565,797.3559193452694,2012464.8079728438,3039.7013153688263,319.2243605576637,305.4297200711336,491.04906698934144,0,0,0,1,443,19576.19146617492,BENIGN
43979.15941825572,9,11,1615.4160423741523,1445.1418351774369,196.49025540418273,123.34932657853972,69591.09537416838,454.7608518342443,13004.687605968875,16066.72687543803,18396.80644508911,0,0,1,1,8080,5011.444806002495,Botnet
89528.52355014542,14,13,5103.647157219708,9430.798445122418,371.18932214251583,724.4695806741469,162344.3013019343,301.57986448728997,3666.682834621784,4018.120495910904,4233.404288102113,0,0,0,0,443,12470.021384349833,BENIGN
48111.15267308184,18,13,6594.331019591854,5927.272326892444,381.81415619717166,494.47331614032385,260264.0479551455,644.3412447555945,1515.4780650008686,1431.6669013231308,1599.555662454188,0,0,0,1,443,15460.071671080372,BENIGN
39171.754581977206,15,14,6307.6263011574665,7210.336241625777,434.148595028411,519.52216517318,345094.6399271789,740.3293600063247,1300.351660720872,1292.2384030092646,1891.5727890444032,0,0,0,1,22,11301.26414518918,BENIGN
36268.83375967149,12,12,4068.6733776036026,14626.82696387372,362.20940325134603,1131.7152352013438,515470.1269238347,661.725164890369,1469.2586108708786,1378.6516750799908,2187.8580340368635,0,0,0,1,443,15104.639270362792,BENIGN
34751.942280117226,16,19,3909.8725899705673,18331.581770517907,222.3720138154639,1037.8872709328848,640006.0802706147,1007.1379526900485,947.2503792160384,905.9851749147454,1085.0278932464491,0,0,1,1,443,13819.039430757488,BENIGN
350.31162124104856,131,1,8767.40251594646,44.899828809973165,64.22019747603636,41.92611083262973,25155609.492876943,376807.3680580843,18.114798060033664,19.871092231299794,25.877514317683605,1,0,0,0,80,458.8142219901968,DDoS
51515.49846986831,12,10,5524.33091678565,8618.117769692437,442.5654880851382,790.9698289014608,274528.0373196831,427.0559473061863,1655.9766299106714,1548.1193241476071,2264.3737430282536,1,0,0,1,80,10503.440275905654,BENIGN
2236.9107755485825,138,0,9801.809454417957,0.0,67.19751845246842,26.79303497704175,4381850.881832401,61692.22371695033,20.834904611582967,28.62274325610927,20.086985104846388,1,0,0,0,80,156.87870229544805,DDoS
41039.3648053595,17,19,5067.361737168489,8814.079928382882,274.62123450289545,492.0383163750243,338246.9911848766,877.2065593787798,1108.5001085633844,986.9128805784982,1505.2922560600605,0,0,1,1,80,21950.597037693693,BENIGN
4222.80464615461,12,14,3651.0496113584372,11599.037215050537,286.39390974512975,871.7568893181879,3611364.508726701,6157.045418541026,146.88570527543777,173.06300319203675,228.22520465364838,1,0,1,1,443,19570.863762546156,BENIGN
612.3873164346622,131,0,7537.544616215339,0.0,55.9286416744182,41.09546020314055,12308459.718106436,213916.90599127038,9.068247534862115,9.672286441758958,13.67586796077712,1,0,0,0,443,317.0098620471752,DDoS
15603.84237968103,7,3,760.4135494504852,284.4346309122558,113.14031873681114,95.45440848783761,66960.9545481771,640.8677911936469,137.17232120886746,138.19199671264528,171.9057998361701,1,1,1,1,22,539.4841109527661,Brute Force
29233.349289306236,14,21,5245.240051941938,20400.498880236606,361.1226258475952,996.5011697303237,877276.7936501869,1197.2627444643588,781.1396764800293,984.7757370324362,881.233401512562,0,0,1,1,80,8758.075763816518,BENIGN
25739.996966426337,20,13,7631.7658723992545,10688.717362751451,396.02838315242286,767.7560784431532,711751.5693201835,1282.0514331467546,1315.5921127754814,1628.0253644453678,1279.5052359941562,0,0,0,1,443,9339.221606482302,BENIGN
688.3780448465591,1,1,41.822569411410015,0.0,42.525914873690084,0.0,60755.23431420936,2905.38028481981,10.616383334104945,10.301489643242252,9.922517895636677,1,1,0,1,21008,35.10522472294226,Port Scan
22248.60282753682,11,11,4404.997560808057,6570.938679041762,383.2129680293145,634.8845793449757,493331.4835511846,988.8261375573154,953.1392991516076,1074.1917131180955,1230.484876251975,0,0,1,1,80,16040.411631206067,BENIGN
45453.86483217345,11,22,3930.8394052639987,14526.022763811405,357.5569264358672,642.2225436135764,406057.0478929032,726.0108710633056,1768.3856637329973,1553.0741810394527,1949.0310315320557,0,0,0,0,443,18592.18249476356,BENIGN
28936.47034134236,10,11,4249.948192731166,7274.980888541761,414.21092072677067,646.9638942495224,398283.8592724605,725.7277668035656,1026.1705278863126,967.018873122087,1134.1020158179797,0,0,0,0,443,8327.87115114295,Port Scan
17799.038515094908,12,11,3195.6091660238067,6975.197564706589,258.3734946542175,598.0664666254204,571424.502627195,1292.204631193662,707.2870998980354,780.8043513584525,1055.799655833063,0,0,0,1,80,3223.6685422641144,BENIGN
4508.961349410987,8,1,874.3020513240448,64.46726168530884,104.56208506501653,66.56709154670716,208200.78955256217,1996.0250937115895,389.34311992760945,493.1647903542519,554.1907258137637,1,1,0,1,80,786.9123221756714,Brute Force
65688.15219953237,17,19,5789.685861060821,12539.019185704074,330.2287444700082,620.7216793643744,279026.04096839513,548.0440352568827,2251.556241348057,2068.44559503122,2720.0512856637224,0,0,1,1,443,3021.9084111928896,BENIGN
3603.6177542607,9,11,2698.631445091288,9334.266118113535,318.5524202852825,775.6237128071929,3339115.9617242566,5549.978206304819,154.06291859859073,190.33261721454525,147.99966176114629,0,0,1,0,80,5656.175450940237,BENIGN
4918.859062733666,10,15,4761.243784476018,13312.570485587183,506.1107295575107,837.9040999327435,3674391.569173897,5082.479428899554,216.12007953529886,238.25546882424953,314.890809415507,0,0,0,1,80,5361.665858903278,BENIGN
69173.4016744469,9,23,3093.8349168028058,10835.379035246737,365.773907308439,449.2618836621821,201366.61801894708,462.60555683820024,2520.2838564340973,2027.2290714835347,3491.4168543711344,0,0,0,1,443,19554.585363414648,BENIGN
15612.15715384215,9,10,3425.9792068780607,8469.086622654111,388.5733543693469,782.8813160711704,761910.4594143031,1217.0003038512907,777.6306180233174,846.9236148335466,767.2344761342694,0,0,0,1,53,19084.333137967664,BENIGN
15735.092062058764,10,11,4187.571194426648,10194.324341538417,416.2139550493652,853.3702856678811,914001.3594609597,1334.596576694727,592.5488600824335,825.7513733056765,651.1361026986929,0,0,0,0,443,11171.669501307542,BENIGN
58173.89053125471,11,8,1860.511138094748,856.4641954953493,171.16470712263344,103.6540698320888,46704.37732079077,326.6070023250722,14590.305737675426,13753.353118598978,22149.065236180155,0,0,1,1,8080,4255.3213463534885,Botnet
7640.62625959238,9,21,1797.6137149539331,14823.310224665149,196.4966082711733,663.0172343201303,2175335.2899250165,3926.3797208162973,317.0912560507836,341.06839662838485,447.98985255819156,0,0,0,1,443,14353.755969402322,BENIGN
1388.2843568002834,169,1,13134.053430762871,48.83512695261525,79.28546660891637,48.34005872401404,9495812.938567858,122453.29940316828,10.640424499280359,10.670977055726214,11.255343687817982,1,0,0,0,80,137.68637042853294,DDoS
1207.330953377294,181,0,10980.961746444596,0.0,67.29523378517867,43.14924526785629,9095237.487059621,149917.4683575242,15.98657571536834,14.73959667679518,14.075364861860065,1,0,0,0,443,219.99775582622865,DDoS
14191.446678670427,15,10,5518.670419283162,6809.942067187415,397.03205105842164,655.4072080028944,868735.4267412592,1761.6244887545326,401.15622956280197,425.27501650776446,597.3483304753656,0,0,1,1,443,4856.729331360263,BENIGN
28272.655811651905,9,16,2475.606763032546,7933.080877566197,264.3805801313207,531.8569684076505,368153.86958833376,884.2466079786124,825.6033251359606,802.063177053231,1142.7869765480054,0,0,1,1,443,9600.174514497157,BENIGN
40060.858661875725,10,23,2614.3002615496052,15269.72950583832,255.33732474430602,715.9886582541042,446421.5287628725,823.7466969574655,913.4712312590493,1228.5883160907126,1047.2377300896378,0,0,1,0,53,3373.272046569445,BENIGN
89424.12455721475,16,18,5068.39041686022,16584.121694555954,333.5759660007304,859.112233017388,242132.78260904428,380.2105994143264,2287.6167158279154,2586.862980933043,2244.929106165944,0,0,0,1,443,2843.782207123668,BENIGN
92814.7329454006,11,6,4583.436782545832,4293.98519001148,402.8383489039707,767.6921190053865,95646.68981787153,183.16057656493456,4066.310296963942,3377.151815279197,4013.378506120968,0,0,0,1,443,16338.623317634094,BENIGN
51449.15360162123,9,7,1369.3123247293356,994.207929863491,146.03166794516113,134.75813608967863,45938.953104922395,310.9866514790599,13512.99497750955,12549.094089021602,12058.142332180048,0,0,1,1,6667,1227.9254953267625,Botnet
10584.143994507374,7,5,1046.11832783247,261.3335688995973,147.34255642235613,57.117411645816155,123529.29981022248,1133.7714231993991,341.0257541103857,298.667045445864,313.1424288063741,1,0,0,1,21,2547.294006203304,BENIGN
41882.985413403025,8,15,3084.2797571211177,6506.231384961762,387.95031668945694,415.0600679775428,228983.46541967872,549.1490105822243,1787.9147263803281,1946.3386420807565,2258.432014210269,0,0,0,1,443,3403.012206721608,BENIGN
158289.26728966864,17,10,6672.695962619009,8672.448332573947,377.4344774888692,851.3738746542649,96943.68138751577,170.57378849691764,4767.524804224278,4309.692268769338,6542.2522077713265,0,0,0,1,80,8309.672481538959,BENIGN
68716.95345353991,13,11,2866.447304068718,2537.338204973702,204.04823070412732,210.9971937846678,78638.31612814388,349.2587897719679,15110.999706240169,18935.741704395536,13359.703563760733,0,0,0,1,6667,5522.849362234267,Botnet
24602.70895200719,14,11,5542.292616867841,5251.09273373255,391.2834890857594,460.7420638958095,438707.19162085693,1016.1482643544583,991.6171427330103,1012.3861588153668,1088.6705157467559,0,0,0,0,443,19450.902798905005,BENIGN
22048.291151582856,13,11,2705.143520172092,11927.7612516612,206.04096015789466,1160.2697100507937,663675.2332065785,1088.5197331166878,661.6220977061412,584.1885623631289,831.1208348476508,0,0,0,1,80,11743.219068754628,BENIGN
2532.7510588706955,172,1,11290.111474015162,40.74720272336309,63.511239352059576,44.38837447669962,4473735.638981723,68305.1732992414,25.150517643638224,25.33263363693941,31.3147523011513,1,0,0,0,80,357.5750641966772,DDoS
40838.16452751057,14,14,3704.2217807944107,6271.974122507965,242.3560713272312,435.11431926803226,244286.09901363042,685.6331650541699,1505.1882723269423,2049.6553330736424,2146.615215613358,0,0,1,1,53,18011.181140406847,BENIGN
13446.936270429307,15,16,8140.200648558559,12578.613273234578,535.8598452967949,715.8932683045091,1540783.231594186,2305.357843345404,559.7838475778689,589.7564508471036,803.7879845254488,0,0,1,1,80,9539.799237558222,BENIGN
6038.922280041986,4,3,655.4842649631917,200.20705363623006,153.87890241067504,73.99257738586569,141696.0310000003,1159.1472245195598,116.43800519765576,148.9209202750069,101.00263892051855,1,1,0,1,80,2398.3752450281922,Brute Force
9552.440769461926,7,15,2023.7689034183018,10345.581639000648,319.13463432768845,635.7434862161963,1294889.007002521,2303.0763059354963,328.8246840893937,341.29793428102755,477.5964515962777,0,0,0,1,80,2613.255688804717,BENIGN
8782.65751173515,18,17,4696.30111479828,9361.263516266576,265.015258999711,554.2783564069327,1600604.898037014,3985.126364455627,201.58060934353492,207.08293481250604,230.4521093521725,0,0,0,1,443,1454.6384319254362,BENIGN
63816.843425533574,12,4,1956.297740913481,741.2219090578467,151.18657935199184,185.22319241924885,42269.712902973675,250.7175087509622,14149.443781551068,12054.194523404394,12058.07642902116,0,0,1,1,6667,3359.153850514971,Botnet
22903.984190692805,12,11,6958.656783164304,9823.339604583673,536.2276655378619,868.2255883910543,732710.791625828,1004.1921007501486,974.3908051359679,1114.9448524832874,828.6756231131343,0,0,0,1,80,23136.878186756723,BENIGN
3412.554354410166,3,4,348.41805542895645,311.2756445743449,128.6615824718387,81.71993953817824,193313.75605805533,2051.2493789157234,228.08335833338907,287.5539110076443,343.1494906301362,1,1,0,1,22,909.298832095902,Brute Force
10849.715086939841,14,11,6094.625911504632,12421.418132314815,422.45695833783395,1033.56641854709,1706592.6520142283,2304.2079722529597,450.2903782089367,437.805620731945,568.3667551037753,0,0,0,1,80,4199.221207210634,BENIGN
62278.44716640187,16,13,3264.3730945165303,11907.77177947455,199.9262118281222,953.9564972953156,243617.90578131474,465.6506595695114,1971.612138982975,2581.94282792557,2663.707815081754,0,0,1,1,443,3731.941437370929,BENIGN
32742.972643703906,13,21,4932.164644878901,15707.742574138534,363.42552366781734,737.2099252337138,630361.4349134623,1038.3907524211247,823.509515375922,685.6362962622547,972.9865894762859,0,0,0,1,443,5013.148606788845,BENIGN
5548.403440936798,18,14,8445.479430194508,7786.280433020708,430.7455421926783,510.235514627297,2925482.9855117076,5767.424871071937,175.83275244548105,189.81811105413055,255.97074885531464,0,0,0,1,22,7654.929335156987,BENIGN
162130.42608333818,13,21,2913.31642448929,5216.4130093517215,242.98480130431994,252.44018494219728,50143.14481393007,209.7077076854368,3604.32531818817,3513.6290703508316,3614.8503589824613,0,0,0,1,80,12185.887070913506,BENIGN
24870.92634680122,13,9,3367.980899791763,6715.234429993732,278.8613459045935,719.2696864335776,405421.78402142023,884.5669716210443,1068.2789590808143,1435.5351141617207,1202.4535856577936,0,0,0,1,80,2828.6341688459843,BENIGN
15200.39135408756,7,2,898.0965723009315,124.88934455992943,137.20578010476976,60.088505637273876,67299.97228563251,592.0900186283557,289.3360062027407,327.9693912134195,425.0401290978139,1,0,1,1,443,2173.6082389317426,Brute Force
53341.52907511945,7,3,1298.3538343990665,483.3269039340856,194.06318990539086,147.73908603193078,33401.381048227144,187.47119127232492,14263.597340721664,14570.399045074912,17415.80449097874,0,0,1,1,1337,7280.895837388739,Botnet
93473.03026325475,13,12,4265.351932151999,12869.589918787531,304.14703842774657,996.1112729735689,183314.2865132453,267.4568260982951,3326.058234470562,2835.2625533456967,2661.9841343754892,0,0,0,1,80,12103.748688953934,BENIGN
3722.705608005204,6,5,592.3597775249513,393.249941759014,104.60549730220397,79.90723407557802,264756.2883201232,2954.840150761828,365.3482007881164,303.0000065020789,319.8716314271437,1,0,0,1,22,2533.5281394141884,Brute Force
12034.39520679266,5,4,802.869795643164,305.98848070988913,154.88723118452046,70.08776729345358,92140.75633208158,747.856443580984,66.58357927040234,62.252759810078764,77.02397268558094,1,1,1,1,21,771.3384444407213,Brute Force
59761.400793121866,19,19,8906.804590415712,18145.20917851852,482.0042761351565,942.3154626707889,452666.9959190069,635.861935893135,1856.7104330045772,1656.8182130029677,2438.5399224615808,0,0,0,1,443,10779.12354989674,BENIGN
2821.615521861024,11,22,3333.7306051529863,18249.03379620683,278.187255994111,904.8418338059822,7649080.547701514,11695.427581938779,84.9388119323516,94.76439980664084,78.47380231038302,1,0,0,0,443,4498.76387767037,BENIGN
929.8951605092096,124,1,6475.18641748759,51.20618566765924,57.81828541407258,49.975913169336565,7018417.645685351,134423.7558259257,2.432265172042318,2.6797872141070687,2.6800151713240123,1,0,0,0,443,138.82573903857872,DDoS
34434.06961244922,13,15,6022.339378877535,11361.720482861281,426.03175568089875,693.4875064358062,504850.57553156087,813.1481499322097,1273.0379205408656,1091.4048485851335,1810.1127736730566,0,0,1,1,443,19041.070809923083,BENIGN
13026.151655119376,6,3,688.7976289955898,205.65577102618494,110.82015353646702,64.07015455746505,68665.97470253217,690.9177966205339,345.5304240502695,347.22779781892996,479.28994389510433,1,0,1,1,21,1221.5533548908525,Brute Force
57677.278085177786,6,8,1186.2337120592454,1204.4522666829969,210.20531581654706,149.52750104786003,41449.355068588324,242.72990100754762,16434.291038865806,19383.036122225934,15073.837026520583,0,0,1,1,1337,3367.456150895196,Botnet
1024.1895718969074,10,15,4400.236627052727,12754.494294776321,457.328973561228,850.1739986595929,16749566.088684803,24409.54359035052,25.809373125482598,30.737426801873323,38.79323610016503,1,0,1,1,80,3616.976310054864,BENIGN
479.82495086600824,12,20,4275.615172369024,11904.393911283665,339.17575367622675,601.2891716691279,33720649.696207605,66690.98791599949,16.929595035068736,20.036299584358318,26.71333540575483,0,0,0,0,443,12857.449984622417,BENIGN
99642.38697469956,20,10,8847.024927283117,4688.314023149859,477.7346342245219,458.88238908751686,135839.16806278203,301.0766894576439,2950.29079447133,3743.1490179537755,2537.1557726968085,0,0,0,1,53,13290.933451317122,BENIGN
112273.15877387453,12,12,1746.2702837633901,12313.361936960067,140.53556716872157,1005.2986199211558,125227.01217519384,213.76436061924264,3736.342305833133,4901.5711483623845,3616.7868468682664,0,0,1,1,443,9391.088693436157,BENIGN
11614.41730238222,10,14,4258.2842701494055,12692.293494040525,398.1652284156514,932.069556015214,1459442.8048244156,2066.397252239024,441.06685611401093,400.61602363745106,442.6186321827102,0,0,0,1,443,9290.482130135992,BENIGN
2405.4427333112963,147,4,8850.979776815491,119.58213764141256,60.789074584854475,30.170460880552977,3729276.856285065,62774.306745659116,2.7725213209511166,2.6204982006333997,3.6735294419834013,1,0,0,0,80,454.44892265098383,DDoS
4432.685203945758,16,10,5647.0796035647145,4142.638480080149,352.3985065410907,407.8431800806711,2208529.961687904,5865.519161355306,181.90414684091948,159.54991019842328,155.78111915594906,0,0,1,1,443,19039.741737966604,BENIGN
14048.798979234049,12,13,3451.163153448579,8867.406561136502,270.16186366154517,700.6871624696945,876841.4818087673,1779.5115466420475,497.871862718741,576.3067359918566,631.5060873748633,0,0,0,1,443,24288.691944623497,BENIGN
52550.17461166666,13,14,5495.743991721208,6526.375366083517,454.3461984944763,481.59905781281174,228774.1086808053,513.7946771732654,1826.637173388118,1900.7656705485515,2876.3867427452888,0,0,0,1,443,886.0194967342625,BENIGN
97921.26816035814,18,21,5814.145808977572,18691.895670593647,329.03411234024964,952.4840904479911,250262.7053342442,398.27915561849846,2701.7185110761247,3463.2248941857056,3727.4080851462813,0,0,0,1,53,3439.05049640367,BENIGN
110434.75755213902,14,21,6910.807209216717,14611.479465171396,476.6005919496249,698.0881231791769,194886.89205684996,316.9292057663605,3173.029306025929,3322.1824937179936,4407.824719597557,0,0,1,0,443,19781.680127103587,BENIGN
520.636886994715,1,0,53.835481700739564,0.0,50.000245864325905,0.0,103403.1261432424,1920.7244530296812,5.88298084735959,5.957786913662099,7.2306576020245945,1,0,0,0,4025,20.571549021388353,BENIGN
25792.368411398093,22,9,8438.113012965,6329.381128013326,385.5557206256054,644.1923556282753,572552.853829907,1201.905908970367,651.1308368696141,680.3286497134178,1002.9864278577397,0,0,1,1,8080,707.7491810746765,BENIGN
4772.929804224985,7,2,1224.8910959538546,111.5159999500316,176.0568163573103,56.66393089904238,279997.2240783642,1885.6342685017541,376.1664503508196,494.03426685513176,445.1509889582707,1,0,1,1,80,2459.3818614334637,Brute Force
1272.501940560107,128,0,7888.93610473899,0.0,64.70929876215907,43.438303351739016,6199547.406007554,100589.23756427379,3.8998262425687225,4.963513855134721,5.1064655236287955,1,0,0,0,443,400.73286649659826,DDoS
122085.65084046751,16,16,8347.412341445583,7978.164021220419,476.4022009297565,536.0304560304926,133722.31912822463,262.11106530295876,3541.068741427225,3360.458417980692,5283.729750756094,0,0,0,1,80,2445.499826612974,BENIGN
21805.61552920488,10,17,4758.309295433163,14919.877190800602,459.8946004911103,861.052940204076,902436.6434361008,1238.2131549480057,978.4904102800289,966.7990342873853,1406.936042173884,1,0,1,1,443,2959.497514466182,BENIGN
3153.469174590184,145,2,8237.390903327618,40.72808349066013,56.12436395205816,21.704199302763342,2625083.211062013,46615.32802809265,16.354834955992118,21.542642547177362,18.13212159930263,1,0,0,0,443,140.47897573849534,DDoS
110900.4111033017,17,10,8416.883452526126,9460.697485353036,482.5759963334375,936.3557234971174,161203.91944468557,243.4616763940577,3634.0762514113026,4321.648791237078,4847.677907532004,1,0,1,1,80,9273.975945547052,BENIGN
96891.1184655884,12,16,5795.399507842049,11374.742865567063,485.1234430541888,731.1582139698834,177210.69428574317,288.9841756749295,3101.63650527512,3219.5459360794066,3025.6768883258187,0,0,0,1,8080,8532.531129801098,BENIGN
104945.99543900558,9,14,5155.0133572807035,13497.283312015774,546.1309387544953,951.8677855849128,177732.3335804381,219.16033959930903,3875.4285384297564,4646.1660999555825,3437.991241696129,0,0,1,1,443,5229.573375934526,BENIGN
2858.272939450932,10,3,1498.6157507505447,346.681666564906,144.8811018045854,107.31194606426997,645598.7431591919,4548.2010554587805,76.25157867925458,81.09164376969979,82.10946267210974,1,0,1,1,22,142.76177510245552,Brute Force
1125.7864269464267,125,1,7967.3766692353,33.20103008495922,68.9992680792691,31.703597534693742,7106656.740409419,111921.76152075425,11.66819841359508,15.088325586855563,16.797715731050186,1,0,0,0,80,383.91738734826,DDoS
17382.822550437893,5,23,1390.7573203753584,16976.954578331413,271.6323629354574,804.3515813791416,1056658.7701974828,1610.7855855259047,462.0395451413575,528.9789005161109,623.902410745742,0,0,0,1,443,23746.55534522699,BENIGN
349.18695890779975,122,2,6202.017151281634,89.90390536311655,54.04998671225298,41.382404183705525,18018774.459174708,355110.6272349114,67.00407419784801,62.719285171783504,75.51301717300595,1,0,0,0,80,72.60963922571764,DDoS
5789.497678443986,25,9,9319.925868461924,4301.403760174897,345.6512108767796,439.19729663893474,2352765.3667351943,5872.702933553643,180.5148484482964,177.2008677463376,275.2033071062628,0,0,1,1,443,18782.43693604985,BENIGN
81416.36565623201,7,16,2081.0048098100747,15473.46009525552,299.5719526819937,904.0521342912498,215613.46743462613,282.49848558843735,3692.628632090999,3777.9533045463704,5569.230385511571,0,0,0,1,443,845.2662211476179,BENIGN
35807.27058641605,15,12,4682.626844538643,9981.165722377984,329.4361857688958,882.1553041994722,409519.9753225404,754.0368075483195,1384.5250908963949,1844.273118452754,1737.3406603085436,0,0,1,1,80,20993.4964880002,BENIGN
10958.568928147071,9,4,1392.3245436149261,369.7252490701966,153.40797573396276,93.95598678369589,160791.96145395405,1186.2862829296548,234.97126621829068,228.04894064892622,191.65158957238322,1,1,1,1,443,2458.9197903360996,Brute Force
141393.0232057406,24,10,8463.570481666211,6287.072899814285,340.1290007385524,614.664754362336,104323.70032867092,240.4644814088648,3881.9264274703482,4749.211057552801,4395.662837412004,0,0,0,0,443,24163.760374945123,BENIGN
122472.81966879989,14,17,5781.850254833375,6748.967830326854,384.64719221220395,383.2008669917902,102315.09423108737,253.11738623992252,3912.5916178032985,3982.610355463546,3716.6858485714492,1,0,1,1,8080,2642.5312746565523,BENIGN
16448.901129891008,16,10,8175.394543221482,9385.467524584858,472.7588729739493,931.5818815342707,1067600.9253830742,1580.652701033791,512.4064116084288,435.44507681020275,434.47126513553155,0,0,1,1,443,17574.51042274297,BENIGN
50960.26056982638,7,7,1530.742434934831,1019.4548182669541,214.72002488476622,141.77245853520284,50042.86133324364,274.7238700009594,16649.080242014912,18640.323562270256,22158.80564944677,0,0,0,1,4444,3011.1619223883035,Botnet
51876.05977565952,12,8,2158.596172667539,1268.8008313950827,198.71592999101105,168.8575886363949,66068.95394300496,385.5342924364523,14070.936265249453,14097.286780425868,17766.323487907146,0,0,1,1,1337,3718.564821787036,Botnet
21003.01435383789,20,15,7805.924399668192,10104.902050683933,429.1498112755979,651.6862743076252,852774.0898810208,1666.4274665700275,659.9228189095593,621.8042663467265,820.9017688639669,0,0,0,0,443,2301.548723529613,BENIGN
146665.637498356,9,14,2840.879886807315,9296.086117294548,322.26152941403814,704.6403178894893,82752.62161689311,156.81928222797117,7174.924805594347,9179.887326005886,9071.834784562094,0,0,0,0,8080,22692.239936773276,BENIGN
1529.57665879495,146,3,8479.158989214533,60.75740363565506,56.509069232767615,21.26537940973712,5583189.534010156,97412.57435072723,1.5988472601955057,1.463971790526696,2.012932345678533,1,0,0,1,443,263.4392224356935,DDoS
64948.56604891265,8,17,2071.8857434939328,13439.367908338649,264.7747395355222,718.9188692071524,238823.65070463732,384.9199685359111,2165.8304647611913,2457.1760212753406,2229.7153248599525,0,0,1,1,80,4846.651753410133,BENIGN
489.2492959236654,1,0,36.888470633760434,0.0,40.0,0.0,75398.10673435475,2043.9477549212945,47.01487466000109,62.85130027799001,64.3999376025283,1,0,0,0,42806,32.260709994493624,Port Scan
55.67443662271362,1,0,39.303973255666776,0.0,40.0,0.0,705960.8617509,17961.56478019982,38.57151469488106,33.9983267230511,60.06378981949881,1,0,0,0,8494,1.1326436063959,Port Scan
36715.56585900025,10,14,4611.515886444116,9855.134852303072,482.1956767034698,757.3313627277013,394019.5500269244,653.6737059199313,1286.2701792505145,1137.8010343079168,1167.6837359738238,0,0,0,1,8080,5565.740479841012,BENIGN
22438.83716908239,7,15,1902.8939739348966,12493.305629339555,251.99748795253322,914.0167978326958,641575.1179437418,980.442962985308,746.8240795421069,670.5886919928232,729.2846519269598,0,0,1,0,8080,5432.116359652144,BENIGN
699.4635505612148,1,0,36.190535118956184,0.0,40.0,0.0,51740.4160515851,1429.6670629908444,35.08726239899982,40.28786072416723,38.474583341725456,1,0,0,0,5052,36.68656378065,Port Scan
64847.02460990896,12,18,5738.966391283952,7619.791605774693,442.4385697760768,454.69023734667263,206004.17794677595,462.62723973022264,1937.8690476751324,1689.3678974815375,2780.730717034553,1,0,0,1,443,8111.1022933428885,BENIGN
1733.8286001367192,131,3,8634.581452241233,87.87934579053534,68.53877289285961,28.520814948611395,5030751.481054107,77285.60942496483,14.824420958869664,18.40324673859542,23.16432125115189,1,1,0,0,80,333.60474976215585,DDoS
2258.261476332054,153,2,9969.176042781188,78.71539410813664,63.39488824120018,40.62935951002022,4449392.3941923035,68636.87027587096,8.514969087558814,7.55181969641993,10.35365795174885,1,0,0,0,53,155.65001380671342,DDoS
29671.272523889842,17,11,7049.783351104257,7699.068269056405,459.6661469273882,731.7546648781819,497075.1290928158,943.6737159640114,977.2749780047387,1052.3269297071777,1453.1905814782929,1,0,0,1,80,21431.38564080769,BENIGN
41305.9618671414,9,14,3331.0713996054396,13312.193899998936,340.85249989044064,915.3341623560859,402926.46744643355,556.8203465150714,2631.371968790295,3577.940054315883,3023.2762588591395,0,0,0,1,443,11455.83733978126,BENIGN
12211.393809606676,16,16,7245.155319462262,8730.439010306363,431.78014283266356,579.0638953759797,1308253.1428313009,2620.5034821516992,556.8861219110403,779.2497698761957,682.9222280688836,0,0,1,1,80,13678.507598013159,BENIGN
66437.19556593671,6,3,1512.7165118136836,632.986800526554,239.08882910628216,231.7684378397899,32296.717133562604,135.46628395937935,14348.711122489807,14435.953458676115,14994.983715232725,0,0,1,1,6667,1171.499515430354,Botnet
6107.198830666203,7,4,703.9915619016747,460.3287940960333,107.08221213054173,117.14399106866792,190647.19985065528,1801.1530826154656,233.23648911013473,326.1177072615524,267.7290477209658,1,0,1,1,3389,974.4126020834922,Brute Force
54315.6310975837,11,18,3188.6734711554022,15552.499408899122,282.45848954942176,835.2705659718926,345041.9796537769,533.9162854961305,1650.779765622776,1480.8876992702185,2552.440449515717,0,0,1,0,8080,10926.06912220497,BENIGN
118553.7265899402,14,15,4834.184265903037,12558.47592580421,356.3136643778636,903.3535581910517,146706.9884008445,244.61483273576638,3185.404458945168,3927.4540968001247,2758.4529798586445,0,0,0,1,443,11893.957980529487,BENIGN
292.0451587186388,193,4,11460.8640379487,152.65765580803,57.04387060163093,39.75441843844173,39766184.60210598,674553.2124701068,1.425392102123105,1.4061721138626608,1.4984986668484233,1,0,0,0,443,422.1235129828465,DDoS
2253.973068733474,164,1,10856.0393228605,42.27935729444036,65.13304848218222,45.71278958735266,4835159.226759882,73204.06897883427,12.16253746067707,13.766175982003784,13.981574862289678,1,0,0,1,443,291.5612992008586,DDoS
59721.49134754232,12,25,3343.872944656578,22317.395011885987,287.0196084570519,834.1056043741171,429682.30326348986,619.542465620672,1632.1239932478477,1837.5548429655596,1549.0196377416828,0,0,1,1,53,13764.943765279455,BENIGN
5058.349667094008,25,19,8753.321832496784,16826.853740964543,377.24533012925104,960.3158239046187,5057020.027671789,8698.489210074269,122.39235849212879,119.62265435299832,108.27359876426696,1,0,0,1,443,1734.0298415610748,BENIGN
4954.730335743841,3,5,463.22575824412974,308.81709660243627,142.88824819531933,66.22899667029955,155819.3488910958,1614.6186488268245,298.7624807980326,330.07237094335085,264.9115384123149,1,0,1,1,21,1895.2496647048697,Brute Force
9441.07044331629,4,5,244.35098475655442,360.4590257366154,59.37074070982225,79.7707974765306,64061.59281666402,953.2817336800467,79.33701378761563,101.21634467966373,107.06392372293944,1,0,1,1,3389,188.74384386322907,Brute Force
136767.48815748724,14,13,5980.565222236562,7266.581127444091,389.99941295597966,612.9681852531915,96858.88457954726,197.41533871638853,4530.62914962855,6036.721340652408,5362.705193401748,0,1,0,1,80,6621.089381167391,BENIGN
5630.462129211056,9,19,3177.0246756031984,15185.98063247457,321.97516780733486,839.8886571790799,3261367.341911383,4972.948819730962,139.07849960444034,194.66249946657703,154.99297195889477,0,0,0,1,80,18123.884980638282,BENIGN
58458.33812438343,18,13,6862.775809764415,11019.177685448065,366.00737473540914,877.3147150680202,305892.26565361046,530.2921874727338,1977.4293634484657,1804.6431583631636,2731.659600076615,0,0,0,1,80,7529.21831014184,BENIGN
1585.9285394192702,155,0,8697.848810449319,0.0,56.62591686793548,37.73767436412221,5484388.8575422615,97734.54235003385,1.8443241896768479,1.848499282981027,2.7066630874121738,1,0,0,0,80,406.24017315684955,DDoS
6693.190194812677,12,15,3573.882206222454,13719.650008779448,289.36377113297596,929.2307690238501,2583750.30615515,4033.950808827367,279.5399787638934,271.07429421791426,266.3062393253118,0,1,0,1,22,19141.01670185217,BENIGN
55515.5593915805,10,14,4735.193982150649,15056.276029267037,499.4196473161177,1149.0426401970708,356503.11783437175,432.3112342382313,1911.2931316222805,2455.770010525381,3025.957997784964,0,0,1,0,80,3155.0715066541075,BENIGN
1765.8510026742588,117,2,5454.958739680149,71.90396114403325,46.038092544565174,38.53924831481029,3129857.89426975,67389.60411709864,4.531570904692771,4.04990412231349,6.546666857268496,1,0,0,0,80,76.15110069385834,DDoS
48829.4246905769,14,9,3209.0536700672874,2249.715217013542,245.75302738188742,276.54942052227585,111792.61114936424,471.02746234973637,15608.509851045934,17079.578401766474,21330.139696116436,1,0,1,1,6667,2501.7935088320355,Botnet
41212.383866639895,12,13,3493.7808132912596,9155.352927444896,269.1528711998588,685.1479723172338,306925.553776937,606.6137809668588,1204.8007232778086,1376.8226020309653,1121.998116078196,0,0,0,1,80,19326.644481068237,BENIGN
264567.2610797148,9,16,2740.7360506631335,2690.5586008149494,281.17081882367427,170.93405324622915,20528.974859975668,94.49392905975405,8427.087601871906,8505.504091952618,10028.13676041389,0,0,0,1,8080,1959.1186975096316,BENIGN
23659.8884629497,14,20,6596.247032349885,17244.11486077082,484.9359789285819,785.8890778987493,1007627.8225256057,1437.0312883445094,727.7710481756291,824.2970963848295,1159.5696512140178,0,0,1,1,443,12515.665059605906,BENIGN
2761.573578588919,131,5,7670.438766038233,228.3437317076192,60.2532825651758,49.13973904494984,2860246.9834542274,49247.28461136708,34.017214765874115,33.75698051665767,53.03041120896221,1,0,0,1,443,187.4235830397817,DDoS
169743.2670844653,10,15,3208.741070432964,14302.703853442272,349.73369362218125,867.6129201960229,103164.29761636101,147.28124672868375,4759.458683014244,4191.078335355199,7032.823131762081,0,0,1,1,53,24878.183367877064,BENIGN
81606.51328400367,14,19,3650.3734773821443,11555.786145833054,284.0064256778538,674.6309554126832,186335.12217701715,404.37948727394763,2258.7582589351537,3097.4831985780847,1887.0255934432134,0,0,0,0,443,11270.034769797358,BENIGN
6938.736352467463,16,6,7582.805072539393,1565.8683293055597,436.04983015614476,264.45788355749426,1318492.7250610439,3170.6061280418367,379.10610496032575,394.23538694288123,431.00226148526036,0,0,1,1,443,24754.681137204538,Port Scan
2202.4457610744166,117,2,6517.173116133064,62.159618908214036,59.81228424954375,33.40741698398542,2987284.795531895,54030.84248574111,7.211267985360722,6.057541138497,7.419236155220586,1,0,1,0,80,485.599179225282,BENIGN
2686.837346937814,14,12,4156.779981638053,10508.972338345984,300.47029538295624,851.1343388868485,5458369.981606285,9676.80460063285,109.00866711609982,145.92138361927002,113.29782722100315,0,0,0,0,80,19476.795871306884,BENIGN
27913.698668172172,13,16,2790.7845428139544,9190.665814459686,210.81681603194983,623.335989064371,429231.9158311743,1038.9164239659308,1115.2695820244724,1198.3178226583125,1652.1136331594266,0,0,0,0,443,19852.703857677792,BENIGN
3283.836757289046,15,20,4409.480945006606,17251.933982462884,300.996346890482,804.5019532767545,6596373.854269161,10658.264276478245,130.23702048505092,138.1216975549634,133.0646305948422,0,0,1,0,80,24590.660816220356,BENIGN
15582.74313184193,10,16,3033.3918563963603,12097.401907586958,318.44440101123894,702.137445589262,970996.8030638269,1668.5123909198853,570.6132109621293,757.7933914820549,695.3710286352516,0,0,1,1,443,14468.220687292682,BENIGN
2874.321231444447,10,18,3466.20835532834,18124.513168481368,333.2803728438207,956.4000897633537,7511589.619007063,9741.430322291784,85.88703561688574,85.05895110786913,125.71574988890194,0,0,0,1,80,2862.397303671197,BENIGN
35722.82305288021,20,25,8561.521106934308,16106.283418529132,445.639432872567,585.8050863875349,690533.457810652,1259.698874677034,821.7333154505718,1019.4151629635603,965.8397204166291,0,0,0,1,80,21158.56295495006,BENIGN
9446.840767769789,11,24,3127.279982452232,14823.517131626457,285.00735846932116,672.7399989501822,1900190.5034032364,3704.9423040357656,238.9195393402664,295.5014355386459,252.8073493767349,0,0,0,1,443,2966.6618390349245,BENIGN
2789.8600721541948,4,5,598.3436735426704,412.91389884427406,142.55339834490593,85.54769965844984,362476.0906399511,3225.9682447265664,260.40303927574706,334.05762844472997,404.41066644166506,1,0,1,1,3389,2373.2460251090743,BENIGN
5365.677170117799,12,14,2894.120566106036,11123.975079019932,259.0486007447537,812.0793860532469,2612549.208736353,4845.6139226559535,180.56326127759283,234.91794021115837,157.32645163052888,0,0,0,0,443,12516.493303240954,BENIGN
3845.4958110153143,10,15,4653.880326105305,11031.58360477264,430.9421275739652,747.0145934512545,4078918.4806670123,6501.112269681377,128.33111772554633,117.27998841282262,190.57266716434992,0,0,1,1,443,8266.400677262183,BENIGN
6120.3449353088945,8,20,1408.2858326476692,22314.764556656286,190.83628046000095,1093.6487007608873,3876096.958595137,4574.905547964322,262.36553219713295,308.02519164951207,331.7540537002916,0,0,0,1,443,21575.840834795425,BENIGN
3352.8722667897546,11,14,4454.042390049876,11798.678747636444,400.63360046354865,790.6676135633744,4847402.419313656,7456.293592698219,96.41268307100484,127.37765829927827,122.1399304928558,0,0,1,1,443,17011.138432319294,BENIGN
136240.27384682265,9,18,2459.5819050556574,12914.62490135906,294.6791494964973,668.4869875215858,112846.27058002108,198.17928456571204,3401.009046694389,4493.388416117631,2994.121951821441,0,0,1,0,80,5061.735124020364,BENIGN
618.7488819585254,17,12,5789.490471600534,10352.947744996156,314.85402472564203,932.9004550761938,26088836.177773833,46868.77155754418,21.29350604113992,25.039093136127335,18.06895673277622,0,0,0,0,443,9185.749201554576,BENIGN
18418.025739399025,13,12,5272.318298504778,6715.190585777561,422.0899910211434,565.8483924350061,650857.4292324497,1357.3658954401994,694.3274411139506,699.9873523329009,863.5209263276178,0,0,0,1,22,13875.949792061258,BENIGN
41208.61838167175,9,13,2415.4464656658374,9069.76210309992,250.4681600662365,729.6141454969121,278708.89682324324,533.8689056798099,1694.795275487175,1708.942173017041,2219.62710130039,0,0,1,1,443,18268.38383634151,BENIGN
198550.86085055568,10,14,3156.9079568245247,15126.68590474011,309.449630856276,1049.458772129043,92085.19058160238,120.87582948363143,7673.685006532844,6878.874072155068,8987.670825844414,0,0,0,1,80,2820.8286270757526,BENIGN
52717.651134025626,18,11,7311.735712574062,13636.332654075295,417.7672870093442,1270.412316704507,397363.4620668601,550.1003814884023,1393.4634010425466,1191.1939891035647,1803.664146872337,0,0,0,1,53,16578.338554494498,BENIGN
26304.77682773629,12,12,4453.318756776877,10005.336361484777,402.69651677681463,793.3344571527597,549658.9160572598,912.3818140397191,948.2397133613509,899.5725407499299,1303.8564287587767,0,0,1,1,53,4485.63174293408,BENIGN
136.23481562984577,1,0,42.060596924779745,0.0,45.50880872605224,0.0,308736.03586809774,7340.267576806732,45.4864488536373,59.476465776688975,59.935527688028664,1,1,0,0,55005,16.668914109521594,Port Scan
55192.25514785919,8,4,1673.5919050008658,754.8567253811871,198.3262872028022,203.15458099635555,43999.80801429978,217.42180977842247,16216.333781958256,20577.756189903772,21606.662772972733,0,0,1,1,9001,4198.155625936972,Botnet
43534.26933588379,12,20,4306.384172354714,14770.541913619963,353.5571828175812,713.156342753247,438204.80685661186,735.0531084628427,1390.7899564054628,1809.2244290072895,1640.0971240045228,0,0,1,1,8080,23589.839673963852,BENIGN
106113.4085983515,27,13,9374.295471228841,13900.143414723298,326.87678421389137,1033.7467159135483,219335.5127630281,376.95518906006953,2500.029231492924,2317.742088163423,2586.872431370891,0,0,1,1,443,24957.442944756756,BENIGN
15917.968739244794,4,2,416.98604890284685,187.18350223674065,97.30366564921977,87.23863975745145,37955.19145919943,376.9325155921032,63.685321480741656,74.57389260821155,51.00032629863129,1,0,1,1,22,600.9604314519524,Brute Force
4695.962701860564,9,15,3300.102040924883,11960.261717093823,343.3414259661206,749.3862988611374,3249677.377542303,5110.7731308196035,207.4013800937558,240.6645519632189,269.02720205407553,0,0,0,1,443,20236.643895095975,BENIGN
469.2614241377747,1,0,41.779158520434585,0.0,40.0,0.0,89031.73449042822,2131.0083219335775,45.820808871637304,48.40918104999736,58.94573620316333,1,1,0,0,46871,45.277386647612275,Port Scan
44835.12737464409,17,23,4259.689443483149,17435.680210926494,239.12386867632603,768.956894093324,483892.227474281,892.1576081575149,1188.8275290674176,1496.3820734550259,1239.3840764735287,0,0,0,1,80,1686.2356366776432,BENIGN
61189.37274605319,8,10,2359.8915012696766,7656.474051207504,295.9521560332848,722.131634777576,163694.52901645002,294.16872885269163,3087.111766946706,4317.633738721266,3187.2571717129704,0,0,0,1,443,5821.52159132735,BENIGN
29349.323128502623,14,21,3544.2802253581203,22183.33451428522,263.27388820969696,1043.1182330201254,876599.9347582208,1192.5317611842884,676.6214404191024,587.7157929383801,1082.4104346432284,0,0,0,1,443,13696.373286191736,BENIGN
23806.516662765433,13,12,2657.7844921121796,5267.013796547617,225.97016935123287,482.3461148830602,332883.5713733195,1050.1326319234781,840.7834225888967,688.8741093579126,1194.9520685188468,0,0,0,1,443,17625.45437334395,BENIGN
49654.28950159594,12,4,3424.2952406380023,570.5974842678751,282.7738673697178,155.49980843394837,80454.13125441011,322.22795171574745,14241.860897300556,16850.41165828192,13301.939641960238,0,0,1,1,1337,1306.0467875780673,Botnet
20971.157544408165,12,18,4042.448753301038,11016.449942312567,337.0460258847874,563.0917958463396,718076.6566521251,1430.5361988947207,665.5190164510202,714.3876986165207,724.2696235589857,0,0,1,1,80,23667.08361333796,BENIGN
2194.8708812092336,157,0,10586.034972859885,0.0,71.67780731989066,47.498649485052326,4823078.689270167,71530.40360784369,13.467823202072129,16.518937223516723,19.356486734362132,1,0,0,1,443,485.28541024145665,DDoS
12701.767208558611,5,4,595.1218695349895,339.6004286503302,124.1130997757914,82.02690867385446,73589.94089857764,708.5628206078038,344.68253021806294,327.9486861148784,407.8210433515785,1,1,1,1,3389,406.5684001897551,Brute Force
200518.26577503575,14,18,5687.354351080657,14621.76116328701,443.9928155639682,879.2965361082038,101283.11969919362,159.58645900070394,5649.0221700474,6980.6901162235845,7294.186524504928,0,0,0,1,443,10859.9727157409,BENIGN
11649.226239198995,14,23,8191.136398161668,15287.94700611028,570.4998844121753,719.5807501879963,2015505.8303585986,3176.1766181085113,341.86792918345645,293.1065930936223,301.46716657836157,0,0,1,1,443,18357.89988509919,BENIGN
27316.874315097328,13,14,3399.387719819943,10874.267068662028,269.3904059687629,858.7161528578423,522521.5236500646,988.4000522372284,850.920426777349,780.8171028077836,950.1272451360541,0,0,0,1,8080,19650.297882773633,BENIGN
436.54898779686954,161,4,11392.13197989787,180.9677762689406,75.32192838171116,44.88402923426354,26510426.274431966,377964.4544194341,3.1711354358423995,4.056908270800258,4.34663664774002,1,0,0,0,53,485.67209919796073,DDoS
45947.64934578434,16,4,5654.296482100222,1793.0013469750559,327.9687594665242,475.5362548631989,162082.23783179373,435.2779801527537,1780.9757909266855,2108.6443635146934,2847.6740693482466,0,0,1,1,8080,15531.070576355825,BENIGN
40328.39502063898,8,23,3247.3061993007245,14826.814113832379,448.33696334909087,658.387291995822,448173.55870183423,768.6891577047646,1222.5860638675247,1627.9548844619796,1248.40473250962,0,1,1,1,443,1021.0993634102111,BENIGN
36667.82100477971,13,17,3722.497195476625,19065.067273442623,295.7499097837635,1026.0674111177595,621459.4662155914,818.156061034809,1186.537113949891,1371.5241614701927,1507.2024945933347,0,0,0,1,443,8195.714653425412,BENIGN
49295.181770790776,5,10,976.0470018230687,2252.6153264687664,214.77066469473954,213.2118868239444,65496.509239061925,304.2893739543538,14991.50921659667,12713.691456015964,21413.003990093584,1,0,1,1,1337,3740.668544850933,Botnet
30371.6622850119,16,11,2950.516708178353,8780.889303222602,183.57678118117587,728.7883047426839,386261.5717675184,888.9865739526618,1524.4708580775246,1899.3466561701744,1637.6013693062755,0,0,0,1,8080,12523.852611478527,BENIGN
99721.10277885578,12,20,2264.4496892733855,17710.33655229209,201.6006187336498,930.4568638994837,200306.5117105865,320.8949671461623,2628.4665401961547,2642.478804770746,3977.858930617002,0,0,0,1,443,10171.564942142093,BENIGN
19775.655256379952,9,22,4231.7238166286625,19106.806671443996,442.90714344440585,885.7927509632962,1180164.7118895473,1567.5839610927121,554.5644866507017,705.9728868772579,453.17894943216476,0,0,0,1,80,14939.463837491357,BENIGN
1060.3919149382946,177,0,9465.777505971373,0.0,54.415571701125344,42.74865009584172,8926678.308861114,166919.416780257,4.729601923012832,5.439639653960786,6.098637497615031,1,0,0,0,443,427.94176968979207,DDoS
12219.384238365954,8,5,755.565805621422,553.8832328749303,96.26512512896821,102.37974145887537,107161.6223004916,1063.8833959556734,218.7267985628895,210.5129706676452,176.2363705028036,1,1,1,1,80,1861.268927008655,Brute Force
58599.21273760504,10,11,4263.072027215141,10323.789895843578,421.5191303233154,966.4511220839554,248925.90261196205,358.3665892242202,1974.544888400859,1990.4321798258845,2525.750710793543,0,0,1,1,53,1804.1538814585272,BENIGN
29427.380281390968,13,17,3558.3452483658275,12398.148848014169,279.3192205536198,681.62278896031,542232.9117916903,1019.4587392127168,1057.4157357644308,943.8606795811178,1029.6763792572688,0,0,0,1,80,17306.5387597741,BENIGN
4049.550867079186,17,16,5132.347812676275,8898.661286036167,333.99345964548183,552.1882060841455,3464830.9304563864,8149.051853694053,114.328998818824,159.31289612518358,178.28648682446453,0,0,1,1,443,2298.1398674735165,BENIGN
471.7249432062493,1,0,38.51272074969025,0.0,40.0,0.0,81642.32420682402,2119.879422112255,40.829352967826075,56.222134363199864,53.43483776525665,1,0,0,0,62017,24.12418171951635,Port Scan
10987.142691381632,11,20,4225.267284287832,22303.817021754257,386.5024029230143,1194.6150486210622,2414557.182992775,2821.479694107964,343.7206367189823,423.41732653403363,418.6424976111242,0,0,1,1,443,12989.242911232799,BENIGN
295.87669214278054,131,0,9540.126061296069,0.0,67.00853245054559,56.05479435104398,32243587.66554113,442752.00946475245,13.10864739002423,14.054177291584196,20.797174941605554,1,0,0,0,443,345.1302529109166,DDoS
12706.679789241069,8,2,1126.6347211720806,137.0041026133556,140.13346583679078,72.27433742741945,99446.8141752795,786.987644755725,164.8338353128153,196.4957681523473,160.8113802058376,1,0,1,1,3389,2311.245572680213,Brute Force
18145.83724802142,15,18,4834.719572533117,17664.088209365884,328.5792599175662,976.6871444348108,1239888.1062571094,1818.5989188015142,620.8153438461461,653.65181993862,901.6860773168198,0,0,1,0,80,11630.028633427662,BENIGN
61173.37856212363,4,4,1131.8381488274954,498.1402681741022,268.233225184238,136.79952031379494,26645.22469273623,130.7758405378204,13918.232339107597,14473.184335280643,20560.65246854625,0,0,0,1,1337,4371.478592849131,Botnet
200.15451345019534,1,0,37.201313300854146,0.0,40.0,0.0,185862.97485672732,4996.14014574211,47.31765023676162,65.52542492029183,50.55129501048033,1,0,0,0,38149,22.933658452054832,Port Scan
668.1950862191802,1,0,40.501616011891784,0.0,40.0,0.0,60613.45982213121,1496.5689221964462,28.827367864532327,23.660832382512083,45.098721117707406,1,0,0,0,23843,26.917097113435716,Port Scan
1686.677206611588,160,0,11920.248535737112,0.0,71.50331070075549,36.53725365724238,7067296.865702018,94861.06729421475,7.6414725521925915,9.783791568073225,10.390104235508003,1,0,0,0,80,63.62777172490448,DDoS
7164.330723137107,13,14,2852.870456868562,6277.251377630713,203.50604209729806,456.7275102164043,1274385.8690126732,3768.6702419814137,181.32426797437188,195.54642040585966,197.03958162718845,0,0,1,1,80,7442.1199571769685,BENIGN
4708.48102440688,5,3,437.92130958958813,231.95858225959935,89.4540712301044,82.29030023884633,142270.91250379864,1699.0617480523342,148.9224642131863,141.8804691128597,238.23566161217298,1,1,0,1,22,2614.6717373152615,Brute Force
86225.93411664056,14,17,4278.871848213633,9131.50922238157,309.9866623497128,526.8089449586205,155526.07470108184,359.52060499646564,2418.8918515758382,2451.711688262189,2287.5654823563336,0,0,1,1,443,20171.49685912001,BENIGN
3224.275798108668,11,17,3994.4329910360684,9571.649457195184,349.52835894709074,562.3697543445512,4207482.020052068,8684.120637702443,98.94805090815649,111.72678624414624,149.35444137162108,0,0,0,1,80,21040.59192514156,BENIGN
67591.98565470306,10,10,1348.7270641688401,1127.964749394539,147.5234427641564,111.85101577967296,36641.796946396564,295.8930678878258,15831.017016866383,14511.2486934738,18401.022587038788,0,0,1,1,6667,2003.5604930985342,Botnet
54134.54432987901,11,23,3266.6664221245574,7432.716957626833,280.6240461468532,346.9244308058136,197644.28632764856,628.06476753207,1462.2276871361807,1907.0503053326652,2119.0918562132783,0,0,0,1,443,24965.35736079181,BENIGN
188.55115466269004,1,0,39.9513264897744,0.0,42.6391314559782,0.0,211885.87553995952,5303.600509840193,33.716494693239085,40.15192184698879,49.4125052780813,1,0,0,0,9512,15.671472761920946,Port Scan
102067.64238804365,12,11,4638.228816618723,5345.421728881289,396.64413798479507,526.8216714125374,97814.06047906824,225.3407589504022,4226.510730630253,3652.913482774016,4189.527434817656,0,0,0,1,443,13371.552625620961,BENIGN
38680.58151835737,8,24,2199.4007580073426,10247.985477307097,255.54489111217322,435.95868652704814,321799.35633612564,827.2884931890995,1183.0321213336285,1061.8384205665395,1342.0120215808288,0,0,0,0,443,20811.643564394497,BENIGN
58636.52592714196,9,2,1405.2209536106768,397.733048982633,162.09755135785366,184.2913606946676,30747.967654726788,187.59638000498023,14624.226420555638,14079.669294115087,21936.87749634608,1,0,1,1,4444,2570.7769344954822,Botnet
14185.315997381287,4,4,475.61375113770225,279.3843830928634,119.06919762842335,75.18247701760218,53223.92073394374,563.9634676786093,51.80522465938172,46.46783207329353,58.504570537098495,1,1,1,1,21,2359.227480379192,Brute Force
59875.61758894509,18,15,6614.897646625035,13117.711800619762,348.6987625341094,808.1271237920084,329560.0152755343,551.142540633983,2390.4496853205583,3310.3724937288525,3156.321833785554,0,0,0,1,443,12038.722051038078,BENIGN
773.6765747293508,112,1,7358.416380180312,36.48694255117408,68.64121620607176,39.92708892685482,9558132.641302196,146055.86325207,20.805280679827558,17.586439585881834,22.604338324037403,1,0,0,1,80,378.39826558435743,DDoS
71685.13813128175,12,9,2144.5888299085204,1446.5434946919943,173.20477311784379,146.46343115057277,50095.91134530334,292.947751060217,14244.935660327465,18412.52358578029,18657.285434490637,0,0,1,1,1337,6691.412661146805,Botnet
980.7563395430908,144,0,5919.096535042013,0.0,40.13387395046942,43.662928086183896,6035236.578536487,146825.45928490852,21.500795329465138,25.09610562549494,20.062852645942197,1,0,0,0,80,313.26806406846214,DDoS
17338.941694047317,9,22,1803.4249783771124,26840.76017384182,192.02468235010244,1122.7534417259656,1652014.6187499352,1787.8830523227782,640.2985229434611,552.3881212463594,1005.0861584018687,0,0,1,1,53,22680.28569260158,BENIGN
47368.98840898098,8,16,2745.8654572447504,18701.988439691962,337.58828891485615,1073.017970385234,452782.60349909187,506.6605981277339,1307.5333002189925,1135.705976941613,1970.8505163178304,0,0,0,1,22,12630.528476013733,BENIGN
61808.47252094919,10,7,2315.9715697075944,976.6160638078467,229.178250318962,155.00874343390373,53270.813841896204,275.0431988792162,15102.26145617624,20041.783106438023,18066.109410321595,1,0,1,1,4444,5097.167384342663,Botnet
69921.7222679904,9,22,2480.7164879761935,13236.828506421849,278.8166121565364,570.2490243024026,224787.72668323427,443.35292373356697,1734.9688854843776,1695.193152216342,1451.5707095772339,0,0,0,1,80,17816.66870422715,BENIGN
66455.58950058096,12,6,1980.3838237549724,1096.5684758005902,163.22984932725385,167.11293316852405,46300.8803725782,270.85757774886105,15235.737235764136,21012.589313556055,18084.191490596448,0,0,0,1,4444,7113.025803977877,Botnet
3468.216579423843,5,1,576.5639420287125,62.58727077096072,126.07328417732981,61.525347600301984,184288.14872508685,1729.9957665840893,312.07086580853405,332.33167893156997,330.098155817659,1,0,1,1,22,2457.1494135264425,Brute Force
48200.94880767161,17,15,3005.3256209118763,11182.05143736574,162.1268678674282,747.9717050280343,294338.1283818124,663.8873464438301,1375.428832914932,1918.0771716399279,1969.5986753373188,0,0,1,1,80,6346.842735209212,BENIGN
1852.586011673028,130,0,8679.263949711874,0.0,69.01084018960017,28.22127003737053,4684945.203636634,70172.18049843742,31.597899717441383,31.369725201937023,46.82137102685037,1,0,0,0,80,436.4437744687271,DDoS
108682.99725052793,6,20,2025.1486718367635,19601.023040626715,333.2806601974733,911.5536958452299,198983.94651936623,239.2278521732957,3962.561944605421,3811.317549786015,3820.6490711792417,0,0,0,0,80,12859.115776951214,BENIGN
26872.00495152148,9,14,3169.113730298512,8229.6348430533,374.5123430167698,604.9136815102228,424186.7547254385,855.9093391614514,913.2720260547844,1070.784984872693,1245.7351510281715,1,0,0,0,443,575.2488037692539,BENIGN
13252.49460053661,3,1,351.4659173731368,104.55660234431548,122.68654012152763,107.83444218323766,34410.31545102364,301.8299664002908,222.17451317287515,205.72605643229903,196.6159662221582,1,0,0,1,80,2859.6933067861924,Brute Force
2162.641296417663,118,1,8337.771334557912,48.398475806587314,68.30880555750198,48.209208118263874,3877744.230749633,55025.30641448455,8.232616810171226,6.826745915663282,12.315794259905198,1,0,0,0,443,424.38214146021306,DDoS
57617.511348805434,20,11,6435.671126590279,7282.532549898146,328.79660656764446,718.065101564529,238090.87472454397,538.030874196074,2080.337007697497,2425.433327348082,1909.8067791597389,0,0,1,1,80,2517.3388313866853,BENIGN
31617.951128651013,10,11,3784.6548781256456,14104.382363683533,418.38523816255605,1304.862291856019,565787.3645581923,664.1796590345976,1442.5203556394538,1525.5813877983092,1765.3174597088034,0,0,1,1,443,8339.680145255845,BENIGN
149721.56378784718,20,21,6497.022823139957,15150.459578962615,315.6478229894939,720.5533703554166,144584.93388952757,273.8416495441918,3907.7513111351063,4088.131500727884,6084.397681733335,0,0,0,1,80,23121.966611199023,BENIGN
12986.079306500475,9,22,3253.381357983756,18129.9728962806,345.90782678049715,855.7924940551655,1646636.6598855157,2387.1716218829997,452.1910925351305,450.4473584455148,699.2212128138758,0,0,0,1,443,6122.397591787212,BENIGN
1627.4522523419548,101,1,5046.021607028417,59.25524654964538,54.99816957032622,54.95587539169694,3136974.89203226,62674.64981121185,15.319196395810152,13.294952909901216,17.709257048929718,1,1,0,0,80,198.67536332347555,DDoS
84033.79684965947,13,15,3583.4032644908734,7630.783322253231,280.4193435352057,509.7584989680068,133448.52912937905,333.19927278893937,2724.892658729293,2753.0920069656872,2609.1585221789323,0,0,1,1,80,16306.114825368226,BENIGN
2409.845049931114,150,0,9301.517254473078,0.0,61.86916427606971,31.988321952202654,3859798.8923557405,62244.66589845177,3.6575617820100508,4.088988511770121,3.5686020132788983,1,0,0,1,80,269.2630761632129,DDoS
9318.091432224137,6,3,701.8382278628807,310.3004514028909,121.56618428948138,96.44189803332009,108620.81431885928,965.8630273658721,56.159096228155114,47.32012358650803,73.87821359709314,1,1,0,1,22,1535.857828234575,Brute Force
39.61115118084027,1,0,41.842566424811956,0.0,43.78247696393743,0.0,1056333.0066774483,25245.41625752335,19.07916960328444,25.888325617053724,16.08471837483775,1,0,0,0,61218,21.386925309767907,Port Scan
12565.802564566558,3,4,387.51214574576426,282.35288166838984,132.2856150485235,64.97002799194604,53308.57491769451,557.0674824812876,122.19310099856554,165.48401098360316,107.59644658255108,1,0,1,1,21,1681.4092055735102,Brute Force
26249.9210071479,9,17,5110.435593424621,13905.173890598919,557.7321187365058,772.2224927996829,724406.3507408481,990.4791710771303,1082.374885391752,1007.350670438527,1053.7828713579236,0,0,1,1,53,20570.374669730852,BENIGN
1805.5694916390476,139,2,9684.087542348847,73.03912496746067,65.44319124409623,33.54548520398468,5403905.367529804,78091.70494568115,2.07257301115031,2.3152421935090293,3.2069087514089,1,0,0,0,443,424.22818234138083,DDoS
5900.0182113194915,16,11,3779.872989137846,6452.627303976124,245.14977072188012,635.9157104198193,1734316.730325067,4576.2570610712855,309.60885103444303,291.5738918327799,363.6279101602439,0,0,0,1,80,23353.017602508462,Port Scan
1191.3055446856993,143,0,8860.47978626358,0.0,60.59692194860774,27.009744822238368,7437621.545362009,120036.3757542382,8.442022086307421,8.925957599813161,13.342321805320898,1,0,0,0,53,250.56282452799917,DDoS
64404.33538551492,9,12,2513.463383818365,2169.701370206077,261.5421997827983,167.971108514905,72715.05444457587,326.065005939384,14311.225841186684,18648.52182007142,21636.833027504315,1,0,1,1,4444,6024.010596330186,Botnet
585.112783873388,173,0,11244.353607107443,0.0,63.69241696639548,41.06815511618386,19217412.2955765,295669.49273396033,6.329896747922127,8.25229252096425,5.839234861071533,1,0,0,0,443,10.180273908130863,DDoS
48395.252363271844,10,16,2208.9589613503176,7427.981782356267,211.25284541014847,469.1124772266868,199129.87892631095,537.2427816851708,1406.881118916157,1791.0546181890236,2137.3077881499335,0,0,0,1,443,6791.148311139688,BENIGN
45823.269658214915,13,11,6709.678628821072,1565.199062978266,474.84372719810597,136.02986305995069,180582.43668598338,523.7513642961405,1883.4259538182403,2040.7130847450626,2184.0111605116713,0,0,1,0,443,6038.701824726182,BENIGN
1934.7208355698288,5,2,540.448392922701,194.98717825591743,100.19884663144443,106.36033362596255,380124.9036334549,3618.093045417742,106.73803365339083,97.83243230624187,111.90724045302662,1,0,0,1,21,788.2857963787626,Brute Force
59023.153395676476,12,23,4413.6845173326265,16092.963203363015,353.17604942734135,718.9992503368064,347433.9566919476,592.9876325883292,3248.198604115147,3124.73011575932,2605.443358310112,0,0,1,0,80,23332.9073113233,BENIGN
10118.396387851011,20,18,11734.981213700603,11221.121937907626,596.3771069920632,670.4799795459663,2268749.144792473,3755.535812535073,421.28016317427114,457.5744105183269,531.1802610079758,0,0,1,1,443,17324.460710029376,BENIGN
63379.45177512175,15,20,5660.215444922135,10084.978388309486,347.9468784190795,528.1694820942965,248427.4223307823,552.2294532332718,2010.2118991544723,2543.3893743806134,2215.7671353554797,0,0,1,1,8080,11378.532283635945,BENIGN
3200.392266172681,4,2,409.74046160820126,177.5338403703309,104.15718509917518,81.61402751668349,183500.72526604618,1874.7701847109336,339.0441166998994,307.4380605459748,526.5486279076582,1,0,0,1,22,1509.8011137691285,Brute Force
9710.806630056644,9,1,948.8217144752083,73.51109997540058,103.19790776135692,77.83161039707764,105277.84697991103,1029.7805713737778,293.99494536744635,276.12826168152276,360.6273906658417,1,0,1,1,3389,2223.306004907576,Brute Force
3680.1030192322014,12,13,5867.936084860585,3056.9712427640166,531.8707024562314,242.4127243857975,2425178.665103416,6793.288087140527,125.53638658233014,150.70234198597328,104.4919388984286,1,0,0,1,443,22713.99873683668,BENIGN
19543.41430794705,13,15,5687.680718260439,16397.213324314864,420.94048171416074,1051.2882589383357,1130042.7701414896,1432.707691644965,566.2869566079573,634.0903635073203,722.2812802889545,0,0,0,1,22,13437.789629435329,BENIGN
6296.273233392948,7,4,817.1148373938834,324.6054606153515,117.62619874650893,89.68097942809102,181332.7115402173,1747.065222910013,153.48715886475736,189.20584782322456,241.4065750689457,1,0,1,1,3389,1567.8303725930332,Brute Force
82356.07756512755,11,13,3876.356411993875,6826.825286574948,320.8810798746148,569.3148354001523,129962.25676368209,291.417472875887,3129.4147331863296,4261.919728474443,4333.434048408428,1,0,1,1,443,20572.604458808742,BENIGN
66275.78064974319,6,1,995.4615375066744,147.65605822571388,160.01143098943479,136.20151139779935,17247.893340911072,105.6192764743711,14754.695858281497,15506.14865033497,23031.092185067428,1,0,1,1,1337,6717.3629325113725,Botnet
81093.39203353439,10,10,4412.286092779792,6284.992460280181,423.6773408501652,593.1428815564589,131913.0731223618,246.6292196992998,3139.1404620966114,3876.649902818556,2782.2901412373203,1,0,1,1,443,13415.841177029575,BENIGN
172223.09926763774,11,11,4327.675043590251,9908.249188524058,375.18302378463557,881.7461865053825,82659.78427197755,127.74128495859671,7061.443836959723,8521.22452118698,10735.410787940094,0,0,1,1,443,9558.707423377355,BENIGN
10634.667595372468,3,3,420.7265740570553,277.2037075392763,127.54927242442598,94.91752519188039,65627.8417108238,564.1925284633079,328.5831583433149,436.02198327811556,475.8853390424707,1,0,1,1,80,2441.491486857065,Brute Force
242.78810166630245,142,0,7196.782929923945,0.0,52.19258394437886,54.98355375445089,29642238.97518457,584872.1540529627,9.62450924594389,9.645101548444405,12.25218080807889,1,0,0,0,443,354.096706119726,DDoS
31136.644163082583,8,15,1991.9626550059215,6533.5647168468195,259.0497797979503,457.4535194733941,273810.09100399783,738.67947616751,1033.2953684538381,1064.4160202862422,1306.6802740347412,0,0,1,1,22,17064.619622046284,BENIGN
2668.634521752624,170,2,12589.888017601315,83.49646264106165,68.50002189198338,44.42362195246829,4749014.665342461,64452.437603572296,8.076407673537528,6.546584658303718,12.080763736276493,1,0,0,0,80,73.46231942353835,DDoS
42479.45320915753,9,16,3347.0173328265614,13952.12480556454,401.2030256578305,808.196251638945,407235.5181507334,588.5198163193544,1700.684276409555,1370.9818722485084,2209.451311581698,0,0,1,0,80,2767.302272068794,BENIGN
881.4670157826787,162,0,11179.778347214353,0.0,74.69227899388838,36.846324906795815,12683149.961416902,183784.52863168766,24.91581030194469,21.12252543953151,24.827241363686927,1,0,0,0,443,326.70966739197297,DDoS
9199.456864636839,6,4,872.0965375216521,279.83031887478955,155.4002530710069,75.7624812125459,125216.83327028844,1087.0206955848107,130.1129626686567,145.1534729647326,122.86676471783092,1,0,1,1,443,1605.4471786149456,Brute Force
143107.79799763128,12,14,2810.65824678535,7754.693378886482,237.51546735751225,604.8452656717499,73827.92393917422,181.68122466974407,5112.671637031236,5625.696539413497,5094.525145215442,0,0,0,1,443,926.9806104752984,BENIGN
10869.691750585407,10,17,3818.0321200955723,9561.006010877114,378.8258395127534,536.1082487195174,1230857.179574769,2483.971083958831,431.1189958958821,405.61643419287486,605.3196574449315,0,0,0,0,80,1775.1487716006932,BENIGN
5136.54612228192,9,18,2205.6572400697073,19803.925752351446,223.24484940690755,1115.5538002727378,4284899.32114994,5256.450415752365,197.59652038524305,237.5911911666176,219.48947354801095,0,0,0,0,443,23782.92250136114,BENIGN
19882.86048719426,9,10,1889.2192471454375,6105.498615246392,232.09829090831082,574.106654935525,402090.92990120314,955.5969078109825,650.488184405028,589.5757619766429,548.1315118927238,0,0,0,1,443,671.5257082934412,BENIGN
59931.927654615516,10,7,1772.7277603040418,1267.232110068441,169.5894954378063,185.62404055069877,50723.54568489117,283.6551511903653,15856.205891140056,20500.261769015473,19165.489560769936,0,0,1,1,1337,6556.54171785851,Botnet
20983.908310740044,18,12,7681.743752805284,12762.556134441784,449.128756044458,966.9919135190745,974284.6558657143,1429.6669407693378,549.5638894050084,672.2715354619564,510.01901653485754,0,0,1,1,443,24613.615436379747,BENIGN
68656.30745216546,12,15,3994.976386533968,11433.672818846877,360.48497415938283,727.972235264129,224722.9683322303,393.26321210635405,2022.066538682394,1896.543815104212,3143.1927284758694,1,0,0,1,8080,23496.5161832841,BENIGN
11634.874731971766,6,5,656.6110051862039,450.47203820248785,110.2477887036139,92.07445191708183,95152.12401440906,945.4334707852781,133.70336511874945,142.68397932509237,110.04300331495389,1,0,1,1,21,2279.2586852351137,Brute Force
7717.513432058312,6,5,764.1068565783754,416.66483227450317,130.0833751096324,84.48286789387915,152998.98072713282,1425.3295568370947,186.37606015040845,190.1900618625,153.91769956130233,1,1,1,1,22,1249.977497976536,Brute Force
89904.10145878479,12,12,3316.0753620193973,10250.350024156984,305.72433824776647,859.7853426506529,150898.84850688052,266.9511135818698,3357.97210956533,4415.7976746786,4737.5029209219965,0,0,0,1,443,8522.769257733,BENIGN
61639.80333700299,14,9,3485.491017182656,7792.484950001894,244.440373363794,951.502538591536,182965.8006130313,373.1355188505748,2601.103712605999,2762.657521405226,3443.7364709964895,0,0,0,1,443,22550.33043001278,BENIGN
3824.532410637607,12,8,4355.989689346289,6585.199529739046,355.67965388712975,853.8393961070194,2860791.3450160236,5229.397440683657,185.86808642316285,250.42103121163584,256.247836337972,0,0,0,1,443,21943.556621575866,BENIGN
28827.046450742266,8,23,3023.653582292426,23731.627730663673,345.6561102582117,1018.9764975005476,928131.2034055844,1075.3789866391874,748.3469356985258,903.0543482388173,616.3941190044225,0,0,0,1,443,9925.296733615709,BENIGN
28058.002178608298,13,12,5602.054857091056,7406.9855441661,421.01325265792366,575.9278669393527,463648.1356885552,891.0114070438077,1285.164938908732,1619.372555142268,1696.8897692482394,0,0,0,1,443,8326.712625040476,BENIGN
113800.76195488729,4,14,1310.0661970611836,11722.934921493259,342.67995767168884,823.832232330382,114524.72632583043,158.17117294114016,4067.3099472726863,4163.867842984985,5372.951923471853,0,0,1,1,80,3105.2616572607444,BENIGN
49711.02658067912,6,10,1884.7366066788736,7706.236872798024,299.5650176860865,723.5024425837868,192934.52859821974,321.8601807394302,2237.02299844889,2294.354106949501,3402.4556875234707,0,0,0,1,80,13788.901654763815,BENIGN
696.942137140562,2,0,79.29265590435564,0.0,40.0,0.0,113772.22251144158,2869.678691269362,38.29566269693669,37.596398768270376,53.80896995689705,1,1,0,0,16965,2.5762740348627853,Port Scan
24893.40404507934,10,15,2980.4872476051946,11469.20405831906,315.87156716297795,822.9590537016705,580462.6510603926,1004.2820963628608,872.0542201352371,1096.5768969661715,730.4236207103477,0,0,1,1,443,10480.50390661203,BENIGN
148154.46162729594,16,21,4610.840845486143,13232.446872662835,302.57171932990553,682.1331358758885,120437.05955367282,249.7393571114913,3840.6301104890745,4088.260079930697,6070.392276857198,0,0,0,1,443,12952.581150453805,BENIGN
1100.9054779029434,132,2,11060.61495096553,71.65987368672162,88.02384796595805,34.86185583447984,10111926.090019584,121717.98822842585,6.158456025098774,5.683053369904825,8.723838709267062,1,0,0,0,80,255.4236337357283,DDoS
112410.44076356001,12,19,3425.50226549228,13387.28552452163,296.92883423912974,763.9417484209046,149566.06944880958,275.77509517291423,4618.3981194416565,3981.6288493848388,6145.9393943557325,0,0,1,1,53,18630.803546576622,BENIGN
17740.59237912145,9,12,2608.6664718557604,8568.200278529439,284.982996014593,732.5142847869565,630016.5468848171,1183.7259743769594,1004.3848795132097,1106.3940916808183,1017.9871782918335,0,0,1,1,443,20140.585478963534,BENIGN
68226.95397315461,5,7,1069.1877873082058,1316.7321951774218,216.62148822646685,207.26645739037266,34970.343002919646,175.88356655526002,15319.396322570099,21321.071423710586,17154.507422691317,0,0,1,1,1337,4420.084221261467,Botnet
50318.549122951066,5,10,2028.0654518496135,7871.003773630517,390.4891559350183,814.0921387937193,196728.03365796994,298.10080500032285,2859.4478326357125,3685.86878526098,2653.210764942816,0,0,0,0,443,15986.036963104627,BENIGN
141542.4672352544,17,16,5884.765966085239,13551.640947645043,331.7481706545086,821.1296426735253,137318.55388266963,233.14557563244594,3765.825876994837,4686.359389688773,5957.487472123487,0,0,0,1,80,18963.699733971564,BENIGN
177517.3345705592,16,16,5116.886142911853,11192.311249611002,300.3256337334003,760.7900844765848,91873.82985429128,180.26408563092022,5360.885437140388,5022.301070409273,5284.632126772203,0,0,1,0,443,12342.590898315066,BENIGN
13909.02563191977,15,26,2765.0023500732004,21823.677331604365,176.4635339482593,910.0144425418517,1767821.8685030746,2947.7262523630166,344.17228187700573,441.36244471883913,326.95106335535553,0,0,0,1,443,8322.61322103969,BENIGN
68159.49884567306,7,20,2264.952160807389,15233.886830835727,328.3006651751279,797.1362293539559,256733.6803820116,396.12967315287165,3423.9555955145192,4016.697075446323,4085.8959343343017,0,0,0,1,80,24505.078692063762,BENIGN
51713.93343476187,14,16,4375.617896781069,13759.316034938174,343.1145098593734,843.6094169416974,350677.9068468426,580.1144489974947,1580.414794551954,1513.2129020210125,2190.1871896580587,0,0,0,0,80,4408.196378608694,BENIGN
50110.06498851673,10,18,3077.836060250725,15602.95707541339,290.04614145915156,891.0574038027456,372795.22866204666,558.7699797718583,1796.5267961942423,1655.1594674440223,1977.489379202856,0,0,0,1,80,8219.280839521747,BENIGN
85016.99952549093,8,15,3177.637093425499,8423.218959850534,405.1668207101681,620.6211638719226,136453.3695381441,270.53412997836784,2645.6818189876226,3649.352017928409,3837.929257277367,0,0,0,0,80,10446.400382314581,BENIGN
85210.98440879403,13,11,3300.1080090727146,10031.516027381702,258.4390246216299,855.2562069396888,156454.2896546863,281.6538286292011,2557.329518652063,2362.819241420291,2414.8580545739824,0,0,1,1,443,12309.45099614415,BENIGN
15862.49145715194,14,19,5190.640992004217,16678.30125764137,378.85451789049625,824.3346035100872,1378657.4642904229,2080.3793709922693,427.6243095557508,448.8422666481641,666.8446231870885,0,0,0,1,443,12559.611571511607,BENIGN
5178.193676502039,4,3,420.64236135805834,208.8611413488137,97.04685896849105,75.4417458473022,121568.16489183786,1351.8227469484345,189.34932716785826,162.9637202711182,169.06780178025974,1,1,1,1,3389,210.3889246191875,Brute Force
40891.84323185799,17,16,11454.42150626146,15466.525075979042,614.4988062127377,884.1755985313725,658345.1479454697,807.0069087590159,1282.5651545747453,1093.386770785577,1833.1882952446515,0,0,0,1,53,14913.019480610192,BENIGN
44024.47185945267,9,14,3023.8272899483145,9412.739879559575,347.3407476660723,688.2228213282293,282492.137764001,522.4367045998208,1172.2443462101232,1009.4594282127899,992.2040403518139,0,0,0,1,443,9288.685549649725,BENIGN
50334.11269706308,10,14,1591.100122530864,14069.635588034253,151.70989546909757,933.5924827906215,311135.6269419029,476.81380904525935,2215.1070555090623,2460.1747013079635,2447.5163881835915,0,0,0,1,443,15460.411483886252,BENIGN
236.55455302604585,1,1,39.66331397395433,0.0,40.444870584181196,0.0,167670.8964869816,8454.709386970835,32.22201805451532,30.233998326668434,33.034410330814524,1,0,0,0,19845,0.8155654200816154,Port Scan
537.5254272864298,113,0,8798.895686442464,0.0,73.00854839820353,41.97211192054341,16369264.112512054,210222.6132267897,1.5313944657510357,1.939633131449715,1.6365021671549702,1,0,0,0,443,26.620019009665537,DDoS
58040.36860650227,9,7,1672.4743142188443,1206.98202798189,193.22161381140376,180.89302526926224,49611.269041426254,275.67019962391345,14236.649878415135,15848.381858163979,17557.547933642203,1,0,1,1,4444,5109.34620515412,Botnet
20329.84217243462,9,17,2749.8937316937318,7107.071448546319,337.946935569566,416.4848423969771,484852.02672183956,1278.9081085564742,466.35720892973677,612.8150046773476,733.3262256140063,0,0,0,1,80,21403.55227593055,BENIGN
429.4081671599891,1,0,44.377401516510304,0.0,42.910647833655695,0.0,103345.49948132718,2328.7866335048525,43.0280248957195,45.29960429397796,41.515059488026154,1,1,0,0,57747,35.71830313887838,Port Scan
2282.8128150689295,127,1,8711.32479785752,36.23317266826985,68.62548190386744,35.413413357238916,3831920.827140467,56071.17638164084,29.657246051808194,32.72701508259695,38.088767381793836,1,0,1,0,443,134.57595907512268,DDoS
398.45257141845883,1,0,52.599717437545706,0.0,48.04132441698789,0.0,132009.9836482294,2509.7089885505848,8.144445669831248,9.58439315257396,12.676011516625362,1,1,0,0,26213,26.513485077622263,Port Scan
17723.39970748162,14,18,5735.206362281627,10505.692163829486,373.04095354450124,539.2814970559234,916353.453296847,1805.522672181893,499.0531469712533,426.3557771154876,645.4708013421285,0,0,1,1,443,12548.007615155753,BENIGN
41553.78330157431,13,17,1874.8352968575148,9922.472256815201,135.42410365521425,638.5669814964207,283904.53567258606,721.9559235383368,1455.3674657473216,1753.9971609540507,2327.2434179141246,0,0,0,1,443,13376.496647843933,BENIGN
68073.55245417144,12,13,3650.6101042905734,7612.929687746833,307.92598051480314,584.8679805758899,165461.31920499168,367.2498216811959,2336.046029076285,2724.835970139385,2382.3963965247963,1,0,0,1,8080,5928.177762945529,BENIGN
23683.547330131638,11,17,5900.721564093728,16237.712278119838,541.9397997115917,890.2157342277527,934760.0481304469,1182.255327282696,627.078711902122,733.982610976319,709.5843401170292,0,0,1,0,443,6802.225928645838,BENIGN
38437.37585655599,10,11,3237.129446597933,4198.239107850822,350.9582895676391,373.7845990431846,193441.10748342247,546.3432279656568,1582.5529083781819,1673.6881821804182,2122.5962311250387,0,0,1,0,8080,8266.774826759145,BENIGN
33688.11154047427,14,14,5239.015724097009,10321.699877116838,388.9314723089315,785.9966372979035,461905.25053678267,831.1537429564628,991.9573065865649,889.0444829292902,1555.4717451411618,1,0,0,1,443,16168.013528786794,BENIGN
62661.299625098465,7,11,3466.735825351748,7000.794305941582,501.2101710533638,619.590950653362,167049.36210899538,287.25864461308186,2739.8771988232966,2411.315108698142,3359.6769176151374,0,0,1,0,80,22237.452400699174,BENIGN
1580.4298991686082,157,5,12586.825633531958,120.7979822606666,78.99455890713843,23.72270814286517,8040612.002137851,102503.75551944492,15.777692960484524,17.321712205640118,22.561954477884388,1,0,0,0,53,153.52344559801674,DDoS
10103.349409753178,3,3,315.1914978350871,232.69990677571568,97.90563469635347,81.97531854785495,54228.69014921929,593.862466461662,86.634532846035,119.04575418422004,138.46161616591723,1,0,1,1,22,2882.424840342506,Brute Force
661.6135161059769,152,3,10694.697556750723,103.04726055353825,65.04156893020058,37.42937764950166,16320320.783130256,234275.74592531778,6.9055485466387765,8.617549612869707,8.728358800955194,1,0,0,0,443,327.00558881196685,DDoS
123990.90953156163,14,17,3538.8254506085877,9209.333256194503,245.50238252473082,552.1750813968467,102815.26891742069,250.01832890103137,4441.12590196957,4575.127454661941,3981.436814236754,0,0,0,1,80,22785.25439782771,BENIGN
89384.58594893535,18,11,5786.640447760706,7105.183469990711,335.73862601898634,626.9205132559116,144228.7143906043,324.44072646448745,3244.7739038708273,3611.4988614256577,4564.830207011917,0,0,0,1,8080,6752.33907810587,BENIGN
30031.41614632994,12,13,3287.5597516407734,12683.650165096036,297.90920097341035,946.4221571965236,531816.7428041388,832.4615755109899,1150.2710851746122,1485.9634413296417,1763.8467415836494,0,0,0,1,80,19545.588777242872,BENIGN
113292.39533560308,12,19,3547.2415802596665,11430.68448388856,291.49694236470646,587.3828550585619,132205.9262652141,273.62825111226147,3426.5616723647904,2795.9267028276467,4398.6515612136245,0,0,0,1,8080,15582.975526832208,BENIGN
8050.734018401964,7,20,3112.886782984907,17631.526100210653,469.42395689071446,905.5057325566056,2576710.7490794035,3353.7314657625943,228.69133641900922,197.15098975081008,244.2505829780691,1,0,0,1,443,5790.031987692327,BENIGN
168005.12793050465,15,19,6596.0099253360595,12331.284505044343,433.1762597914756,623.4865397495001,112659.02811139004,202.3747752155762,4438.138003612447,5950.363100611082,4534.4332136145085,0,0,1,1,443,5038.015303053693,BENIGN
21735.829858649948,12,16,3516.468900946158,11354.806743809364,323.16615458718763,775.3440464684451,684182.5567031377,1288.1955822292737,904.8661718513182,822.278153131691,1096.7102918975304,1,0,0,1,8080,7919.5316285198305,BENIGN
54986.62562795786,12,17,5352.071701622971,13851.352550598118,443.33391899629214,800.40629703821,349238.09258913936,527.4009755793234,1888.3418491100356,2535.9539495862455,2887.3409150283915,0,0,0,1,53,17024.108478759015,BENIGN
2849.3433904370254,12,19,3640.0486166917194,10142.896476352209,332.1173825598326,515.7516672015691,4837235.532685281,10879.699549040768,85.34438919283382,118.68654510791502,95.2907278654303,0,0,0,1,443,2789.578917952502,BENIGN
1332.7443943776295,143,2,7719.089367365417,75.1741611726168,55.81358216647955,41.29977575566382,5848280.856718839,108798.05656035994,9.749946839676484,8.690071304116064,15.22591782536361,1,0,0,0,443,287.89226126491417,DDoS
62503.61466351753,10,18,1946.9118904112736,14897.951097406556,193.56811615086335,840.3085923819907,269502.2212475327,447.9740915903093,2091.6432500638784,2925.4127224639606,2666.3295071896346,0,0,1,0,22,5864.869652966732,BENIGN
6370.787346253014,10,15,4083.9318311643706,11680.953078939154,375.29952136028834,757.8483898047467,2474558.33216214,3924.1617466173593,318.8010224559411,443.3618144345178,343.1590636517075,0,0,1,0,443,14851.504200812728,BENIGN
43171.36300179479,13,12,3166.1695336166067,1418.9226655385414,240.078072562303,130.6105908414009,106206.79729209683,579.0875770811466,15449.136237284485,17809.62107361357,24649.628451581146,0,0,1,1,1337,2336.8534529930002,Botnet
116034.58127749694,11,13,5029.692570819438,8618.835567249986,452.6613389680285,697.5939364843218,117624.65971613186,206.83489125197903,3086.9612427850275,4231.357212553904,4544.388114076898,0,0,1,1,443,22130.662162513334,BENIGN
13557.673384380523,11,15,5033.001732215866,9132.577913698151,456.5363441838927,584.1619428672549,1044838.5386119308,1917.7331731529976,501.1067969422089,665.863569971839,589.8665250912904,1,0,0,1,80,22074.592333873363,BENIGN
45828.266877088136,13,18,5431.178154857369,14000.911522811208,383.5969467901319,709.0801893713721,424019.7372024919,676.4384104496534,1862.8047082172664,1837.654337914996,2585.349470979479,0,0,0,1,443,21939.036454789184,BENIGN
19400.941179190384,6,1,1009.1816436044192,110.25122826232958,154.54294311355014,100.30890456971086,57699.92607716692,360.8072379245323,347.88528095581216,349.134092511367,412.731981797634,1,0,1,1,22,986.0098010387748,Brute Force
38284.01984980069,10,18,5255.733373138555,19656.364948824066,540.07819401106,1119.1574324858027,650717.9345246401,731.3756525530005,1679.4127504590542,1988.2205470351507,2493.4139206111345,0,0,0,1,80,10738.772060347852,BENIGN
36706.55943541417,11,14,5163.772799638674,11311.01677904176,432.74510840494327,774.9619789422171,448824.12931313034,681.0771803330665,1041.0503076318214,880.9604896000018,1621.9204019241406,0,0,1,1,80,23956.853359255525,BENIGN
15788.017328283375,10,19,1891.1002332937219,11942.041639002007,174.35817695380274,583.3871873086908,876179.8004562871,1836.836088851263,565.5948094995022,632.0000062070143,855.4848799633747,0,0,0,1,80,18475.008095699694,BENIGN
51761.91774233128,15,13,6847.8427268010955,7250.181883835504,459.72257331197,579.5872502051953,272362.8726589303,540.9382268134435,1907.5494415310816,1667.8626178157042,2893.9692922989357,0,0,0,0,443,20246.773427928885,BENIGN
82652.91622699659,18,14,8253.984593282094,13173.625060616432,492.7322285178036,938.8058409470093,259248.07776957433,387.16117302038964,2469.0985989484548,2229.195113815111,3669.5213900336203,0,0,1,1,80,5660.419670147598,BENIGN
32928.65315395784,7,18,3246.110165329774,15818.527553453812,488.34980548223405,936.5184900266393,578968.0382506662,759.2172046367205,1081.8933385388068,1436.438818607264,1405.3529560484942,0,0,1,1,53,22535.300922626513,BENIGN
83.27141738003682,1,0,55.33424675584228,0.0,56.457225069901,0.0,664504.6823606476,12008.922526635608,17.63050165483687,20.121963858367362,25.08325451001303,1,0,0,0,18687,4.548953228448505,Port Scan
256821.58426163543,12,13,5912.775267149171,11450.375751163592,451.45126657198836,893.9367634791777,67607.83392965973,97.34384308809264,8959.560866417241,11664.455575855613,12744.477667800305,0,0,0,1,80,17335.494593472158,BENIGN
197382.80750580688,13,18,7309.733074723053,13140.300005647487,551.0085712800071,734.6494450444769,103605.94896173473,157.05521869774802,5842.184901917252,7980.110281657489,5683.105901261164,1,0,0,1,443,11848.71050306418,BENIGN
939.9788945567449,148,0,10509.677992769322,0.0,74.31791672214052,36.36304449635516,11180759.540058875,157450.34368010002,10.668742557547759,14.263668954133795,12.522698638887453,1,0,0,0,80,45.43809492636774,DDoS
60904.23729060947,13,12,3841.585312202947,8383.829995023983,297.19657500468236,740.5018036021947,200731.76926742189,410.4804708531278,1755.0435037280267,1713.3222701362465,1817.726630357433,1,0,1,1,80,23252.30268989164,BENIGN
1911.9747714136765,11,13,4258.621117068154,10644.325340191272,393.041898306957,816.7144305075068,7794530.911221428,12552.46688336524,57.82480680395547,55.16188123665156,60.50600003918532,0,0,0,1,80,19649.898532160612,BENIGN
514.3720376646559,136,0,7980.280208677387,0.0,61.02050906994442,43.820729284353476,15514607.374283671,264400.0646253345,12.779543567025264,15.217732072352769,15.194180116332488,1,0,1,0,443,112.04294799495916,DDoS
10974.727929282753,4,4,515.2445323056473,223.67757498726544,134.2959082068914,55.272239600129936,67329.42375011611,728.9474556042899,326.1741162075735,323.2522106290788,270.9486737533897,1,1,1,1,80,2572.70878472843,Brute Force
128706.84735007126,12,13,6253.507276662461,11030.457357347173,521.2521584688931,916.935788915039,134289.39477476885,194.2398599198239,4437.677526688471,4928.333043092953,4255.730684341001,0,0,0,0,443,21684.078629646145,BENIGN
36704.83061127907,9,23,3492.2061929026354,11163.253966920263,367.5736626587504,522.9176855694285,399278.78471994377,871.8198522394674,1075.0600676657082,1107.2630759838119,1501.1457602012063,0,0,1,1,443,24940.892870287742,BENIGN
2518.8542563910614,123,0,8231.191831742894,0.0,64.13511323860794,41.83191500160008,3267831.717876483,48831.72564983204,8.45757825975777,11.228025015216874,6.8965648541061935,1,0,0,0,53,134.936997988165,DDoS
15246.421008827034,8,12,4543.302591012289,7309.422685901301,536.9253831068083,611.3234760541568,777410.3358454657,1311.7832695568911,584.7736118385945,570.6925350940427,498.9360908188226,1,0,1,1,443,22570.247522679427,BENIGN
10482.800521440324,8,4,1338.5960303510965,260.6417644188928,164.09933220235598,67.0948937147464,152558.2587877248,1144.7322664832332,237.80819533718793,276.2113820560434,229.77615960145877,1,1,1,1,80,409.7576826113811,Brute Force
12125.381686408962,5,2,542.5699888602862,193.89159000405647,119.36840256231577,96.83954301911294,60737.18732415856,577.3014145893754,184.27536184762872,252.6794275524433,161.05451188004122,1,0,0,1,21,1726.7305454745267,Brute Force
73034.83979620846,13,13,4306.978211960091,15809.553884267172,354.2749512530585,1149.8005174748619,275437.47822763893,355.9944825311956,2887.6206874774325,2362.3372369841836,2952.9138229393266,0,0,1,1,80,13771.091412347321,BENIGN
25254.103353566767,14,22,4410.93290944839,14499.839121440757,292.46898073478985,697.9285131576158,748819.7765777451,1425.510915829666,788.8631151739601,843.7641042217101,719.653106372176,0,0,1,0,22,1276.1687939632416,BENIGN
29981.58860963759,12,11,6878.450515060244,10533.856866880642,521.7193842629922,1029.9689033332052,580766.6701271358,767.1374689133931,1185.083703211857,1640.9104426961792,1797.744516184883,0,0,0,1,8080,5750.494794853065,BENIGN
693.8230216464484,1,0,39.18830669544842,0.0,40.0,0.0,56481.70422834083,1441.2897364330615,42.17526995516534,49.73377692069969,59.89509130791368,1,1,0,0,42222,13.59163512828182,Port Scan
39042.21206701307,14,21,5881.646387214446,16890.082805572256,387.0828126265461,866.2209469636147,583259.1952961249,896.4655983099802,1103.9717289757878,902.811865882684,1479.0824557792496,1,0,1,1,443,1636.5691475561193,BENIGN
62285.838378622924,7,5,1218.2313618115159,979.5376174444365,177.84472716487886,191.26870155845035,35285.21147770641,192.6601666185248,15306.136274688135,17995.68463772625,15983.994258609784,0,0,0,1,1337,5749.083923532673,Botnet
9820.100718432815,6,9,2301.395222992773,4334.135922444965,355.09000887899487,504.4958245077938,675709.0722076321,1527.479241821243,565.1834104270187,746.7851850480553,583.0129021546709,0,0,1,1,443,3271.621309766577,BENIGN
1838.2202268305784,138,1,8449.096766413328,16.83034152278722,60.79537458598548,17.374868562590407,4605502.096194912,75616.61979950081,3.854094162943815,4.998222916905684,5.945333554290858,1,0,0,0,80,400.34815330131187,DDoS
1699.4477033942783,153,1,8496.86093467651,43.28324974834201,56.6027760808392,43.22259662629398,5025246.830112962,90617.67519672326,19.540620807518813,23.043748956168944,24.429294305775347,1,0,0,0,53,420.77275632067557,DDoS
49301.26727789172,11,20,3661.427341146671,9920.520349849034,338.38254105566824,493.66032993679187,275488.81480955944,628.7870821913212,1331.0556007366274,1581.2116820282026,2066.8178410760447,0,0,0,1,443,15150.776365529355,BENIGN
1823.0744448213795,14,27,6913.10934781634,19642.190849943618,548.3578680000456,794.0267816306756,14566218.221747814,22489.482048560603,42.35386379235092,39.77567616070678,51.97030135968125,0,0,0,0,443,20683.13337861604,BENIGN
547.0507339945405,1,0,40.22290790117732,0.0,40.0,0.0,73526.83289074746,1827.9840202352784,22.620618323900207,19.99137761250395,30.82878402745634,1,0,0,0,2534,28.374353536786785,Port Scan
58477.52523890526,22,11,9956.82657353844,10202.708757093544,454.9116139293884,937.3601181344513,344739.8850801536,564.3193665460557,1756.3577193619794,1971.176852685231,2791.2802014994313,0,0,1,1,80,18880.572443805442,BENIGN
56255.215774445955,10,15,3909.156657364541,8116.483636429735,366.7307489256608,560.0004243798909,213769.3390424599,444.4032372080297,2518.8730454201,2721.4353911396033,2924.0882097721187,0,0,0,1,443,16826.419276377972,BENIGN
37098.6863191603,16,5,2651.471026041748,5261.840571062901,181.71603953524667,983.6650002878463,213304.36148133027,566.0577794948541,1486.3194564743417,1476.7820364059544,2082.112082072842,0,0,0,1,443,16953.955807783423,BENIGN
50197.31731204994,10,11,5804.793284637437,5355.58448779736,627.5622457576957,529.7014871003489,222330.16364314218,418.34904979989676,2188.8364640355817,2761.976570878594,2072.436774286074,0,0,1,1,443,11601.41259868648,BENIGN
870.6399226163865,12,17,4387.4053024922905,10097.041599691525,397.00764249550923,653.5249295621768,16636552.638955683,33308.83324629913,34.28495904675833,30.233952158352196,54.40927769592483,0,0,1,1,443,23126.998553337206,BENIGN
190004.67227389835,5,13,1233.4231241877826,8024.751646403278,266.0877592194013,587.8100637531327,48726.03741683299,94.73451249689467,8583.32201711854,10124.557044426212,8144.560333511998,0,0,0,1,53,505.4512059380719,BENIGN
74597.74006786758,6,2,931.0529964964927,404.7877477005942,142.54330890429932,188.18642716575144,17907.254871015728,107.24185468248442,15397.73413491856,12602.319305760173,16207.356840113576,0,0,1,1,4444,7311.692865377913,Botnet
174632.85648867078,7,14,2215.4889803671117,12813.267980637678,307.34156692151896,875.4181406255807,86059.1601327885,120.25228483485503,6779.862540537769,9189.653989389755,5997.514967592263,0,0,1,1,53,3680.208257815299,BENIGN
40895.74752304031,12,15,4261.604124961528,7362.6781175129845,349.5879215159027,449.35149444058277,284241.83311297814,660.2153435339073,1881.3808168951366,2194.6859126573777,1894.126623766797,0,0,1,1,443,15245.446178092507,BENIGN
527.9867039422124,1,0,55.41573553705961,0.0,50.91993124562511,0.0,104956.68758947538,1893.987088185177,28.101017343251964,34.6388169564462,41.12920592950666,1,0,0,0,10822,30.236065555793374,BENIGN
847.6515834161647,1,0,43.030875579932,0.0,42.24280029569601,0.0,50764.814720820825,1179.7299970464846,48.11534520795398,53.495388907183795,47.26616836797954,1,0,0,0,36220,13.206275534633654,Port Scan
2624.2914584505006,15,10,4396.342706868595,8907.105256413468,308.93187717717365,974.3434551788455,5069348.498027355,9526.380890162682,141.62963268558303,188.8879220884348,163.14294257704262,1,0,0,1,443,19280.35285045846,BENIGN
84312.81502209484,10,16,3975.8781762593703,13178.471792062168,375.2768054572104,750.345684569707,203460.76647809832,308.3754230384372,3337.903192355399,4638.082477797564,4780.575709522558,0,0,0,1,80,1321.7896350633514,BENIGN
64291.10417708395,8,13,3923.003029413767,8195.260241472628,474.05271549488134,617.6385305484669,188490.51398320598,326.6392803296305,2148.0803302424843,1761.9128371121656,1829.7486968015037,1,0,0,1,8080,23058.868346383428,BENIGN
75169.51005170032,13,4,2987.351742430496,538.2017420394121,213.05902533103682,126.60490678391147,46901.376396428444,226.15552487049186,14517.57150406547,16502.59744917561,20854.308049570704,0,0,1,1,9001,1565.0579495746963,Botnet
1619.533806667148,8,14,4130.555029231227,12487.481383447981,477.3549347684438,841.2323324931043,10261000.013872884,13584.15607592285,63.38477351796943,57.14559543710283,67.29237500217972,0,0,0,1,80,21864.730303320994,BENIGN
15741.65831052174,19,16,4756.004622406927,7459.772345267319,245.2987257693684,513.403627937787,776015.8889682677,2223.3998038571303,372.0116285222853,332.83229801126345,544.3431649681906,0,0,0,1,443,3718.8387928600478,BENIGN
14683.477018484857,7,1,830.6687415285212,106.13337331036931,112.19696967286463,103.36325383407569,63799.74672617128,544.8300828154595,213.13218855054885,186.8681288560168,267.85245461624464,1,0,1,1,3389,1969.7330778683386,Brute Force
16584.760963233566,13,12,3636.2235167793583,10165.151231188147,265.2280637890831,869.0959894821872,832172.0631707327,1507.4079183548085,711.5534229715039,613.819604577187,638.5264224785352,0,0,1,1,8080,17836.056750733595,BENIGN
14509.399304671499,10,19,2734.7139428070395,13320.73212176646,284.52850335931186,748.4771960119389,1106554.8426532191,1998.7043840376668,439.70855271058775,406.7455434403131,611.5437788755603,1,0,0,1,80,9044.94984299007,BENIGN
60261.075152077494,14,8,2402.184509778801,920.2463550235584,174.44582005074022,105.20344655950207,55133.94602432378,365.07811957353624,15283.310824888085,12926.573633472217,18644.662218185287,0,0,1,1,9001,4725.6131284519115,Botnet
72174.32325402331,9,18,4084.3233895075614,17606.98310737841,451.0112729888598,926.9614895834263,300540.4902868529,374.0942593250419,2168.9295219394467,2905.6710941094216,3284.9489558878477,1,0,1,1,22,16625.010869046397,BENIGN
6244.791518246858,16,12,7091.655305706848,12656.760350807719,415.2913476340109,970.2490360098619,3162381.8983886065,4483.736553604054,234.89776898654765,302.70231697381354,320.92743390494485,0,0,0,1,53,19704.463867330356,BENIGN
52752.06867650923,10,4,2252.1373436967137,795.9927293350793,234.97804765602126,194.6057529597983,57782.19033880545,265.3924358085747,15265.85342603579,17025.157028888785,13926.47117200705,0,0,0,1,4444,7233.510702513763,Botnet
18148.790168196512,9,13,2746.2635136555136,7227.509626798222,315.25535957470703,597.3481792304497,549555.813253686,1212.2020143553289,912.2026521911772,1002.5644136164863,1441.8716900823333,1,0,0,1,8080,20582.04015014218,BENIGN
53042.87755471311,15,5,3113.707760618982,882.4185677593659,226.83120440231676,188.95655603723387,75337.66101313772,377.05345037833274,16821.935468007767,21009.378967030345,15913.76084545335,1,0,1,1,1337,1006.460040248117,Botnet
103975.44932474452,11,18,3386.083320388593,20955.049705931007,338.6352250681946,1110.2001783992969,234104.61973860202,278.9119949789768,3444.6259070912924,4250.749140169637,3218.645400075653,0,0,1,1,443,22621.631758849056,BENIGN
65352.82179048861,11,6,2842.065582474853,915.355319628795,235.81392012235455,153.9557262745798,57494.3942611901,260.12648779725936,14837.672347155816,18811.04747396859,16458.2378593968,0,0,0,1,4444,4844.043887714617,Botnet
378.8538130244045,160,1,14140.83800009842,47.01582227719256,81.45210733540421,45.378807402272955,37449415.406732835,424966.0277000536,20.435958742044868,26.73142429334335,23.618151272391774,1,0,0,0,443,56.547566469230674,DDoS
25680.860743987054,9,11,4214.22069298295,8132.200486233347,452.94150096736837,759.744689072384,480763.52667061996,778.7900958375324,900.9725598461774,983.8405556233506,809.6025994882357,0,0,1,0,443,23703.93752504309,BENIGN
194271.54195617518,8,14,2717.9295087463493,15544.551314872446,355.20025378540055,1015.2693735064631,94004.92032815874,113.24355476090717,9106.431972832403,10842.910128505606,13592.117035982807,0,0,1,1,443,21796.25090351461,BENIGN
249.8751566577653,1,0,41.42692722265925,0.0,45.58711082822962,0.0,165790.50025128553,4001.9984914691727,10.004344695143311,10.062804596751397,12.942223486327999,1,1,0,1,815,22.0860385901399,Port Scan
2097.7271569474224,4,2,505.020955469223,166.16702677986132,134.80822849167598,85.91960524158391,319959.61916505196,2860.238511061229,372.2198929652623,491.65289324403824,536.7888433914188,1,0,1,1,3389,485.4174754645559,Brute Force
67237.48603341993,13,15,5212.435399845006,14560.712732266818,372.05045132767424,914.8461912384496,294079.23018245684,416.4343679667439,3164.4951588482595,4233.563228086337,4812.081860325792,0,0,1,1,443,20662.373260891123,BENIGN
111480.1331599949,18,14,4282.725785651423,10244.871697423034,245.9264054961709,669.6547495089674,130315.57346836524,287.0466610770369,2634.203880391214,3337.2346358900436,2972.1606014590284,0,0,1,1,8080,10377.265400860895,BENIGN
1337.7527645423936,110,3,8036.227131353855,146.37310415827807,70.13973750207242,51.84616548983494,6116676.005009911,84470.01792491456,7.491231134898053,10.142067796399415,9.763567559955833,1,0,0,0,443,180.0138620139477,DDoS
7387.261748962522,18,12,8555.829728101322,5724.732800851338,478.24196026833124,510.61373936393215,1933133.4145508304,4061.044676562766,211.43681089697986,253.10312823002747,174.18469352934923,0,0,1,1,443,2009.2398085320397,BENIGN
10187.126426979174,4,4,308.09625717067235,395.6770308574654,75.69242357718187,89.98635741607265,69084.5738563029,785.3048705484919,396.60040471689706,480.0635017397542,406.9251619417727,1,0,1,1,22,2314.076813399477,Brute Force
17778.585705437996,11,20,3614.9471671913097,16358.907339065074,359.9822300273387,804.1201146528973,1123478.2584616342,1743.6707572592754,398.18864108763586,537.8658196918589,632.7751226435807,0,0,0,1,443,16046.409454890336,BENIGN
781.1491651017171,156,1,10521.826272964601,46.72992635573722,66.5171206768277,45.290675854882856,13529498.169461858,200985.94098805226,1.1728984456635874,1.4259181616722396,0.9992249913467016,1,0,0,0,80,172.73843439470434,DDoS
10031.336971504059,13,24,2351.5282802021766,13443.20503650433,177.9061598980997,528.0690236587774,1574539.2026580786,3688.4415412527374,271.8772571577022,218.88290975160282,359.5938067444874,0,0,0,1,80,17756.83313734985,BENIGN
1062.8727715515424,145,2,7328.9058525705195,75.6006985462341,52.444696366731065,35.70924666724398,6966503.187684382,138304.41792710038,13.10689724049092,11.577342071267498,18.536981776126122,1,0,0,0,80,102.90728331034299,DDoS
63970.97003846215,9,19,3294.572985340475,18212.50168306543,371.05292632110013,952.6197350888427,336200.5399554659,437.6985370577494,2204.2378571774184,2155.0192763034283,1943.1745637327467,0,0,1,1,443,11382.347452960068,BENIGN
123139.90246865242,10,12,6003.825082639025,7757.01456524485,650.9862195787916,675.4371015693604,111749.63900419652,178.65857905483168,4467.921453504768,4196.654408314425,4430.783126249547,0,0,0,1,8080,15286.730972325047,BENIGN
3907.74042541415,7,1,884.3354152308916,92.61600667329607,139.61521105563327,90.60665909135447,250004.17518792805,2047.2188858737065,188.39268880988172,260.77640984101913,153.31211751640168,1,1,0,1,22,950.1345947593594,Brute Force
11755.343350104318,6,4,730.9605256389799,295.3632663255216,133.89620872746536,79.945232273704,87307.00256027772,850.6769817073236,223.2589890290824,298.9009580015811,278.52858058082916,1,1,0,1,3389,680.6253170617124,Brute Force
79794.04296191776,12,20,3791.770798738048,13619.893357229885,341.93533316422145,620.4095298191907,218207.5692577423,401.0324431771456,1967.0180794915493,2326.379629102918,2107.8429675161406,0,0,0,1,8080,8537.897682469018,BENIGN
40637.50009716043,12,23,4445.514049873726,16734.719911095148,371.66884529023423,734.4700460589386,521199.23495118873,861.2734522625235,1258.8537743042489,1394.9574073605504,1606.1081420348346,0,0,0,1,80,9346.78803374408,BENIGN
2402.9518755697814,155,3,8944.898232579166,162.5590486248479,62.265261518102086,56.3846334810754,3790112.2256326824,65752.46121503598,1.7360690235661282,1.880867501119807,2.184732933944921,1,0,0,0,80,375.18776276377463,DDoS
52866.17270893495,14,6,2926.0518306010026,1029.6613829787534,218.78505853109633,177.40514937518074,74825.03481685177,378.3137491362182,14706.610810110342,14473.664978047544,17444.82578517138,0,0,0,1,4444,2443.5487294891,Botnet
6552.196687604966,6,3,651.6346697186252,315.29586930463506,117.58615959496609,113.10508240816509,147573.49101751458,1373.5851393206242,325.03619103923205,301.0242953590501,344.0169595902558,1,0,1,1,22,2329.8175477385644,Brute Force
56429.839130230284,9,3,1328.2616416808369,314.4491439396717,138.41285594313266,101.03553981330822,29110.676389302065,212.65345046095348,15130.786626004186,20038.853188120465,18246.932837337245,0,0,1,1,9001,3918.3985228480533,Botnet
485.756034155504,1,0,40.079851091144455,0.0,43.54522916464319,0.0,82510.2485053511,2058.6465832349745,21.0692639350411,22.05787418194424,26.64285327809058,1,0,0,0,23992,33.12537842654273,Port Scan
10287.867452165632,13,12,3867.879067651732,7359.0668214413245,271.1570873265105,597.3385405733652,1091280.1842844258,2430.0468601719213,294.6275127907603,246.45225835397804,464.48865040471713,0,0,1,1,53,21615.6178809036,BENIGN
13088.328093428494,9,17,2371.2583434759313,10795.168344634238,274.2403823138398,626.5277209661543,1005967.0413305797,1986.502769062942,444.72919961002634,407.8267282553655,416.19619215072777,0,0,0,1,80,16194.808854968302,BENIGN
27207.388154307962,16,15,3505.2223137632564,6148.506357782287,232.64965374174037,445.91257083450535,354820.11785894237,1139.3963957209735,862.4120376945247,770.7089122181264,834.7909622287199,0,0,1,1,80,5869.159195747694,BENIGN
103227.80005781454,11,17,4146.625335788949,14946.651855263628,361.2922771321293,930.6368427076652,184962.55059546995,271.2447614336265,3283.548329162533,4313.688209115583,5011.753786403652,0,0,0,1,443,13569.61031523848,BENIGN
16805.159700038406,14,14,4176.500225323835,8911.91507796888,327.7476892615358,639.6155740893096,778833.1403516984,1666.1549488242001,659.0414813733566,757.7743311223537,552.4490968635428,0,0,0,1,443,8781.735218009675,BENIGN
4326.380681054684,7,3,530.3498132268568,288.16313333858363,81.8236784912273,104.99472344524966,189191.1523527568,2311.4008537876057,78.84112582760432,64.06850417773008,102.67359727965628,1,0,0,1,22,2414.283023829641,Brute Force
53807.25532071929,13,4,2423.661665864799,997.8418945944941,180.4724553315691,236.85975769411033,63588.14513145761,315.94252296778825,15662.453357868735,15888.525703126112,17397.932404964486,0,0,1,1,8080,3459.8961673571944,Botnet
59227.189625772466,6,3,1403.0105737807755,509.56505368133446,220.27598329588392,168.11356373113145,32292.1894411458,151.95723546679457,13610.069695184266,12041.61533400869,13976.58366734714,0,0,0,1,6667,7943.148387367559,Botnet
65432.4739670435,11,6,1852.1891089908654,1346.1496172260966,181.10223160777815,214.2405358220439,48879.99081049381,259.8098309497272,16708.16607854416,14902.333086365998,24566.03914413134,1,0,0,1,4444,7361.02308912057,Botnet
2507.706391061807,130,2,5749.141267205892,65.25492727051595,47.402533808006254,31.07416261905699,2318611.227853708,52637.74119270353,13.980968419382226,13.174972291937912,19.58792620696321,1,0,1,0,80,341.3318737870146,DDoS
222784.27599595324,17,15,4796.5795624961875,12706.82993135292,299.14197104292856,805.0043637594403,78566.6287066285,143.63670800798016,6013.448358292841,6199.726233629989,7008.6946281118735,0,0,1,1,443,13090.996332790311,BENIGN
136593.79145695321,7,16,2340.9515236180905,3679.426216651529,327.99921058113074,212.05737330915508,44075.046721043014,168.38247005720112,8385.643516194086,7386.92106119762,10249.083097862584,1,0,0,0,53,6613.512076777898,BENIGN
73208.8274006912,9,9,1452.711145257683,1576.1327933526788,148.35030074981978,183.64873831448864,41372.660185262925,245.8719889267077,14386.824681494698,17239.198882226174,12104.85062779358,1,0,1,1,8080,4732.673747581556,Botnet
4758.854144763601,4,4,520.2762512090196,324.22150648331393,135.46525330530622,74.19795039988296,177458.21410004247,1681.0769476519447,211.11231601353862,255.6793782188223,310.2876040411193,1,1,0,1,3389,1251.2065933989882,Brute Force
50138.484256444586,12,7,2800.7938844888868,902.6468455859565,225.11161195887814,134.65669129401098,73864.23393122059,378.9504266387515,14641.432348739441,12182.209863581134,20127.04934396305,0,0,0,1,6667,6776.346530133671,Botnet
976.7358646658316,13,16,3807.6847346672002,10152.11752241855,292.49230447292064,697.1196280158589,14292300.264679832,29690.72914090413,31.268367154984876,26.116070661603136,41.03255316023048,0,0,1,1,443,6223.272104075667,BENIGN
93786.49418932573,20,24,3615.478724454088,19116.064435400924,200.38963375244526,872.8552282682643,242375.44388819038,469.150706403181,2060.2936761183882,1715.196642385703,2237.014695895705,0,0,0,1,80,20049.028049340483,BENIGN
3264.034819792588,110,1,9170.916140560907,31.082003076978395,77.43725857467545,29.35968391568025,2819209.5524957124,34006.990160433845,11.203371023586293,10.629449929190017,17.474609221907134,1,0,0,0,443,157.8496141117616,DDoS
36772.70144423188,18,5,6512.179789405737,3964.534594340844,352.1581482981892,797.0110197817282,284904.67037444003,625.4639745432069,1298.6416465569541,1496.5848834673632,1148.3102094647918,0,0,1,1,80,14472.555900196536,BENIGN
322.2850204494493,127,3,6824.769388847124,195.7334267732705,59.19562240200612,60.0,21783521.945356958,403369.6627249563,23.26239185419438,20.588677221698372,30.67085262539241,1,0,0,0,443,282.24142115517833,DDoS
43369.14571459981,11,10,3787.0097724552056,11955.245587931478,349.7113819860437,1145.6445932677652,362982.8326336436,484.2152100065589,1723.4896844413008,1415.3197529069535,2398.0005715114953,0,0,0,1,80,12495.632971510382,BENIGN
8715.268399755594,7,2,830.1983391833811,186.27025358856025,108.04297415763534,90.51676085083251,116630.78475018009,1032.6704339079665,68.18909460584857,78.87552965470148,65.50658369786946,1,0,0,1,3389,1026.01760724263,Brute Force
453.71188549985095,1,1,45.01829582977943,0.0,43.248372579639586,0.0,99222.20966326045,4408.08377280356,46.527934081869105,39.52746819823477,38.80153215348294,1,0,0,0,34238,43.64628325450752,Port Scan
47314.26553376872,13,10,6811.639414414066,7975.107899171347,483.84141991201113,752.1895750524961,312521.96661558544,486.11131844759683,1813.830512984669,1896.647107399524,2372.946636341402,0,0,0,1,443,23924.83395686051,BENIGN
7231.400485482832,16,20,3154.110681275642,12246.28596585379,195.131966274354,600.8637244059262,2129656.1679920796,4978.288793750347,168.757822289205,163.94547837799786,234.85084253300397,1,0,1,1,80,7593.1239794013745,BENIGN
27401.054375751766,8,11,2599.192553409724,6575.758239360674,340.7058393146816,661.0692321895958,334839.3338064268,693.4039741483022,1522.824111440596,2074.903377774041,2389.413139247557,0,0,1,0,443,9321.897390260394,BENIGN
17728.750465181252,18,27,2428.366675826938,17393.33123435332,126.60644417100428,713.454235959298,1118053.8611059757,2538.249951026085,423.2868318633862,533.8874814394917,415.1340693235286,0,0,0,1,443,12534.137132790085,BENIGN
27902.453510664724,13,17,4311.3661720243235,17027.815911362504,304.6269134343761,1013.8134148160766,764777.9818083267,1075.1742669702348,651.3306378448357,608.8006861057387,899.3488211557127,0,0,0,0,80,7776.367512298892,BENIGN
7167.264722365851,17,19,8894.359260039293,17059.320093336253,503.67673287837033,838.8133053548838,3621141.447780718,5022.8366600803765,200.6251129143731,206.83009094522745,161.81394772115488,1,0,0,1,443,13226.512839613632,BENIGN
8040.718163394944,7,1,1004.8955014721754,58.03376705382546,150.8578078052879,56.45374407235401,132193.32489042397,994.9360041519286,279.8222637368581,360.58947598524514,384.6254474250803,1,0,0,1,22,2102.5451368690838,Brute Force
3485.8442028128557,19,20,4281.98170760137,7560.6551039287415,248.9619494786929,402.87111549928704,3397351.1501098797,11188.107594863095,74.06087344594953,70.48749469406984,110.95109359414454,0,0,1,1,80,24972.953717872573,BENIGN
71130.08282708777,8,3,1525.6174663663814,496.92292332315645,183.34946186941545,183.25406298058522,28434.38822651439,154.64624196685145,14925.180899344265,18993.33294016304,12473.456646559687,0,0,1,1,6667,6427.793206760675,Botnet
49149.67956941485,8,9,1396.7427404191537,1948.6526907493692,179.26822010081014,226.261749522095,68065.4576077911,345.8822142673512,13825.265456009887,18303.954078109535,11391.796091473361,0,0,0,1,6667,5817.440933451929,Botnet
9517.542944500128,5,1,405.9774269638143,104.32292174316683,82.4641038935718,102.7089348101977,53616.815987351736,630.4148071606235,385.6702862126425,357.915925924788,535.5676820432906,1,1,0,1,80,2251.8879288458265,Brute Force
110797.0030090851,7,11,2916.571567714011,12547.224975128107,433.7417509008852,1116.3042283147797,139568.72589391356,162.45926795081306,4050.788701702637,4064.5136904789,5578.884532815805,0,0,0,1,8080,23894.791520768606,BENIGN
97922.80845644951,20,16,5556.897471901534,11612.5545258181,307.5543143994606,758.6060803419907,175336.5969416168,367.6365145921111,2185.876175924164,2855.828070028383,3397.101933742765,0,0,1,1,443,16450.95551605466,BENIGN
62553.940203429185,3,8,768.6331504273938,1567.2929191601495,234.22875172831402,199.49815157894332,37342.588843979625,175.84823536658664,16709.516677429307,15243.981841190462,26019.461105310074,0,0,1,1,9001,2610.208498433916,Botnet
40583.73063482264,18,14,5042.77668608731,11656.649279699834,311.0346826469563,801.5517557204903,411480.8004234656,788.4933075261094,1225.4933589891252,1174.9672927056893,1457.21522686889,0,0,0,1,80,7477.392284837367,BENIGN
120076.55553594609,10,13,2866.938755415581,11617.052368738376,268.3074567560726,976.3194734911273,120622.97306502961,191.54446842135414,4049.6012803211165,3385.2972115108755,6067.9195579193,0,0,1,1,80,19254.09368889042,BENIGN
66143.8502852446,7,2,1261.043537203719,424.24019589776424,192.53313302433327,219.69738210572947,25479.069117290823,136.0670714085679,13903.162045625993,16781.793047903688,18202.176685988583,0,0,0,1,9001,3955.465295570689,Botnet
60798.58907001533,17,8,6865.504333680418,6471.857181722759,432.593259460541,830.6889734895124,219369.58931800115,411.19375272360566,2193.6980362574814,2089.1192031901855,1767.0451381730695,0,0,0,1,80,6562.933328561054,BENIGN
2195.6728546846043,100,1,7894.1935034126345,46.8010231659854,75.540198493067,46.391908923723186,3616656.511299493,45999.56673167873,37.20730610462756,42.53864927464974,45.45495678584545,1,0,0,0,443,18.558708620274114,DDoS
7150.449000999433,9,2,1234.5684240805952,195.68520503819857,133.38712593923128,92.06260589390479,200022.91169671778,1538.3649332318162,118.17873585768251,158.64993143607637,125.76242444110817,1,0,1,1,22,1772.1532941408107,Brute Force
50287.934157581054,9,9,1932.2166214260126,1808.3485764531208,223.18851267154577,191.7957690578437,74382.95608162764,357.93874418455204,16613.7021525748,18036.05941944951,17979.578693123778,0,0,1,1,4444,7550.09543434247,Botnet
132.34185779800774,1,0,43.92932740162149,0.0,43.251194080805654,0.0,331938.2705709818,7556.188318939058,31.635795912700367,32.9015333839614,26.312160459088364,1,0,0,1,25397,38.53400889303977,Port Scan
63121.44995515818,12,7,1909.9612291111553,1283.7194517547466,166.2750099354932,171.79047117092048,50595.80670492693,301.0070271436683,15045.969797926726,16628.844351740852,16978.91341359637,0,0,1,1,1337,1840.9492436549076,Botnet
722.447416382601,131,2,9415.637653478898,93.01869899760477,70.11867809193404,44.94354168087683,13161727.94981775,184096.44353903332,6.25265268145427,8.453064618597134,7.0558919307133845,1,0,0,0,80,429.73799318249104,DDoS
2651.6687557834744,5,2,719.297043821836,189.01801912547654,141.46220856167528,89.44245080153665,342544.6941539037,2639.847071672324,179.5594221526526,172.78131760185028,144.54850921710772,1,0,0,1,3389,2748.7191463896434,Brute Force
92.27627967009336,1,0,49.326750533606344,0.0,46.19068128401924,0.0,534555.041771944,10837.021210382618,41.88542959835067,41.43586147062386,46.13192087450714,1,0,0,0,62386,38.44366704652581,Port Scan
11913.910917443296,12,12,5026.064320740759,13674.554832504818,402.2783143545896,1254.097354293539,1569645.7093586104,2014.4518593689768,306.3122364236674,293.68308934763763,270.0175848444446,0,0,1,1,80,11822.615182948113,BENIGN
60845.74601832845,13,15,3454.7943280881027,11050.917788348472,251.26500684892696,770.712692271415,238401.41777647112,460.1800755564015,2239.694592888476,2867.493528101791,3247.02267853052,0,0,1,1,443,15789.45712142043,BENIGN
95355.19348034945,12,17,3928.086590372136,14549.648335995193,346.70981089597745,849.1600520714437,193777.96061181682,304.1260674068712,3499.7235773251437,4527.837165516855,4398.196199075813,0,0,0,1,443,7044.419234171244,BENIGN
10526.707971761889,14,13,8617.068755664966,7472.438127905818,565.8886379707368,588.8372673154684,1528446.2081337506,2564.9044385412853,358.5707268650134,319.9066210321284,534.8465809176353,0,0,0,1,80,14568.60949435826,BENIGN
68190.11779218784,8,13,2531.3331822170976,1880.54552091285,294.64291327986894,160.20347809823116,64699.67857476544,307.9625124566929,13143.812020798998,11182.48171275821,17877.41479602076,0,0,0,1,8080,5553.383149602695,Botnet
29618.849242009757,15,14,4576.119090112427,9433.744963603998,308.25060353616925,737.6295731417292,473005.00904827856,979.1062361351967,1148.3391855321522,965.9493235547626,1523.4772201329624,0,0,0,1,443,3934.8513386343875,BENIGN
35323.44594541885,7,17,3528.8621698080665,5732.386484621929,459.61580628816563,345.4372083398815,262184.17842756084,679.4354106075712,1361.9601448381482,1422.3127174978151,1721.9135585309257,0,0,0,1,443,21064.97884235535,BENIGN
13921.421262566591,16,15,5583.525594442611,17904.251799313504,325.06727433105266,1126.7538086997536,1687168.0664468193,2226.784134702979,521.2107503732727,468.4541790255041,611.6017411652016,0,0,0,1,80,758.0103648302386,BENIGN
3061.869873150302,112,1,9086.74240249318,32.996167401228604,74.02814545512118,35.33722523924912,2978486.659366512,36905.552711727876,4.941519019874436,4.52753376284433,7.884831690583368,1,1,1,0,80,170.95922675337036,DDoS
53871.970326010916,13,14,3550.412784002669,2284.313711779419,257.29414648479366,152.2622679930584,108307.27854341938,501.1882772545194,15709.693346785942,14036.951444844779,16481.01842344929,0,0,1,1,4444,2415.527668257949,Botnet
42784.385480475605,9,15,1588.0123784410532,10700.250763567761,185.35441653391825,736.4750301212595,287213.73473078135,560.9523131038602,1274.158788231288,1405.5438061735058,1574.0319649970568,0,0,0,1,22,13305.832829754907,BENIGN
7272.947243853862,4,5,379.9359359689556,364.1521102129239,88.01246696978754,68.0433159574895,102309.01190857458,1237.4625716700496,313.5313592460338,336.10832643524657,371.2867924508215,1,0,0,1,22,621.9108045933098,Brute Force
45644.01672403458,14,2,3628.818037777137,452.2905292461024,271.603196296644,219.5437726792833,89411.6876631996,350.5388252032373,15509.702443584178,12698.344664284758,15536.194008969764,0,0,1,1,1337,5319.146713621703,Botnet
52081.824821236,14,24,5631.8551454049075,22389.170133441385,396.0587117114002,851.9520555362972,538019.2682384838,729.6211323322483,1507.9441562377374,1218.1765872593444,1745.0764952841598,0,0,0,1,443,1340.033439280896,BENIGN
5514.624108762738,11,17,2148.3687254143892,15093.77323111835,210.31531509354312,874.7206982007671,3126621.437195506,5077.408622558335,142.92035150477736,135.04508203698242,124.43729369287824,0,0,0,0,8080,20953.094258438497,BENIGN
36793.426518955835,13,12,3713.3376713811026,1238.2264149918662,303.48371327945796,100.67232377798382,134577.41109874455,679.4691977687943,1318.5482633249242,1544.3488117281042,1075.9039631060239,0,0,0,1,443,15169.109198481763,BENIGN
23502.49608936637,11,16,3865.006261156392,10202.381385136738,350.86760418255693,583.8354528869029,598548.6644824025,1148.8141471158915,875.0811181155594,900.7176871432627,947.2693743665055,0,0,0,1,80,13199.707317137783,BENIGN
93237.71773198884,13,14,903.7934332923719,14597.54552962088,76.26629437869184,1010.1004553090012,166256.0961377427,289.58237778418504,2934.3787254628282,3987.5821855112363,4185.117913911808,0,0,1,1,443,13284.754995046958,BENIGN
78963.4793057807,11,20,4807.8092294986645,13773.612925850499,431.05633914334436,715.1390853365751,235316.65927984088,392.5865510555153,2898.286533437709,2542.1292708472756,2383.8047670801157,0,0,1,1,8080,538.2810556838426,BENIGN
2419.2516120287714,9,23,4443.497134225916,7320.047184223271,522.720309567145,294.5010458511912,4862472.45220779,13227.231033304954,71.15591753659514,94.6874013019905,105.33971567345527,0,0,1,1,443,2511.123889428246,BENIGN
9083.171634810788,11,19,2308.1705206246907,14565.96202804441,224.85440112391353,753.5760530019298,1857735.7367111568,3302.8110891383517,342.5972046034504,338.6868311968624,370.6589407934202,0,0,0,1,80,10282.436537612839,BENIGN
53391.50321452349,14,13,3482.2853295024506,10462.79666200891,258.72769475500684,741.1688695969754,261185.41625398622,505.6984421569066,1973.974134200888,1731.0549191414334,2910.1359758415433,0,0,1,1,80,19297.44221529597,BENIGN
14923.393874545693,8,11,3410.3084922079925,9329.977132638496,438.372340282154,882.277568562545,853712.3480053117,1273.168835435459,617.9839311204398,805.3743748211876,928.379262902602,0,0,0,1,443,23387.675616429977,BENIGN
57432.8619651437,20,20,8301.492812166276,19299.996447238165,402.12038899966274,980.5822932375245,480587.0422434447,696.465379424696,1694.8139018057536,2334.2817172829805,1722.546739650113,0,0,0,1,53,3993.763644973013,BENIGN
3284.851945861722,147,2,7837.208763512549,85.55007127754617,55.89274004941413,39.0882190721132,2411907.4361239444,45359.730805435895,39.646876394507295,48.224977488486886,54.02109863061424,1,0,0,0,53,242.32731481485828,DDoS
68261.74369075788,8,12,3268.7499706177746,8897.915349824598,393.02475311168627,728.1251052685402,178235.48978708035,292.98987864424925,2655.4004398330194,2676.6653704196337,3963.81726531377,0,0,0,1,8080,2311.375565025078,BENIGN
34478.764740132865,16,17,5226.198438067043,10310.684029546619,328.6053700148374,658.1576021973924,450621.7837186295,957.1108550066006,1075.1612286541033,1469.376237703149,945.969290578929,0,0,1,0,443,12942.178913393036,BENIGN
28672.36500409531,16,12,5341.389723556707,7476.578131293696,340.8660552189665,678.1139599477659,447049.54938386136,976.5500681928653,958.4980283264098,1024.0703422817753,798.4837751962655,1,0,0,1,443,12087.868581729139,BENIGN
22259.62604787366,10,17,5671.607577110572,14866.700816875635,517.7358131843346,947.264537695047,922670.8638237936,1212.9583822266936,1135.3122849396086,1331.045161362959,1637.856213631087,0,0,0,1,80,9422.046821966056,BENIGN
61147.66789869693,21,17,13116.765216301632,10563.441961943103,569.8402766491002,598.5899181282911,387262.6380040467,621.4464313333165,1440.0697240003772,1319.216398428521,1586.9555935869098,0,0,0,1,53,19147.980021308053,BENIGN
54665.38725872901,14,18,7470.457830890717,10724.057586079101,547.5156588979515,553.9182109308896,332834.29111836216,585.3795537667249,1479.1832562542418,1904.352168940763,1998.937359639274,0,0,1,1,80,19970.610633477692,BENIGN
76845.84315519771,22,19,9160.879896017586,11698.23732338646,434.5849400930816,604.6834631818654,271441.0612591889,533.535690631912,2306.5921331178693,2350.5214623996885,2700.304924495733,0,0,0,1,8080,7428.049414682866,BENIGN
44376.27798145538,15,16,6576.94795956253,7475.716813170314,450.22818023225756,427.7871678255722,316670.6495440059,698.5714307305075,1316.4649506712578,1559.2596673389507,1245.50223616464,1,0,0,1,443,11392.300130796297,BENIGN
2059.857226169333,11,18,3872.314529931111,8486.15592759428,383.0329699084248,517.6244707150811,5999673.327120901,14078.64566124838,92.05905433611848,88.40534345668665,109.00680259172682,0,0,0,1,443,1267.8183297406786,BENIGN
4196.061448392519,4,3,515.3619174735773,202.69874361005202,121.67069300645076,62.69197262686899,171127.2987574367,1668.2310509732047,199.2928385685609,213.1485914761538,164.37354618284533,1,0,1,1,22,399.06171201792665,Brute Force
23755.818130011477,12,15,3470.7417043802743,16630.680340243725,306.4984175930142,1030.1850053966523,846168.3758737501,1136.5636768320785,927.3517100129901,919.9793966821868,1074.3501735253615,0,0,0,1,8080,15076.277808184106,BENIGN
2224.3085329311425,147,0,6359.5887945621635,0.0,47.22508410354248,46.121579321298924,2859130.691811735,66087.95399723022,49.420842253077176,40.96854339704947,58.033187353066225,1,0,0,0,80,28.478924062428966,DDoS
1412.6269975864725,11,12,3183.3559926449343,11697.46102655236,307.58224476428313,936.7647791171265,10534144.572220227,16281.721954412866,58.63160702259202,55.77932425216194,69.10141754083288,0,0,1,1,443,10093.65350060827,BENIGN
94067.46261191941,18,15,7675.2780438850405,8641.609174297962,457.03154269865684,633.0344622973389,173459.41694525382,350.81205640831786,3398.480391784623,3976.2706939239933,4993.9424275147885,1,0,0,1,443,5034.2128163453535,BENIGN
2620.4099589902157,16,17,7709.489141431701,7856.665285058836,533.8255461261754,442.8926226936311,5940350.811553552,12593.449313830524,78.95426526321755,103.62573697151217,114.0857069751379,0,0,0,1,80,15718.167230399913,BENIGN
47150.91992282302,10,2,1945.8593685990838,173.44272754452166,183.6142166804843,85.06537760844148,44947.20568787407,254.50192742032797,15724.125555092007,17890.285620432707,16526.848608520093,0,0,0,1,9001,7487.496388010424,Botnet
140085.06289634586,11,19,4816.552276648629,14029.87843474875,441.4223045994503,714.1157947178168,134535.61944247084,214.15559503441213,3018.8978609713095,3444.380216345915,2892.003885553559,0,0,0,1,80,5798.173123292792,BENIGN
28276.539410827252,20,14,3122.7348610664963,8163.861918090706,157.7888861361678,566.587020814309,399150.56843326095,1202.4102209261578,724.0276247941865,860.000615690444,722.9121413529996,0,0,1,0,80,17651.20070675886,BENIGN
82561.44230374845,13,13,6103.8596758103495,8196.96190635848,484.03577539486656,576.2803136106543,173214.28966266426,314.91697909472623,4045.3676164720496,4399.907493204712,5468.224242943331,0,0,1,1,443,24067.38736631628,BENIGN
1737.7079707259386,151,2,10117.810048168798,52.87922877800007,73.34422439199741,26.527813982338316,5852933.547112595,88047.01513573842,30.391026412765303,28.936052979463142,29.526100882690354,1,0,0,0,80,485.9693564818781,DDoS
110.03486799915866,2,0,74.52683627658628,0.0,40.0,0.0,677302.001008954,18176.05670245628,20.39201108788272,23.266582143760925,29.929644896470986,1,1,0,0,33912,13.390279002450555,Port Scan
2882.257712904568,174,1,14268.960532272655,38.082773130864574,89.60455880408134,35.619632460302256,4963832.082518996,60716.29168220541,1.0007300680693385,0.941259460830534,1.4855877445391945,1,0,0,0,443,225.96747250005947,DDoS
47997.855850191314,9,7,1830.9507012171773,1244.8858993691797,185.12909478272368,182.34571514210725,64082.791743583635,333.34822392772,14431.860041606895,18787.25888095657,17594.856062554714,0,0,1,1,6667,4643.736798695436,Botnet
111603.5676947484,12,10,5062.178923118941,8347.109854515884,465.19640893455977,841.2947526010182,120151.07630171048,197.12631463693995,3802.8133709767376,3080.8704343843465,5118.399514930313,0,0,0,1,8080,20537.650470234606,BENIGN
1022.661934995279,118,3,6528.542523824969,127.09162324033667,61.3773082742018,45.19323589723321,6508146.944078867,118318.66999191536,6.6532660276926405,6.393196325303896,8.891561167327609,1,0,0,0,443,493.62323017727397,DDoS
3765.1599580003312,143,4,11301.815398274854,161.39722415602225,72.12068148793543,43.41244915130163,3044548.6381192063,39042.16597429008,3.316601349143942,3.806142270233915,4.580358128869985,1,0,0,0,443,497.50470095237773,DDoS
10391.79613109417,3,2,357.33882018100996,123.56000680912926,131.4547996520766,66.72168140491036,46276.77649980077,481.14877706646666,121.3940863362503,163.10600087491858,139.7084470706668,1,0,1,1,22,1005.6167265602162,Brute Force
1337.5956585597564,110,0,7072.231459435123,0.0,59.63202350338121,46.83763306285381,5287271.541423872,82237.10902175136,7.366034787093417,10.093344188820819,7.866172250317661,1,0,0,1,80,74.28384851342831,DDoS
84075.26589618794,19,13,8085.701875977493,10716.398701810067,387.2452452047519,854.1804475788148,223634.1494418047,380.61134459582973,2286.7528773185645,2469.0454618201247,2579.6772595241264,0,0,0,1,80,5232.664672066593,BENIGN
2373.2433223320295,16,11,6112.184520257797,12398.919682567685,354.09154084845994,1075.5839270895897,7799918.3769474765,11376.835972077604,82.86253006277609,85.83638171340945,124.9542511893806,0,0,0,1,80,24364.885120247312,BENIGN
4037.946351673685,4,5,799.2270612817811,520.701438078446,204.2868598596964,95.40547235865284,326881.13818380254,2228.855763838863,138.68571911753872,130.1656732785988,117.49817405884357,1,0,1,1,22,1733.363160556576,Brute Force
113325.47446156907,26,10,7286.313917072006,7811.1406218533775,302.57171458951694,791.899951908612,133222.07218329565,317.6690869466275,3278.5374733466992,3107.4989319279975,3131.5763906523916,0,0,1,1,8080,12439.592237249719,BENIGN
90863.22840589829,9,16,1881.933640404394,10477.069100465584,190.12794628694186,720.4027102591233,136017.64935822712,275.13880409709446,4423.946142610105,3894.0586127046863,5194.999900316129,0,0,1,1,443,16791.98528405731,BENIGN
2757.494874117184,130,2,8429.656202594446,62.51905105684341,64.10412612368464,33.088298696509916,3079670.3679712447,47869.53594691994,8.863848187142843,8.623152752632818,8.716043097378593,1,0,0,0,80,401.42185355730135,DDoS
4499.045926497469,8,15,2647.683888915172,8196.995783517408,358.4962438409355,564.1044285670438,2410439.868720171,5112.19497994892,181.39862179273283,165.2499136308459,275.53321360119367,0,0,0,1,8080,972.7632604774158,BENIGN
9557.279340617335,8,4,1009.4019858854226,311.5898262256673,122.22303506228027,84.9989590687014,138218.39511345318,1255.5874503951543,282.1909627672162,286.8949355157118,273.0075643740545,1,0,1,1,3389,288.0103442434612,Brute Force
58431.371177836685,8,9,1961.4194738928186,1663.8961359983768,235.97303952071871,180.21728353827402,62043.993437318066,290.939604142786,13961.255401292321,11589.457868201567,11826.661773636019,0,0,1,1,8080,1756.431489386422,Botnet
719.8807275843257,1,0,53.856772888505425,0.0,50.8737397280026,0.0,74813.46676584939,1389.119004971364,36.74970036055964,30.29258170171998,50.63769354743446,1,1,0,1,58567,22.971373788627382,Port Scan
22429.260211680834,11,17,2908.5115642643264,7617.238539711721,276.2850106563896,483.8720663796137,469286.5482248224,1248.369305797166,646.4481392542085,809.9913488338017,943.1803362872539,0,0,0,0,443,10872.865944011648,BENIGN
89553.75522600078,10,13,1530.5930233643203,12362.9700575066,149.86252289136922,865.9329547610251,155142.1606587984,256.82898435645103,2921.9712978255275,2697.081521851912,4282.661029572858,0,0,0,0,443,12172.912084826652,BENIGN
65643.6921637198,11,12,2111.223227597045,2313.1483153704107,207.7457420873525,203.7403567821009,67399.7972559614,350.3763917275776,13316.91228394336,16109.743409504837,20594.699449152762,0,0,1,1,6667,4335.393227100232,Botnet
38378.95127922312,13,10,5328.760406781522,7532.858584943571,409.31813821418064,726.4704571743471,335121.6894425116,599.2868286750532,1013.8414555665623,1008.0937590571668,834.2055716007418,0,0,0,1,443,13940.310539645494,BENIGN
71810.18891427606,19,19,3756.7878896181464,13085.60419818358,193.04305789127991,750.9232140520505,234540.42305761727,529.1728175978311,1578.3507147160524,1741.801153198405,1273.5586256619263,0,0,1,1,443,14588.912767024516,BENIGN
2137.7241650693154,142,3,8736.988569731982,145.16637266770803,64.14902661608676,47.917056196645,4154958.3840306583,67829.14389485717,16.526209026280203,19.674262282465723,19.451022545602854,1,0,0,0,443,105.84409693445463,DDoS
20070.572133979877,9,12,3991.756215623248,5931.353395663053,434.8122598812032,503.3640619578995,494410.89895420964,1046.3079906151047,730.9228672719026,832.6529497925404,899.8376040093925,0,0,1,1,443,13840.880680030605,BENIGN
34425.91711900184,14,16,5208.323786150135,13497.48084638079,375.90486339319256,791.1606027571537,543364.0175182439,871.43647898464,1073.2894730760352,1458.282809307502,1560.2563413203325,0,0,0,1,80,8465.954179710541,BENIGN
1542.3031788008102,152,2,9316.968570333851,87.98791327237002,61.27436645612661,47.748798570378845,6097994.617970557,99850.66627414974,6.609155786054776,7.7152650762739015,8.570768235831094,1,0,0,0,443,413.15732145188383,DDoS
2227.38955546742,129,1,7652.539964025876,53.17727136740104,62.47623045832202,58.85446476420059,3459528.314873607,58364.285529173794,5.7942618482444,7.145184296173474,5.952974262419202,1,0,0,0,443,50.75118354144009,DDoS
40331.1050016866,16,17,5520.727948245402,15722.18474502701,374.77192214390357,943.549280935697,526712.8855602657,818.2270235000994,1248.4439767129475,1717.8357854438514,1936.0296737727658,0,0,0,1,80,957.9327478591817,BENIGN
43216.536201297255,9,15,2608.2895589384475,9415.647978208757,288.2404199546619,657.6795816890399,278225.3876419248,555.3429800160518,1648.0394810232679,1482.0376280593657,1729.5485551630093,1,0,0,1,80,9245.979427322141,BENIGN
33956.94772462216,9,17,2433.207167894102,9715.876721260156,277.71740358748804,602.375102335093,357779.03207551746,765.6754137871885,1254.6494488204974,1524.3931448872154,1613.950626366093,0,0,0,0,443,8451.025305198702,BENIGN
102898.7075076507,11,17,4372.2970497199985,13568.860332436108,366.9355704192262,880.3089323559107,174357.46100913998,272.11226144816396,3594.3783530550895,4569.3857103158025,5067.828516344558,0,0,0,1,443,10206.086746659736,BENIGN
13835.434167971916,3,2,507.7914047533631,171.50789646354954,163.84480442603365,83.94642315374716,49098.51710974449,361.3908995768747,177.60145393076965,238.64512283539466,228.3444792624027,1,0,1,1,3389,658.9802052438106,Brute Force
55471.45752308422,10,9,2063.9313198972577,1453.3432958113874,213.3706417341759,176.73958764583455,63406.92624211191,342.5184923632704,15287.93552170345,12869.694320631525,20718.358098631077,0,0,0,1,9001,4660.785589284393,Botnet
1787.3405170478484,153,1,10585.727981871923,28.879927678994388,65.2799658748316,30.594613594187706,5938772.051720213,86161.53359202191,15.395508844801094,18.16559605286118,24.51883424700075,1,0,0,1,443,39.13618242394283,DDoS
3004.3338498013886,125,1,9874.4684658282,39.25195255343907,81.94074813621722,43.05078472407858,3299806.517520354,41939.41362686096,12.060992141480357,15.433847809699326,15.067388407634912,1,0,0,1,443,207.19183008190157,DDoS
8170.685165236513,9,16,2230.886512900152,15215.620302286512,242.1251697973794,870.1646420651906,2135256.2805155707,3059.7189212927333,236.04549220927845,251.82911820346257,337.4298219550485,1,0,0,1,443,21022.550481195696,BENIGN
11916.480536555659,14,12,5888.005515883071,8658.673323909596,428.4955460894954,732.239719465783,1220719.3890149414,2181.85226084505,489.64234401142835,579.5407770105186,684.6955386328216,0,0,0,1,8080,15140.209381279275,BENIGN
10300.385051044941,22,14,6746.145087135292,13275.823980336689,338.1960126972402,932.8113507004032,1943807.8254599634,3495.014974838044,299.7295438592994,388.2066079167306,429.8735071753248,0,0,0,1,443,14553.309695277747,BENIGN
31390.72287094437,14,11,3327.4752260941036,8729.80743596719,246.15653286939767,788.8934574539617,384103.37702741026,796.4136443363112,1537.8083880441825,1539.637601342999,1438.9642896653008,0,0,1,1,443,22337.44908954769,BENIGN
55309.250105811996,5,22,1469.9236254569998,16597.50170042237,302.1109919508049,772.4075587669736,326661.9108253072,488.1642753851546,2183.6699851755798,1943.177243965715,1804.1688980836154,0,0,1,1,443,19839.089066950804,BENIGN
36313.723426757606,9,11,3589.1282265376067,13027.459868073724,433.1263034379198,1283.2935421060315,457584.2553883492,550.7559708201966,1592.9508442225772,1398.026724841639,2219.3662298777085,0,0,1,0,8080,15489.88483112763,BENIGN
8220.256648517185,15,8,5530.267450390463,10274.838271406967,402.42855988457706,1235.423394172563,1922702.2217911459,2797.9661686291593,456.027283557861,405.63361649624295,435.15213574316897,0,0,0,0,443,2130.8738350248404,BENIGN
710.2609685444648,164,2,9874.540655155479,110.5703498925643,65.03710340062582,54.0868803092215,14058369.313902317,233716.91160248208,7.624869005523223,7.377409983588548,6.7277867585682545,1,0,0,0,80,464.2100258168034,DDoS
34888.77752116494,15,12,5474.718939039654,8754.04465381428,351.4402043708516,757.0442205947984,407832.1054448581,773.8878206214222,1095.6525434897712,1318.5549891838496,1091.748795960315,0,0,0,0,443,6940.883470246432,BENIGN
143062.76045014634,9,12,1921.4915577952079,6454.054096357145,211.82849819831603,543.157037261238,58544.55504562288,146.78872359182495,6392.915341085206,6930.299312323623,7223.001241949429,1,0,0,1,443,2212.9736812741194,BENIGN
60000.716028984396,11,4,1572.0660928730035,989.8197805031898,156.1371514278497,234.45507939319185,42697.58834442292,249.99701658150192,16543.371590870902,13545.968267728433,16727.40194257877,0,0,1,1,1337,2973.000322453783,Botnet
75705.90689289525,14,14,2842.58246094363,14819.282075441737,220.3806368185668,1108.7100161165613,233295.72633443846,369.85224996528916,2946.4912053775956,2885.173130428723,3524.0152164431224,1,0,0,1,443,2751.7540720158963,BENIGN
14.187325123687396,1,0,42.38374125878425,0.0,42.71584703113504,0.0,2987437.0883359574,70485.45030735803,48.75742674309757,53.30923558706957,57.87311099367859,1,1,0,0,19267,25.285353840856533,Port Scan
6474.167803195071,10,12,3362.466445290345,7702.525506732205,326.30873985559145,662.6728605245488,1709098.7271849609,3398.1201397255663,253.6697261956841,308.1156779151316,393.8393921001373,0,0,0,1,80,13115.191771370588,BENIGN
49803.24331531295,7,3,1270.6300952281981,594.8244264498024,191.5843148346155,181.10075426683272,37456.48671648722,200.79013602966114,13016.984984230676,13614.512706588477,19634.18678240788,1,0,0,1,6667,3088.9384283185673,Botnet
55661.44646011789,18,14,6457.981024454197,11018.85130476292,361.3650187313857,735.9369208574338,313984.51604629937,574.9042117137288,1547.8476986721978,2147.3004427286546,2297.929470829457,0,0,1,0,8080,22776.587521641726,BENIGN
3902.9314062758713,15,15,6594.936001767494,5790.278856376209,407.8713749836536,406.65291842624407,3173310.9216904026,7686.530168519059,108.20930309424732,109.96446770242551,89.4026141009425,0,0,1,1,80,19923.41611188476,BENIGN
185924.6571124549,16,14,6600.150431617738,8828.805616249572,419.99898956203015,606.8765041842748,82984.99127275648,161.35568281217678,4924.995929245094,6315.857839919438,6532.803078053942,1,0,0,1,443,19364.436217445815,BENIGN
16529.679450782816,7,15,3222.2510030062417,11426.20949859793,461.3111760269593,760.341986804454,886191.4440155975,1330.9393001543124,626.6506280680317,751.5426158116393,557.2557968860743,1,0,0,1,53,15218.423268868195,BENIGN
56119.31465343671,17,8,3233.348538472543,8316.706347208801,204.22236060247383,990.9887456827927,205812.47217661852,445.4794245864693,2022.5756514656905,1967.909754020296,2741.9029829130923,0,0,0,1,443,15083.594485763751,BENIGN
54946.40634117277,10,4,1736.5955281819265,755.5986645893304,161.8193644880547,180.08571345967798,45356.81873891343,254.7937332438325,15498.200471676388,13149.461215033582,15122.506357871393,0,0,0,1,8080,3771.4650020199424,Botnet
89006.24221712405,11,19,3981.53649183891,17819.97139786066,353.527435814767,949.7069744445224,244943.58313112948,337.055011566686,3317.89506427719,3111.8152390436057,4218.037852749594,0,0,1,1,80,5231.513841197694,BENIGN
3593.707045295367,150,2,10601.166128506604,48.15208910570005,68.5788346567683,22.613365487135717,2963323.966975454,42296.15772353728,16.116474038810544,19.320762585735967,14.611418139686938,1,0,0,0,443,226.2632115630125,DDoS
129.24285462123856,1,0,48.808660894596265,0.0,45.00411545309291,0.0,377650.74934034696,7737.371655327624,12.29280455918937,16.154944855112713,14.978442662482509,1,0,0,0,37142,37.5760855781937,Port Scan
37732.01271462897,12,20,3894.529507441366,4541.139129593085,302.97327045928114,252.2685896746098,223567.94748359348,848.0862190421497,1116.6991954694595,1140.8645874773247,1505.5838410557335,1,0,0,0,443,8340.423244740308,BENIGN
217208.90705334494,7,17,2598.934567068881,14193.325274004206,402.55883354395127,915.9311454799463,77309.25986819237,110.49270642527459,7466.09555674006,9816.523624933741,7283.277193551675,0,0,1,1,80,5498.237238368859,Port Scan
128.0669742994102,1,0,47.13532812201778,0.0,46.136763747738286,0.0,368052.1725438692,7808.414350932358,34.51575154352095,42.628550969974455,53.55873463472611,1,1,0,0,30150,16.23710587932077,Port Scan
67160.44694364544,10,11,1163.3564361295032,1462.6368424526183,128.66107870271944,133.72601205571934,39100.29486232576,312.6840418084348,16593.24987065802,14439.499278936351,16414.216374224015,0,0,1,1,9001,1958.4148154450604,Botnet
48432.081633292015,12,6,2846.928248769314,1716.0768956536378,243.83629434886373,260.48264410610483,94214.51629876591,371.6544776309361,15256.280280821098,17606.82490429,17199.323948943154,0,0,1,1,8080,2797.787136440151,Botnet
794.0645348897057,1,0,41.65781872707466,0.0,40.0,0.0,52461.50268234919,1259.3434866586738,42.2466098196442,55.21784325481442,35.29457452614983,1,1,0,1,58056,15.45304546538359,Port Scan
49143.2618075073,9,4,1348.663770316049,569.9797197711035,150.8667521862693,146.47356273859077,39041.84255417198,264.5327054382474,13690.380037168674,13726.468111837621,18461.39067874408,0,0,1,1,8080,7684.244591486933,Botnet
2306.9363557726206,6,15,1661.9113816241568,10870.282271322336,258.70712496323165,730.9062665374148,5432396.789615513,9102.981947227083,100.89340489917124,139.36334661408247,117.87573459530043,0,0,0,1,443,12945.411767348623,BENIGN
56873.74870825829,9,18,3787.6569416436155,16556.5999325076,418.1714894868252,874.9501123977382,357709.08962779783,474.7357192595166,2024.9156889743083,2001.2480609599804,2525.5780896790675,0,0,1,1,443,15721.329348961048,BENIGN
118553.15778136118,10,8,2670.196186425735,6165.955389363264,271.9467241817106,788.7815442894004,74533.24518006395,151.83062464853165,5384.191139507209,6738.596061623845,7718.432632506076,0,0,0,1,443,18265.827558301364,BENIGN
71705.03674122662,13,12,5865.794713635739,7131.150894362239,420.3756358228153,640.5151440145769,181255.68577423823,348.65054306047534,2544.9555808251157,3093.1005008673774,2649.4842034074763,0,1,1,1,443,10091.883512053186,Port Scan
56628.188477348354,8,7,3330.270997644815,5286.600560355788,460.9196721172587,764.2001311406992,152165.7639012664,264.8857468926469,2324.9381590881694,3237.6447887417726,2327.1219771619426,0,0,1,1,80,20813.617187601714,BENIGN
13612.64729789809,11,15,4238.741089973446,6902.308058433017,355.58758448856275,502.96827074414205,818433.6892447612,1909.9885151666736,678.57972573757,608.7619848322593,778.8312705152347,1,0,1,1,443,5365.3614313489525,BENIGN
74969.67874780597,7,7,1777.9575079747922,1626.5408267776274,244.2869756931304,247.50845683668484,45411.670312807015,186.74216341642946,14866.76498505544,17460.232600641597,13719.797572232656,0,0,1,1,1337,3967.1515813812894,Botnet
22261.97369426821,11,9,4512.086839054264,7388.939620416502,373.32958726116425,908.2492069637868,534589.9075666828,898.3929401169582,723.9291605903932,668.1749308241583,878.4979786622555,0,1,0,1,443,3357.591318402544,BENIGN
658.0774374144363,1,0,43.960564367783014,0.0,44.1140532854944,0.0,66801.50673529024,1519.5780057875343,30.54590137763553,33.59970744102154,28.101958374312883,1,1,0,0,57305,28.422654750289073,Port Scan
63696.267651511924,4,7,628.5129608555981,1424.7910892981904,164.17476968866276,193.8788399316912,32235.86131274758,172.6945770226601,15762.790611585893,15588.243613255894,13924.09681817728,0,0,0,1,6667,5218.822988322677,Botnet
119200.10122204605,11,14,3090.04692267342,18239.004016423318,297.276116991619,1196.5942758396864,178934.8391522333,209.7313655248495,4559.558737495376,5776.069921922824,5787.149653766947,1,0,1,1,22,16156.73613875122,BENIGN
14083.407019816568,23,7,7796.902681620419,4356.6077346336915,312.6868506317619,617.4756115221612,862966.6386232446,2130.1663693868545,423.28696338689116,390.05892582652666,535.2938865543562,0,0,1,1,443,11999.42999532562,BENIGN
1282.3175002460114,118,3,7407.888164597181,127.7785212899199,64.71275694827976,39.50082741959542,5876599.737928703,94360.40604357835,41.18755711264341,48.23933264674444,59.06968238847925,1,1,0,0,443,68.20401817966483,DDoS
23966.49266756654,12,9,3510.0128942296524,7981.157593124703,324.1400355280971,914.369892046577,479468.17445279204,876.2233294327189,851.2911465864953,1145.419454982784,1249.712818589496,0,0,1,1,443,546.3217952151182,BENIGN
11956.202580815707,14,14,4921.996284356034,2962.3730330894437,361.82935543684584,223.8099631477602,659437.5818034668,2341.8806942036367,406.7520160074135,504.9324240874184,363.3093178271955,1,0,1,1,8080,1418.8668350189405,BENIGN
1699.621931587621,161,1,8816.382789006131,49.945333150633765,51.66198415768025,45.82432516150483,5216647.277477001,95315.31512344949,42.710808617541524,46.794058929322034,41.81616945389557,1,0,0,0,443,326.0579427675862,DDoS
17922.502717556676,19,11,10621.041047219695,5126.682951955987,547.4907943011006,460.53617585523347,878656.527347009,1673.8733687350677,568.8990066209423,697.7377369052265,610.5984468695341,0,0,0,1,443,589.8072140918354,BENIGN
2082.1505408621347,4,3,444.87099115463496,362.98914168617085,120.80757545533258,111.64892914175698,387993.14314050676,3361.908691338707,237.56767979659614,194.16304998261842,231.0119233786644,1,0,1,1,22,2989.46847706128,Brute Force
59429.087633171766,8,5,1669.9528627237444,902.7048313193991,212.21114767653935,197.24157388854402,43289.53710215051,218.7480999244508,14640.695318499156,12644.35436751359,15081.490020788637,1,0,1,1,4444,2680.7861596368493,Botnet
2032.368682090128,131,1,8564.37387466174,34.71704055533563,60.02222892098819,32.65896940085244,4231068.403580004,64948.84573021889,8.104188313730432,7.300275810024593,9.69418904855948,1,1,0,0,443,186.0774397666032,DDoS
18659.223729933434,9,14,2769.6531035729818,8972.098220857812,319.3646311152899,618.8585153201093,629273.3017394762,1232.6343438984024,742.2285401596218,661.4820464879966,1170.1350369554964,0,0,1,0,443,14435.452386284496,BENIGN
75104.66342201519,7,4,1979.0300725581228,598.3020132250494,308.0542925045854,151.07042516934118,34316.53865887224,146.46227675891035,14992.478885913639,20700.13162083769,15182.270770790192,1,0,1,1,9001,4648.373720992697,Botnet
45618.16321547902,13,10,3430.628439676941,2589.3298891057666,248.79577121913562,238.01798007714373,131964.06660099883,504.18513983911805,15577.80075389082,15361.050226150443,15737.858444597672,0,0,1,1,6667,6261.201780576121,Botnet
77519.71205978222,11,6,2405.378704038814,1080.327373420388,208.10361869067822,169.63439802097628,44965.41569673362,219.29906017826556,14636.797315783759,17938.2678566529,14801.487360182702,0,0,1,1,1337,3797.5408036294834,Botnet
75670.19325411522,15,21,4841.8507016119,16666.923105411184,307.8039011030357,732.9634660869474,284243.67484819866,475.7487519439127,2566.7272720063525,2528.5546957289357,2245.894076708899,0,0,0,1,443,20555.45987519289,BENIGN
241.60656875808462,1,1,58.38379482751284,0.0,54.48927200727687,0.0,241648.2098463608,8277.920630554363,38.348688359815604,48.18756551847269,60.68321030039887,1,0,0,0,51123,33.94316998804274,Port Scan
108535.42407498363,12,11,2788.1695183406887,1165.3396891843593,251.73916558648307,113.24613639932625,36425.980192362775,211.91237972323248,3437.9458375374033,3775.9762475437446,3561.303373509603,0,0,0,1,443,19497.702369238945,BENIGN
17727.051893246746,11,20,4632.858044493951,12719.564053420345,390.11880906113925,660.9380122895882,978866.7739233524,1748.7397333004753,583.5929409559111,479.1459012190554,614.3109754274753,0,0,1,1,443,12458.120008090767,BENIGN
27418.873365030257,12,15,3218.5322110337393,15805.371801531404,281.58455637026407,1073.8384329109401,693825.1531818238,984.7231737258584,937.8784848643966,1248.941899653761,1311.2192174978868,0,0,1,0,8080,2554.0092521572124,BENIGN
4906.744942594493,6,2,896.1433159636363,185.13427704548567,143.07366633426844,89.72526470303325,220365.55917605635,1630.4087727392482,62.73397203384653,69.5504909542512,92.96417864254113,1,0,0,1,21,817.9214597485584,Brute Force
126811.60513586046,13,15,2321.0192834043582,7329.819301128537,167.28969708910202,527.3690294844373,76103.74913394879,220.7999809639032,4633.655904822422,5554.891075078805,4664.033708595738,0,0,1,1,8080,9189.333964007334,BENIGN
40542.867804057874,14,16,2415.783895623693,9500.883964744093,159.2418002246027,540.4333679667499,293927.6007301848,739.9575221217416,1337.218559747346,1447.7937465907432,2016.5808211874048,0,0,0,1,8080,23004.96926234675,BENIGN
98631.13203142777,10,14,3242.798542521768,9299.90727331323,346.883699683391,718.0062158729756,127167.81768091639,243.3308784527856,3888.9054440688237,4220.119261662917,4540.300637497429,0,0,1,1,443,5523.01328556506,BENIGN
206893.6046670455,17,15,9016.77626035399,8414.005809562928,498.8232717497798,582.7524918802362,84249.98007052141,154.66886978695015,7739.0568874601495,9180.379765738133,6479.2778287139345,0,0,1,1,80,7599.402235935458,BENIGN
15161.094974191572,12,9,5554.007382013391,9610.914052138578,440.47251092407464,1029.8037323111669,1000252.386781226,1385.124229862545,557.303531299767,706.5548764194828,639.6570368372369,0,0,0,1,443,13853.202596940599,BENIGN
107308.52235957501,17,17,8983.889940196503,14644.345139155743,486.5281122986243,794.3944402755185,220189.73479270845,316.8434272729152,2649.0988687242475,2152.899692285994,3164.621875663517,0,0,0,0,80,14120.430091069644,BENIGN
89124.27701682091,14,11,4876.2345442573105,12615.20684286382,357.4333743142413,1056.6703770495983,196258.99892371497,280.5071843138948,3568.5633154119214,4955.583297321148,2938.1305905084705,0,0,1,1,8080,19642.79522035438,BENIGN
2247.453664161789,124,2,8676.902541589949,128.54716364073522,68.28308459385748,60.0,3917967.1846604077,56063.44727333588,16.492188273851944,20.77936330521775,13.839467512586847,1,0,0,0,80,177.8342958287393,DDoS
19382.022028033916,13,12,2020.081807448989,8742.938268222326,147.57345867931596,806.5194834918893,555309.4543027459,1289.8551020033053,730.8488830910452,607.1443435847796,751.1108419310067,0,0,1,1,443,11542.044139862142,BENIGN
8842.373331063562,5,21,1710.3794136470387,12345.613748928416,333.6337387129589,621.6752168718956,1589617.7006230068,2940.387046163399,330.2750786701162,287.58949449881914,479.72237247878184,0,0,0,1,443,22838.269271249508,BENIGN
281.6765243665409,1,0,45.305757039293894,0.0,42.79509902326597,0.0,160843.2124089201,3550.1716099660366,10.160524559529904,10.635372760521768,12.959549923184797,1,1,0,0,35564,44.898272217075466,Port Scan
1638.5466469628439,157,0,9433.10562008594,0.0,65.63502187985765,45.6855907385833,5756995.46764252,95816.61913074616,1.0727480905300042,1.305028841583303,1.2116329050692838,1,0,0,0,80,249.8583101163117,DDoS
29581.250057326353,15,15,3027.6296565702482,8571.909996816003,187.50944968260433,607.5518182518971,392124.7287017003,1014.1559245083336,892.7003429233068,1043.1825704394269,1269.9079420049134,0,0,0,1,443,13562.476855015268,BENIGN
41476.06573968937,9,3,2073.1843580521536,472.1641353638157,225.95177528612948,166.15349228463853,61369.091981650236,289.32348779930044,14954.87604043233,20203.86551416205,13385.918659456387,0,0,1,1,9001,7823.748829661188,Botnet
2115.995512652915,8,4,611.1074691745546,393.51754823109627,77.49270694916416,107.11497485603762,474776.5349209598,5671.089531260434,92.77630382182801,103.81186571045446,102.64719806574394,1,0,1,1,21,797.3838643392274,Brute Force
29417.645516969387,9,22,4046.7926299404053,21334.611295393905,418.64103938255255,1023.8624796499671,862795.2196477861,1053.7892973833627,1065.4977537941313,1218.4227222840404,902.6571924351763,1,0,1,1,80,3295.8505690618717,BENIGN
4915.9990428143155,12,17,2922.450326083332,17441.873477044246,256.7454681777738,1030.8988019762455,4142458.862536595,5899.106111989407,143.69849917903082,155.37935146755322,141.17329252896076,0,0,0,0,80,18474.19883208436,BENIGN
477.6457755531246,1,0,37.276820902403244,0.0,40.0,0.0,78042.81501126193,2093.6016838879764,30.83954362326739,25.61502953839638,29.83065236155694,1,0,0,0,48322,49.66822902840707,BENIGN
24821.904651187124,13,16,5072.561689715295,19416.20354646497,357.0210650082773,1176.800403731714,986578.8133631024,1168.322915083515,770.5513317106066,827.2080769923848,1022.4128908041273,0,0,0,1,443,4051.658549413235,BENIGN
33343.592951212886,6,18,1386.7554124192213,10565.82709023207,248.15408457703404,635.7027523405451,358467.1430022514,719.7784604411382,1289.0098001365163,1473.4880005646119,1670.9515140236017,1,0,0,1,80,16298.453495722806,BENIGN
62971.46643729541,11,22,3338.8550217249963,22355.11860213912,313.06532732152965,955.68317814945,408025.6515774362,524.0468718139214,1901.6974534625072,2378.1157127051747,1883.6967304715213,0,0,1,1,80,5574.9004021805085,BENIGN
46804.31943964884,8,9,1791.8345361344436,1437.0492968100525,233.3309948427343,177.04061303064358,68986.8771002628,363.2143401191936,16560.734679689678,21937.596802825825,22804.198590797336,0,0,1,1,4444,7631.206058220482,Botnet
49165.19232840336,8,11,1582.705262199275,1674.4571197038372,209.04820716004178,165.7467554079965,66249.35706844387,386.4522663328107,14256.925592034584,12884.628295422764,11631.047104814743,0,0,1,1,1337,4352.668182892581,Botnet
26381.682583221962,20,7,6813.845659989405,4174.87979352857,322.68876577121233,547.1178827530687,416528.6053629691,1023.4373760971285,965.7074219900647,1245.6293911101473,1027.961713312948,0,0,1,0,53,19414.57121818226,BENIGN
24153.8067640071,14,16,5324.81572544446,14004.791269321036,355.0668883081154,912.3696082541226,800271.6583610993,1242.0402420667137,838.9032024879159,1136.4306263929197,1236.002605086479,0,0,0,1,53,3650.7805736467303,BENIGN
219.4952509485977,1,0,41.476067092734596,0.0,40.0,0.0,188961.11379852876,4555.9072265950035,28.85416555390638,31.295238739787802,34.892623185874,1,0,0,0,35720,16.304986513747323,Port Scan
81102.69007953531,14,16,1724.0965981226163,8873.488657714934,134.42384878294206,608.1534113070308,130668.7268380959,369.9014172104498,3288.7574605158343,4213.186016612042,4906.69700408721,0,0,0,1,80,16205.551253318516,BENIGN
1474.994303685819,146,2,7785.117178611112,84.96858928762964,56.259498888079335,43.09112104169263,5335671.973940794,100339.37055225721,10.78675598570324,11.620694062881315,16.396960073994297,1,0,0,1,443,289.4537465877996,DDoS
14528.261795823342,14,20,6607.163842771267,17889.542955077162,520.811336990008,823.0733539117928,1686141.6143320645,2340.266198243653,471.2063061990695,639.610158850179,377.7675854959536,0,0,1,0,443,16827.412676087195,BENIGN
82117.4081567327,15,11,4388.2491762825985,7643.280247011314,277.7008271889026,750.0798054136624,146516.18570729892,316.6198323061454,2686.5764434227754,3382.3364883268932,2309.392498353036,1,0,0,1,443,19709.14363470659,BENIGN
14005.176373658449,11,16,2968.6793688247494,7806.424237584594,274.6709050032488,454.10967528316417,769365.7915423067,1927.8586202443537,453.83739614774026,431.0706625673955,468.96716593058596,0,0,0,1,443,24802.708857881513,BENIGN
156694.66274912606,17,17,6218.8427760975865,12342.910160145742,355.01203723431655,740.9696770232895,118458.10578731312,216.98250217006597,3665.1400202233667,4933.5099448522515,4824.022218714072,0,0,1,1,443,20849.704906488936,BENIGN
98171.01406324039,10,17,3511.1059490242324,15157.283641612794,350.68695241108117,832.1311849914638,190161.93087922176,275.03026486623617,2692.764914486168,3080.647468564951,3467.2646117101635,1,0,0,1,443,19796.94079098167,BENIGN
48514.4190790862,11,6,2245.936636425114,1061.7097380425366,210.20954433812233,186.87565305548765,68178.62477288788,350.4112864319225,15513.95451467825,17214.77480186836,22781.782089528588,0,0,1,1,8080,1921.799093147812,Botnet
74893.53888949206,30,12,12344.76460891293,4283.130657775165,451.00068037340634,358.0034954785724,222020.42410124475,560.7960395885741,1677.339959078332,2326.46079981026,1672.8415009013179,0,0,1,1,443,11955.597087475599,BENIGN
7763.930315335374,15,24,7281.357222482753,18137.79968750671,467.56048994600997,750.5056583672413,3274006.3186529833,5023.229011080497,240.91246014640268,207.10362440779463,321.82071974420285,0,0,1,1,443,12683.965420745195,BENIGN
26295.130845164134,17,10,3409.374512842403,8610.593094041387,187.83607648186057,888.9679234892528,457117.6191387673,1026.8060713972638,1358.6578387709392,1474.3312082321272,1933.6067986204014,0,0,0,1,53,10972.785223100604,BENIGN
12723.447039515095,16,19,6848.379553344181,15238.007343363784,412.4735739236676,830.9833322302193,1735880.7584229708,2750.826870367819,321.05298613931706,366.81980265019973,300.2192990774506,0,0,0,1,53,1967.8701682627675,BENIGN
14146.739479203974,9,26,2295.1665295297234,11445.752117848106,239.51872120308076,414.59090410724457,971313.4724490608,2474.06832164053,462.04665437108457,553.0801335415396,526.590637495267,1,0,1,1,80,4993.44637305015,BENIGN
118797.81664298168,9,7,2036.637401049393,5555.190289843127,211.82563586912076,722.0836352739486,63905.44797391298,134.68260993452563,5100.134793444542,6997.515172124778,6229.135237512117,0,0,1,1,443,3331.7239503775772,BENIGN
8269.363365613477,4,2,556.8654407761371,157.0380185947061,132.26599525815016,76.69397751518731,86331.12705380325,725.5697609020086,314.95395614677363,273.5851628347152,387.59755304098127,1,0,0,1,21,1926.6800733416887,Brute Force
73125.65427585348,12,8,2999.488357262821,1369.0533874442963,231.30956185457788,170.8471480517001,59740.207290694096,273.50182638439816,14865.419027218715,17179.85472537915,16201.194781078319,0,0,1,1,9001,4394.495748809126,Botnet
108395.53598416189,13,24,5984.276327172657,16549.662552409078,439.09963130313696,708.9184474930386,207886.22589471083,341.3424700940288,2967.0181067269673,3405.340199088256,4280.7021405969,0,0,0,0,443,7437.4055708353435,BENIGN
9556.470667099662,14,14,7222.4089292420895,4869.957568848025,509.1552850794859,382.8633188601438,1265359.0346612853,2929.9519640024023,347.8615690243754,433.6007835949029,393.9026037214673,1,0,1,1,80,5685.148350147202,BENIGN
26220.748009740062,13,16,3860.2809522209736,13994.721791729997,292.6119911605615,926.1097124870225,680949.4045447706,1105.9943823581061,743.1559378055683,882.640149822012,654.059176486234,1,0,0,1,80,4291.810599132956,BENIGN
1482.0077601255334,119,1,7074.04947900905,39.615408748452026,62.026888192712136,36.417905958320645,4800018.649804465,80971.23593322844,4.240016500056019,4.8911581599103515,6.061205860071978,1,0,0,1,80,351.5854072545044,DDoS
132792.66795461954,19,25,5435.352939725759,22848.35348016004,310.8074517183097,833.9969217029734,212991.47652904643,331.3435950773768,2603.394986300176,3534.0781316326666,2669.041216956471,0,0,0,1,443,6072.135442385787,BENIGN
12202.89526112292,8,13,2165.4824187898407,8745.352181221595,267.23005227035367,636.5809908542259,894118.5158551801,1720.9030767398035,405.28759829072555,552.3110746907178,393.75830331911476,1,0,0,1,53,1173.521986886261,BENIGN
1306.3868617306227,165,3,9844.84274730945,120.15109864341254,61.36239410311708,38.31139252798533,7627904.212655537,128598.96629505574,5.00730992249172,6.146755454212755,4.011435234717464,1,0,0,0,443,20.235631813343883,DDoS
36519.99603382259,10,14,3816.1438798487925,14890.177372257724,398.1780035806624,983.139502148921,512221.3385451045,657.1742225210722,1375.357722534614,1487.2024555395992,1944.0383675623125,0,0,0,1,80,7134.76764735504,BENIGN
20584.77608481584,11,16,4892.549799598459,11198.637137327578,461.64813544207357,693.4043565302625,781703.2777342447,1311.648953029724,456.07359203147865,376.84654965053164,434.3058244956659,0,0,1,0,443,13759.899431419277,BENIGN
37254.52887582122,10,24,4011.5366971466988,10179.211353563636,403.57316093267644,400.3096352260126,380913.36755355826,912.6407184836671,1087.0001089322036,988.4145923362837,1724.2660187067015,0,0,0,1,22,19270.525563740382,BENIGN
11816.927017234999,20,21,7360.03895602716,19891.03616845335,344.8048379151703,885.0601851269157,2306105.0546165504,3469.5991555335377,295.2456403590714,305.9529129672553,336.24773589587573,0,0,1,1,443,2250.8085580754396,BENIGN
26534.954062516725,15,13,4468.26642343089,8797.30663678119,330.3491201044736,632.4329222429669,499928.24668014137,1055.2119266546158,782.4310596161828,858.2704829891615,1244.012883847298,0,0,1,1,80,19232.820476460456,BENIGN
9642.603384275119,6,2,789.3283103975562,197.45216603430532,121.54207827610253,102.92859095049691,102335.48317885549,829.6514624926056,52.27902998243926,66.3601856382375,68.86278904348558,1,0,1,1,22,2214.239035632601,Brute Force
58633.732357728266,7,5,1387.7761272361813,1053.1638773500345,217.5777967674493,223.71896758319025,41630.3023265495,204.6603468253941,16823.71162969669,17830.57564048687,20313.43160906051,0,0,0,1,6667,5495.271628093414,Botnet
36525.78047924503,10,24,4157.416789265901,9178.457523141551,456.4060623127044,356.9292713607895,365108.538063554,930.8493769029726,868.6002164864443,757.2585984845575,1109.3815180989661,0,0,0,1,443,6191.569731098249,BENIGN
66870.95549310782,12,9,2312.883324069389,1537.0729583695017,202.88034620255635,167.39382864406693,57572.92166754958,314.0376841506984,16103.812116976182,18704.59489135543,18085.376353954587,1,0,0,1,8080,4568.839607281407,Botnet
7730.679882954033,12,13,5244.386836660101,10257.360619024206,483.657249126579,728.2981209556478,2005224.3386594362,3233.868220972959,376.892992952887,409.96412542096255,570.8373849109,1,0,1,1,443,22599.533506792104,BENIGN
73294.78626361319,10,6,1322.2550873483815,1065.5869884771716,142.09645853885783,167.94377913417543,32578.60753202012,218.2965639937082,14093.239047631896,16686.375043205808,20338.415482450753,0,0,1,1,8080,5266.818979033314,Botnet
23105.04232915714,13,14,5757.284442820141,11391.435089855257,435.6153188742308,857.0509036551257,742206.80007302,1168.5760889486735,679.356694439708,945.4360459278809,785.4239204200345,1,0,0,1,443,20744.430732287725,Port Scan
47799.466501161274,17,14,7077.931744870947,9162.26047137702,432.63578363544747,660.7886026110034,339756.7672821917,648.5428032810129,1568.0462712491412,1276.7482306429065,1947.1505343709443,0,0,0,1,443,13012.188387376189,BENIGN
24815.80213216173,7,16,2431.0954804564576,9169.873383182541,377.77715181630026,539.0904467199067,467483.13038021576,926.8287955194317,754.364956239299,766.3206206409808,669.0858188730125,0,0,0,1,443,15808.460763807929,BENIGN
14063.330930606458,12,31,4305.478405284106,41137.34383854496,333.9811860886287,1259.9162312862836,3231298.6495205387,3057.5971092607783,359.4052897635965,370.46635669935364,523.3682284586879,0,0,1,1,443,1188.2664647782094,BENIGN
32308.514902841736,14,12,4447.040383989622,9479.487906882494,348.8051877595538,791.2923859554556,431048.2339640808,804.7414150166691,1168.0864405057991,1577.3697061299963,1163.7984047949824,1,0,0,0,53,5077.749083023424,BENIGN
181802.49000900472,10,24,3633.8944829982565,6129.30007358518,335.7441312562528,242.40669225912097,53702.204827336864,187.01614041873668,6254.212544765766,6212.527622852253,8134.187517170629,0,0,1,1,443,20621.432196896894,BENIGN
16371.139886631507,14,29,4736.627473673473,16848.304898348197,310.69211353925596,600.3027953382352,1318474.6157869978,2626.573366165744,438.76484108244836,526.0438391637852,556.9721489673052,0,0,0,1,80,4554.604481532515,BENIGN
21551.601489718276,14,9,6142.53943442611,6209.240327767309,428.8450005006642,679.6176419535736,573125.8425544914,1067.2060733385738,761.2182173195889,960.2107602638569,1022.3540412884846,0,0,0,1,443,5957.414342663264,BENIGN
48647.07234823535,11,15,2035.9087414039097,11945.15426296357,173.5031196535525,853.5497643421768,287397.8294990785,534.4617619305335,1612.8341465506214,1978.768167805632,2417.054450412866,0,0,1,1,22,19458.361763179237,BENIGN
104409.5847440174,11,19,3460.0820022383145,11589.03358573993,319.4481025289451,635.5459500737808,144135.3839771932,287.32994268247944,2910.6092174375135,2710.3543504389486,2635.0643090522294,0,0,0,1,53,21208.058115406326,BENIGN
439.80817800499193,2,0,99.54062494746138,0.0,54.72015800851104,0.0,226327.3625310614,4547.437041921717,37.3401568495488,48.6097714455031,30.312416234098976,1,0,0,1,35154,31.58786209976398,Port Scan
16304.107019188848,13,17,4344.689860718283,13115.951454288332,313.46268162129957,714.0632330529343,1070935.1511528108,1840.0271762625205,557.4233262040462,455.7356717626897,712.791303746469,0,0,0,1,8080,6208.3049828296225,BENIGN
26420.908731495696,11,16,5533.340712983519,14127.744090833967,488.6291424553325,887.4928904380088,744148.6969136683,1021.9179163892263,1077.9494289824856,1386.3023691055487,1346.2170605088506,0,0,1,1,80,3209.5600017232023,BENIGN
502.5816727536942,1,0,44.1087313836966,0.0,47.68948888099803,0.0,87764.3053357289,1989.7263553621087,49.19443117770301,39.98385590935401,55.01795030146691,1,1,0,0,33291,41.745996970594405,Port Scan
6831.376440275727,8,3,940.8411745598657,170.68411484635115,109.74466257507518,61.6812856487468,162708.8331500809,1610.2172228640968,230.72829069133178,309.6178489895713,295.8100209913022,1,0,1,1,21,1877.166918937748,Brute Force
573.7512709970704,10,16,4581.46191791518,13521.10737268445,465.84519433701877,867.757378443045,31551249.131249532,45315.803753805994,19.475438862075816,23.06072439038639,18.06381141450731,1,0,1,0,80,24108.19440568233,BENIGN
13407.008154364392,5,3,560.2890575537024,132.2969268105533,108.48217875459208,41.71002983140263,51658.50399955173,596.7028518137922,388.98350716469673,342.8737882445747,317.3069043916173,1,0,0,1,21,466.2161866600221,Brute Force
78158.74232724977,13,11,4577.891033873352,8183.7638315817685,337.33554457164286,678.8027514994881,163278.66193166486,307.06737705057066,2968.725607575629,3918.4571659613225,2694.3906291255516,0,0,0,0,80,15902.51323385272,BENIGN
1187.122956999644,148,3,10275.238190495333,134.75652236449213,70.43630709972868,45.1083729897169,8769095.611772377,127198.28144983409,2.31481132829576,2.6497432236308027,2.3429227406838895,1,0,0,0,443,84.00134370278941,DDoS
266.2679914565554,1,0,40.667622339829734,0.0,40.0,0.0,152731.9228922982,3755.614764394845,37.198618543174696,45.709014157653144,59.192987231747125,1,0,0,0,21450,35.19244477647907,Port Scan
28362.807634906145,11,20,4588.822515211493,10632.3923829708,413.0720845415884,532.261530372547,536661.0772147087,1092.9806526575408,942.9547510227433,924.9139252495526,1144.271637888745,0,0,1,1,443,15573.078927643513,BENIGN
106677.18134713211,14,13,5555.478739207819,12607.207540947014,408.7164972864505,1028.7666489397666,170258.40063258397,253.10005062976725,3167.8400551388963,3380.102530829255,4226.961515679491,0,0,0,1,443,13288.49752126804,BENIGN
17362.58597987236,14,27,5751.496699770543,20973.248810886067,454.3227688893244,776.0331784519093,1539214.5813784518,2361.3993933581896,435.962501124479,601.9192181372368,389.9189448024154,0,0,0,0,80,9044.969048967661,BENIGN
40313.87342871153,9,8,1563.0747110985042,1415.9587353943334,180.86697897745438,172.89558361001127,73895.98649608227,421.6910595321908,15045.449005563061,15055.911843438642,19151.673415308484,0,0,1,1,9001,4710.982623549986,Botnet
53587.769152431734,7,6,1846.6320249023393,877.530886909267,265.9774525759133,153.5222718474949,50835.534953184135,242.59267003672383,13749.912777284157,11593.748173836475,16460.62217002487,0,0,1,1,9001,1149.0623242610625,Botnet
244.6811821142351,145,1,10093.551552618543,30.828858759723047,68.48354812297491,32.58192467450983,41377846.56709507,596694.8448525826,22.23616740302593,26.164262284572832,33.81144671513645,1,0,0,0,443,472.544441992613,DDoS
146.65712617390133,1,0,43.896224167398664,0.0,46.74663714980777,0.0,299311.90738967515,6818.625361676813,43.79885065304457,40.12888642641394,59.7355489586189,1,0,0,0,64375,9.280974784472207,Port Scan
2132.1721910063034,173,1,9882.355682457368,48.52872643770372,57.2012749657827,49.242116754360524,4657637.150875734,81606.91745908133,2.6210298417923004,3.2600491093558066,2.4674874717351187,1,0,1,0,53,465.96830538992924,DDoS
10.751137708992562,1,0,54.392878745106344,0.0,50.26840013708603,0.0,5059267.234537473,93013.41188882466,26.362229096614673,27.99954685642267,39.24896281699333,1,1,0,0,59095,19.239029688138622,Port Scan
2053.896887324108,6,3,730.4588787836057,208.067782596282,128.02010057223228,74.28093657659399,456949.25931877457,4381.91423120833,252.33296187424256,332.92090047442446,302.7966863128477,1,0,0,1,3389,2680.367944760119,Brute Force
1561.13271881136,157,3,10712.180181659642,114.59137097574123,67.95589971264914,37.82147051890249,6935202.511724206,102489.68461939823,36.228463594193194,34.74139562068769,55.23812485683371,1,0,0,0,443,231.10805795078144,DDoS
26819.127970521356,14,17,3099.4424940935814,8990.304307824108,244.3413425573467,580.3201786918696,450788.2141136846,1155.8914232436682,865.0477167853064,944.9504757397941,1318.7560013694288,1,0,0,1,80,11260.477851491185,BENIGN
43583.90018772401,20,19,7176.594343560985,15275.624943846084,375.4883874893189,825.9343974961313,515149.3829304207,894.8258377983547,912.0766637187764,947.8037583010025,1206.7857216570974,0,0,0,1,443,18206.016603540695,BENIGN
69409.74089336721,11,3,2259.0294623936647,256.3888128884262,207.96119649987176,92.64895251441585,36240.13348712074,201.7007961679027,13374.471490760552,16257.526359641894,12505.693905556665,0,0,1,1,9001,2813.345106412146,Botnet
318269.86675957136,9,13,3039.2670140297773,10235.442904774534,351.3827753070922,739.3290013560965,41708.97500903642,69.1237289410729,14976.087965571956,12004.802634412992,18212.881988539113,0,0,0,1,443,21164.21605014742,BENIGN
33920.63606271982,11,15,3074.5446618135434,11391.99962318634,304.21929362818213,740.68429072972,426482.10541367804,766.4950607625861,877.3436475417566,1214.2879515414884,1143.3051582288704,0,0,1,1,80,11004.006719523102,BENIGN
52946.07304213506,16,5,3001.0074253030157,861.9950405940349,173.45021458849465,175.5030250450957,72961.07612783353,396.62998204395575,13407.483841311803,16127.980007089367,13924.209574988581,1,0,1,1,8080,6909.328533172164,Botnet
13997.844853827655,11,12,4272.995888795855,7715.020812705846,401.64228042166286,696.7132459370541,856418.7435056207,1643.1100816002215,622.752348356285,619.3902508355694,926.3693142111074,0,0,0,1,80,7623.805830024363,BENIGN
1128.6727126155974,10,18,3416.419745589174,12470.809170115674,324.20060490812807,638.8363915345578,14076028.186140537,24807.90018845456,37.96005381893029,45.32959297067565,43.05831555476313,0,0,0,0,443,12042.732854455608,BENIGN
452.0036631967525,1,1,47.92145305849617,0.0,43.632542705135606,0.0,106020.05461543452,4424.74290109773,40.60656597439101,56.28067085459558,54.18871939085916,1,1,0,0,18144,30.88106728304153,Port Scan
3592.096686382041,14,13,5118.200266267518,8315.748651915006,376.18812637143543,661.592227628102,3739862.840861668,7516.50146343761,120.63998982720112,162.85131542727532,98.07330179753723,0,0,0,1,443,5675.082687308009,BENIGN
51414.949870605655,17,12,5776.537789681054,5152.8208237215385,344.5535047873714,393.3600556642303,212571.60885906062,564.0382821141199,1658.9042130918606,1649.4012594429682,2061.31908941773,0,0,1,1,80,10791.298150389968,BENIGN
860.2758311235648,1,0,39.095733569757265,0.0,42.974080992270444,0.0,45445.579377368085,1162.4178708983934,5.641530741523473,6.20222726194164,6.0617299862982605,1,1,0,0,49271,25.495376151472065,Port Scan
73873.96045551039,11,5,3538.9610480283504,951.5407738712506,331.742387061092,196.86776268973813,60785.99000528673,216.58511201163756,14812.853483524836,15489.722183003532,11881.665250215061,0,0,0,1,9001,7516.189243397142,Botnet
10355.435790449188,13,15,5952.705963838905,13590.142868863879,444.5733657992974,891.1734629197977,1887206.7992278163,2703.893932288623,365.84755918118447,350.70816799690465,496.81320817516126,0,0,0,1,80,6354.5164707195145,BENIGN
51915.18405878886,7,12,1526.1027544393398,2065.2386739750173,238.78687237919362,175.8945975088339,69177.09131778315,365.9815590460849,13782.594886597808,18205.717372107618,17877.7464836967,0,0,1,1,9001,7240.168820072054,Botnet
19.353511429349968,1,0,38.89482896510965,0.0,40.0,0.0,2009703.9809594916,51670.21001075189,48.21709763041075,47.886113205315745,75.37767114577262,1,0,0,0,29959,35.867287648834775,BENIGN
62517.64640324592,11,18,3686.6017547281267,18252.871285742356,367.49366688747335,950.6494506648539,350932.48550910555,463.8690300806704,1490.69667849415,1276.8703594153565,1827.5690245766853,0,0,0,1,443,4450.348671203653,BENIGN
45701.14257467868,12,19,3005.8952127781886,14532.444803123877,233.26348791749564,811.0765396986559,383761.52165655955,678.3200211973684,1658.1600503815566,1995.9672922150867,2078.1345956462633,0,0,1,1,53,17188.698103379105,BENIGN
19187.24599087829,13,17,4058.4907793698735,13889.830138879566,328.97375364111303,881.5972269564777,935429.760309643,1563.5386138407848,520.1470942225001,506.301480203007,482.20118656978025,0,0,1,1,443,1670.5845720929317,BENIGN
35215.56492050485,12,14,4432.6875854330465,9218.30855546939,377.31852140913213,649.4972341935463,387640.98124559456,738.3098938975439,999.0138588713281,884.6007456025417,1409.3892978747026,0,0,0,1,80,11501.723373326207,BENIGN
56436.93064415086,14,9,5850.264091874506,7477.90785554645,384.94846076126726,761.2889160853557,236160.46789394796,407.5345653543922,2124.939495365647,1718.9542178771817,2842.9464153833783,0,0,1,1,443,20061.073455614605,BENIGN
115936.44347726482,19,19,8426.73143052667,11681.57573217792,465.51290855099455,583.8747302796287,173442.50487248934,327.7657901197548,3583.220098049372,4305.740026332419,5337.3345533633,0,0,0,1,80,8015.673194203609,BENIGN
2916.9885269475094,130,4,9185.34244192747,168.97865499053802,65.96498761926682,46.665623547644614,3206841.922928941,45937.78781167325,42.64897143782668,51.09355865347336,38.174019606237685,1,0,0,0,53,267.96887537128475,DDoS
116.8916365026556,1,1,38.81938136988554,0.0,40.0,0.0,332097.16735383053,17109.863971786923,46.69587637028556,46.6737168246929,47.815833769636285,1,0,0,0,28861,7.523469250038523,Port Scan
115125.22024875853,9,16,2765.869722402362,9104.474589474576,317.82354783375,570.08866574196,103108.11381057872,217.1548505703692,3461.405045185272,3011.1823011436218,2897.6239032919907,0,0,0,1,80,16854.625270618315,BENIGN
41324.580570653394,5,14,1647.207929310867,10197.543136207563,319.1593276156988,767.3385115925281,286627.2543351588,459.7747814406816,2351.0221895359505,2178.387696446141,3286.651887761155,0,0,0,1,443,12290.034241946516,BENIGN
167722.07605449867,12,22,4718.154620814474,17694.285852732257,429.0502398084398,748.9975361893084,133628.44653952506,202.71630783387292,3861.0335294439597,3803.714279584234,6087.155763593637,0,0,0,1,80,10699.72448967273,BENIGN
573.6135450176727,1,0,52.602856335782725,0.0,48.53491364479284,0.0,91704.34832420504,1743.334007165383,36.448636960805246,45.738192533452064,52.85086426971208,1,0,0,0,54096,27.142247700931854,Port Scan
443.1650923147855,127,0,7090.277175401148,0.0,61.44185611341938,48.38465769959403,15999177.95502909,286574.91802127403,26.16946837780415,33.30991262458995,38.496560350452555,1,0,0,0,443,370.55940178800506,DDoS
8903.201368949061,4,1,536.5135566149883,58.14992915291046,123.73569668587967,63.07613497526789,66792.0965869486,561.5957443620308,118.52320749096992,129.015498321114,187.6209626612145,1,0,0,1,80,1350.190640873594,BENIGN
60792.44383601754,11,3,2465.7158163905538,504.7278351267304,222.08804162018578,153.07207129286778,48862.053638274585,230.29177832961958,14890.614012724638,13720.543436899707,20807.57798074353,0,0,1,1,4444,4257.412486931244,Botnet
15297.167317694846,8,5,1454.7163978478977,394.13855337025313,167.08017179962224,81.18751210873415,120862.56970462146,849.8305424797426,90.44916613097817,107.25643484486936,143.37656142204364,1,0,1,1,80,583.5014830513433,Brute Force
45015.52171824267,4,15,1649.8781443034786,12658.164181555007,433.3217937779919,775.7061158045105,317846.8621426664,422.07663656378764,2224.4249014785973,2995.214357933147,2421.733677261839,0,0,1,1,443,3300.8405843780342,BENIGN
20670.208053626782,10,15,4358.522743534387,12574.891410395641,450.169830640418,796.7834396946105,819218.3702262688,1209.4701676509499,734.5140655555629,808.8685976389298,804.2391926711281,0,0,0,1,443,9367.55597675776,BENIGN
15495.36511631136,18,20,7579.769635928029,16065.73702021154,420.78321285343577,731.7128156190485,1525972.862120485,2452.3462154498634,501.86149276356485,555.0361769045238,535.2169110206603,0,0,0,1,443,10949.826735767438,BENIGN
91696.39952613649,11,19,3701.0038588355574,12300.594387709702,356.11772296590823,667.9766512088866,174506.2873704684,327.16660801331693,3199.571336801762,4374.462587392026,4012.9370552111636,0,0,1,1,80,24807.868264013232,BENIGN
6540.561221979644,4,1,525.4218519652885,83.29012550178713,131.9202787364045,90.13763087494095,93067.23946279883,764.4603926643837,367.51583105895594,467.9694346312456,550.8400846847738,1,0,1,1,21,501.0159783904732,Brute Force
23699.419266360946,11,15,5976.396163996385,10753.101049444602,519.8073366275922,743.6068618239129,705903.2554939819,1097.0732956695065,797.4864383424658,1091.7951747258069,685.3340981514682,0,0,1,1,8080,12986.200918314333,BENIGN
4166.432175707927,3,4,346.46259485626234,515.8376056948338,122.25135469171352,117.81646252778908,206963.69559996043,1680.0945520757496,101.0170530959035,135.6119429519583,124.84353622332326,1,0,0,1,22,1576.6571721630817,Brute Force
8719.617102623724,18,20,4013.5599905321374,13928.31000775625,246.1920561201896,744.9605266862234,2057644.2505588573,4357.9895255453175,227.97775234674864,266.08324024850003,321.40095439219,0,0,0,0,443,3817.360908554883,BENIGN
47461.95545807835,17,19,6321.259330362242,11539.485177417422,352.6227258439208,652.033045063095,376317.08039411687,758.502249908301,1015.8224806127803,1126.5434627550508,1333.1402701162324,0,0,1,1,443,24247.571071144557,BENIGN
1576.5194562392896,4,2,566.0592191433601,171.92782375860625,147.31787952969142,81.03963511161133,468111.59861128416,3805.8521740751034,340.3197285541231,297.01830671069416,518.9746712744198,1,1,1,1,21,1953.968068293899,Brute Force
18373.384792114815,13,13,5753.389939528976,12471.14463312348,442.67152770361986,938.9201042124694,991898.5956509092,1415.0903763338288,612.7412336132336,815.2016124731402,556.6646508313858,0,0,0,1,53,24776.145687181906,BENIGN
10955.37737533681,13,22,6181.279910352891,18632.651685716413,465.2455658704845,789.6890822544513,2265000.168039071,3194.778125926855,269.8072646687952,294.9939754247345,235.4562575183398,0,0,1,1,80,8323.038167886552,BENIGN
75483.84470182277,17,20,8914.02669825129,7910.22333488166,479.73383209029555,401.168437269575,222885.4412436504,490.1711107344606,2144.3225015472044,2732.372329363225,2345.3123409781515,0,0,0,1,443,13704.996746984652,BENIGN
541.4619055428382,1,0,43.09116833977351,0.0,41.17647686579718,0.0,79583.01017792345,1846.8519941351337,14.991349231129375,20.70394700718324,14.681486793805348,1,0,0,0,26507,3.9926764173641214,Port Scan
43941.90788535688,14,16,4792.042282948613,14340.07681963925,374.51016247148164,985.1479644831632,435395.73093874275,682.7195596119564,1078.084709746713,1286.6885211920269,1449.253383375631,0,0,1,1,80,11995.064216893126,BENIGN
22058.26261814744,20,12,6782.969984868265,7742.694422410477,308.6294364128327,642.8678853352656,658513.5311304348,1450.7035551237586,910.6041653970445,1038.5344942628947,1096.0311551072182,0,0,1,1,443,21851.138199881912,BENIGN
201209.8602680071,13,13,4002.0981955623593,9278.71216314614,320.4554825280115,715.5964677211728,66004.76905564545,129.21831944701208,5870.420303861871,6037.293110201059,6815.737456082124,0,0,1,1,443,15222.850879477137,BENIGN
21476.49381174768,11,11,2699.9996553639185,9854.523637945458,265.4100491730052,982.5098873141155,584570.4333005245,1024.3757753402913,1169.524271631869,1570.1398323000644,1328.5773683744658,0,1,0,1,80,8131.957749661116,BENIGN
5380.397886471227,5,1,591.6396008193248,87.84979599306875,110.39321958992159,95.51433551383795,126289.80442523396,1115.1591623152508,345.8498137090742,455.006560663271,287.6268018466209,1,1,1,1,22,1993.0614722373036,Brute Force
397.3672195977979,101,1,7459.462850603492,52.033281825017426,71.75634264306898,52.47031798201549,18903160.004067272,256689.51782998373,4.961277680746411,6.298287072485512,6.121061887867601,1,1,0,0,443,286.61985030673503,DDoS
100165.87307297006,11,12,4417.750912118972,2563.7735905791974,380.3068875997446,224.1200013070155,69699.6321053597,229.61912370338626,2786.826637553861,3091.8061624372326,3651.2910704679666,0,0,0,0,53,8555.763491524414,BENIGN
101417.75856652705,15,26,8095.6064665529575,16877.379077620546,493.2966862601229,706.0793839094979,246238.78398763828,404.2684494264899,1949.8476421051755,2540.40962160333,1648.3784203795374,0,0,0,0,8080,4674.177141045849,BENIGN
16043.520418292776,10,13,3424.6558006992163,11311.691510664621,355.46599711347557,891.2323696570231,918523.2995721748,1433.6005689733452,711.4089881998475,711.0758050933305,744.9318515477269,0,0,1,1,443,3887.529855391747,BENIGN
232.69769222591046,178,0,17224.232264696573,0.0,90.10182014725511,44.53547518035974,74019781.20167488,764940.9768412822,35.18919767799533,47.60438138457121,54.54372448964368,1,0,0,0,80,296.99424684197766,DDoS
26053.18854719522,12,19,5070.685128143622,16664.698356949204,416.6883258037369,858.0850307710006,834269.6114035827,1189.873552093006,778.2539868917994,919.3902756066055,784.6562798505249,0,0,0,1,22,1017.8141574444185,BENIGN
23062.468821080038,7,20,2752.9603016720744,15668.316753952804,393.2451764846061,716.663174821181,798755.640540404,1170.7332900682732,584.6127461126971,664.4252615901802,602.7601631717297,0,0,0,1,443,3157.683346447682,BENIGN
111.7015311688544,1,0,47.11832736748124,0.0,44.68474465764869,0.0,421823.46897514316,8952.42875845939,29.308761006797223,23.794246663131414,40.974912076901845,1,1,0,0,29279,6.866884778427885,Port Scan
10373.845097585916,8,4,974.5235623531644,212.71395979114396,129.43478317463942,51.9080254040925,114445.27183277383,1156.7552712727997,383.17472122402893,350.16055984050206,411.39865555497704,1,0,1,1,22,1034.6634653950382,Brute Force
73.1718760195953,1,0,42.44156900386193,0.0,40.0,0.0,580025.7054021158,13666.452937904745,15.876740317034029,13.7985912495229,22.82081638863454,1,0,0,0,39528,0.5341443215307773,Port Scan
2340.187190406658,155,3,6992.945722377857,165.88321639733965,49.02443332737066,53.813292763096264,3059083.892144199,67515.96652084234,7.845989263091819,7.283419814313532,12.483657788992819,1,0,0,1,80,241.63120929049222,DDoS
2021.7451192854542,6,2,929.9619013696639,225.13412847774342,146.71636440496465,109.22658613610713,571336.1287874178,3956.9775258453164,284.3291618408865,373.7327065665578,328.5812633351576,1,0,1,1,3389,456.73565134877737,Brute Force
68758.20611538451,7,18,3387.4999545200876,9316.34815036546,464.60499075661676,525.5355959816245,184761.19175603517,363.59296456988716,2982.3986398399215,3682.405589202165,3283.173609073837,0,0,1,1,443,10565.821451078404,BENIGN
8042.522424372749,12,11,3496.866628952034,5909.400066369665,308.3184359688532,545.4159507525358,1169566.7352839631,2859.799300067704,437.44544254668546,515.1313773684402,608.0248890991156,0,0,1,0,443,23684.988500577296,BENIGN
3819.891900900373,11,13,4949.246639806519,12453.241588215027,424.09970334294394,919.7599045707025,4555754.11019345,6282.900307818409,134.1908944581063,121.9008246790557,140.9246969429493,0,0,0,1,8080,7779.000178595345,BENIGN
79030.83214984478,19,16,7437.064545529437,15336.170193004788,416.15236271455814,905.6372078556333,288156.3323963932,442.8651331120869,2772.0700012908574,2764.379359354305,2790.0098215718676,0,0,1,0,443,11810.908439415181,BENIGN
63712.927125616065,12,4,2411.5799638735652,614.8463648483166,206.16096769633054,161.12280770672345,47500.977670591026,251.12643103736997,16782.814104686804,21378.557416464377,20030.16096325324,0,0,1,1,1337,5763.327669124555,Botnet
53242.310540600585,7,11,1590.5327773818249,1899.7578536973776,214.07151387480394,188.65156636236975,65554.83027765367,338.0769883432064,15335.530533098701,16581.618420393905,16325.800700701022,1,0,1,1,1337,5896.323858446984,Botnet
5879.272713601478,15,11,6581.834115855149,10993.929698408307,435.5350024607581,1028.4774955463886,2989445.2376061045,4422.315695587648,242.60939301855615,226.2345027414832,208.11921480909982,1,0,0,1,443,9203.653480484827,BENIGN
45792.52036046892,10,13,3954.7130519186544,7738.590402918508,388.00741404996523,648.6518874302734,255354.00460140605,502.2654315366117,1384.919449814992,1413.3562710720644,1517.0709233379373,1,0,1,1,8080,22751.09745127127,BENIGN
47641.32314171474,10,8,1894.0208567868478,1062.7999936256192,180.17913965198255,125.6172333786642,62064.2050939067,377.82325957775936,15619.270656509661,19243.21509831147,14550.365751348025,1,0,1,1,6667,6427.985370519844,Botnet
7984.690998369712,14,10,3052.266988744761,8355.804680249967,241.068035125796,808.9109958216387,1428743.0373102715,3005.7518825587917,320.9960407856958,406.84208935879616,424.33575877071235,0,0,0,0,443,13861.172556343887,BENIGN
49016.17852411592,11,14,5011.956173108473,10815.346887576545,430.7963788981465,785.1170600958066,322899.57188110857,510.03568113128233,1800.801680257936,2312.3048686029074,2634.2034444836704,0,0,0,0,80,17689.066404121917,BENIGN
11887.191862455735,12,12,3607.490807338633,6234.974528174777,326.3404705857558,488.81834976109957,827989.1036839115,2018.9797790511914,370.4059463363285,509.9372069703325,404.66239312772154,0,0,0,1,8080,18320.951816869638,BENIGN
176725.03648757888,7,16,2757.2714944234745,15823.543583043656,379.6717070424242,921.7511492285828,105139.68731743952,130.14567973574336,5159.519953836272,6989.764695615264,7840.55984413609,0,0,0,1,80,7350.301216581614,BENIGN
494.7778526757984,1,1,41.548500447270115,0.0,40.0,0.0,83974.05062205692,4042.2181170475583,33.25710883840809,35.6940475361714,42.776195565534984,1,1,0,0,59759,2.4137509395585566,Port Scan
43833.43067282905,11,12,3883.624470291473,10766.496629804195,336.96660410497947,817.1248278756493,334222.552860249,524.713663679922,2031.6672463667685,1912.7503853204948,2244.3232391766114,0,0,1,1,443,8131.6242655553115,BENIGN
5571.989188226986,12,16,2726.9198424669557,11674.901078504234,211.68750022868124,728.9178085368371,2584682.13674942,5025.135378790934,154.7459409239264,144.16654618173146,186.75337653178647,1,0,1,1,80,9799.402718353735,BENIGN
52214.266624531025,19,15,6083.57291063377,15598.605869278126,329.29279689810136,977.0471149377721,415253.91778126196,651.1630287655195,1447.8134839629358,1819.775758028138,1484.0600140718957,0,0,1,1,443,3733.375906866654,BENIGN
35588.003361161514,17,10,7077.584945526009,7843.157974420031,400.23841826262907,739.167700468562,419263.2772489166,758.6826303794858,1549.278337548658,1780.3814621994359,1910.4581452333823,0,0,0,1,443,8732.051747379955,BENIGN
10828.1508737055,4,2,467.3973082126988,177.0079612051284,126.90022399482507,87.10718483913237,59512.03274999302,554.1112300688457,106.16969453893614,99.89574966609176,152.85667240699985,1,0,1,1,3389,1602.1368634047965,Brute Force
27702.34644416322,9,12,1529.2813611381225,9411.2638016245,160.08552732518274,746.4968967351039,394932.07497113495,758.0585291692727,999.88937428859,1295.0985212401104,873.7520402882927,0,0,0,1,53,1971.9701906574917,BENIGN
49590.92360687814,7,7,1433.3766489214975,1023.6649405360297,222.03356644125066,152.40929796815578,49546.1953670236,282.3097248799422,14752.375244407305,14697.579018727083,22886.602970344436,0,0,1,1,1337,4915.87654076687,BENIGN
2776.0799419157142,8,2,830.163919596551,106.29825803781358,114.95557411466554,51.74338968451861,337332.56866808084,3602.2017410273897,299.8781060693209,305.22346111206434,387.4852227498752,1,0,1,1,22,325.24871033635605,Brute Force
67438.18819072544,17,18,6244.789960229219,17351.233741775126,347.3050943569142,999.6636886711502,349891.12749101745,518.9937769534182,1552.5217377775632,1792.6278618691806,1723.1768998323598,1,0,0,1,443,14602.017117218176,BENIGN
14861.97809700097,14,8,3555.899199810035,7171.131833720845,236.40157331197724,827.1346375943185,721776.8027592174,1480.2874729333255,586.7093534118817,544.2154310404868,758.1476611678245,0,0,0,1,443,13375.008367320052,BENIGN
6989.4237429715895,8,4,1038.089948365265,161.77677021471158,123.31184919929534,43.82502069919097,171668.9047200116,1716.8797373412845,354.56392107784495,339.24185151521,510.4923901148785,1,0,0,1,21,2513.824192002463,Brute Force
28290.30689779939,12,19,3904.3463322357316,11816.232751953568,334.5682292629438,644.7422617850225,555687.824136406,1095.7816792864621,1097.199517224533,1360.6539141141695,1491.6621036304102,0,0,1,0,80,9136.114909822127,BENIGN
119766.13349816293,8,16,2774.4038484653593,13878.646472462433,361.4495539328905,848.2909859921798,139046.40514409886,200.3905386189004,3897.985278210265,4294.547634277068,3123.041263425057,1,0,1,0,443,13040.066418285283,BENIGN
528.4769092257037,160,1,10595.429792487106,43.29692905194068,69.14283109299653,46.475108017582144,20130920.643489126,304649.0720585856,16.055243898662795,21.994861092507104,17.468979451764476,1,0,0,0,80,267.36797878570036,DDoS
6656.313060446833,11,14,765.3224996172594,10161.455375030959,65.53468795675457,721.002091955828,1641566.1005455642,3755.8329623279124,219.61239680343817,190.0753854517385,319.8246819564859,0,0,0,0,80,20843.3421754276,BENIGN
76362.25164581038,12,12,4223.55811974553,5239.745340688611,353.33731689196634,474.63917970814384,123926.45916633793,314.29141339779704,2410.770390800927,2083.6328317733937,3019.5715225162176,1,0,1,1,53,23148.523529299287,BENIGN
212952.63337741036,17,11,7804.3186168414695,3883.1506633189383,451.1653670228961,323.6086295774859,54882.95258338981,131.48463841898746,6330.037955958395,7439.927128604889,6762.753655345209,0,0,1,1,443,3835.02485037501,BENIGN
31186.759835419918,12,13,2989.192539429433,10038.207693435925,254.33104021528248,812.0599859203732,417722.14560326573,801.622231098423,1073.470325852136,1129.6227178225652,1093.6365722712,0,0,0,1,80,16181.815528061175,BENIGN
682.7787351623564,143,0,7109.965335835238,0.0,48.620034883149856,32.8275722098353,10413278.811538521,209438.27426903733,16.248149362044167,13.434139601965574,23.27299940249294,1,0,0,0,443,373.6690701556647,DDoS
69168.69511680449,13,3,2590.984110259236,537.9380269669284,191.42283418117262,196.56051947686944,45236.10185131272,231.31851732898764,14849.206433657271,20362.687795084556,19126.793836802877,0,0,0,1,6667,7496.833830339031,Botnet
333.2547841251161,135,0,10404.518431881024,0.0,83.53081716085366,57.961294535717705,31220912.429496545,405095.45978285506,10.376242672849253,10.443335583916202,15.230286763540757,1,0,0,0,80,368.4929478359141,DDoS
1094.4570920386725,11,17,3788.5715446933796,12655.488432936,328.81487918979934,718.0595990681255,15024855.79128426,25583.46069816561,36.56866384627075,43.706135767352926,31.656867848463786,0,0,1,0,80,23163.187797055976,BENIGN
1108.9127904287861,113,2,7369.344077170811,40.46895641022438,65.47694086925955,20.066551900669815,6682052.094210099,103705.1795168966,9.906829526664017,8.535283897853338,15.695868340004838,1,1,0,0,443,330.79481048828507,DDoS
29260.694657740933,11,15,5694.636988023167,6998.076366081291,483.6489989834383,480.69499007543703,433780.31528539234,888.5640038324137,1324.9913142425844,1258.7824346696054,1309.9663408898498,0,0,1,1,53,8031.749593239891,BENIGN
133361.34189963114,14,15,4639.565025728818,6711.803237096344,345.59363910307053,416.55542943763555,85117.38185244339,217.4543206218309,3529.06403976292,3308.1573997251726,3241.0989272602133,1,0,1,1,53,15223.605405457381,BENIGN
2022.474383464975,116,2,6295.478558366394,92.1976101850754,52.87168706917353,42.27838209144558,3158347.131995747,58344.37309304171,16.27589982570111,20.54986421072056,23.782515912444545,1,0,0,0,80,386.6535362122555,DDoS
61182.32328686435,12,23,5251.9872355389,22679.58497835657,412.0856589632886,946.0005178612358,456530.10074385797,572.0606560802895,1568.0458456376227,1539.556359634378,2186.1170981151017,0,0,0,0,80,10938.798869882481,BENIGN
60581.8520950281,18,22,6567.066271735433,10867.242273997099,381.96619307676724,499.8914237496383,287781.0423884903,660.2637360319785,1634.467651387347,1965.6444429707096,2118.984022753142,0,0,1,1,80,1503.219974154887,BENIGN
10907.11564304446,9,3,1035.9053407768592,317.612615294147,127.82552656629917,97.74353074100046,124094.94868922139,1100.1992087296223,329.3367043113083,433.7456494593701,419.59194399600045,1,0,0,1,21,1498.8415320101217,Brute Force
3990.2582405599073,4,1,609.9472545792503,70.82441022269077,139.87271795686922,67.17827426211593,170608.42275371536,1253.051732135113,248.14718631455287,205.87097383705108,359.1199987104921,1,0,0,1,21,543.1570162566045,Brute Force
30599.179992179616,13,19,6174.563086990638,13147.17801153167,485.6613929546859,640.5427673050486,631446.3689373527,1045.7796584149771,856.8009372870157,1022.3933528963837,1174.3487385387384,0,0,0,1,443,2666.088003481289,BENIGN
850.8250620256922,1,0,42.853673854552795,0.0,40.0,0.0,50367.19740309994,1175.3297412503855,31.770331317099778,31.603336062327543,46.64749627074361,1,0,0,1,32946,43.2758239956567,BENIGN
1134.0423648772585,17,16,6014.68843175076,8464.043193128331,345.7579248174067,580.5879391895891,12767363.965671757,29099.441980345866,41.18549062094866,56.53561507913927,62.40178819514579,0,0,0,0,22,22073.512896523025,BENIGN
166913.2891448302,13,14,4637.436741882879,10157.521230728631,343.3571410445516,802.2698779113057,88638.58622888898,161.76063714478823,5881.80001183258,6862.029889615457,8088.858506998609,0,0,0,1,80,4506.204592484752,BENIGN
148328.36294807022,13,19,3489.2365232181733,20080.913093298554,288.5579538176533,979.2053220738793,158905.20968514052,215.7375660594542,3784.3026934519344,3406.0066882054803,5678.851828752844,0,0,1,1,80,12035.925172214846,BENIGN
97908.64447419887,18,16,7409.261294206086,9233.321739265059,416.0884830374469,602.3295990684223,169980.73176119642,347.26249334357567,2197.7290128775803,3041.882856703746,2173.9351203873953,0,0,0,1,443,12274.176134630454,BENIGN
10907.569538530845,10,16,2143.9080320711664,12649.243649345635,198.36949824441263,791.6184366873118,1356228.0422930326,2383.6657568998617,461.3654119535864,467.4830909438916,416.7002892404218,0,0,1,0,80,21456.74244001868,BENIGN
275426.1169046297,12,11,4470.803621737827,10829.133043956772,401.946705847542,1039.5798949958503,55550.05762577128,83.50696825154051,8868.997759874115,10883.641816852869,7878.472205766599,0,0,1,1,443,4801.452416320323,BENIGN
33778.11778688224,17,17,6280.573216292522,13948.208428670094,384.9328909478495,768.814906426232,598872.3756780337,1006.568815187326,869.1782977642629,750.5548926256436,1208.4647009891005,0,0,0,0,443,2766.2043341847743,BENIGN
49109.567571256324,16,16,6244.396484471672,12409.979292400858,432.0011738008774,752.6972221055877,379852.16933147825,651.6041900301623,1515.2102008842583,1858.0999943257564,2090.441689476277,0,0,0,1,80,15625.802460863764,BENIGN
3213.0728407519405,167,0,10092.808286809337,0.0,61.89081902561916,35.378445754308,3141170.0845373194,51975.167783908,20.619151916404338,25.48095437522509,28.76746388175291,1,0,0,0,80,398.4109071004102,DDoS
50855.06510043432,9,9,1918.014376055099,999.2631025617526,194.90778070396257,101.9019405418028,57364.54122820377,353.9470446936125,15304.682453229878,20659.28434528008,16596.894903962162,0,0,1,1,6667,7528.412620420703,Botnet
14072.197844737067,9,6,1796.1716197239691,3261.621882102057,209.5944992960615,601.419814320669,359417.45259910595,1065.9315741222274,742.5083080732718,631.0823632910017,861.0042666177415,0,0,0,1,443,10140.108217334138,BENIGN
29315.300550344582,11,18,3612.4823277185005,15233.78519768808,318.85594506635147,841.1414203915435,642881.606928811,989.2445056190674,1049.5711866384079,966.3904616301172,1415.7380899609989,0,0,0,0,80,14214.683800638815,BENIGN
30820.852676112652,13,18,4750.369384103627,4295.568576603138,382.7747836053216,230.38208290471698,293500.5742951984,1005.8125362646502,758.8745573440146,778.2683971002915,878.6757972542981,0,0,1,1,443,15263.189602850409,BENIGN
2493.5053034999814,117,1,9976.227918596003,46.71382051504253,79.39410356406994,45.80912581705764,4019619.178287872,47322.93925117007,7.858970329417397,8.693193629985542,9.444851720471664,1,0,0,0,53,35.4476066782543,DDoS
18044.019254202813,11,17,4148.414727818298,16980.04270819249,380.66706241324425,976.99544304415,1170939.6414598452,1551.760702842203,509.8821282118212,689.8686589970081,637.3853757224241,0,0,0,1,80,7818.70349767881,BENIGN
9018.721606007986,3,5,149.64606532760223,530.8665242039525,46.342257641594685,100.01153488017735,75455.54894146184,887.0436797462131,349.79533149253064,427.74984403681196,313.91388589419205,1,0,1,1,22,2661.3651551536905,Brute Force
3434.0336136007586,4,2,606.4146127242133,127.37186622708259,147.11406269637726,65.80525050252979,213680.63377279625,1747.2164443110082,342.1724608107672,277.6928768097122,370.2122615757215,1,0,1,1,21,910.3447065855064,Brute Force
2340.2240089419324,157,0,10221.791101629127,0.0,62.97987565752539,47.26127471908003,4367868.658116463,67087.59477729793,22.866096632044055,23.18207282413752,26.876295891014895,1,0,0,0,443,248.04069266580206,DDoS
142531.0811560185,18,14,9762.532912586641,14174.13988830474,524.6536496711419,990.1370921255473,167940.0212693934,224.5124343438601,4885.975618148571,4365.553415318988,4651.194157899981,0,0,1,1,80,7491.28594558693,BENIGN
13724.118233306683,4,4,543.5658793961697,409.1338505514675,139.77123837570758,93.06476376613168,69417.91915166954,582.9154095004094,216.17110741114743,248.239496863605,198.1064574931016,1,0,1,1,22,1098.5456372631165,Brute Force
64969.990009248046,7,14,2707.751513148843,9227.761398026738,395.4948195754375,717.916525911616,183708.0921434133,323.2261540599096,2916.5875742743274,2577.3800007979585,3774.505513976731,0,0,0,1,80,23017.485917268958,BENIGN
7978.191130737194,5,5,712.0338548671383,466.08091853247396,143.56200854156884,102.10923240677769,147666.90269687146,1253.4169508014768,306.596170136078,306.66547396598855,295.452774279522,1,1,1,1,443,2273.6643323811268,Brute Force
452.0847732586013,1,1,45.76088171033756,0.0,44.04657656385286,0.0,101221.90442402149,4423.949042972879,47.46543941481194,38.63234038741769,45.07296094324627,1,1,0,1,26644,12.078438647393858,Port Scan
13435.739758376705,5,4,605.2364535663372,288.7032595208247,121.42470967201237,78.40571504189438,66534.46175375809,669.8551893570892,96.75324906701809,99.11605111203953,114.77268564561378,1,1,1,1,443,2944.8537837629024,Brute Force
34778.72845107878,6,11,1905.2685627384985,9798.302365165131,299.96233914482184,851.946664809005,336515.20481452806,488.80452958229665,1831.4918774125576,2538.7255602284813,2884.477232028713,0,0,0,1,8080,19353.695349092355,BENIGN
2714.7844107764195,25,18,8543.912098196151,16093.081503198046,371.14335054264956,866.7643765402956,9075119.741957005,15839.1951233071,77.16125114656487,62.055928869900605,110.1608889851473,0,0,0,1,80,12929.104056062159,BENIGN
71956.81429233194,18,19,3583.9127011315613,19718.079543497617,183.32097539308901,1003.0321594363003,323833.0167030803,514.197305201474,1603.9188327549427,1726.338026383543,1398.1757522734629,0,0,0,1,443,18126.809219767427,BENIGN
18386.979926747415,5,18,2473.096724310524,10265.087750258397,498.05936766922855,595.374583020747,692782.8564188929,1250.8851421837935,732.5048075426117,595.4256877806923,914.4456586521667,0,0,1,1,443,11509.49419380001,BENIGN
1349.8741008079264,129,0,7164.152346379251,0.0,59.18301575584222,37.63761021189339,5307274.465145574,95564.46776983938,2.720447698618302,2.2677977712526887,3.6899904292714063,1,0,0,0,80,338.0088554265567,DDoS
16416.255074393554,22,16,5777.39607500998,6911.691198840289,273.65550710942966,448.60748410492334,772958.7056455399,2314.778847416501,329.8844547822918,427.4354529207295,328.738226663946,0,0,0,1,80,10444.473044765795,BENIGN
1516.160147919954,120,1,6563.189259565808,56.4154948596438,53.805216495505114,54.468483561393896,4366032.680325361,79806.87275417571,17.375569672270604,23.613748795214793,26.23146570537506,1,0,0,0,80,414.84376497900223,DDoS
66016.32012521496,21,19,7140.047475155534,17535.738582565224,317.06775608930616,859.4794326461597,373783.1192486573,605.910779700094,1731.6078684343063,1715.020306474034,1498.6952576423946,0,0,1,1,443,18889.63639131589,BENIGN
151737.32738680628,10,16,3952.1191575771218,12431.034759544165,363.506806501231,828.2398071158466,107970.49216082224,171.3487409312359,5087.392661862105,6601.29083198086,6320.852527076431,0,0,1,1,443,23915.43948635751,BENIGN
872.3809805393818,7,10,3570.68481390987,10486.489801773487,553.306765086084,965.1261253702272,16113573.002235778,19486.898934326975,39.86851835417941,41.60682645710997,35.22501413765727,0,0,0,1,8080,5865.369658630054,BENIGN
83448.56209908724,10,17,4384.36298468489,11253.902294896656,472.74760735542907,705.5324058690364,187400.05682797253,323.5526091862441,2344.9614560847845,2832.869015797125,1988.1449395576017,0,0,0,1,443,16710.161775921308,BENIGN
86301.61402557718,9,9,3224.7399532678864,6128.607880457323,369.9748260387656,700.802014567971,108379.7555739011,208.57083848588678,4362.603124511893,5202.645124059072,3760.788678779877,0,0,1,1,443,4693.3901972504655,BENIGN
6802.11490823166,6,4,703.6124337391398,376.6083162738544,123.15400416936986,96.28103418795803,158806.6012683426,1470.1310011535356,108.40491462402147,101.5557139036418,91.98194336459757,1,0,1,1,22,243.40759457300928,Brute Force
21694.912184617966,12,18,3834.142618263112,10308.931607897424,295.4672354273772,618.7109346132448,651907.4198506413,1382.8126956545357,746.1288825220903,853.3197688041857,1031.2444882145462,1,0,0,1,443,24020.92763144352,BENIGN
68652.26648727842,10,5,2648.7558851784856,950.867262258009,269.8878881487327,200.65610995567167,52432.69205254164,218.49242228265788,16872.145715500443,16641.186214125555,13603.96322256815,0,0,0,1,1337,6155.826307927947,Botnet
39817.82532539754,12,12,5501.755944459446,4787.573742091759,507.0100642751962,437.2991466951875,258410.13672809055,602.7451224135979,1128.9397862575172,1297.2597431021761,1012.957922806063,0,0,0,1,443,10677.083894516954,BENIGN
2446.9833056905313,127,1,9485.482509580148,24.482609165231807,68.24749369073058,22.274340651401594,3886403.759531043,52309.30660717311,23.72814367310299,23.625897567417212,23.57987277806111,1,0,0,0,443,475.12089230275444,DDoS
39939.88819316364,9,16,3539.6802432788418,7662.846296811329,402.1268034681237,509.6362632645761,280484.6745166318,625.9406606020283,1861.8384877671813,2381.948840474203,1977.6877691342606,0,0,1,1,443,3574.4656513399395,BENIGN
31182.943266059636,15,15,2758.8027101295197,7661.525840946197,175.75234591331053,521.0895166641487,334167.57559308026,962.0644127154223,952.1513967463801,1208.8984523854558,1089.4658486495466,0,0,0,0,53,24467.451227433936,BENIGN
184190.18191456527,16,17,4620.671465061275,10534.768375724994,275.72528319497974,641.7685759167282,82281.47495839905,179.16264405073835,4664.735047649008,4326.209570446243,4704.205364956232,0,0,0,0,80,3254.6528379714273,BENIGN
70554.98129821941,11,7,2828.0124032602416,1214.1493124085027,249.8085309239154,176.1999605444527,57290.94730510199,255.12018667991998,14955.929864490188,18932.745666422936,21007.276671561,0,0,1,1,1337,1754.227542555068,Botnet
23297.00663901292,16,17,3623.410437748879,12553.009290156679,229.14937115977875,787.68967092527,694356.1453434406,1416.4909900801827,716.9875174317025,851.5343093339744,823.3817888667397,0,0,0,1,80,24757.20508600413,BENIGN
34344.09412024212,16,17,7081.918183574181,16560.551369512727,471.35478458075323,901.4023380006049,688399.8590940337,960.8638936424902,917.4185733912843,1144.0326661045997,1144.2216480071943,0,0,0,1,80,11810.398044428854,BENIGN
136089.12702504854,10,14,1670.0510285814582,10072.63413754556,159.06828139056321,748.8180829056198,86286.72563948228,176.35501472195176,5245.691488763756,6187.808137267123,5291.705639816186,0,0,1,0,443,20269.256786923957,BENIGN
47542.7499757385,12,7,2901.2807451087206,964.6940609538593,247.75037123613413,149.88179168751245,81315.75914383207,399.6403239126023,16162.053639730282,18189.25332297128,25827.4403835552,0,0,1,1,1337,2081.1319308772527,Botnet
152804.67702390073,16,18,4307.147400448955,21177.627369850507,259.5222920125117,1070.4626469779664,166780.07026128718,222.50627835613915,4349.61373668957,5840.751113776185,6011.755729215579,0,0,1,1,443,2363.8961213437633,BENIGN
48613.647768432354,7,8,1328.096109969619,1418.8746909820468,196.80122597902218,182.66408652204402,56506.164977305656,308.5553273321811,15150.750384352616,19831.16822344078,17383.030584084772,0,0,0,1,6667,7127.647096837834,Botnet
58840.83977053891,10,5,2692.7987815222004,828.7850609354799,268.071314764558,167.68162769368305,59849.31309938419,254.9249816708151,14506.29589897925,18735.26499014316,19771.616929036445,0,0,1,1,9001,4736.127349230964,Botnet
38653.44101140487,14,20,3076.0943965264246,11875.577844162197,204.57420418515028,623.2605066445017,386813.4854094119,879.6112095160724,1305.309591963676,1218.8480441539284,1183.1216376325137,0,0,0,1,80,23167.07717741098,BENIGN
46246.5160946494,11,17,5970.302364062932,5662.22228459071,555.8058035261153,365.30990671882904,251532.99385506564,605.4510126275118,1295.2594437701082,1787.354848246611,2068.6035602659167,0,0,1,0,443,5725.531507934718,BENIGN
31996.459107680595,14,15,6146.824987005774,8532.67122187619,442.27741186910345,621.3847582856434,458785.02241387765,906.3502902744225,1178.5571703384871,1427.1412685443343,1081.8113647944488,0,0,0,1,443,8532.312114433636,BENIGN
1242.3630517761446,129,1,8698.801210815873,50.20736801926702,74.60908122896441,49.419003127997996,7042231.790721011,104639.29993261267,17.024092732858985,21.715282485662257,26.81607083310531,1,0,0,0,80,469.43393098842205,DDoS
25686.2562369245,10,13,2750.2915662710493,9521.15529534921,287.39401540794864,784.9194635534886,477743.69096185424,895.4204843186548,1177.3485306013984,1447.7169312499539,1014.98743553789,0,0,0,0,53,24845.248364993917,BENIGN
211.38353925796426,1,0,37.43825265917634,0.0,40.0,0.0,177110.5394043391,4730.737329455152,48.692851211577064,46.95470929105522,44.313081663125445,1,0,0,0,19986,31.12179533299656,Port Scan
34142.511683909295,16,20,5356.806941421922,14294.885162635217,348.89114664967536,768.9591547522087,575578.3958131762,1054.4039739456573,1077.758563719587,1339.6459388869368,1301.1357564571179,0,0,1,1,443,15186.494868495452,BENIGN
34471.26985548694,14,12,5833.4533725013225,7435.873810328605,443.3016739439527,569.1820313496144,384938.73995529034,754.251297065619,1087.744020476415,880.6884590502974,1184.1131158124485,0,0,0,1,8080,13581.849802723398,BENIGN
60257.21423554375,13,27,4784.345511761024,23253.77269827491,351.84974203391545,920.5909086382752,465307.2427217714,663.8209301153738,1399.3417436566367,1497.376835216481,1202.735527354905,0,0,0,1,53,1547.0093008596655,BENIGN
5267.8193573833405,11,19,6046.513607480781,13090.499641656952,510.1342522711782,723.7332655388561,3632815.0133537557,5694.9561032217625,179.410531113359,239.97177672895268,279.943078134719,0,0,1,1,22,10930.374780945553,BENIGN
54870.03277801423,14,3,2332.184253595116,241.7654165811655,183.4281201510816,86.566296348709,46909.934983812,309.823033435688,15263.435864853573,12356.370741142598,18416.319537308023,0,0,1,1,1337,7515.199824654761,Botnet
26908.131610402244,11,17,2872.7189643942975,14083.310413162733,254.50680818997998,812.7824321724788,630145.1777871529,1040.577636731034,841.1644240461649,735.6392118427508,879.8346104822176,0,0,0,1,22,18604.799849951196,BENIGN
3246.139162097624,12,19,4073.911487897077,12495.437632541507,326.467796707075,718.1629932886528,5104324.951285091,9549.806231957133,86.40249257527336,97.7354898274905,69.45283904793644,0,0,0,1,80,5233.152193258513,BENIGN
2282.876534662451,127,1,7298.840852381802,62.55956552191581,54.01158948996405,60.0,3224616.0955840666,56069.611324348836,10.084953259795476,9.725400900525448,13.801248774069668,1,0,0,0,443,234.78394453476355,DDoS
13401.257122070912,20,18,6030.162959208106,11144.65872807437,296.54948458766086,610.919898175511,1281582.8791909958,2835.554877714921,333.741265703589,453.6699158028695,307.7700912784451,0,0,0,1,443,24097.809855020023,BENIGN
3133.8974658461716,5,3,410.30378053628345,182.95416897509787,86.5379778985075,67.48119580459854,189303.56081423294,2552.7318896631327,310.4256105079115,294.6940523689162,359.01199808259787,1,1,1,1,80,792.3567552974218,Brute Force
86864.2909470288,10,10,5014.725589569066,9174.941762973522,498.77230520151386,980.9914126681144,163354.4371092106,230.24420946688338,2649.0500296170044,2832.761129816888,3250.8409395968088,0,0,1,1,8080,8201.593349413199,BENIGN
11039.686324610213,6,3,417.56398358618304,163.71594347870632,65.7229617637816,57.90966105252762,52653.66333544019,815.2405544292283,203.8153432225087,231.72544672987468,259.41845807852945,1,0,1,1,21,2016.2661315510202,Brute Force
53910.319099377164,7,4,1240.9510281821317,876.6128077350089,167.51599321313572,218.93216763432685,39279.378629046274,204.04256891380717,15313.872064421186,19312.26091724362,14181.234091433644,0,0,1,1,8080,3813.7957723000322,Botnet
12290.5995435442,11,13,3463.6952140537455,6292.246620131316,333.158514213793,478.01972837411853,793772.6552411757,1952.711901072907,541.5286202698595,518.7481384256583,495.9898408595222,0,0,0,1,80,6323.20622886355,BENIGN
9075.330748804698,14,21,5053.932518938956,22371.82696773744,356.34365334820683,974.4569368315731,3022012.116780274,3856.608752756456,237.04996481916774,278.52042724883336,261.0135928804054,0,0,0,1,53,11954.797527089037,BENIGN
150.51375930169866,1,0,39.10752234299983,0.0,40.0,0.0,259826.89240131466,6643.910859973546,10.876894393281013,15.158714773708496,12.073794487285125,1,0,0,0,49711,25.545661540446385,Port Scan
44687.995459915895,19,16,7839.424738601948,11016.359539081852,405.8859577674746,627.957789073909,421942.9420278429,783.2080996202703,1103.553414155849,1109.5829908702126,1093.0529280393664,0,0,1,1,443,16998.325329243646,BENIGN
4406.664168344002,17,11,7465.695286506702,9666.392801370517,440.66500081232755,932.3287431464556,3887768.033459049,6354.0126795099595,128.784736677632,118.65666410905497,153.8724990210489,0,0,0,1,53,16360.085775265914,BENIGN
70120.13001792805,8,8,1879.122135717621,1585.1370507524634,223.4547956513661,204.1372324546444,49404.631531406965,228.17983931160967,14818.123756159099,15520.906219007076,16514.80721534524,0,0,1,1,8080,5236.675054225525,Botnet
15589.138223120171,16,10,5020.07449604224,5084.46579666155,310.02117791491605,504.30923761993427,648178.2474490987,1667.8279214587712,600.3810752745694,809.5285809953315,866.161841217824,0,0,0,1,443,11630.580306811664,BENIGN
5052.663121198833,7,5,1167.6945997815933,299.0418275732204,157.20867115544667,58.65588120161483,290289.77237785934,2374.985173591543,176.66596698368744,233.67166484497184,231.1524240086822,1,0,0,1,21,1215.5762699674717,Brute Force
103512.46407673664,8,22,2753.071545539732,5905.738716741532,367.8946054356491,261.81594401490963,83649.92891930629,289.8201706198413,4325.935239774996,5608.662893637519,6649.211425329057,0,0,0,1,443,3579.534693013249,BENIGN
28210.846462460344,15,15,3836.2614928159105,11492.905617897224,245.58714594629055,763.6222985897332,543378.4885225396,1063.420767608673,932.8082965328632,831.5949896897424,785.3674380875312,0,0,0,1,443,7106.309137709008,BENIGN
17871.269740978252,14,14,6255.879585486829,7884.049137789644,411.8732937435207,547.1964955536494,791210.0778633577,1566.7605271379734,764.717588257717,976.6895495278844,1054.8501437151237,0,0,1,1,443,19210.9654479398,BENIGN
104.62351703822826,1,0,45.42417356047694,0.0,42.780456178663556,0.0,434167.9083860224,9558.080518690756,5.236259726489973,4.849376339874678,6.415187621066715,1,1,0,0,32593,15.627962241577913,Port Scan
71561.98884383548,14,7,2450.076415610938,1387.3798842222939,172.66351181306075,192.03012437081003,53624.22651789952,293.4518777255726,13577.533009281142,16420.206104234032,17769.486322064815,1,0,1,1,1337,6933.272006860232,Botnet
129656.95433777942,7,17,2836.5047421420595,11383.127206189405,426.7555710065899,690.6064291760281,109671.18594569789,185.10383899251354,4213.6621397438985,5416.429763179876,5696.658577884515,0,0,0,1,80,12696.045842930207,BENIGN
38807.43361175522,10,14,5054.944578978146,7668.579120059532,482.4129401790673,584.210919159286,327863.0539274716,618.4382157322076,1345.3516719327056,1101.3537796814028,1076.3961143344354,0,0,1,1,8080,16585.404970014664,BENIGN
29064.231421753706,14,22,1965.094075085242,19551.566933351307,141.5979364820667,925.2012123070658,740314.1234394375,1238.635884692794,898.7404160290372,982.519650812012,1041.0236757809334,0,0,0,1,443,11942.530746150998,BENIGN
38572.11963776897,11,18,2769.2169665432143,15943.84758730769,274.3059088440476,854.7733211190678,485144.8333559425,751.8383815133623,1148.7438007462563,1148.8750100968223,1653.068162336693,0,0,0,1,443,13736.032534903621,BENIGN
24954.23281835147,12,22,4605.322832597846,19158.35221346561,421.3734606173076,860.0335170873215,952290.3476554698,1362.4943009666972,669.4630172506144,719.2430014512825,1022.9172692189604,0,0,0,1,53,12542.663325713815,BENIGN
58779.403651594745,9,13,2666.9530347655327,7993.2266191745275,327.05067797139606,650.7935604660341,181359.0984543927,374.2807621935293,2390.9866047832475,2804.7468579269507,2031.8291832213783,1,0,0,1,53,9206.012786160634,BENIGN
66611.92271199073,13,2,2351.3668035626447,375.6117939470553,185.60616969263413,205.6940435047438,40938.295825813475,225.18491268980992,15423.008780231123,20329.276233926466,14319.161661026601,0,0,1,1,6667,3251.6240234973507,Botnet
156287.03111525395,13,13,6101.918742580419,8749.575567165599,435.7616465476262,620.0315616066899,95027.04225530893,166.36057268773817,5161.104988204276,4311.597550829317,4591.723146169081,0,0,1,0,443,21379.684696968972,BENIGN
7480.3141928242085,12,15,5401.538259617413,9601.779523487547,470.8175403170009,623.3638951895733,2005706.8989825982,3609.4740546995786,267.4977205736007,246.40573276852854,303.8862982531222,0,0,0,1,8080,16711.873253892292,BENIGN
48812.48325380268,14,13,3027.7830222780017,6628.477510869371,202.8363631241545,566.3817522009163,197823.5871127313,553.1371936070594,1497.003032772052,1453.654896224201,2193.3597398003435,0,0,1,1,8080,19206.776366958235,BENIGN
7143.299566460552,10,20,4184.326876393887,18394.54868097089,407.3334074746276,893.3554587960557,3160846.7973788795,4199.739871033403,212.7841453066157,180.6087525448711,222.4860983340398,0,0,1,0,53,21709.77241785611,BENIGN
43493.80206940859,13,13,4315.929930758412,8262.772591207115,326.2926009701242,585.6839165101644,289206.7817362136,597.7863227157858,1012.7973891392319,1133.1767663637002,961.6797549171552,0,0,0,0,22,3309.2748290739823,BENIGN
986.4275409721699,9,19,4240.885870498135,20132.148741087232,504.3237403813956,1017.5249207559476,24708388.198047083,28385.25774777609,41.68398918892005,42.15696415894074,54.10030284737621,0,0,0,1,80,11730.340942865061,BENIGN
3216.7437979779597,7,1,876.7443304949393,91.50119773923035,122.02379684212346,97.40325324748895,301001.7548935067,2486.986997543537,237.153513863546,271.9911900895249,319.64998124788855,1,0,1,1,3389,1243.1207254222284,Brute Force
2526.748963236076,21,10,9087.696182681104,4922.232004687275,427.3312174153125,491.34178041707577,5544645.863602328,12268.72968033099,91.80080789298702,104.1561810739109,139.64013060220432,1,0,0,1,443,17351.795954568224,BENIGN
82347.19694348527,11,17,3578.107558595309,14172.698841328163,333.1772004624938,816.9500001350145,215560.54193448529,340.02371713048535,3132.780026948441,3136.616810036843,4639.368417893393,0,0,0,0,22,15181.427219745887,BENIGN
4947.478612299206,15,18,4216.3943904347825,17068.002650194398,269.15389129333386,946.7882600663779,4302069.540577122,6670.064205626581,118.77909848199005,162.75835663988317,125.97068588587513,1,0,0,1,443,3782.1296593195043,BENIGN
18581.274108152356,10,15,3133.6131158838043,7511.72186102697,300.83463988414167,512.5865384910105,572906.6217391538,1345.4405685254644,653.8726814327259,597.6200095787708,638.3581504583813,1,0,0,1,80,5722.87667377797,BENIGN
130312.3574199796,8,17,2878.183400631125,13554.876916706733,343.1733279522953,778.9819583909112,126105.15719837886,191.8467326888139,3554.4894639729014,3079.4577227561836,5583.113286439207,0,0,0,1,443,22804.87579197448,BENIGN
332.52304328148307,147,0,6544.937378900032,0.0,41.67897178520375,30.538782924857003,19682658.12291299,442074.62601490587,9.901008084767065,11.300945044632797,12.517127095603996,1,0,0,0,53,461.88912202731626,DDoS
59131.38944838536,16,8,3622.3802070550055,1053.2458431361997,223.04437170604493,130.22710561329072,79071.81099257729,405.8758000427021,16119.681819806114,15244.013862191003,18999.53403643862,0,0,1,1,6667,1678.154435121824,Botnet
43100.855394625,8,13,2527.3104891314274,13241.307036231343,325.3271822289715,1115.5291517679843,365853.9344750275,487.22930920342844,1890.792640901007,2164.8221252143217,2187.892885580832,0,0,0,1,443,2679.9593980694403,BENIGN
382.046004491319,122,0,7772.182096709301,0.0,62.861076792180775,60.0,20343576.44194628,319333.2702495836,51.787057451048724,49.747487181510344,76.27884859890861,1,0,0,0,80,363.76627974476594,DDoS
490.3096514989046,156,1,9295.012348766753,33.121500246269896,63.981284850899314,36.16114358579365,19024985.171098277,320205.8118171691,9.399843411705351,10.974093226000063,8.715823133023353,1,0,0,0,53,58.630423859463676,DDoS
37455.93607742845,15,11,3617.286655721029,8966.21965696454,243.69417035700076,888.515878421541,335954.9281233581,694.1489847230922,1228.775384864826,1110.712119510868,1596.723498134082,0,0,0,1,443,19705.60649735757,BENIGN
64500.257822484404,13,4,3585.4982929366374,811.4999733412427,270.268570645797,217.9376717703018,68170.24326288991,263.5648379388943,16622.716884407,22202.75905825258,21785.53364442076,0,0,1,1,4444,3019.186743480642,Botnet
17736.20681651939,13,12,3793.3428234505805,6918.449648918766,313.9930748014245,549.358921706005,603950.5844278075,1409.546035328995,896.5316046155375,1131.176708318018,848.9176632557853,1,0,0,1,22,7497.3712107795145,BENIGN
29565.027411848143,7,14,3096.898971448598,15990.138242138217,414.6565709819214,1044.220070802106,645595.1130266064,710.298681867086,1465.4449648985544,1927.5026180778482,2302.2451545724375,0,0,0,1,22,17409.008454297546,BENIGN
92075.73198103775,15,16,7274.66447125607,11455.709057310378,479.81743386540006,720.0019267801827,203423.56368585606,336.67937612903467,2986.4849911339484,4167.2881304209295,2423.610815471429,0,0,0,1,80,4652.729967296741,BENIGN
26989.428149560837,14,9,4685.352644901691,6922.723976357605,344.65325642612066,767.9372784585183,430097.1683035892,852.1855251080689,1210.2115557490058,1524.7421909716918,1582.9068818958945,0,0,0,1,443,21480.131726918316,BENIGN
62443.41616164032,8,20,4077.2776843129254,12216.627303143834,475.91913610888713,604.519043427903,260938.71842755273,448.4059604862027,2481.3969505870136,3360.9952128162995,3212.738974241869,0,0,1,1,443,16975.19348780956,BENIGN
1370.083691828465,148,0,11881.373481329696,0.0,73.15399257680063,41.179745526672036,8672005.62432302,108022.5980958028,7.772102873285601,6.640882704668186,7.780240075559302,1,0,0,0,443,147.72468731358856,DDoS
2098.5873985572175,172,1,10682.13974572383,41.65182784005279,65.21775578919349,46.06753152541358,5110004.749354975,82436.40465912347,21.91591524341447,22.45681781298613,29.930435632683142,1,1,0,0,80,103.19382157893335,DDoS
42519.978495498086,14,25,4882.425878850212,11603.152105986546,318.22879054949783,506.7814592207169,387713.6952593288,917.2158919160607,971.8869680840894,1317.621257555696,1187.0381648094296,0,0,0,1,80,23638.675186462773,BENIGN
86190.00684037436,19,14,6413.815523982038,10185.32548121331,318.132281864677,758.3944167081622,192587.76758119176,382.87501312207417,2668.731179358389,2465.292877364352,2424.836141188982,0,0,0,1,443,17687.63824056225,BENIGN
2752.6051709043277,133,2,11886.615660394986,70.91464925715822,83.60556824746659,33.94680802727049,4344077.5437196735,49044.44757533016,2.971225934340333,4.037203271468334,3.8602131184777013,1,1,0,0,443,76.59395594621212,DDoS
283.8147008350315,1,0,42.963735359870654,0.0,42.86718832898176,0.0,151379.52767585326,3523.425661383391,27.896893930884296,23.49059075180174,33.75726387118581,1,1,0,0,37090,26.44533248311606,Port Scan
49344.1942301478,16,19,5340.248842829446,15777.40532821785,348.00222140528615,895.8562032237637,427966.3393134314,709.3033039865927,1431.1286718671024,1946.9064301512444,1683.0646469990404,1,0,0,0,53,22753.70785636873,BENIGN
25420.07977458152,18,16,6566.703585541234,16184.579544297821,396.01829811451114,950.540154879588,895012.2632026082,1337.5253068244836,558.5349190992297,780.5632227065643,873.106133264517,0,0,0,1,80,4721.151432796373,BENIGN
321.8731703062207,126,0,7775.50188767369,0.0,67.61231072879715,33.585007420144706,24157036.388824534,391458.5359199939,39.38811240545712,46.662071513265566,49.58201066077463,1,0,0,0,80,393.0856591707744,DDoS
2951.7306640214797,26,23,6166.114997270844,22142.916249660277,252.15561468411693,990.6134824797788,9590655.269462321,16600.430587132807,68.53997436759329,84.42773388317424,63.75993927549352,0,0,0,1,443,20497.862846846387,BENIGN
69289.39008316571,10,15,2319.7365815779413,9547.112070473937,211.47090912218692,578.7819721178635,171265.01817678727,360.8056005399001,2482.8575310862443,2639.06521893708,2392.2604981063687,0,0,0,1,443,9707.878834171523,BENIGN
59173.849690112984,10,5,1957.9574527401257,930.9984000135996,201.03528599668985,173.48041974675286,48821.49577698381,253.4903522172948,15343.884419997383,17519.453213391505,12964.549947598778,0,0,1,1,6667,5275.11665200928,BENIGN
51370.08487216484,10,17,3969.9595027540004,8363.910843272679,404.13067324633624,459.44602183233843,240098.3057886644,525.5977300249721,1758.482879060259,2266.915314692904,2013.0223642018798,0,0,1,0,443,20187.249959917175,BENIGN
59750.72611610947,6,7,1589.420147765161,1823.4355482549913,243.27491191592182,281.9031243116542,57118.22964943028,217.5705777154573,14927.096515594518,15869.330233872735,12441.476885108303,0,0,1,1,6667,2612.8690473075603,Botnet
50533.14112688932,9,5,1841.7421099995993,1024.2850092217816,218.53261331644046,194.21591299685826,56715.791959671624,277.04590864133763,15059.322238676015,16435.069046033223,20903.89608105394,0,0,1,1,4444,4714.032237009185,Botnet
88974.78542894659,13,13,5015.998503550026,5514.434658993856,374.05908049140055,385.7239271862278,118353.00430090126,292.21761957226704,2613.830745746237,3609.4628316144313,3299.5604772044794,0,0,1,1,80,9617.951942331003,BENIGN
10423.435014916122,13,11,3958.9167297388644,8350.069804722676,338.0033500891453,757.4505444451956,1180895.4070176636,2302.5039217547355,500.404013088169,469.2802038140474,738.5641333088997,0,0,1,1,443,13980.35854674316,BENIGN
34505.52662467691,6,13,2229.380682403584,10041.905307159801,382.02546466164824,782.5124619893614,355632.47948771995,550.636430119342,1381.5127878528647,1827.5622708077078,2045.6112630440625,1,0,1,0,443,3056.0753379730027,BENIGN
415.6943936760345,161,0,12578.222465913546,0.0,84.0369028673326,25.945399814706786,30258340.39926024,387303.75595460413,21.57031648953888,21.55467496568193,18.97049205939114,1,0,0,1,80,95.04608268935847,DDoS
20506.03241998375,10,9,3069.0036738774356,5929.908722422501,291.28272788434657,689.3155518319169,438842.2007725992,926.5566156758791,802.6564928805234,754.9180345367485,1046.1099193261202,0,0,1,1,443,15382.226443930782,BENIGN
87893.19399943596,6,12,2761.2904736706964,7772.810691513106,450.0082063378416,659.12992399581,119851.15895607801,204.79401397240738,3596.723568634823,4651.225012849972,4468.91920777959,0,0,0,1,443,9159.021078843429,BENIGN
11602.426059589268,11,12,2594.6006687730437,8072.249439026558,252.39142553364593,618.1775159323074,919363.7652173251,1982.3440271778998,450.4264021219928,567.7163194377714,399.960129799731,0,0,0,0,443,5055.546802221779,BENIGN
49059.9088420923,8,4,1600.6545781477814,921.9152201625711,194.86022049779922,253.210327057752,51418.150947440095,244.59890536331918,15212.253153064727,18978.681215803383,22826.743502874673,1,0,0,1,8080,1219.529463633759,Botnet
5220.994408839911,7,13,2463.9614325742286,9256.016814022143,349.7393768994179,763.6152573002452,2244778.930763214,3830.68787933139,205.4769613333551,167.0122140491189,309.58755049880625,0,0,0,1,80,15740.024857636634,Port Scan
59554.016794188195,11,14,4425.167380808435,8027.038863050641,377.90088871604644,600.2867860519412,209090.95497105533,419.78696561135604,2135.0647440808084,2063.88669962953,3108.909657732304,0,0,1,1,80,8461.348086585927,BENIGN
3336.2505854318515,13,15,4145.605364385129,4595.613289938061,325.2235652481436,327.7199109067789,2620072.5726337214,8392.654952917937,97.6276748698678,93.602261162802,137.15603477636063,0,0,0,1,443,18482.743764817056,BENIGN
24092.255190509342,12,21,7360.0731290429985,18621.819054529977,630.1220725090388,938.1007897474789,1078433.379445857,1369.734785683313,527.3349300614315,604.2916399938057,759.794667392895,1,0,1,1,80,3538.8156469013047,BENIGN
17970.599194666207,6,29,2849.7867381223487,16576.3050461191,452.3123276070069,605.5468138213671,1080992.9915974778,1947.625653483398,533.6580574648825,547.2063626025531,851.6787408571623,0,0,0,0,8080,5155.408583581494,BENIGN
26571.922300045702,10,8,3121.3199530692796,4163.961462426588,301.6113745880772,573.3892888421917,274172.1631288729,677.4067678185647,1202.3727106493925,1562.4952721858754,1099.4377462178522,1,0,1,0,80,2568.1359228632246,BENIGN
7362.5850569751565,9,5,1189.2383066819787,449.6587330335518,120.55222516541403,85.66157476383145,222598.04498460417,1901.5060459962629,171.15527059675583,233.3600794995751,144.58274350321926,1,0,1,1,22,1801.2477567648386,Brute Force
57570.16659349448,8,6,1537.0581557285818,1236.3803645310975,186.66251556526748,228.63382284832673,48174.92608355735,243.1815092503488,13762.9006677634,12393.408569024286,15648.125401355668,0,0,0,1,4444,6715.75786218303,Botnet
78179.40206130923,11,14,2618.5411403315093,7278.300017902671,259.48113942082205,475.1198144991961,126591.41535097643,319.7773242163543,2514.841152302945,2529.515410835923,2255.811252699067,0,0,0,1,53,1475.1376634163,BENIGN
39870.680629199174,13,21,5764.586403228725,13545.513834790901,452.0049299098559,644.1147650612287,484318.29939411493,852.7569498048698,1162.7446291379829,958.30592038963,1648.4023693749841,0,0,0,1,8080,7540.082471254581,BENIGN
7756.309905708828,14,19,4096.817460841667,20321.222727617882,320.42287230788395,1036.1930511352757,3148151.6965286923,4254.600499615315,259.3896639321461,311.32432826728507,356.95947018019183,0,0,0,1,443,15230.71939231786,BENIGN
87721.41196495475,19,12,6817.772201049894,14783.338582979544,353.4104751019823,1315.559704780373,246246.729278129,353.3914845372609,2449.066711104943,3273.502224691377,3435.5777908389628,0,0,0,1,80,12583.710118454701,BENIGN
13013.163925650024,10,22,2091.379909856685,13620.936538775723,223.6887667861534,563.9656938965002,1207417.084607851,2459.0484053555456,499.83964226078865,624.1179939650115,599.9444055211205,0,0,0,1,8080,1229.4545585638857,BENIGN
503.9142441667618,107,1,9059.920205890641,39.1176798994052,84.88923754836244,36.990082811899924,18056718.95787664,214322.18130404592,4.917715254183045,4.287697721382816,7.233655360031523,1,0,1,1,80,344.8391411024924,DDoS
41010.15800131398,11,16,3239.2858843427775,14686.148332740284,324.2512687397802,964.925582999827,437097.41904697666,658.3734693032617,1517.3902987329188,1851.987501048245,2177.5320400239225,0,0,1,1,53,4933.723707959369,BENIGN
355732.1157959838,16,28,4723.903585263808,17167.21555855112,318.24196891448094,560.1571322039742,61538.214211644925,123.68857926011515,8193.861609721484,6887.607085977326,12342.239942727905,0,0,1,1,53,11848.590237872255,BENIGN
4792.934532804669,15,18,5595.56813100507,8773.446784120733,383.3332980193997,527.6534940951946,2997957.684750083,6885.134727823933,151.38319137428732,127.6296185315195,192.5526564207911,0,0,0,1,80,10277.842745801738,BENIGN
32524.687871876773,11,10,3216.814121739806,8489.118907428676,316.29985456397924,789.3454489124447,359909.15809188405,645.6633829269776,1539.67389335425,1380.072363318835,1232.2595405254388,0,0,1,1,443,19282.40151472702,BENIGN
1168.172045871018,14,16,3299.350235867247,13469.949718549527,222.52711807019534,854.6196177513355,14355162.849247236,25681.14868527885,51.08256634128606,64.29775706705863,62.466886981530884,0,0,0,1,80,14351.091100657499,BENIGN
16121.442584387501,19,15,6837.3352842798495,8716.269230330081,331.33521896487616,569.7746766381589,964777.465366066,2108.9924069776885,458.42281339840855,513.639333317694,501.11098381748565,0,0,0,1,8080,8263.122834556896,BENIGN
73361.10516034743,11,6,1802.816234565834,802.177239965014,171.45446535059583,135.53446213246008,35509.19071948331,231.73042394662158,15586.681609741392,15416.330707760178,16277.828427640388,0,0,1,1,4444,5870.531664570167,Botnet
2078.003840980239,136,0,7375.38116256861,0.0,50.636620177946604,55.41781790198655,3549262.526429924,65447.424743857,8.252650716487093,11.075635541962496,7.436301643966727,1,0,0,0,443,57.4024618863741,DDoS
20474.179780846425,10,18,4339.555174169303,15325.575709081193,474.9653443908454,828.0796008689123,960484.429351705,1367.5761519977457,595.7695355535045,678.1639942323752,602.3664936887112,0,0,0,1,443,15647.30376289551,BENIGN
58455.988480382606,7,9,1668.155019673526,1275.5435464691705,260.88958872723845,141.91428905976247,50357.519266491916,273.71019489935543,15000.263402155855,12664.665276941014,15967.773627321023,0,0,0,1,1337,5692.394498697293,Botnet
281.9695146712824,1,0,41.78345402590711,0.0,40.0,0.0,148184.29600312607,3546.4826797527785,27.82643528058366,26.363658244538797,29.21918187820959,1,0,0,0,43104,13.129779106825263,Port Scan
476.9302028137479,142,2,8951.464561780202,71.46408439912531,62.9007755067975,34.203924901108955,18918761.263066802,301930.9726044657,26.12103696080392,26.85147164230605,25.12721388512174,1,0,0,0,443,494.3529785428482,DDoS
1644.1398238289808,152,3,9219.7726334134,169.43461621131834,62.65821468357645,55.17188069598806,5710710.922236843,94274.22032697062,5.694505615834137,4.959043243982531,4.8259708114910085,1,0,0,0,443,179.54486550069802,DDoS
4952.311291107485,14,14,4281.187355748822,8850.395831488611,280.7462510723483,650.2885206320362,2651606.980121966,5653.925683201219,239.5269473122525,239.845659171601,268.61419630952213,0,0,1,0,443,13245.836691176415,BENIGN
32682.591080140206,16,12,6039.709352450719,9746.344524805818,367.48787588060486,750.8496303613163,483011.0880299524,856.7252189810124,906.8303853612323,1174.2364278787813,1346.390158164316,0,0,0,1,443,3465.570643767195,BENIGN
8653.521391030108,16,15,5450.003725348172,18350.037589969274,312.7263441425238,1157.8098451866424,2750330.211234886,3582.3566614318825,319.85268661681357,258.20880613883156,431.42821876560095,0,0,0,0,22,21357.320096698157,BENIGN
7054.654071128912,10,12,2267.7185207016637,10778.22762855474,230.2521247421824,823.3774017359494,1849268.0176405509,3118.5086863485967,225.1761008427073,196.52835515567278,256.92264328583826,0,0,1,1,443,13237.661233055403,BENIGN
702.4082425535445,121,0,6750.012618239252,0.0,61.16044068571154,48.77965721029291,9609814.07863348,172264.4933096385,15.304143329042084,14.321529513714188,16.998224223526726,1,1,0,0,80,239.1220803444847,DDoS
19180.027216730847,16,14,6099.281157501092,8846.17852672584,369.97093562189764,588.414849377409,779219.9414185357,1564.1270818339,589.6833261917603,753.477352529851,800.0350899401499,0,0,0,1,80,1837.828551667047,BENIGN
570.8064478699515,100,1,4999.007843554141,52.69184045992612,48.79736492289021,48.268147472467426,8850109.705076441,176942.6403238723,26.89846857603543,24.26938818083428,23.491955918145205,1,0,0,0,80,332.3559869726499,DDoS
138816.22049441017,14,16,4122.645169137001,6656.97494754216,299.2421427111469,445.88842875854886,77653.89432363369,216.11307304831885,4086.0870991035745,5378.204270514907,5355.384752854516,0,0,1,1,80,1416.6788707292635,BENIGN
339.5811467683205,151,1,8625.65690683454,36.41587912625304,60.331454938975234,35.423721885067955,25508108.646180227,447610.24410964176,16.805693497258908,16.355738736152894,21.38434628975868,1,0,0,1,443,302.81122706643055,DDoS
1612.2491078799505,16,19,7686.6275055493115,9995.499204477186,491.41109872966206,557.2846367636754,10967366.409821033,21708.804073102412,37.269532466067915,44.3173074839341,53.442775973481716,0,0,0,1,22,17346.791568124998,BENIGN
74479.50693055449,9,20,3367.1704007983158,17175.273549409205,412.60416624515847,917.8071631497924,275813.3719838065,389.3688505086361,3267.1308584919743,3275.2774569708113,4656.6182566932,0,0,0,1,443,13942.396859179464,BENIGN
51036.65867913677,13,10,3738.8982657380225,7247.262407466547,301.05877080884244,686.296706702221,215260.18664884876,450.65646136043284,1690.0355175910531,1922.752132615724,2674.6351799609174,0,0,1,0,443,8550.431904207759,BENIGN
929.3131592870997,114,3,6434.374750311134,113.84484729341159,56.418958328351344,38.50491889636142,7046300.304870164,125899.433178966,18.217663618613003,17.11137905296564,16.459598786174382,1,0,0,0,443,135.3929608582127,DDoS
579.2713845759032,1,0,46.4928968207598,0.0,47.572170091304855,0.0,80260.99348028081,1726.306575167909,42.97220866046182,60.012186693819785,43.485478828770354,1,0,0,0,44349,20.663359659497832,Port Scan
474.8888175165621,1,1,49.503366689658,0.0,47.16457805770648,0.0,104242.01384344355,4211.512097629565,21.645374403897833,29.952117152990247,21.136009139278066,1,0,0,0,1763,33.31858842673905,Port Scan
60720.58091649569,8,9,1751.0143040659136,1728.882117248363,215.52556469760822,176.3572380927172,57309.998830543285,279.9709710185214,14023.049555511043,18514.551060794274,21675.989339066164,1,0,1,1,1337,2423.4674064753226,Botnet
52863.01588257979,15,26,4606.789326118147,16808.43721748839,292.4614076699087,668.1835958098408,405107.92254407867,775.5894989243496,1142.6788121467482,1402.5243052458336,1766.143811650173,1,0,0,0,443,19778.913702628648,BENIGN
66671.34198944327,12,2,2561.7483790953966,207.3089462828367,230.1435813064072,107.14347100219528,41532.94718166443,209.98527376600214,16417.780421039504,19841.12967598738,18739.189021683407,0,0,1,1,4444,7764.900875939775,Botnet
16828.019803170548,6,4,1014.8687443992093,278.6077451141207,160.57415796410666,76.49192939668045,76864.45016362694,594.2469831248899,57.495275547737,50.26585658550725,59.65497972731257,1,1,1,1,22,1397.9943102166449,Brute Force
628.9661178790009,107,2,5081.064041481336,61.93707708928688,43.775776909510654,29.625546958972016,8176912.829444371,173300.27310146648,7.446346737307746,6.923319545432497,11.090425217847502,1,0,0,0,80,82.6349799089254,DDoS
68739.02155272549,6,7,860.3836935756314,1320.0317485350204,153.4559652958826,190.98370575121442,31720.198991168196,189.12110918000917,15442.602934327515,18329.622219746754,24332.48189260548,0,0,1,1,1337,3251.00975588559,Botnet
579.8411417923993,178,1,12362.148078818005,40.263945335562155,75.68157565005257,36.836664624845625,21389327.404080626,308705.24200245074,4.847896645980076,5.838445928615781,3.9812303990354585,1,0,0,0,53,441.5544543055307,DDoS
1243.5112784303685,133,4,6838.685554776612,142.80973744749124,55.39331585671721,38.89529797441789,5614340.145781828,110171.89982621573,31.813673579944705,44.23573025796369,42.7938304820951,1,0,0,0,80,449.066040382636,DDoS
74218.77129717858,10,11,4859.593421322288,7667.01280487728,467.52718876880067,690.7917784348043,168779.48808990547,282.9472872289158,3138.4356384950115,3992.294542540045,2799.1674824420315,0,0,1,1,80,24467.102484679617,BENIGN
26110.730969000033,10,19,4591.275708187811,18710.237520923325,448.8215965494644,1011.1936303252692,892411.3712778038,1110.654467484279,1063.8665833129098,1071.8611493620783,1184.5579450282999,0,0,1,1,53,20817.30488203345,BENIGN
6237.214269504972,4,4,564.9370166024449,249.41644696474023,144.47170807812822,58.14867326158065,130563.65043425352,1282.6238853318941,361.5430795803776,355.61428979721256,532.8387417018394,1,1,1,1,3389,1919.708251395045,Brute Force
9016.02491402662,4,2,473.64047426408314,131.90762549786123,112.32186729299987,63.97292824498742,67163.53443299241,665.4817458041337,94.52545594139904,128.80806109402238,88.21392284722374,1,0,1,1,22,1899.6146153141074,Brute Force
2570.633443491776,126,2,8197.182545380847,98.32555928830928,61.74139438515959,53.95215681088514,3227028.779879676,49793.1746449752,53.429175976018385,45.16944244206358,70.27688914315443,1,0,0,0,80,485.2844173405139,DDoS
10688.946251875212,16,20,8493.482129440139,16160.621731048781,540.7099083645775,785.3719182550421,2306504.6150984,3367.965293462333,298.29259879440696,283.1241936733371,354.5689229532144,1,0,0,0,8080,12463.846133944511,BENIGN
8601.624911954399,15,25,5852.4062553931135,13722.17451194429,405.8181075720592,582.0929618843854,2275684.067568788,4650.284150894402,242.89439934230748,242.5368266268326,353.0724061850333,0,0,0,1,443,22453.337428714538,BENIGN
315.0392204467487,2,0,91.5284674460359,0.0,46.00055769953863,0.0,290530.3895694061,6348.415912037408,34.870924576951836,41.088497068832474,36.5081639212208,1,1,0,0,18500,33.40048680469818,Port Scan
47690.73980061493,10,12,1748.6986675696119,6630.436080105885,178.5938809037718,602.6053300078843,175697.3111070811,461.30548806702154,1850.294249282851,2339.7853438805223,2536.032348521843,0,0,1,1,443,19566.92091695552,BENIGN
19710.948027339335,16,17,6568.664980130523,10548.090780552133,379.5712118143699,671.6082918465411,868388.2549404269,1674.1964899013778,520.2834349003673,676.2631431979328,745.8647743417384,0,0,0,1,443,22996.863350359145,BENIGN
57715.991156776516,5,19,1558.1691519657757,15130.376949988507,304.0042359066773,845.5295963780984,289149.43272172945,415.8292965082715,1953.3232723367075,2291.7513386574874,2372.32448985864,0,0,1,0,443,22186.008917242812,BENIGN
64552.24978849058,12,6,1839.9965954550346,1302.8698074410927,143.95134382541056,223.29955676345128,48687.17067482423,278.84388319505683,15361.948268404387,17192.561104100107,18225.96079137283,0,0,0,1,8080,6254.231050395645,Botnet
66837.6842229688,21,13,9829.93207628313,6837.413557174562,476.46004228317247,583.377947638235,249370.4835412288,508.6950632008265,1821.4277664216995,2275.606823546283,1662.9839253913156,0,0,1,0,443,4361.6509667982355,BENIGN
12863.714804436184,7,2,807.4981821274216,149.56035764375892,120.41246123945467,79.54011034034508,74399.85683149078,699.6423767803261,254.85441125235616,308.94423525815955,272.68064836980255,1,1,1,1,443,1227.2267435606923,BENIGN
215.75096470490513,1,0,41.692446084694204,0.0,40.0,0.0,193243.3819784738,4634.973481429188,20.903538386647462,28.837273446451842,18.214123176235685,1,0,0,0,13007,1.5985283113498616,Port Scan
395.1527874414395,159,1,8720.917426663242,58.76589974432031,52.90866752570136,60.0,22218452.217570867,404906.6717610123,7.926807968414084,7.102464813422196,7.392268339962493,1,0,0,0,80,39.45946246167239,DDoS
12626.708217918029,7,3,936.3071928593927,364.30535328318064,139.30861836710156,115.31044091473343,103004.87852383639,791.9720506259439,278.52055575149694,338.97575706624156,289.4021261329254,1,0,1,1,22,385.2201529542685,Brute Force
42035.92367326777,6,16,2569.4696667080316,16454.47244202655,410.6689021046197,1048.993202091038,452563.9131092205,523.361879020411,1846.6371865174744,1793.565278326434,1656.7972848632928,0,0,1,1,443,14701.030850219426,BENIGN
1616.4009825900891,134,3,8069.00318416403,139.08731595501555,62.820616326700126,42.58970923129727,5078003.904060095,84756.19693108197,8.376193951019728,7.679375898309308,11.449436034693862,1,0,0,0,443,406.8415800780774,DDoS
1415.0117958863168,141,1,7179.756837797084,32.13854628193516,53.91358689752066,34.357667001883485,5096703.366745947,100352.52032019696,49.48586499257326,58.86539941308884,43.97593315401182,1,0,0,0,80,432.96734949534846,DDoS
6992.60594011105,14,15,5287.474157618656,7873.348885726147,404.126626870941,523.9784661135013,1882105.6350182085,4147.237846430032,199.2724272623191,163.47766243696418,196.4620506667148,0,0,0,1,443,829.1065912191202,BENIGN
204844.48670350903,16,11,5311.212244298703,9515.295901519361,304.96060775925275,901.2006404514061,72379.33704936801,131.80730628635214,6938.047686056773,6998.422846982143,6114.717107744009,1,0,1,1,80,15087.755045440568,BENIGN
64232.608974292736,13,8,3722.9177245734595,5510.304973048356,262.2123312519225,680.0573475531412,143746.65524355625,326.9367434289435,3132.2559610632857,4202.316788408334,4171.103381028786,0,0,0,1,443,2024.6212848663308,BENIGN
46594.63103954175,18,10,9013.472702758363,5748.866851866804,457.2274429249982,625.4137199344266,316824.9050431874,600.9276042177106,1652.4627240817108,1889.1303007863346,2199.9192148090356,0,0,0,0,22,15904.639987070876,BENIGN
36650.91880156656,15,19,4987.397828694903,12595.041200254947,368.4561701061334,647.741844650201,479727.10108970944,927.6711501853741,781.7134134932119,1015.9848299483124,1109.7170111297849,0,0,0,0,80,10308.234144091524,BENIGN
15890.621298897797,17,16,8175.772964579632,13229.390334176982,438.9785824774832,846.8614161630012,1347031.2391272779,2076.696648877344,548.0409316526102,515.1351148547051,690.0212565137624,1,0,0,1,443,4664.452700560715,BENIGN
139690.3607116241,9,16,2405.9170621502894,16044.622468961072,252.36974071992574,1012.7716457526489,132081.69437832967,178.96725208985498,6458.384612522242,6326.366062584043,8909.54052761363,0,0,1,0,80,17448.662409420172,BENIGN
5431.459684679438,9,23,1233.7072458691248,23839.6141095189,130.34587113712396,1056.7833178637156,4616313.626724054,5891.602231765183,178.52903240665108,206.40544219057247,150.61384681019385,0,0,0,1,8080,5043.152450957902,BENIGN
54372.47335624455,8,8,1367.3431285400873,1743.3287882016716,155.88763919002798,204.20078383107523,57210.41778550075,294.26654725028135,16744.33308775444,16914.9169443693,14702.874570654074,1,0,0,1,4444,4974.179928224712,Botnet
108394.32586899943,11,17,3534.472625878364,14064.866150192938,315.43968100856364,825.8889284612941,162364.02260890556,258.3161044226573,3247.673713439517,3776.572738146016,4720.660535437438,0,0,0,1,80,21488.418872709084,BENIGN
1277.763617745731,178,4,11272.845972745943,104.50687198600389,62.733325275068474,26.158883416498853,8904113.94308144,142436.36105486387,17.80770330573029,16.925923005688627,15.28359390111538,1,0,0,0,443,415.6945924103096,DDoS
473.77043991862166,1,1,48.27363343921405,0.0,52.32787388590933,0.0,101892.45544214598,4221.453749506903,45.37242158541518,60.574968655539216,53.58783861911795,1,1,0,0,2661,28.310377234104976,Port Scan
66009.86931583457,11,18,4842.46369352111,14844.814550145937,424.90347978772706,822.5893356389296,298247.49613531545,439.3282444060744,2453.4899601001953,2196.850471977156,2332.57227774382,0,0,1,1,443,5523.952250144563,BENIGN
69928.40381889159,8,9,1263.497866538045,1613.9947146531863,160.10634739382795,178.41059969545037,41149.12430496317,243.1057920902714,14660.642989006008,15072.560429311803,15427.443129193536,0,0,0,1,4444,5885.352999467452,Botnet
409.72231376622693,134,0,10418.016934464085,0.0,70.99903504572164,59.34932485156991,25427018.70127639,327050.77438485733,15.312645183834293,16.52463359160778,14.462051326656661,1,0,0,0,443,435.44819668057056,DDoS
1477.1167766355777,123,2,7643.235639666481,123.90284293532062,67.85374692229595,60.0,5258310.382401165,84624.3181156685,5.871104152876853,7.987798506017822,6.3830305190460725,1,0,0,0,80,186.59098394523187,DDoS
2260.03614113415,10,19,2630.2274438886893,9418.029753811574,242.66661633939805,488.3008225927381,5331002.004089239,12831.653207743386,78.6106132177241,75.35681322183795,114.46513114272149,0,0,1,1,80,8193.717263112008,BENIGN
48914.39107456625,8,5,1832.5303986999695,799.7818934222462,244.19077339057372,146.85607190972874,53814.67977613085,265.77045557374913,16487.858017101324,13252.450252097671,21010.725319427413,0,0,1,1,6667,1752.8815116137548,Botnet
126319.94151010465,13,13,5960.641983528566,14752.688371226299,434.31479827782505,1176.322875879922,163975.1420649443,205.8265677547056,3481.572124974443,3763.696371130328,2839.6303899500745,0,0,0,0,80,15897.152313878643,BENIGN
75118.76839370551,12,4,2613.4280943682297,772.3419953595707,239.6208870130039,203.7832671556074,45072.22578494121,212.99603737034514,14942.941306580859,12814.213268371923,19510.74330328994,0,0,1,1,1337,1540.3552109145933,Botnet
22114.273373533353,14,17,5878.994997277552,12438.448729732028,427.92719316516894,700.0558628405158,828308.6411029056,1401.8095678016352,771.4578772380112,1048.7722080157018,1206.419569942696,0,0,1,1,80,21875.76658130091,BENIGN
38727.10485888978,14,18,5046.050434420821,13171.845926899463,369.0455806996587,668.1695889931353,470417.20334378094,826.29466149351,1053.8528439680529,1152.0362000930538,848.8991527307439,0,0,0,1,80,2135.6776719496534,BENIGN
101226.62692761554,12,9,4342.337478166248,6321.017373564703,350.87615357742715,772.5281233736368,105341.40250821585,207.4552974586078,4453.866367929331,5900.169154733192,6476.667638408106,0,0,0,1,22,23333.796366896087,BENIGN
18845.68899292839,18,15,8010.198222917592,13770.503333998684,415.5889442955586,1004.7563732888451,1155739.201951662,1751.0635993400317,827.9706859121359,881.676300692396,1024.7722655145242,0,0,0,1,80,24859.899682491403,BENIGN
84733.37903964162,13,15,2005.5553669989793,9686.052852501909,146.45115442626917,620.6970526261091,137981.1398059682,330.4482875266959,2593.2494985666294,2678.4485575001227,3556.102321634973,0,0,1,0,443,24823.435196920916,BENIGN
6761.233986816513,11,12,1704.760596934718,7940.326862069762,166.2775699576774,656.2204783533887,1426527.6838238537,3401.745900947501,258.39792027992536,270.2757121627793,329.06955633638677,0,0,1,1,80,18096.07550298094,BENIGN
19378.346911029446,9,19,3784.0491416309287,10847.499036476318,396.8006470663751,625.1646625738733,755046.2506055924,1444.9116907935745,689.7458508814817,641.7493002264785,926.0699190405509,0,0,0,1,80,12445.774434953399,BENIGN
47662.14022893431,15,29,6631.003762492346,9184.026573360965,448.4889061086502,297.9470196387056,331815.36246356944,923.1645870004149,1026.9625286333467,1157.8210984370578,1521.203519252053,0,0,0,1,80,16521.826240686736,BENIGN
8704.021708798327,5,4,355.9415300466515,372.73079725660665,69.07448355802364,101.49631347423457,83716.74056909703,1034.0047740118212,103.70296055969692,113.73973287642406,104.87583741663336,1,0,1,1,3389,2898.0823430456244,Brute Force
3738.353237403092,13,13,4557.340959317062,5971.004579045413,380.33597102859864,479.4125162173984,2816305.7019395423,6954.933990684445,175.8524064787297,245.0564437130674,270.08074413504096,0,0,0,1,443,5052.522266036798,BENIGN
62938.657137082024,18,13,7910.839829744972,8818.338488250587,436.8152611213691,712.2500937386836,265801.32273173507,492.54307940636863,1907.7937205814517,2595.5208217695185,1987.9497484307574,0,0,0,1,80,3697.5297328586507,BENIGN
64900.83075301692,24,11,12464.806781823676,4773.317994329103,517.3616756001458,439.3250099670493,265607.15134376707,539.284314143745,1496.5043841961965,1620.234533191696,1848.196710828721,1,0,1,1,443,3106.533305130791,BENIGN
2574.6688947007606,3,3,341.8193594691203,237.73817544121624,119.33110459004729,77.93193409547997,225099.83171164044,2330.396740469942,105.0537701309924,106.68302716210592,146.07357534000724,1,0,1,1,22,443.61142635066255,Brute Force
111825.22311413514,21,21,7185.074984546363,8038.249125564122,363.48452203842663,388.76715832420433,136134.97640485546,375.58610508769056,2622.300617109313,3014.8758425017004,2752.940774816678,0,0,0,1,443,1740.7153079827178,BENIGN
13397.330665352083,15,20,4131.122347512637,19981.078367897553,258.6794112968883,917.7780951854922,1799776.486652576,2612.460711335305,493.38047914922487,495.9153967687558,605.1528970604966,0,0,1,1,53,9711.694773597837,BENIGN
5008.928183139288,12,18,4143.145663076684,9485.287454069716,373.22144364207185,566.6960165987208,2720828.2129141917,5989.30527712175,153.7093558251344,155.6877889982741,144.16286024370723,0,0,1,1,443,1175.097734908852,BENIGN
58235.245642095106,14,14,4888.569851909762,13449.17819114342,370.7060584029735,902.0950183081401,314890.8850793585,480.80848103713186,1566.4224890601665,1357.8717272401157,2367.2520621148874,0,0,0,1,80,23541.695223885745,BENIGN
55.06796250129894,1,1,43.98132990378538,0.0,47.8044093370339,0.0,798673.6371941844,36318.7579339407,23.516345780505894,30.173270399813653,29.639834281770685,1,1,0,0,3755,19.985909332641288,Port Scan
12109.107981718655,19,11,7369.49425943451,5076.94175336217,390.2339730156722,502.01571080462605,1027857.3807077528,2477.473984482718,373.66056948269653,471.482910662572,331.51260132430343,1,0,0,1,443,6844.986127262607,BENIGN
9928.262669890111,5,2,647.8031759213021,144.90281596143265,122.6862022870255,67.70878279249233,79843.37423775159,705.0578971111648,236.42549824834,277.3080364120491,332.31522011859187,1,0,1,1,3389,1125.8129657939846,BENIGN
60235.40766209895,10,25,3114.7874894346196,28416.84620876943,306.1957599843023,1034.7085329136708,523473.40081246337,581.0535922050801,1754.7850968587275,1911.8291135179015,1429.7458165832172,1,0,0,1,443,4119.494867026232,BENIGN
17103.67683705817,9,14,3239.3854063161507,9364.555350767921,398.6273192409064,630.4225075376245,736914.1078353038,1344.7400941396643,589.8298408794457,686.3415352223114,844.9667661318017,1,0,1,1,22,1453.7848853094015,BENIGN
20594.5798763744,8,13,2581.6942351043576,16920.356104410534,342.9234005390748,1304.5222566211237,946950.6276205794,1019.6857681030284,629.3518070006644,631.515711959232,691.0915054448476,0,0,0,1,443,12803.86480892445,BENIGN
31460.662161102166,10,14,3286.282073234445,7133.639949386638,310.39717809334115,480.6393047447365,331204.79058143386,762.8574337406509,1368.5660937205969,1373.7232375095944,1880.9384621607708,0,0,0,1,443,3588.3622778888675,BENIGN
7219.748521305912,8,1,962.1701747219796,86.46603399811076,131.34962684021394,85.21002069288977,145245.53114634144,1246.5808155838752,317.10181494615625,390.738065993781,420.2962636229325,1,0,1,1,22,1312.6388059446035,Brute Force
61209.54250192994,17,22,6060.634196191806,19121.32857455403,378.47436052455004,837.3763908431213,411405.8321862453,637.155554606054,1762.8557230109068,1614.914304320271,2765.9128089295327,0,0,1,1,8080,5667.550542931906,BENIGN
2054.863518650164,15,13,7145.369499379149,4142.993174725312,465.77189171293594,345.0303852461749,5493485.368565871,13626.209111149701,71.24282710327864,60.29382446907822,109.68748830036171,0,0,0,1,443,8748.896013656202,BENIGN
1094.3312650539958,6,16,1482.4376174944773,13209.400648604284,274.42077751752447,840.1566620267423,13425403.015762186,20103.60180919668,45.23590072793687,42.15712054133828,66.25639678317752,0,0,1,1,443,22437.80831627546,BENIGN
6058.754063372438,12,14,6324.046696777544,13115.063007451785,489.3835455049405,907.5394182568252,3208433.532852311,4291.3113369595685,190.31597915528133,247.24893568700026,273.84554689929297,0,0,0,1,80,22240.6633388336,BENIGN
325.84395809576534,156,1,9752.299763366904,45.35179758606367,68.75158041464722,49.82615336568767,30068538.38325105,481825.7208680782,3.511873294691362,3.8237126840175186,3.603110973129295,1,0,0,0,443,139.5773564968278,DDoS
13770.413626248697,4,3,471.3741150856931,269.68659384958823,129.26370506802684,81.98843028083371,53815.4284285765,508.336219229961,135.3549764742944,130.3720138923136,167.12213632514437,1,0,1,1,22,2031.3421563671773,Brute Force
40414.909635980424,13,14,4370.017971422155,15075.279508504627,329.3527045909491,1108.3862223089225,481141.67902568064,668.0702800820454,1368.8971756419917,1192.8786281042876,1663.9689089345836,1,0,1,1,80,10020.503299082573,BENIGN
7921.009185280588,9,14,2360.8550364678526,5974.684107070931,276.68594710673113,392.7177707610189,1052332.9728020648,2903.6704114344825,388.11846124640357,323.42532491132783,386.2530781890168,0,0,0,1,53,10569.149380742207,BENIGN
61475.455576471875,14,12,4415.8313865774035,5090.339781231375,332.6474276166881,397.3751843113432,154633.60260882747,422.93301865258275,1878.4234257193273,2294.984456965489,1560.3723441020613,0,0,0,1,22,24162.842904046072,BENIGN
2929.444766516675,6,1,918.4967849392744,100.084303204475,153.91758705681082,92.76029497070584,347704.4864562909,2389.531313240466,203.84167804451974,216.25387931139994,323.469213191615,1,0,1,1,22,1081.6873556522391,Brute Force
400.90193757666907,1,0,42.675476433375394,0.0,41.07095901808374,0.0,106448.66595391317,2494.3755723524246,34.33192852639972,31.654019520693833,45.898528089678734,1,1,0,0,29505,0.21307556313665543,Port Scan
2386.166914959205,10,15,4279.821357679067,13163.152579816924,454.66346824327786,960.8649615347524,7310039.305357734,10477.05415881496,73.04348568979606,75.48290672523699,77.67451290249497,0,1,1,1,80,19829.19353841454,BENIGN
4827.946297549217,16,10,6408.619515711489,11087.758228630824,441.3216258713615,1104.4989903135988,3623979.362244336,5385.312594135157,190.3622182746778,253.59240636089132,217.05283566138198,1,0,1,0,8080,10782.956562532298,BENIGN
58671.75070104933,19,9,6046.32533135604,10905.493821109365,313.7159941181832,1232.9097207725813,288926.42455549265,477.23137055631145,2561.2721650235017,2172.0161687277005,2711.442838852628,0,0,0,1,443,23620.17250341975,BENIGN
64741.31060573676,10,2,1770.4566207929292,322.39040949443995,163.88129701512273,154.50016082479752,32326.300019356127,185.35305954922504,16562.737749121265,17708.07160379674,14297.040726254916,0,0,0,1,6667,5986.4842003398735,BENIGN
74977.8169802257,9,4,854.9360635192389,494.6065727434327,95.41690988851937,114.79327056418498,17999.225512508503,173.38461592484825,14995.180853341975,15569.521591429566,20406.994477252018,1,0,0,1,9001,3829.041077227931,Botnet
48051.26259052175,12,15,3758.8871528560803,14289.605136391725,343.3014731040429,1034.890665219942,375609.11651898874,561.8999073986004,1053.1671125283265,962.0812875865156,1655.2767376216384,0,0,1,1,80,18924.580652603243,BENIGN
31452.603091266534,13,12,1719.894089159394,4708.694912259603,133.20925775182238,396.34338522066076,204389.7283402921,794.846770788958,910.4120048632224,891.1543583860887,1402.690337423937,0,0,1,1,443,2845.1055825253243,BENIGN
2648.8305859168063,3,2,292.54069771342307,170.0249825920037,107.82562826538907,81.44378146927218,174630.14915516943,1887.6254399144266,121.81201373566961,113.98186570494963,113.46331065114316,1,0,1,1,22,698.1877158298506,Brute Force
2972.735349458466,138,1,7191.924628835203,42.90441925301861,51.58279793373396,39.1307693650337,2433727.929869764,46758.28274633368,6.567505666195921,5.653194399863975,7.149556756160536,1,1,0,0,53,386.96498073999066,DDoS
467.87737611289,112,4,8044.79736797679,161.9744635816138,69.60478726488036,44.26909249925374,17540433.136006698,247928.20923235107,2.47800592428231,3.147783586439469,3.8279587621635387,1,0,0,1,443,306.31527227880844,DDoS
35929.79763986613,7,5,956.2438951279456,833.3662991536984,141.0124172892598,172.6083687797034,49808.52417314956,333.9846252483573,14233.289230667013,17797.43214078086,16974.63697275911,0,0,1,1,4444,5336.928193974157,Botnet
20082.020697015516,18,16,3405.655111938418,9325.22569428351,207.63236875650136,601.9420926281498,633944.2130001351,1693.0567154057808,484.9390722866457,401.5817453559077,629.0968543639457,0,0,0,1,80,9310.654883649437,BENIGN
23730.71952849224,16,11,4414.72575369729,8958.88341256421,276.8318080807487,798.3424751335184,563556.8340102163,1137.765754113882,1091.527486274158,881.9274037928817,1370.0833155157482,0,0,0,1,80,4702.448518628168,BENIGN
73788.93889764523,11,16,2270.584084808744,8455.89670657853,199.63831062210315,539.4887060222511,145367.05570825844,365.90850069618807,2707.4252752711914,3765.4186725919394,3788.920158956891,1,0,1,1,443,21292.03442157477,BENIGN
12764.11875549138,5,2,664.9549517439557,134.40330385201085,121.35591571281769,68.61468876222142,62625.416678457856,548.4123216096262,247.3347879335428,340.168227679386,253.28567218897987,1,1,0,1,22,1429.391552561504,Brute Force
19316.771529257898,11,19,4929.555607121764,16329.90934282677,438.33834339091055,800.8960028501107,1100570.2954941597,1553.05455440941,953.4373336762067,1121.5825688376478,898.547716148068,0,0,1,1,53,7520.58502242311,BENIGN
58174.208531221586,17,13,4285.444449501174,14394.319653740631,270.81301683685047,1183.2898256632725,321100.44253058534,515.6924478637172,1894.394697988915,1777.6542949082886,2635.2491293341463,0,0,1,1,443,22149.138375676495,BENIGN
63544.421894789026,12,13,5140.534304317273,9977.200858245951,453.3026494235181,775.8780195368444,237908.13909037953,393.4255636378703,2648.6552094143176,2470.8783391038255,2409.9278079566006,1,0,1,1,443,10126.267978132993,BENIGN
899.9247676238803,141,1,9532.68964398763,49.40416797965449,69.78816814248044,46.18437973935075,10647660.956445727,157790.9677660392,9.219318274996965,12.86002269822906,10.050681323566401,1,0,0,0,443,404.2697137031574,DDoS
9016.03846230163,6,12,3345.636952209623,10377.095800561632,554.5722269285986,947.9340871626049,1522035.7377743584,1996.4422373820403,366.3616961062392,347.77434820551673,500.66968058757186,0,0,0,1,80,5502.251087077419,BENIGN
62807.72060380782,7,6,1491.3121943946326,932.0269819481802,212.0351303883204,172.00247722023835,38583.4600116963,206.98092328496082,14728.058171401632,13922.471235947778,16664.155778149056,0,0,0,1,8080,6007.379835377901,Botnet
6595.904926349326,14,11,2812.3864882067724,12714.817829901811,193.21563010586982,1104.0085553213687,2354067.3329114397,3790.230495914212,180.4574331795488,202.45086648083156,263.3075902666412,0,0,0,1,80,18445.721759202243,BENIGN
96869.24924209819,10,26,2383.6955588170745,25325.371031620754,226.95160290746003,1011.1558395759079,286046.05493727524,371.63496446666835,2244.4023197487318,1935.365857460153,2773.036497583356,0,0,0,0,443,16460.5771663123,BENIGN
11104.34904149655,7,15,1893.7994825276437,12502.167326474284,299.76838989983275,810.7884046614928,1296425.9998676844,1981.2057345988312,504.1552708950252,467.59396245504274,585.4135022981029,0,0,0,1,8080,8334.406825954047,BENIGN
430.16910256335285,2,0,82.9216588795422,0.0,43.9172203589054,0.0,192765.25995339235,4649.334385203669,13.140778476037998,14.165319853830004,11.951284239290784,1,1,0,0,65530,12.444859725073181,Port Scan
1626.2515449153673,15,22,6358.4380897911815,21556.242015914777,434.036538108164,982.541676315029,17165044.48096231,22751.707825080368,52.36041348092436,60.53359795278382,81.24544812272688,1,0,0,1,8080,1672.085548101506,BENIGN
16279.372588280772,4,1,487.081899908393,87.53661967493554,111.65557004483246,91.55734797858612,35297.33817856015,307.13714382330744,188.9053442844118,199.37499898258264,202.28436403886494,1,1,0,1,22,2220.0881825344345,Brute Force
51179.06946025927,17,11,2823.7352273894858,1881.5944343921315,174.8856801687496,184.3474302171788,91938.55440133243,547.0986537131571,16072.131872689484,18686.678820800815,16976.297196901884,0,0,1,1,1337,6081.660065426216,Botnet
37895.34336917294,14,14,6125.737967448552,9649.827296289624,411.73232667906507,680.5183600451587,416292.9758955889,738.8770627363522,1174.681755057643,1307.1588907409962,1628.0214557644015,1,0,0,1,53,12365.161962239734,BENIGN
129142.15229544735,8,14,3702.1620293018973,8655.159919129623,424.86032910005986,678.5798402448794,95687.74972993192,170.35491207912574,4201.4088252681895,5155.312809028602,5262.279034611003,1,0,0,0,443,14067.431572368054,BENIGN
109219.29567895462,8,14,3607.478558785771,7668.907324037318,411.117456224274,534.6521960633335,103245.3634929998,201.42960878147437,5477.826451178383,4702.819561676003,8513.464700154778,0,0,1,1,443,20345.40276916732,BENIGN
50338.727457083995,6,5,1441.1397637481225,1024.1390473283109,239.0309793414568,208.78047747891983,48973.80080134511,218.51962804141183,14465.474273940345,12911.176960923309,19823.335196872806,0,0,1,1,8080,7972.663035271841,Botnet
10285.753045999156,15,13,3985.2094155069117,11315.991046409177,279.15871475128023,882.9210521715215,1487611.105719458,2722.2119639447446,464.06209696409485,540.8996523292464,680.3661418390628,0,0,1,1,80,21129.101927901247,BENIGN
17477.722947581282,11,11,4517.0143228274665,5385.944154508486,378.41697909900074,525.6771368028702,566604.6147451039,1258.7452075983701,563.7771045257788,491.1870970912417,488.32515795970926,0,0,0,0,443,15788.867994496397,BENIGN
39885.16604795727,12,16,3734.395648948406,13033.568399442276,308.1796673695117,772.3544143863351,420406.0233378283,702.015380012039,1217.3062422707917,1317.6489438340975,1820.053303051985,0,0,0,1,80,8939.721346100781,BENIGN
31387.025515660585,4,26,745.1940173997643,26772.454652910303,180.47709933804916,936.6151657805611,876720.4989392867,955.8089531303779,1113.5029414485825,1399.0362105083395,1735.6706373911459,0,0,0,1,443,23049.96077215188,BENIGN
336.91740661083793,1,0,43.08889716238882,0.0,40.0,0.0,127891.5731776345,2968.086481667202,46.09534110098204,53.23887650820724,38.38276654994055,1,1,0,0,13134,37.45474163529799,Port Scan
42367.267615005374,13,15,3927.65737855993,8214.880473627147,275.67216618951545,514.9089366412602,286601.863554838,660.8875572160603,1457.3071422497476,1485.1704482910932,1626.4858863689165,0,0,1,1,22,9364.929723869753,BENIGN
398.9393497955658,140,1,9750.907672014853,21.915844021719362,70.65257996682368,23.73176537722781,24497015.701871976,353437.1830511446,1.804982271067793,1.9872766164898938,1.4575442939033374,1,0,0,0,53,218.59688033744834,DDoS
19486.402511005104,16,20,4003.5168179899574,16908.342944218915,272.90903055094026,869.4824345559103,1073151.3808358794,1847.4420806851706,556.7704094834615,647.2529733988162,454.53014555643654,0,0,0,1,443,3001.1724751230436,BENIGN
49846.59668112562,5,5,961.0698483507014,957.5900890857519,177.5722092193123,193.8070275686295,38491.29258934848,200.6155016754934,12685.166011902818,17052.366315759617,19042.237446594074,0,0,1,1,4444,2955.1118773172166,Botnet
216275.89369045728,15,21,5272.06218224923,18053.53468725973,334.7238931312941,887.8067261483745,107851.11771584442,166.45405729556083,5290.668297767486,6937.400354051558,6865.666003691991,0,0,0,1,53,15586.657147689597,BENIGN
92142.9485431592,6,4,1276.250016571735,623.9811737005622,231.6295402574838,158.92664630500408,20622.64362402339,108.52702413051239,16709.733345112803,13805.281561770036,22802.175634403637,0,0,0,1,6667,7698.193222339603,Botnet
10534.807413214885,7,12,2991.5673977683336,9734.784753861388,456.0793886994813,847.6817800188903,1208028.9323244542,1803.5450725151711,509.20122540774594,458.26798732274705,802.1253191601528,0,0,0,1,80,3266.925461540678,BENIGN
175.36621238096134,1,0,55.97975607783093,0.0,51.74610054724131,0.0,319216.31492058374,5702.3527304542795,27.534172692838773,30.73776222251244,30.453402961247612,1,1,0,0,40086,3.5568032921826087,Port Scan
79275.91629592287,10,11,2537.489370331526,2716.0525157036614,255.38620254355632,241.86851183271682,66269.0780693679,264.897600446657,13787.904843424221,13313.698105645433,14405.303364949468,1,0,0,1,9001,1511.6897727112441,Botnet
19253.25399936314,13,9,4438.933150386768,4893.654767931566,311.29313933308293,585.9567540947018,484727.82411882374,1142.6639881615708,980.2816682914901,861.9787067079959,1477.280537543696,0,0,1,1,443,4805.033258570848,BENIGN
66155.10734227451,9,10,1436.945845843103,1373.866081542614,153.15800075707574,145.42628346537214,42488.207491571084,287.20382693504604,14786.037448786734,20371.57513826689,19613.137708751136,0,0,0,1,9001,6895.617369486655,Botnet
12459.92928291298,5,4,563.6465180144419,301.2782397008721,123.32599176194692,82.1204124413941,69416.50615155858,722.315495990994,151.8733027445025,167.88313649363727,164.7882989893268,1,0,0,1,22,1861.9321432399347,Brute Force
7587.395699137504,11,18,3087.2986378889987,13336.27658488483,279.33222062610236,767.6473188312661,2164586.621551948,3822.128323068292,247.35550784057514,244.12187196321497,288.4299873789253,1,0,0,1,443,7289.577898546186,BENIGN
427.6066082716805,173,1,11835.166732702883,27.681177837965,75.31729555395204,30.351581986259774,27742433.538360495,406916.0687279389,1.976585803208906,2.7590897581111213,3.1177086905238975,1,1,0,0,80,14.105250304552287,DDoS
444.65139051673503,147,0,10436.771659571745,0.0,75.20927274543524,30.471607539688332,23471807.087892022,330596.0649963771,32.76612184868346,32.30230266026813,45.3770959611498,1,0,1,0,443,411.2586942363734,DDoS
4230.793299298029,11,6,2455.7216831904857,2603.989261407195,223.27465873818673,475.95300644859554,1195924.8742870954,4018.1589591769075,232.42496050272297,220.42522136134647,299.4296873191688,0,0,1,0,443,6863.651851696729,BENIGN
58158.582735012045,17,9,5966.145320630324,3547.9476439795158,382.4593444201219,424.3435656237091,163588.80352980577,447.05353496084666,2205.214182697465,3013.599753403672,3421.3007781795914,0,0,1,0,443,15185.280940023295,BENIGN
150.03735502821849,1,0,37.878790115089956,0.0,40.77154010470586,0.0,252462.395834463,6665.00685653865,15.074838920994408,15.014045585558934,20.847758984536892,1,0,0,0,23751,21.093736764419496,Port Scan
23597.852491321813,13,11,5858.743285588411,6159.6371379598,456.752520814143,572.3475712378893,509299.75208413607,1017.0416994015061,672.8602810031991,839.9353291076725,998.0339414426847,0,0,0,1,80,3449.335584402441,BENIGN
800.1933472954944,11,18,4555.980286948559,14684.115823500184,384.1407313426391,781.1212295183843,24044309.010411937,36241.24106756778,22.955679078543678,27.831531488430727,32.849266943476714,0,0,0,0,80,21189.78009521821,BENIGN
63288.46726356483,15,17,6324.204317212227,7359.310597981865,404.6821076518621,439.7546863259552,216208.66339216416,505.62134593552395,1642.4743915534616,2260.2339911790573,1344.772578652007,0,0,0,1,443,2795.4050390597863,BENIGN
23675.691865813427,14,14,4877.473052781674,16242.424227345547,331.8059389232084,1107.2906520907795,892049.8458853213,1182.6475930965578,595.6533276014275,569.1451432076557,863.9780757006388,1,0,0,1,443,17175.54480836278,BENIGN
40733.49242480937,6,10,1667.9190342670604,4147.854152320574,276.68224240743336,407.311270820739,142776.19816967737,392.7971565299653,2185.6728748759565,2877.479386112959,3253.2204386793114,0,0,0,1,443,10785.161319708623,BENIGN
37883.60918242444,7,12,4006.876231343308,12613.198129138118,539.3496320717052,1027.8093694720417,438714.12252325926,501.53616326542556,2239.976564147036,3072.9999549963068,2097.2466539625393,0,0,0,1,443,16392.586423783898,BENIGN
37077.370817143856,11,5,1628.3837533718652,1025.8232323236869,154.07366926359165,212.59575678094296,71585.63099809381,431.53005856073025,13698.566100390712,16337.130646602203,21678.536818606313,0,0,1,1,8080,2880.002886257892,Botnet
77886.59299791897,9,12,1741.574948712473,2226.88113540889,209.3196181863238,181.88818639378627,50951.72264406783,269.62278348163323,14570.758731877768,15186.615944461873,13770.113857495011,0,0,1,1,8080,6339.993266544919,Botnet
716.4241455243215,1,0,51.98539784559312,0.0,50.096086748041834,0.0,72562.31964033979,1395.8211853233129,19.780557579522192,26.28408918408769,28.477294173456947,1,0,0,0,65368,8.804672453378032,Port Scan
3881.732881679192,11,15,2333.139596952107,10151.908074013518,225.30903483970633,632.3317858523186,3216359.3043436673,6698.0394562216,131.6356497914584,156.9948633816868,157.2615048390977,1,0,0,1,443,22062.77213857357,BENIGN
69564.24867454852,7,4,1838.0409344550621,712.5050537888543,287.12049196464943,166.43640397147678,36664.609146811425,158.12720196925767,13591.735535059217,14501.112593080254,20674.263627208016,0,0,1,1,4444,6035.0885749071695,Botnet
103236.58141866208,10,14,4608.707817619579,12379.552913813133,460.21770821797963,895.2369920374902,164556.59900766282,232.4757336032973,3795.365749498569,5191.840604894048,3453.9441018495922,0,0,0,1,8080,17600.677680325272,BENIGN
47438.10003801658,11,13,2645.3194825704986,9379.50904511952,227.28989869118462,775.8204945329503,253484.61506791797,505.92245433030746,1577.1498707187745,1688.7073143372074,2338.1773943892454,0,0,0,1,80,897.646674983275,BENIGN
149937.5430227399,14,12,3339.170099708978,7266.637915468138,226.596774754435,597.138374066792,70734.83932952411,173.4055359040849,5595.12801028618,6983.6283707994435,7451.862353205402,0,0,1,1,443,8246.763985976271,Port Scan
75519.02605116641,6,6,1314.181225543636,842.8505949634167,214.57340189836071,149.50190759756865,28562.760052620364,158.90035435400927,12882.159413018104,11603.788251575517,18496.051830891072,0,0,0,1,6667,6467.601984367341,Botnet
62075.89194150443,16,7,3812.564669379563,1030.043120671861,220.9002759519577,162.25152847372493,78011.08672936552,370.5142089891103,15724.992556678073,18606.81357815637,22732.507809646813,0,0,0,1,1337,2835.154615042194,Botnet
8326.303036957017,12,17,3611.1840237803312,9476.857462421714,307.72562595860654,561.5795589023617,1571891.0815652085,3482.9383306469854,226.7481520141157,234.8200955458886,339.1493765138676,0,0,0,1,443,23501.441948074516,BENIGN
5423.095114974269,14,15,5364.766163375407,13907.129043174342,368.4807196385667,955.070496923225,3553670.8831339004,5347.499792125183,267.2044450095293,303.4664716373407,262.88080198835723,0,0,0,1,443,13015.664147542024,BENIGN
2216.4283709301444,133,0,8003.263935112424,0.0,65.34897204608815,53.91468553895304,3610883.1848934423,60006.45080363473,20.59676633960329,24.51397707073236,17.799508134026485,1,0,0,1,80,67.65182871590709,DDoS
48593.17402435436,11,5,2327.8502122490668,898.5644566095477,206.52599409937554,182.69328766889686,66396.45863103264,329.26435288999596,13554.824102401519,12382.791614705362,21617.410276182567,0,0,1,1,1337,6474.369599631178,Botnet
10094.862089323857,17,17,5856.176204298221,12813.164004659227,314.1789502802334,780.1995008088012,1849390.3179422137,3368.0499742495526,349.8538539475705,280.8592877340243,356.63041734122856,1,0,0,1,443,24296.630357224734,BENIGN
1057.7305008613457,111,0,5660.391606897682,0.0,50.12825738499527,32.760244741384696,5351449.733451229,104941.66511186823,21.787142614754526,24.005210300731743,24.892972262814233,1,0,0,0,80,308.8030524931705,DDoS
13672.406638266522,6,2,677.6288306499346,192.40107007425834,107.10145884774705,96.85442318520509,63633.99829618445,585.12010443059,397.17926570256355,437.1698698417964,346.26576083224495,1,0,1,1,22,730.3649024302349,Brute Force
800.2948463740198,115,1,6187.1978507565445,36.477185518520876,55.90212159729288,35.190583995200654,7776727.620418057,144946.57878352387,26.154506951292174,26.63892082396402,20.958339182893848,1,0,0,0,53,117.8096599678513,DDoS
47505.874935853724,10,8,2042.9270678901562,1251.454883664726,199.4873395366013,155.72058215620825,69346.8324918386,378.9005049229186,13275.439268904534,17593.776864211668,17140.742214022426,0,0,0,1,1337,3194.55643626612,Botnet
9022.674266638576,4,2,365.6634142323192,243.081558976924,93.41861458849787,115.16712636545137,67468.35308685404,664.9913121861284,114.0238796309961,139.0225597420571,172.5193566643147,1,0,1,1,21,2489.232365458305,Brute Force
57778.39977998901,7,16,1659.531648375497,2840.4407398915228,256.79781701224397,184.8957055178414,77883.29904258686,398.0726376566391,14476.395828355044,13860.009297212917,14349.191006758907,0,0,0,1,8080,5273.092953798609,Botnet
59.6892507644339,1,0,45.99655786129371,0.0,47.27282086635083,0.0,770600.3555451053,16753.435286808028,44.524386201368074,58.1704315084744,50.57372722774238,1,0,0,0,30935,32.88902957696344,Port Scan
1781.4224997572644,179,1,10597.507501133701,31.63821836506498,65.6492278170651,34.358571777067695,5966661.878890094,101042.84639075048,5.124793250202079,6.7205418655583316,5.56455360711885,1,0,0,0,443,480.17763851698163,DDoS
42371.65640288592,9,19,2258.5927716750807,16866.80412954056,246.4690229995339,808.324612943237,451372.4155450533,660.8191035480248,1239.6362163164124,1450.747899971022,1040.2494400298779,0,0,0,1,443,22011.065290458737,BENIGN
5620.693733446118,13,12,6048.496301194546,12501.959192753762,460.8802342650265,1110.1028226587198,3300385.3925651964,4447.849533454687,259.7333919309119,209.5595793638779,293.9692379337248,0,0,1,1,443,23309.02003517026,BENIGN
13788.713465160672,7,13,1729.743787470199,12079.637049005149,241.27577883460805,1017.5274873223381,1001498.8614686131,1450.4616439041329,701.9552583171017,577.2344984256082,964.8444364413162,0,0,0,1,443,18585.649029088232,BENIGN
2028.0431657829556,149,1,8218.82835857798,55.488312803199555,55.518371555638794,51.21573637968698,4079950.9650411014,73962.9227477958,18.557299085136417,17.4616786181069,22.21339060961764,1,0,0,0,443,486.9636783584663,DDoS
32762.92817095719,13,12,4338.507835492132,7773.546999090906,323.22952560042893,612.7458521122793,369687.79992381175,763.0575591274938,1113.3163684312813,1480.7579832345896,1626.8136372829597,1,0,1,1,80,11406.593655810888,BENIGN
23297.764751599487,15,16,5681.704054167112,13787.840455579595,399.6447096647201,805.5055705395683,835682.9385707505,1330.5997519728464,691.481757047639,853.1118184921572,765.907539143809,0,0,0,1,53,18531.524825484074,BENIGN
5656.21343157635,5,3,660.2157149232991,233.08955394767767,126.46996619074834,82.49825119997323,157933.44428695267,1414.3737850023904,217.72032153134685,227.57074284075878,295.2005586026341,1,0,0,1,22,866.0275579166199,Brute Force
46815.73488933314,15,17,5787.640645861022,13583.543821598241,385.82013586110435,753.5283365027303,413775.08039231796,683.5308700300062,1406.2020503697638,1895.8393350092183,1173.8972436540917,0,0,1,0,443,9638.445764389773,BENIGN
47689.52699750927,10,15,2135.8915419796176,9487.491375134146,195.2366942200502,629.0391999334518,243730.3040921507,524.2241132168433,1527.3584327070175,1923.6832707474518,1717.8840340499485,0,0,0,1,443,13457.749598938179,BENIGN
414.22072909696845,138,1,9324.9581307207,31.27738168978143,66.54170614286677,30.265402141530135,22587559.856812965,335569.8791391493,9.611534296988799,11.259355705404667,12.933727157923883,1,0,0,0,443,396.2486657811283,DDoS
9958.473334461314,6,5,668.5739845655263,393.54877467923865,115.25780044468495,85.25583129903703,106655.17932043734,1104.586981413555,143.39436191340374,181.89544798071535,199.03075757943728,1,0,1,1,22,253.8234896725514,Brute Force
624.5208410995886,156,4,8074.295267154932,117.46442433962498,55.0339930039772,28.509844077709054,13116871.611636523,256196.41406728612,10.174500584656416,11.847141836653948,16.263732652389947,1,0,0,1,443,293.41533138196627,DDoS
6140.79841452362,7,1,993.8931556384293,108.95014816006164,150.8300860343311,102.17302241336141,179592.81991575446,1302.762191489494,387.4372129153955,364.02775112123993,514.7056810768106,1,0,0,1,3389,1711.4417541904832,Brute Force
65389.24737890658,15,16,5603.00164220163,11460.836471097788,349.5233961307011,678.5197947518196,260957.86076907677,474.08406186978164,1969.0356221316915,2649.6627066975475,2166.9303800585976,0,0,1,1,8080,6757.325865820812,BENIGN
727.2807786913846,151,2,9489.324876945713,82.19475550138972,60.20162925026173,39.86655931333829,13160693.796513349,210372.6710271333,1.484379809784341,1.399416351070564,1.7135963672539911,1,1,0,0,443,273.3993143422971,DDoS
6676.076649383729,3,4,453.460616661926,357.81158944057256,143.8390068667262,86.61542381141355,121519.30672895844,1048.5200167146331,162.38023840886387,193.42528855886488,157.10021816493517,1,0,1,1,22,676.7928650664825,Brute Force
87914.22075516683,17,18,9040.484880446907,14258.841809309602,496.9186814434054,721.4273543716912,265023.41133913974,398.11534128786565,2136.8394225174925,2693.8342128543445,1956.984867467987,0,0,0,1,80,15407.392403790773,BENIGN
69652.8217899029,12,20,4655.589717139924,16773.406257747476,381.6977454382877,828.9517631524925,307654.3839031345,459.4214444968664,1785.5576710479188,2329.287673170813,2004.5879170975247,0,0,1,1,80,20570.04459244791,BENIGN
5907.170450342078,18,21,4531.023723255687,22466.342363532207,244.64723297865362,997.2377533768865,4570270.371193455,6602.145702049541,149.50193193836256,129.80306902397396,183.28758673899054,1,0,1,1,443,1339.3088217992577,BENIGN
94141.22595890918,11,11,3628.8902616869555,6630.725700510465,320.18143576688135,588.38115814701,108981.11701536099,233.69145425833494,3406.7279467262156,4645.000673341395,5231.278988251534,0,0,0,1,443,14283.500810766109,BENIGN
1595.9032260182964,7,1,769.0320046662164,63.02463330628613,121.22292447491286,60.14324969975911,521370.3590589542,5012.835283226806,129.08978585778823,178.80626494080397,125.13664257730657,1,1,1,1,3389,1347.299223766723,Brute Force
115072.50500955692,7,21,1154.8171854043687,20808.033426744165,154.9428892869797,913.3188518214711,190860.9759588052,243.32484982120243,3979.3932903526274,5447.216953236729,5244.164049723901,0,0,1,1,80,11171.815940243801,BENIGN
5401.954100856574,7,4,643.3119373223777,344.0598213946957,100.857565751821,91.79215426507602,182780.47911597553,2036.3001600209375,207.33313904198485,186.51126672807115,188.66528008439587,1,0,0,1,3389,589.2258336485929,Brute Force
16719.996431144536,12,22,4098.989651045291,15819.723022187156,354.1193954186277,671.4830986480662,1191310.8208641494,2033.493257012172,643.7217216925678,871.7537584122883,925.7234573889782,0,0,0,1,443,17256.14742273855,BENIGN
56684.66130416866,7,10,1201.2825743861408,1742.2776484792032,179.33049402603953,179.3886645182,51928.690321889095,299.90476451430783,13696.369694688092,12125.379929564551,12535.484323664454,0,0,1,1,8080,1215.6866834770087,Botnet
1424.2048762430413,141,1,7256.524970435112,38.24083998282211,56.498233347877324,41.718658919582914,5121991.87918879,99704.75622481131,4.774631184895924,6.369092162048403,5.123945391662275,1,1,0,0,443,350.5759451834652,DDoS
2686.2031758642847,8,16,1965.9971743307137,12188.338189579896,260.5533020261623,823.4499461630535,5269272.068132545,8934.543825888379,105.57229686748659,86.74035331390638,84.9629707133714,0,0,0,1,443,4954.2539350491,BENIGN
1459.6395339090043,10,13,3529.6479228141043,14733.310065287133,371.9370648037912,1109.7590640550106,12511964.470564807,15757.315053261533,58.454140841195006,55.669346887050246,65.51522679034005,1,0,0,1,80,10061.17722661565,BENIGN
37365.18629103403,13,9,2613.207046643092,6192.003701127403,216.8103313941405,748.2206463271259,235652.7993514474,588.7833618343024,1636.6944281673705,1663.8832916857527,2383.089837927589,0,0,0,1,443,21439.362759311673,BENIGN
369.341140364494,1,0,43.783038075920295,0.0,40.0,0.0,118543.62617907081,2707.523995331589,21.33233861589656,18.556952356014513,21.675590325246382,1,0,0,0,5681,19.76545792963999,Port Scan
451.2176708511542,1,0,48.96637778255005,0.0,45.14509769004895,0.0,108520.52334338402,2216.2252602245176,28.021527319408833,34.36131306715128,37.523487088864975,1,0,0,0,44831,6.782599020295993,Port Scan
8249.043940276671,15,11,5755.540659354262,6825.902077175763,361.7775697459391,675.3555298566724,1525200.1113850346,3151.8804104137143,331.9262446128166,328.28106194672904,352.5860254953862,0,0,0,1,443,7149.288419527625,BENIGN
199919.7350732247,14,27,4295.9791654341925,12191.09704926435,331.0273205982283,439.789767652434,82468.47770511408,205.08230458080044,5294.261852313942,4278.611022281692,6444.543636113686,0,0,0,1,80,9768.76483821424,BENIGN
17426.778191604943,10,18,4910.973501687307,9758.709486672698,500.3883345208916,560.6248256854872,841789.7345722158,1606.7226937844728,617.5798096316706,787.633216917357,889.1973696278429,0,0,0,1,8080,17855.827462576908,BENIGN
8416.731913633123,13,14,2798.3804455752497,7566.113499039884,228.12133768760967,530.3934647679844,1231415.477048413,3207.8959241016532,263.2144467779724,355.8852544463611,362.17193037816475,0,0,1,0,443,2929.45632060004,Port Scan
19624.67371332295,6,23,1284.0672165505428,24728.616485534967,233.19384404332322,999.935370475587,1325509.1056329673,1477.7315752420511,745.25381464212,953.1163652411159,796.0266502355176,0,0,1,1,443,6867.832719248428,BENIGN
1608.8546139832222,128,1,9026.519441059172,46.55261826869049,67.29891834231312,43.46109706172349,5639460.508407678,80181.26614972387,43.852225367539596,55.7423384097415,40.31095328590747,1,0,0,1,80,269.45570948633133,DDoS
53779.96677735034,21,16,10163.689515680086,10825.025902317271,517.5925126683353,648.8407985937542,390270.14473420696,687.9885246709135,1156.1624707130577,941.8508141221921,1590.410604505402,1,0,0,1,8080,17822.928280615546,BENIGN
9174.907770676482,18,22,7195.493271480587,12007.412743356776,364.20266569657616,585.9205416862471,2092980.8227839544,4359.716849453488,259.1841887708989,282.59036215465966,334.3434236137328,0,1,1,1,22,1302.3912215938196,BENIGN
8089.296095477614,12,8,5600.398348187309,5627.958957929888,474.7093828339062,731.5672034157111,1388051.2189922808,2472.4030081160167,273.6815572604574,231.06738272854815,334.66948227773446,1,0,0,1,8080,7526.58100682737,BENIGN
47572.62607525668,9,13,3455.516272900425,8382.57508368296,400.32682534784885,643.8693565494054,248842.5032046018,462.4508213020968,1772.757235933196,2413.871493092979,1610.1628598748694,0,0,1,1,443,17578.128528066096,BENIGN
37623.32784833198,10,27,4408.487291360914,17762.10142151432,477.3374140279025,724.6753220079324,589277.7162682104,983.4324105819466,1376.56687837597,1261.3468599474704,1891.0833200256513,0,0,1,1,80,6795.221681118812,BENIGN
501.6916849589194,1,0,50.173125822138104,0.0,49.35260672884273,0.0,100007.88796459022,1993.256077349347,24.758438807239198,30.068453378213853,28.69098974884588,1,0,0,0,11945,45.66649382215709,Port Scan
6724.474473000646,11,8,4898.590001501652,7359.021103886968,464.71292902715277,845.599576100439,1822835.5471649126,2825.499609863442,327.4413941223786,288.3846639926757,464.8799311005123,1,0,1,1,443,1065.8087499795413,BENIGN
16041.270698505641,15,25,4994.852944748593,13944.409094670289,303.1018324409257,574.5893149146436,1180658.464992004,2493.568044065629,346.21831368636634,346.8348029933231,351.8764067297688,1,0,0,0,80,11528.508312728352,BENIGN
5810.026496034942,11,16,3607.0786300407904,7769.115211369267,312.1831741742022,520.3824981411914,1958027.8763227242,4647.138875945949,144.16812973982277,198.5597737057819,128.99709825540407,0,0,0,1,443,5828.987238869604,BENIGN
32732.169276119967,19,19,4783.982892889953,18263.625874846686,253.21228548726526,989.0359263821641,704127.1408965619,1160.9374154044604,751.4470598382546,1034.1083159782283,892.4408504622301,0,0,0,1,443,6781.589781423325,BENIGN
32253.134703275562,12,13,3668.429794915067,7567.00229759653,287.9891199301804,623.0657754079326,348351.6314267137,775.1184568568789,1004.9976523745428,920.7896101560224,920.3134498264535,0,0,1,1,8080,24226.972169389835,BENIGN
52584.5407927939,9,11,2556.762941168645,10538.433811635561,260.03656855411873,905.5803385894355,249031.3037895493,380.3399192703565,2746.8574799945186,2275.1068993566246,4250.791650786972,0,0,1,1,443,23653.738346255366,BENIGN
54588.497263121746,11,11,2130.2347961604423,7614.57481103139,208.49270012862144,693.4444020154519,178513.97447746038,403.015307308386,2002.3550124400404,2342.789031478731,1903.8903417064216,0,0,0,1,443,5861.677130599234,BENIGN
53278.31705746316,7,9,1470.3843444543586,1257.7404785387428,197.7898334477078,137.18105726162952,51205.161380204474,300.30978611323724,15560.328985685486,20207.701696524615,18131.208594797306,0,0,1,1,8080,5004.7481456337455,Botnet
475.3584020365654,139,0,10044.843167999463,0.0,70.75610523097508,60.0,21131094.19117156,292410.94593991817,2.106757753963702,1.6923361595398927,3.088175031987803,1,0,0,1,53,488.1633345009049,DDoS
6063.484414019781,17,16,5495.061256485792,13145.847989937844,302.1782131060898,856.3910088405994,3074289.9583155126,5442.415242908603,185.74020328079064,212.51779392887258,179.05089935823537,0,0,0,1,80,3352.4464628939977,BENIGN
1679.5938497894065,156,2,8761.378522846968,50.31618615147102,57.67916905843792,25.911202705086264,5246324.705287104,94070.36112915668,16.143186807541223,16.33713030130823,22.773037202318193,1,0,0,0,443,361.9384385881917,DDoS
2091.565449473607,131,2,10209.171534477591,110.67170255515869,71.90339392397489,50.73632315829951,4934028.356430342,63588.73447324953,4.659925065253711,4.341741425757217,7.318004716825415,1,0,0,1,443,277.9361120411604,DDoS
48968.545404202094,20,16,6664.85080043227,10374.272097319634,322.17458105515766,650.2243701213802,347960.5685058749,735.165802921946,1507.8090650469355,1805.1535819273777,1678.9640057418226,0,0,1,1,80,12531.675542638108,BENIGN
797.758378822895,2,0,78.36632638080667,0.0,40.438270841483074,0.0,98233.15989038863,2507.024749713104,43.46426417974501,36.38704984957741,54.192999253960565,1,0,0,0,60895,37.96045843521113,Port Scan
13995.286658939216,11,16,4382.913522897087,11670.075195774845,412.1278252829211,738.9457132896617,1147028.2181335955,1929.220934017402,391.976917160728,334.57503427227147,378.4721066053048,0,0,1,0,80,2805.502508745557,BENIGN
8656.753572121868,4,3,365.38236239985673,228.27133607981645,88.6045782915638,75.49055628546988,68576.94325404736,808.6172191088743,317.6939450428135,281.18271022862757,327.170265787069,1,1,1,1,80,1506.6599976560335,Brute Force
51307.48466362075,9,11,2848.4457350594216,8485.058528561713,347.3611046275969,772.978639473547,220893.78066231895,389.8066750128734,1797.383460245825,1479.303232552464,2870.357427594617,0,0,0,1,8080,2374.318359625987,BENIGN
52987.29985168699,10,13,4362.021805760877,13342.168592541651,396.7984003622699,1033.574257792714,334121.3922554476,434.0662774736149,2248.368171746551,1975.812912845661,1899.0146190152611,1,0,0,1,8080,9839.805099423404,BENIGN
4956.989364687819,12,11,5231.18306290743,7036.636211876273,429.6754365517815,634.266663274666,2474852.8536647977,4639.91312223614,222.2089877348572,254.81182280571204,257.9281236706576,0,0,1,1,22,17008.379816925983,BENIGN
1680.2411197700537,115,2,6575.094366795577,79.08237127492656,54.69302397757255,39.814453180285064,3960251.0971646425,69632.86317859654,15.376448493665759,17.36444366708206,14.745202691232487,1,0,0,0,80,145.06760151993518,BENIGN
26129.548781243942,12,11,5541.854520803079,7091.2230801299775,439.50762633228624,609.6493504032953,483478.5976098144,880.2295130526569,1647.6687174231913,2112.079265388712,2087.7484412523286,0,0,0,1,443,3457.2665356454604,BENIGN
11003.238998863202,12,19,3606.554106451751,12207.581725291246,299.11248045797487,589.5747741835577,1437225.514539567,2817.352236300853,360.58843369068927,391.42407827241396,447.2983953354877,1,0,0,1,8080,15507.111211122196,BENIGN
60678.25971028586,8,31,2311.7551213306756,20325.04282653114,285.93414238626633,647.0674508081817,373062.74200913747,642.7343201042551,1489.861211193713,1275.1390565055356,1370.7859118243525,1,0,1,1,443,10968.5378020498,BENIGN
18118.14287317042,12,23,4128.276947227512,18591.49776904703,318.60143965609217,892.7124427848353,1253979.2226673672,1931.7653164016301,544.9019787253058,723.332645816213,447.38755258412056,0,0,1,1,443,19623.237973616677,BENIGN
6945.146106140876,6,4,608.1749098781665,383.70869887770016,107.28774521656149,91.11779595318106,142816.80955262357,1439.854518130012,64.47640851735943,61.42087656728556,72.84683114882918,1,1,0,1,21,695.0984638596645,Brute Force
403.25770094207337,198,2,11953.00026599565,64.67478286774634,66.27501960345957,31.36616316228145,29801476.87393996,495960.77032817615,13.67609462220021,12.525896184815728,20.380023940232483,1,0,0,0,80,343.9405138090734,DDoS
6020.829747172329,6,23,1654.6678065132949,14760.497396509396,291.88532914228927,648.6448043350264,2726395.844481741,4816.611865435954,257.5238426691484,350.2902198096706,312.6255249867296,0,0,0,1,53,21406.096748490494,BENIGN
85195.96499510067,15,14,4434.941195010258,13979.85118060486,312.7206791679559,1009.5420111044047,216146.2972650652,340.39170753764796,2701.398142745234,3396.3193184389916,2475.6228221755505,0,0,0,1,80,9135.047607596025,BENIGN
66219.72393443114,11,14,4214.703134687768,6138.145045144112,386.59167785283023,438.6304419428367,156340.85382299346,377.5310211917265,2132.3825945975104,2954.904468571774,2809.9500696845644,0,0,0,1,53,8305.157437996542,BENIGN
62052.910326804355,11,7,1875.6190134506962,1317.5305759296687,188.0529721047826,187.80017753909874,51458.49844211179,290.07503282605467,13883.816013549502,16460.75932611546,17413.865313045575,0,0,1,1,1337,2033.4445399693498,Botnet
372.7681168918619,110,1,7035.015913241266,37.99271657666184,63.30705556345529,41.86707387963029,18974285.37824701,297772.24759863387,1.784646908167026,1.449704652275912,1.6667285666773144,1,0,0,1,443,409.94081688127164,DDoS
6955.418276887573,16,13,7682.5011325137775,14808.242812728193,518.7853785431082,1110.589132567743,3233557.3577188496,4169.411363277061,292.2878452554938,242.05495974553136,415.01814273876425,0,0,1,1,443,14560.925372150843,BENIGN
5672.414884697324,4,5,450.70586254866674,352.9410370018232,119.7674112256284,70.97379046205833,141676.32584818802,1586.6258344888738,263.3610612948528,356.44663515348003,213.40371810857488,1,0,1,1,21,841.1224713742266,Brute Force
26.92909857931853,1,0,47.66804686986958,0.0,45.987327208553495,0.0,1770131.544859006,37134.55157269902,11.6496633613996,12.062807934154307,16.181498883655895,1,0,0,0,3958,42.50996571283949,Port Scan
40464.26227988782,9,17,2755.5305549560585,10476.447335855994,291.0346209729611,674.6510056282912,327004.0560553804,642.5422962158617,1823.748254358582,1481.1409720423492,2212.528990498147,0,0,0,1,8080,12407.70144458264,BENIGN
62395.720351631615,7,5,1267.93000698176,1146.1162971338347,176.98581320453934,214.8055924066236,38689.29295969685,192.32088246395583,13792.275302754975,11061.817895134664,21314.273594823055,0,0,0,1,4444,7277.188364465982,Botnet
27898.4087738051,13,10,3134.3054990129526,9602.55937758629,226.40265678363178,1060.4746734367127,456544.49255035585,824.4197791522646,1047.93880695143,1261.8259536629998,989.5981496897346,0,0,0,1,443,22907.926399773452,BENIGN
2483.971860932119,107,1,6614.959831276438,50.07309507227757,60.594146367495256,54.85736913097922,2683215.95392294,43478.753402412796,29.37179617439648,24.65617163010127,29.894104198358534,1,0,0,0,443,393.4230533201573,DDoS
4866.921908343658,14,23,3554.989879159868,12213.739511380969,232.16943296056684,583.7540904996906,3239979.9477997683,7602.3410066573415,120.09567322408816,156.81636546219812,145.2848694034651,0,0,0,1,80,11208.10599665549,BENIGN
1312.3717585865552,14,19,4735.241536217902,12898.28395016734,366.3944953326692,725.2142622387219,13436379.875605388,25145.314034753013,49.10288724172737,47.50532859543232,41.908634884397564,1,0,0,0,443,17692.386994385346,BENIGN
52584.35914597695,7,7,1441.9761112362376,1092.4029547466314,196.66402056165947,170.52420141849316,48196.44295649396,266.2388631785977,17334.88708182799,19955.236515068733,26036.129099695405,0,0,0,1,4444,2190.6843504727008,Botnet
13557.402509665446,17,18,2802.448169062489,10245.308670349707,174.42106159939817,566.622425968825,962408.3101545513,2581.6154661667333,399.4466444058289,362.62528872336827,616.6894235734105,0,0,0,0,8080,5579.728203713389,BENIGN
46661.6163708347,13,13,4723.840151482268,9042.437444491767,372.0848284804744,654.573923606844,295023.59040820727,557.2031580168534,2032.9327528811903,2247.3680134656956,1840.3592424483877,0,0,1,1,443,9012.716365288652,BENIGN
132213.0417330155,15,13,3827.5557237523403,9700.57449418669,260.0096164914552,691.9054165138997,102320.69424177585,211.77941020782063,4571.184945825794,4938.042523595551,6243.734407609484,0,0,0,1,443,12953.162012695935,BENIGN
41544.151343101796,10,13,4412.743249138143,14185.385786494353,473.0848178519709,1016.0615900861432,447671.41545474424,553.6278695417144,1357.4092784305499,1375.755842495086,2047.5128715462572,1,0,1,1,443,11467.024240370109,BENIGN
174076.01021263597,11,14,4626.949568619338,15023.528783636528,391.9795910081718,1016.0739273880322,112884.4711471303,143.61542391431303,7674.511145782425,10654.764548679232,10431.595744259754,0,0,0,1,443,24061.9176085415,BENIGN
370.70233162112413,1,0,44.49034850219735,0.0,40.63424006098874,0.0,120016.3708375826,2697.58216957224,10.037316499000573,11.63159957994537,13.47517039026944,1,1,0,0,49000,17.147501216396353,Port Scan
6855.550685367943,4,2,498.4136975038486,129.24059959822594,113.85647160025451,64.30533905430426,91554.17644883008,875.2032149373534,243.9691568226284,284.5984854727873,359.4781141128371,1,0,0,1,22,1834.2550857607746,Brute Force
46543.19580750885,16,16,8432.062235554968,13302.43264697779,504.78990468371296,879.9714748227257,466974.69964076503,687.5333643255631,1320.0593941139264,1191.96981752241,1281.6680019182932,0,0,0,1,53,21684.550209201603,BENIGN
9543.131009937635,8,4,798.1975656791503,302.1416926352526,101.90918454439677,72.8415533024126,115301.70309603596,1257.4489428578452,351.1078306700554,439.3296443103551,522.1721352557262,1,0,0,1,443,515.2696004241666,Brute Force
69414.94349825292,9,14,3152.1006539768664,8677.670919726099,345.7191821778508,656.0078463534187,170421.10786996037,331.3407580685977,2759.5756646629825,3812.048922542187,2221.721643966212,0,0,1,1,443,22337.145593954727,BENIGN
77545.49657074279,14,13,3254.0865363465264,9173.812986932538,252.5249830148998,690.4997889645102,160265.9093418972,348.1826952435411,2050.5920395372414,2316.995883870536,2502.133922539822,0,0,1,0,443,3023.633295213138,BENIGN
10879.117820731204,23,14,3110.939904814987,10776.785374760875,137.7536956594632,718.0736043218714,1276548.8441637673,3401.0110571183395,313.23038418097934,380.70174110346875,363.07837870726576,0,0,0,1,443,20122.25805156961,BENIGN
513.4478167941281,130,3,8027.805144314269,119.19226278751255,66.59588392252154,41.4360212492572,15867235.46312867,259033.139590362,15.278189317335832,15.541802461733297,16.23500194907245,1,0,0,1,80,258.5557950888272,DDoS
21973.06015938012,13,18,5209.348830273764,12938.652080499905,383.05279590123126,780.2886421880198,825920.5035228758,1410.818510264095,816.9091777017138,687.451134818926,1302.3692808138615,0,0,1,1,443,7527.012529119048,BENIGN
40723.41978801424,6,13,1978.6346255282472,10488.811324426844,349.1024725776996,754.2768733663124,306149.2874334813,466.561995502944,2276.6942732383686,2734.2801316707087,2490.3476181109704,0,0,0,1,443,8241.278263196164,BENIGN
2803.7647540722432,13,11,4848.654268919675,4869.157691970837,371.4096525379224,482.74657549656996,3465986.91875849,8559.919288928191,128.57792712113402,110.2570010651631,107.10342647696827,0,0,0,1,80,15883.466464638237,BENIGN
3251.8984911074144,12,30,4164.733095089771,29136.2182179294,354.94664080140376,1047.090913000169,10240464.579101525,12915.532300547658,59.49531562270267,57.76259035271785,93.4469462967505,0,0,1,1,22,5559.799135198625,BENIGN
46405.96997697474,14,10,3171.9200424673268,1768.7329838199548,231.8939028784174,189.14437037231693,106465.89283100185,517.174837890644,14425.710250539125,16102.251845680024,17543.80167056408,0,0,1,1,9001,7065.93391588657,Botnet
502.7477166609703,134,2,8529.079380124882,80.05437897261322,70.48387606902614,41.135837251763014,17124162.823206007,270513.41158394975,1.6668809879503803,1.9296980037608291,2.144285083008684,1,0,0,1,443,396.9362605283693,DDoS
63290.04280124382,6,7,848.390611857884,1196.152456012361,137.71890650146133,187.0209311061149,32304.34010434994,205.40355835791146,13832.878995941364,19335.035612027776,17363.539118061086,0,0,0,1,6667,6744.017544434551,Botnet
8127.069942134964,10,19,4777.0237919339925,13012.464750809104,468.9999221488613,701.469357728496,2188917.859622829,3568.321696070178,233.59722143706293,214.02104010808227,193.64311494228392,0,0,1,0,53,12482.621724723427,BENIGN
589.228657974794,1,0,60.62260288708498,0.0,56.03591561516701,0.0,102884.68163691775,1697.1340182893446,44.15057400151541,56.67789347570313,48.26022455131248,1,0,0,0,36692,33.248064130185654,Port Scan
94473.19406913803,9,16,5586.394418043648,9423.977358283699,569.6738267015572,537.3631129901487,158884.9823934433,264.6253283413317,2804.133433764352,2872.416839687572,4477.999563750436,0,0,1,0,443,14091.168390744708,BENIGN
6365.414760009411,6,1,651.4670925302966,101.53057877774899,100.9295053243283,104.93441261912295,118295.14645907098,1099.6926773691728,356.57553265699613,488.637089371042,527.1600452804465,1,1,0,1,80,761.0442200463289,Brute Force
5887.153348015877,16,19,5278.545128234971,15148.795160710497,315.7356102672771,824.6689145680475,3469816.2390877777,5945.1483477657175,197.67206290496335,270.93215457629856,285.727214758776,0,0,0,1,443,10178.824706021274,BENIGN
144858.55429649932,9,13,2316.8950685502114,10654.889395731821,274.018951449189,857.0225371185028,89547.93541381844,151.8722874658128,5759.355956700343,6124.393741740581,8978.477676522347,0,0,1,1,22,12189.830732992157,BENIGN
117476.07577179512,11,21,3244.9178031273877,11517.33084352245,289.8131925252195,515.3878284456868,125661.74473963925,272.39588818205056,3304.185809233952,2692.165608759984,3160.8668050113843,0,0,0,1,80,1911.9698127667473,BENIGN
22899.234619393425,15,15,4573.092950372696,8929.436542779049,318.4668117557108,564.5372067771366,589649.8165801759,1310.0874548266745,806.2346027938271,1078.7840598332814,1154.9745037575435,0,0,0,1,8080,10290.11384871774,BENIGN
766.2383490511862,1,0,41.90607510989464,0.0,44.25875335334324,0.0,54690.65227782697,1305.0769401430703,37.69966876789353,41.49705782147469,55.26246971368458,1,0,0,0,45023,48.076700379805956,Port Scan
96561.36204924139,17,12,632.4748039183796,7957.330214027785,40.0,613.7677566066852,88956.95789342532,300.3271638319629,3378.462988230488,3858.586862954807,3952.6720607943935,0,0,0,1,443,2182.170591880857,BENIGN
1339.586175832137,138,2,10219.424983972422,67.82568561823693,68.67317902725907,31.870176874743784,7679424.3290845575,104509.88710228623,30.243871504178255,33.965859274225885,40.4810581565582,1,0,0,0,53,117.1663083889366,DDoS
62839.84927263086,10,5,1608.3215457390686,1242.3415376533037,159.0625556876658,242.00233334048937,45363.938908013006,238.70203658386347,15318.803127051633,12367.18486859352,20543.458473485334,1,0,1,1,8080,5764.754656904101,Botnet
77482.00739966868,11,22,4526.135451618751,6453.4808810043205,408.86509259362526,278.44678263493597,141705.36749245375,425.9053308954552,2269.66578400148,2938.7020368662484,2036.9517515886212,0,0,0,1,80,5838.965448458986,BENIGN
7116.921113265249,8,2,838.7526846974549,189.6699627387874,109.11949262797596,89.4176453969109,144503.8705739428,1405.1019873412638,278.6444147897271,337.35905011469043,347.0613621263455,1,0,1,1,3389,408.0801893214144,Brute Force
60296.35425432799,11,12,3860.366046857118,8329.678120385948,342.788134507185,716.0082311017381,202168.84284290008,381.4492647928061,2187.1907882695386,2308.29217955525,1898.3323862170084,0,0,0,1,8080,10746.000880980358,BENIGN
49936.83801030916,4,15,642.1733041390999,3014.408802420567,162.47484207660716,213.24688217609355,73224.14178095912,380.48063828305595,15653.553993413765,19596.46509067433,13902.976109040543,0,0,1,1,4444,4988.6855822970665,Botnet
13171.662873763402,15,14,2036.919875070939,8675.087476904728,132.563255455289,611.6474620021737,813261.5793950271,2201.6961926474005,445.79651883274556,461.78355395369914,584.4683972047194,0,0,0,1,8080,21815.943442809796,BENIGN
1126.5582679815016,134,0,10259.218734482105,0.0,70.33047122183932,45.91506608610139,9106691.616461124,118946.35529158472,10.488339830564698,14.322603140565667,12.940596904620595,1,0,0,1,80,325.83222163692636,DDoS
69329.16837508306,9,17,862.5922671682617,18398.149690016915,88.55589238160906,1026.5704140291639,277815.8516626242,375.0225281707607,2553.430435139473,2309.6191269906994,2536.4870262052586,0,0,0,1,53,11784.378253391395,BENIGN
54593.74020323144,13,17,5029.146129902181,17091.22998463673,383.0984006266508,922.6423456114949,405181.54704538075,549.5135502407707,1398.9294404817706,1683.2238867419746,1978.2732131182065,0,0,1,1,443,11730.189663203593,BENIGN
5528.768571476488,8,4,791.6240173722557,354.4823407692924,104.99871372706724,93.92676539281115,207298.66756485956,2170.4652392052167,113.11141060177266,92.20602745353968,158.9547734969985,1,0,1,1,3389,2941.333570442842,Brute Force
1084.6763978641898,18,11,3747.4930375146146,9158.615832923364,198.62156697325017,786.4652333633511,11898579.9781862,26736.084658155374,32.71659607989885,38.954626897698816,27.81910861610545,0,0,1,1,53,5875.844126310038,BENIGN
66703.97875792517,16,18,5096.552319598986,7260.867918780783,313.916217536831,445.1597399475257,185257.61833826997,509.7147221665607,1411.61222139906,1395.7607988817022,1363.6739683136414,0,0,0,1,80,4386.401968385204,BENIGN
11533.31640872259,7,3,746.2060944426389,272.87271179176275,103.06022076149725,88.99087572911839,88359.56372996733,867.0532954803051,76.84940861024907,77.6915097213415,113.08694938414807,1,0,1,1,22,704.1482578108512,Brute Force
21535.162047216072,12,13,3930.0998174531505,10806.871490633384,305.1717811464448,870.8907839781637,684321.3566619824,1160.8921235506486,676.3209028648325,833.3405956210603,564.2230205092101,0,0,0,1,443,7696.676684125069,BENIGN
30442.516702140514,9,17,5232.2202127701785,16767.974471740115,538.2118896723646,992.6167004470587,722679.892065671,854.0686781711399,943.4825124993465,1210.8057773794078,984.5429611454598,0,0,1,1,443,22752.71446594669,BENIGN
2009.2141809415689,144,0,9242.92813798691,0.0,65.9115748013843,38.34669148775448,4600270.20795535,71669.8106980899,14.069377240174632,16.496376577926714,11.945592515413923,1,0,0,0,80,236.1522823421002,DDoS
89391.412330831,9,6,1754.9632289691672,1297.726716761967,180.78401926617542,239.5575685249019,34149.700358613365,167.80135371937197,13932.482313604005,17512.52414217444,21195.32385186595,0,0,1,1,4444,4883.152985463743,Botnet
3336.3039521922497,14,18,2085.697660985632,10761.271472259486,163.66501330739348,593.7838291785195,3850659.0878218734,9591.452235331599,115.10086327512983,146.9927928867023,134.87168384329502,0,0,0,1,443,17990.989933320045,BENIGN
9879.062835762747,7,25,3003.735417605478,18881.279306276097,401.4105300828694,765.4605352932851,2215292.592801073,3239.1736475405596,278.54790919327263,268.44994650907836,404.8711449331764,0,0,0,0,53,6749.804562879693,BENIGN
53231.630293293216,15,19,2307.07903328037,11465.351749007026,168.84180965459288,596.7851504628595,258726.45091658254,638.7179917779775,1329.9416091985559,1598.8060713010989,1141.2839255761241,1,0,0,1,8080,5852.0795821799065,BENIGN
19553.021065296463,10,15,2759.7550435802996,10323.61474633153,297.1581640962085,741.2279378988393,669122.6765531774,1278.5748001044742,683.7406055557877,833.310180611858,951.5925080969242,0,0,0,1,53,20793.447914442364,BENIGN
75414.10203102596,17,17,7320.463662482181,11959.136004828708,401.28939818892957,720.8105243167993,255649.79424377566,450.8440607833815,1761.8210040375193,2074.635523669585,1813.4936634384835,0,1,1,1,443,19818.06598709104,BENIGN
174655.41801418387,9,9,3062.7167899404235,5676.1918094147895,328.3114664155089,631.4277423056208,50035.141759218255,103.06007225345971,9158.211575280526,12407.90464586921,11030.003725365958,0,0,1,1,443,5451.859170128045,BENIGN
59239.71171610951,18,17,8349.967363517691,18790.83825089841,513.0079432093515,1066.9648515637207,458152.22303040844,590.8198906795521,1658.3538984102747,1424.226850204139,2207.024450736842,1,0,1,0,443,9935.342345987012,BENIGN
64602.846243163905,11,9,3296.9394440154165,8482.342508941902,328.1740113590164,860.7323942810776,182333.79236296058,309.5838831112854,2310.1302840473077,2339.634519349287,3607.960799146394,0,0,0,0,443,2005.0684826882673,BENIGN
14008.647062946291,6,4,802.8096411962579,205.66651361637938,124.58978387561223,49.2917091163621,71989.54690493394,713.8448099281906,312.69882214228016,398.05547421896614,383.7772364142402,1,0,1,1,22,337.04527650535744,BENIGN
307.16670080885723,1,0,39.71076571065382,0.0,40.0,0.0,129280.82896383,3255.5612225111504,45.70031325872073,40.03970996347634,48.60680664047064,1,1,0,1,42995,9.206773742817958,Port Scan
10728.47162391796,7,2,463.7680683001552,104.32894413282743,72.21224449089264,50.476936324778315,52952.27804550204,838.8892952781343,198.20742988284024,210.77125659318918,177.07005342657556,1,0,0,1,22,427.26308616806045,Brute Force
134914.297671028,11,17,3223.0914426454947,16263.890250438428,287.3225952441042,964.7822692497557,144439.70749935298,207.53915992117138,4616.958645785707,4250.11731606059,4707.14140571761,0,0,1,1,443,10640.801230524372,BENIGN
63754.340773330965,12,13,3369.499581772681,10672.875716765637,279.6936197487011,825.541963181596,220257.55624176064,392.130162381943,2234.280822492064,2709.0392759540555,2390.2113338716185,0,0,1,1,80,21651.47954050827,BENIGN
72268.8158372386,14,19,4603.397931592913,14275.125281107423,327.8726402709749,818.2423433084705,261226.40856905575,456.6284865428194,2439.408257782894,3375.30994045675,2491.5026227229514,1,0,1,1,80,10001.973235651996,BENIGN
571.6401513760329,1,0,43.992777719175706,0.0,44.20954907225064,0.0,76958.86584117259,1749.3522762402777,40.1843396518196,50.13497344733422,37.86893608241691,1,0,0,0,2040,48.144753054640624,Port Scan
41986.88987854319,16,10,4907.229890212506,4041.1856637299643,319.97982633430996,398.82941038447467,213124.03895186892,619.2409124660346,1587.3052256754345,1454.7773593202598,1618.5259369961343,0,0,1,1,80,22511.007834065964,BENIGN
36628.09347625983,12,18,4957.863035092182,15513.257842031897,410.4493656308645,887.0454603885785,558891.2480632456,819.0434486972201,1191.4412127448027,1362.2758410711936,1073.1006247143152,0,0,1,1,80,9830.599441668739,BENIGN
78626.41698737249,12,10,5169.8526110065695,10604.965670516565,394.58512278689074,1123.3676225794375,200630.00306953565,279.80417832766346,3270.4547138132325,3775.2621127426264,2701.9269064533705,0,0,0,1,80,20846.88334020578,BENIGN
4428.137828209067,8,3,973.1223861064532,273.8032420918342,122.17421171428882,97.50850489158118,281591.42207698594,2484.114186763893,179.39984915409792,170.89868064360886,181.5470077710686,1,1,0,1,21,1194.1102591145,Brute Force
14359.061007545564,11,21,5206.895516332056,17997.59384537627,477.1248756111366,861.6231734682382,1616017.185908923,2228.557980440662,359.0745112344256,374.01525569751624,438.1538957780802,0,0,1,1,53,5020.184439342546,BENIGN
824.9147684268705,102,5,8773.175169371341,183.30702532871436,78.4148461206353,36.50047324954224,10857463.749594705,129710.37020473184,1.7399985648108451,1.5216486692952014,1.4585586111552244,1,0,0,0,53,471.88729857212354,DDoS
126945.33158035263,17,10,8858.128378174139,13692.689809100266,578.839937600098,1256.1749098317696,177641.96529748244,212.68997972493224,3383.460286016169,2763.9043561564713,5029.2529869547425,0,0,1,1,443,8765.093583201526,BENIGN
2077.743014098675,141,2,7083.8194964906315,119.42194395529393,48.27010735876422,58.22384471294775,3466858.697908168,68824.68093005882,7.971778331911328,7.863572446136043,9.111775834580715,1,0,0,0,80,124.95835157165594,DDoS
505.4094940299118,1,0,46.041178361577145,0.0,41.97047630140968,0.0,91096.78172933625,1978.5936192580045,26.207972420782863,27.032549101907172,26.042163689037668,1,1,0,0,2835,25.54511232092426,Port Scan
58678.3397058158,17,15,5060.344094748596,14302.719203013603,287.8990946611124,874.007667204303,329986.55713230866,545.3460367221054,1976.603349460982,2295.2557786540738,2509.623983446818,0,0,1,1,443,8583.44502578313,BENIGN
54517.479042835475,11,7,1764.8213025342186,1562.7243337224531,171.34478108759876,222.53091154038606,61036.307890211734,330.16933864196176,15950.075008052232,15987.874426353772,14290.078359869389,0,0,1,1,9001,6085.688237275519,Botnet
3742.7213862924937,162,2,9507.274463494514,80.56477507491499,60.08565271201474,42.64280481415362,2561729.3538558204,43818.38322260395,17.158794839387898,18.49837304588635,27.3928691610806,1,0,0,0,443,395.45004998765285,DDoS
9012.13951356078,10,17,2545.8955291122343,9127.994651472394,262.16164058785847,535.1741041049413,1295351.6934595443,2995.9589461939045,311.2550571162033,355.4850026369667,286.7495197073675,0,0,1,1,443,13896.053123198762,BENIGN
21070.75375747432,11,20,2133.1493047905815,17868.150834837008,206.1180702473343,815.9241711223373,949244.6435397516,1471.233557034168,761.6847458571482,909.0935150116545,1155.5268346975008,0,0,0,1,80,16717.70901269475,BENIGN
65471.39134298626,10,25,5523.645635220593,16403.906878242688,516.1281289431505,663.7968487526047,334918.0774025556,534.5846373822242,1934.3929445941858,2599.586013597585,1749.194481412509,0,0,1,0,443,17327.484558429453,BENIGN
85858.64842176648,7,5,1398.0883156514947,743.8741260016271,197.6285363726962,152.34223425377454,24947.544377021684,139.76460403909428,13878.45048464806,18102.681525333075,18005.816678623483,0,0,0,1,4444,7117.172518321694,Botnet
106619.45983246974,12,11,5848.050330460224,8172.329972391238,479.8344776162269,680.6651418719916,131499.26218798678,215.72047012937136,4399.959000572772,3984.7329577806017,5253.324615025612,0,0,0,1,80,3584.4314752058117,BENIGN
93749.31095457081,8,13,3399.5104551027816,6067.6907864611985,419.0143057974422,462.3481139300392,100984.22212566032,224.00164637131266,3447.1425777031377,4324.434439530809,4969.2927085268575,0,0,0,1,443,22316.479185883614,BENIGN
66234.69578449902,11,7,2235.0054130999197,835.4713656705397,186.4734358429818,114.91597130368488,46357.528216941646,271.76089188308094,13478.5255452366,16353.168109023496,13152.966511928988,1,0,0,1,8080,4341.737565500613,BENIGN
20153.04683496115,12,11,2681.1490664389817,8006.698385154275,223.81715942569724,708.5177327218331,530334.0749971446,1141.2666376629466,691.2716413427858,903.4514635247318,793.0132726200748,0,0,1,1,80,6245.357481267522,BENIGN
366.78380032505333,1,0,39.113796291835214,0.0,40.0,0.0,106639.92318409796,2726.4017634196875,11.727346718829548,13.886246122390125,14.077827571175728,1,1,0,0,63730,19.661487560214002,Port Scan
100247.27261941097,11,6,3231.1057374456477,7007.83885774143,300.5779518481336,1115.6042502589214,102136.889390091,169.5806734268028,4293.824229609293,5708.439080356437,5290.348764672448,0,0,0,1,443,20164.75888711746,BENIGN
14720.650880971481,3,4,304.07947802673135,216.84414308780524,96.89441218489236,53.83803658671246,35387.26822112899,475.5224518671581,331.16935167695067,332.5913737440496,334.259054260244,1,0,0,1,3389,1850.0072555634329,Brute Force
13602.016158968388,14,18,6607.23526889503,12594.0829793774,504.29593341734983,636.5241016533641,1411652.3626986123,2352.5924117433897,379.9880962733898,505.5548794729623,477.25521294036463,0,0,0,1,443,2941.256833244959,BENIGN
99716.59522038932,9,12,4674.848558551446,12435.932298855247,521.4737846881029,970.2885268725213,171594.11449607945,210.5968415145614,4583.792572529873,4212.853055511517,5953.401168713119,0,0,1,1,8080,4571.307123942028,BENIGN
33157.70040983967,19,17,7699.277729693605,22386.53398836667,433.7742547228285,1329.0599375775987,907355.194907672,1085.7206487491171,900.1264944748386,763.1069887075264,756.1484118672048,0,0,1,1,80,20836.930499897087,BENIGN
61358.554889772924,12,8,4056.6773163533776,5886.892703248519,354.1715289387631,792.5792055163691,162056.78307556204,325.95291782749507,2350.234291626392,2336.4263898514937,2330.40411885631,0,0,0,1,53,19233.893683764247,BENIGN
659.4623298509254,138,0,9343.120234607755,0.0,67.40819094007057,46.963959690891095,14167784.590091467,209261.38424191048,11.567950472199875,15.526229834837006,14.239813726342646,1,0,0,0,53,304.5003324215593,DDoS
4654.880075813883,12,20,4386.942772626363,17169.301980655186,366.4194065611293,898.4857635483103,4630891.537954938,6874.505782923947,113.76777759157748,141.8134516921092,104.33688085720084,0,0,0,1,80,15899.360099453223,BENIGN
2882.345234425696,133,3,6604.280950699525,142.09839656930254,48.50465627162431,48.47352466084584,2340586.848061258,47183.79962804762,15.677897855219571,14.026564128424992,12.611013337124806,1,0,0,0,443,304.0988582231278,BENIGN
3821.9907182806887,6,4,779.8117493752535,342.11429888166253,124.51996945742822,79.09743512211763,293544.94318646885,2616.437541873066,162.23097098211792,193.58477363851298,226.14368261911633,1,0,0,1,80,2972.655455521651,Brute Force
8622.145721828849,8,25,3664.279765846327,18108.95396552071,484.37587136937805,683.5142669382806,2525268.585549805,3827.3535457018866,317.06800592896826,373.75576037317654,464.2970976723633,1,0,0,1,443,2397.525084282091,BENIGN
10328.712432391801,7,2,995.8188725855042,134.99477425612864,137.40014532456715,69.46574982198544,109482.53756153537,871.357398989555,210.68406831391255,191.5705749994272,320.25375029945434,1,0,1,1,3389,2318.3468291354548,Brute Force
55769.610113383846,12,18,2556.662179836877,9406.080905172139,199.1368418126425,485.7763409767724,214502.89970985727,537.9273754829508,1506.6104411947606,1942.7364708622529,2012.6379690628773,1,1,0,1,80,17034.17662449986,BENIGN
13980.005878817914,8,1,487.1216690264364,75.98094945598876,58.665430474908455,72.84356416607123,40279.14032107965,643.7765533157987,120.901553439241,103.67646566299412,158.3517746297855,1,0,1,1,22,2186.0948301580374,Brute Force
39475.39662693192,10,13,3054.553322873744,8251.650901232371,281.64054961219153,638.5769903574255,286411.41546865436,582.6413909748622,1387.0733881487904,1378.034359849527,2085.122623500465,0,0,1,0,80,8731.049742281291,BENIGN
63759.37937836306,17,9,3286.3661974120428,4907.464698161433,188.06591308104097,557.0106275347532,128511.77309850161,407.78314113928127,1673.0821166007058,2110.0993095078675,1689.4945458349132,1,0,0,1,443,20326.13949766668,BENIGN
2155.8207502044606,8,24,2539.2999725286445,15304.825648608956,340.86140994928166,642.2719210488859,8277184.278630421,14843.534647750783,58.59369362471366,51.099628734589565,65.2445612326528,0,0,0,1,443,2358.0205597928834,BENIGN
19075.76401070004,9,19,2510.90018939663,18681.04500149249,296.55096456112113,978.2795193710384,1110935.592356986,1467.8311172383003,507.0210423064606,560.0011171507946,427.3055972302427,0,0,0,1,443,6892.313318500887,BENIGN
1917.6309135442375,11,14,5574.6847101573085,12164.685526063351,464.25209425434207,911.7055030503067,9250669.72529875,13036.919577915054,71.84507243660242,75.74012841264337,113.91030618456047,0,0,0,1,443,1454.400243237359,BENIGN
67824.79419097702,10,14,3587.3410863660606,12440.321446525379,329.6774124834352,833.2553578261966,236309.78499929837,353.8528982841028,3100.5472597080548,3864.82433025083,3486.7288742845144,0,0,0,1,443,1472.9673773353152,BENIGN
1384.1845021857716,14,23,4960.95760569494,21848.974512214845,339.034409575903,924.5123633368898,19368756.170564048,26730.54057574922,45.68466040495984,53.94669877839646,52.18521300065908,1,0,0,0,8080,1922.2730029057218,BENIGN
2191.412071710193,144,1,8664.028585703521,65.71891575876623,59.3546558482806,60.0,3983617.5104436353,66167.38215138197,3.3538055761608656,3.582112668953499,5.099923698537407,1,0,0,0,443,237.1325036949765,DDoS
71424.8888460063,24,18,5824.283070060077,13623.12162749428,260.8200868189435,810.4102350144034,272277.70335748664,588.0303165826826,1596.8110850730352,1368.8357938959016,1907.6471935895377,0,0,0,1,443,9239.97513817492,BENIGN
59074.5932922299,13,10,5738.928157084847,5765.461957948978,470.1273634703977,529.1119957013224,194743.4501685685,389.3382707896729,2140.3392516304943,2935.3667781829054,1752.8295142534482,1,0,0,1,443,17909.323554502775,BENIGN
121295.37351024523,15,13,6388.402699004158,10315.019578959076,416.18690189025915,761.3040526846045,137708.65115933193,230.8414508294084,4367.463825281954,4821.4445286815935,4965.864030627802,0,0,0,0,443,13263.10563502387,BENIGN
70241.37335874783,12,19,3914.682206853337,9501.955462090846,320.74938600882825,539.2192426616732,191007.621682176,441.33533440002526,2135.3402176642717,2536.042266141924,2949.5590688637944,0,0,0,1,80,9217.762735158303,BENIGN
1858.654937304202,130,4,9678.408696542914,166.19762737657493,73.81513712678176,39.51473233687791,5296629.366932482,72095.14650113268,43.54057826570381,53.0188434961713,43.672460992768066,1,1,1,0,53,75.11599865745228,DDoS
34479.973810978925,12,14,5500.791648266899,17305.763475857268,421.3492802067257,1185.1733005571239,661443.5164351031,754.0608975671908,1203.3425654967477,1537.8616125020685,1805.8423613968723,1,0,0,1,22,21180.5733321543,Port Scan
1929.7403518743,123,2,7073.1744194477415,87.93269363545281,60.46790759022753,44.16440886566736,3710917.433077368,64775.55380887962,4.460060547236426,4.46289570382901,5.554341419336337,1,0,0,1,443,495.0392339124301,DDoS
11916.333097803357,13,17,3390.0158582588842,17071.69353616258,266.8420591607601,938.3530736173582,1717114.5877244193,2517.552988303941,317.7291659572504,333.07962315138565,423.5768184744446,1,0,0,0,80,7407.53500508772,BENIGN
5336.152228230797,5,4,812.3143958903265,282.77339392092733,152.63876968022132,68.88439967348009,205220.49277712053,1686.6085552030722,193.07219442219753,181.2721233615158,182.51640201595015,1,1,0,1,21,1628.586952999055,Brute Force
60660.463149419535,12,18,4731.764291156977,17747.757337671275,413.8589002367141,1035.5093331983542,370579.4592015633,494.55606572115454,1439.113054753665,1444.0946300104274,1404.0313229885578,0,0,1,1,80,2770.8573391172413,BENIGN
23594.81604529526,15,15,3625.657616166069,11674.681267555623,238.73704625014403,708.6469494837307,648461.8847779717,1271.465729692854,905.7339653104959,931.1521660932299,1271.9276646614283,0,0,0,1,8080,17082.706715332377,BENIGN
14781.253428059867,8,18,2731.426612118862,15249.100610126261,367.70013905585546,833.8362973333494,1216441.3058578607,1758.9847929028213,607.0227900836346,667.6351256625064,550.9444460848975,0,0,1,1,80,18382.184246859222,BENIGN
215.51674081363086,134,0,8820.010221984681,0.0,66.38020568334962,32.623224002722665,40924942.48329334,621761.4441185205,1.7505599677323411,2.114143785793459,1.8513685461395486,1,0,1,0,80,278.6976209919197,DDoS
20609.168798267012,10,18,2452.9698813565615,21087.226408853086,252.40895069440165,1080.5418777258512,1142219.5878268075,1358.6185970952147,541.7922883549874,487.375105826252,779.9448362246627,0,0,0,1,443,17576.61612416868,BENIGN
505.3791660199899,152,0,10681.543310969435,0.0,70.54825482624298,50.08869034354425,21135701.72488459,300764.27803117584,16.073084133336025,15.797775502862873,22.69379560844548,1,0,0,0,443,463.4028034691308,DDoS
210.69751062334873,131,0,9531.088043578759,0.0,70.14100451452823,23.00691976160351,45235883.496587254,621744.4127006361,26.932783583767137,25.14142087692377,36.02243141607746,1,0,0,0,443,496.54762664817747,DDoS
36558.29758466072,12,14,4805.951697249787,13556.671044759258,406.8012460072078,903.7257554582841,502283.31063516776,711.19285409256,1304.4969729864047,1502.7540381360889,1154.0358924934978,0,0,0,1,80,9281.758518835031,BENIGN
93898.03594388113,9,7,3494.4418212799405,6685.85877320037,385.55636891734326,960.6546764599889,108418.67449245311,170.39760032427642,3552.248493453095,3248.368950574522,4416.502520978897,1,0,1,1,443,22904.423381007655,BENIGN
263.63174069510205,1,0,50.357311116871514,0.0,50.640681788625514,0.0,191013.83992723108,3793.1699626280197,8.07016565486213,7.718198467419944,8.45724636591004,1,1,0,0,10844,18.276258780669895,Port Scan
238503.39491476226,12,16,4649.885750724248,10901.451946733261,398.67017445429826,621.6773862167017,65203.84207954498,117.39874818136992,6972.735794129712,5808.573952408542,10838.68378495862,0,0,0,1,80,24866.354329899466,BENIGN
9944.625732173634,11,13,3548.382387047158,5514.063063341284,346.7574308257737,424.17457803208777,911290.7508493663,2413.363825483478,452.33597839309914,375.7425092713363,578.5058626785034,0,0,1,1,8080,7206.959659559471,BENIGN
3274.425471329248,105,4,7881.500634166339,128.5880854576547,78.28548768331508,34.28415703219964,2446257.7602574998,33288.2824649393,11.017354786712893,11.957839622858355,11.57252804034092,1,1,0,0,443,54.49056067140713,DDoS
18.54548467274158,1,0,38.62637892538321,0.0,40.0,0.0,2082791.5585380637,53921.48103143481,12.087666574963201,10.034095701436742,14.763902207198738,1,0,0,0,48748,48.95194876712647,BENIGN
40460.24277564758,16,20,5248.842022187807,16132.286872650657,342.4938779924408,735.2430300005905,528447.8645715752,889.7623328564866,1128.2981269231375,1466.6151299561393,1029.9236642878823,0,0,1,1,443,16358.527983539449,BENIGN
1833.501752886018,126,3,7725.401843471523,55.91712972378667,55.97813605503643,19.595794505915446,4243965.930737261,70357.17298712583,7.27571167372812,8.19399914991117,10.37084330872707,1,1,0,0,443,51.3458742339171,DDoS
55728.44885130228,11,6,2203.4637243480943,947.6517122886662,210.5146251479691,159.55299164933106,56544.108109750916,305.0506581541564,15158.895503780053,15890.910179555774,12911.55242987867,1,0,1,1,9001,1853.1469892181026,Botnet
10825.578277822047,16,23,5277.9239614596845,13810.725708157152,320.4381210913568,634.7975940362202,1763291.4547136046,3602.5789107172063,255.69632890512455,246.30459642281625,325.83184388568736,0,0,0,0,443,4363.192601244145,BENIGN
7821.485590217548,17,14,5697.791611723748,11383.377908611268,317.2462332657482,859.21595073611,2183877.8993211593,3963.441425855489,190.218249162949,205.4047247826333,179.597928738121,0,0,0,1,8080,5757.09395682308,BENIGN
117734.92657428818,13,16,4794.955883236541,10755.545685580832,366.511729662592,721.2008147333975,132080.6155088171,246.3160324961143,2847.825315662647,3119.524415214196,2850.0034980646087,0,0,1,1,443,18661.800051654485,BENIGN
3005.5637901321406,126,3,8074.5551260168795,117.45631088560262,64.39946019950062,36.750154108836796,2725615.561312814,42920.399967397956,7.988375122520113,8.035972666461554,8.973345741350599,1,0,0,0,80,449.83436699792173,DDoS
21974.451048172927,10,11,2572.0731000681353,9508.511351678437,241.62900973424405,944.5448343256741,549755.9154157353,955.6552722961446,883.8474109222828,865.5010790788431,916.7122949718788,0,0,0,1,80,19107.867225689464,BENIGN
8439.884361907334,14,15,4029.882143222794,10932.025088766008,290.6868444160426,691.9151273157739,1772762.112656192,3436.066035559553,244.98127205937223,200.96500953235352,334.8646397445318,0,0,1,1,53,5654.239168223758,BENIGN
11267.315606116024,9,18,2848.9372581072835,14105.249980657885,327.4857015677321,713.910331928026,1504722.8489421427,2396.311680960113,429.9370426566711,464.6565955070199,391.19109337413454,0,0,0,1,53,525.4454320328871,BENIGN
50926.554353426305,10,13,3077.853392013661,8592.85209101193,309.8184252679808,608.385412044987,229167.38882493024,451.630790498446,1500.7436759413017,2012.3435727367028,2240.7913407978554,0,0,0,1,443,20518.182426763364,BENIGN
470.7601866853009,1,0,45.89678649563783,0.0,43.47143497493542,0.0,97495.04693420355,2124.2238156144062,35.01276334387756,38.59432131555308,40.10500286582705,1,0,0,0,52598,39.135591438952495,Port Scan
2326.6953630416683,123,2,8090.898734821664,71.70831929036868,69.91684910957768,34.63921516434548,3508240.564609682,53724.265748563055,1.7235814945930863,1.7405004350446818,2.4058894416792156,1,1,1,0,443,422.5177084332496,DDoS
9940.348276141509,20,19,1531.4758477503754,11873.63532386965,83.76643632179918,685.6712068103791,1348555.4830905194,3923.4037798863137,316.71479495175976,292.8719667718641,327.46219519600976,0,0,1,1,80,12448.606238820481,BENIGN
361.44540985258504,113,1,7055.890388428371,47.58748884806066,61.677253196418775,43.65849432254192,19652975.756902196,315400.325726905,11.88329652089582,14.373801842736363,11.139543469240524,1,0,0,0,80,73.05753936694592,DDoS
43067.74708104949,9,14,2904.7847176704786,17808.311460270404,301.8453868949363,1158.3471766360976,480942.1802111163,534.0423300228856,2021.167810241706,2177.7107599280516,1624.361319416031,1,0,0,0,443,20208.973777918392,BENIGN
68506.61270203219,11,21,3578.453586203902,9222.576595027842,340.326516004499,420.73460965126395,186858.31449453658,467.1081920103568,2071.770595315038,1660.9800785052892,1711.7632090282707,0,0,0,1,53,18074.186621071174,BENIGN
3649.1453366612623,4,3,398.5697878144469,278.9578214861115,104.864092928644,89.04281923834976,185667.47739361168,1918.2573874694062,294.91298826901374,393.66333070761084,301.46083759855395,1,0,0,1,22,394.1495645975303,Brute Force
50459.71530786943,7,4,1734.1788960450217,740.8312524713623,251.87123345050583,172.58243612738224,49049.229339000936,217.99568096819004,14860.807645100698,20682.509670791063,18409.303845769708,1,0,1,1,8080,7215.11525178218,Botnet
19333.408345132393,21,11,7392.775424240064,6778.062065740184,344.41525871874234,610.2834455370795,732971.5090587254,1655.165991880407,656.6585504991134,776.4706677101176,693.5614591063116,0,0,0,1,443,2289.9440594838184,BENIGN
73399.66899964037,9,7,1764.9899684665995,1189.3377437455454,183.6411743352723,177.2009613258118,40249.877860166096,217.98463423695267,14521.314360011915,17008.042487712173,19446.077553475156,1,0,1,1,8080,4679.915221593708,Botnet
11304.993165317188,18,18,6783.106519038099,14023.42486176646,371.04701623606456,827.0356309107883,1840472.7076383668,3184.433592622162,368.0877458680411,464.25137059974566,313.2650576387732,0,0,0,1,443,4562.187143967937,BENIGN
549.6115758080621,135,0,9326.142233205519,0.0,64.46973442480444,23.755938989902468,16968605.90953499,245628.01429630976,3.472139734034751,3.7863978729614236,4.191936275999217,1,0,0,1,443,442.9430946130116,DDoS
14911.650957720803,17,15,5796.425363612987,12988.830933481575,353.8234322846492,833.2268947915509,1259770.3869515616,2145.9729771525645,446.2461245133738,586.7722673195108,647.9684695355649,0,0,0,1,443,2964.4931231022097,BENIGN
3757.6226030495454,14,12,5110.6608319912,7899.044439869938,361.525825520081,705.8001448008063,3462217.1107079643,6919.268576599304,154.8805455186734,131.18939916456708,243.68095588365833,0,0,0,1,443,19330.84750245913,BENIGN
51886.527406881476,9,11,1805.9395207255686,7304.430677854056,211.3305435503856,671.8011605561039,175582.5770944031,385.45651442743286,2193.64154985709,2224.286847869945,3133.5518944650685,0,0,0,1,8080,9049.661327186737,BENIGN
12931.52607221381,15,14,5287.303739311302,13009.480507866176,329.1533947201277,937.573107801993,1414897.5260152852,2242.581412128364,468.97864936356785,438.3842164795415,493.58165931070323,0,0,0,1,443,16233.573834876033,BENIGN
94698.35257289397,8,23,3100.0212062426226,10539.989306263293,379.94693181158084,507.56516652546065,144036.40762395028,327.3552195761566,3057.39697570397,4212.4699201840895,2556.4533123788615,0,0,0,0,443,11637.155236808383,BENIGN
99648.75812121443,8,18,1173.4848458690328,6554.872551834167,137.05993688750166,395.9363041468003,77555.98306907444,260.9164478334307,4417.438407797186,4223.901254899775,4478.131688225301,0,0,0,1,443,6941.774445161405,BENIGN
18002.081242062504,9,10,2926.762778604664,7722.98279651854,354.45512046377326,797.21695898819,591584.1302970955,1055.4335215200463,877.2084464570121,1183.2695979296752,1347.7235842897146,0,0,1,1,8080,21455.700855510142,BENIGN
45231.15569420532,18,14,9533.595520923645,7095.614881308433,497.6359921560609,490.11741836573043,367649.46964117675,707.4769483305421,1437.9976839216492,1706.9520072269763,2194.851184430235,0,0,1,1,8080,651.9742082773392,BENIGN
1945.6057491556762,118,0,8591.940000497456,0.0,72.25942583878408,31.37191632905876,4416074.533201833,60649.49183626118,18.696999984540494,19.141444282127292,24.96151555400476,1,1,0,0,443,353.9597650164311,DDoS
15966.11882246663,10,14,4174.665516749822,12552.649496807337,447.9248644299972,899.5453183183608,1047675.7187864226,1503.1831008440536,723.4622149076745,691.3359074125212,1066.7862596485375,0,0,0,1,443,20988.909787144843,BENIGN
129.2411039029493,1,0,36.270134711366794,0.0,40.0,0.0,280639.3137790206,7737.476466859393,46.115712001842674,44.631736117422484,36.92165032565442,1,0,0,0,19029,28.809851882311836,Port Scan
341.9408471464874,1,0,52.00113145680853,0.0,50.751126631555366,0.0,152076.39534954785,2924.4824312305695,34.65584214469177,30.50978219756175,43.08954637653699,1,0,0,0,51558,17.03636472569968,Port Scan
88396.15277769687,12,26,4210.489253651513,26663.639036004603,331.06111775800684,940.3581512039073,349270.0453525386,429.88296216425084,3490.8255576157685,4045.8629190415236,3177.5341992566196,0,0,1,1,22,14259.599161279222,BENIGN
629.4858637732065,1,0,41.878800957259365,0.0,40.0,0.0,66528.58049302854,1588.5980250706373,31.463476400678655,34.78229653339616,41.415884742000124,1,0,0,1,64677,47.2951511439821,Port Scan
8026.943267045971,10,5,1012.272040032629,364.38790835131505,100.02449304225011,78.57080986492032,171504.8808225319,1868.7063681615148,272.98781981704633,294.5104199294439,404.9085699195472,1,0,0,1,21,2755.158009104411,Brute Force
40582.37232227614,11,21,4391.995549269555,23970.09201563531,389.75722079613973,1093.1924685012023,698877.0232472728,788.519698796288,930.0308361082033,936.3381985150805,1363.7716781132947,0,0,0,0,22,23433.529701112537,BENIGN
2207.9589002411476,113,2,6661.090648430808,65.65083748214033,59.962491751147425,33.744025629437985,3046588.179326287,52084.30283165144,7.8802264632707235,7.552876899523149,7.396927138953161,1,0,0,0,443,468.274388683752,DDoS
75459.24751362826,7,5,1172.7534753052287,1067.5801336698523,153.82600354547407,211.3842827748829,29689.318178934496,159.026234628602,14889.59379249461,18113.72731829011,12494.983794541162,0,0,1,1,6667,3302.0714659793007,Botnet
79327.75137730976,15,14,5846.2128350846015,13648.251328246177,404.2183638277612,953.700686036942,245745.83074476014,365.57194041800255,1707.619842590224,1561.706877582984,1445.6299673943397,0,1,0,1,443,8371.293465078801,BENIGN
1689.3437636461617,134,0,9020.237793567005,0.0,72.47621417090568,32.51026571235407,5339492.167123139,79320.7415113569,12.224192784698177,13.323914066325344,17.807952717720077,1,0,0,1,80,315.7806794685874,DDoS
13.82418079596859,1,0,48.65514858970943,0.0,52.04971444654955,0.0,3519568.3062752075,72337.0169096472,15.14843167220678,13.715349631246369,20.76922952414167,1,1,0,0,6377,8.314884258919525,Port Scan
59789.016674170656,14,14,5062.718629570133,9480.64605519066,334.24978297429834,685.1428613399004,243244.7545343833,468.3134387807423,1884.580045303115,2099.2682864081817,2570.093878484505,0,0,0,0,8080,7385.542212125266,BENIGN
5785.492008127408,14,20,4110.72023867871,13406.881614882768,311.93468277644394,730.1722154720211,3027849.978697215,5876.768985634602,138.42904958248187,180.83572221853424,217.59958937775352,1,0,0,1,8080,4024.0827209153094,BENIGN
2350.7942762627736,146,2,6347.636755103368,79.02141034067168,47.259204836049946,38.36401075626605,2733824.1505594268,62957.44442396985,23.0462369561835,28.411001753796967,34.196016036539675,1,0,0,0,443,271.26918043573465,DDoS
33399.59222600729,10,12,5338.802856309851,15118.638086096918,531.6855657907862,1168.6776528477974,612505.7097696288,658.6906765547049,1209.3948394355837,1256.5682177759015,1134.808636423788,0,0,0,1,443,10077.933713587778,BENIGN
14547.439644511782,5,4,735.2210496261534,244.06412293643066,149.34921009394225,64.20079214806971,67316.66853362974,618.6655672701396,232.68879956326015,233.9582254871472,366.28964516318086,1,1,0,1,22,2152.427124259172,Brute Force
93367.02798725286,9,11,2679.1311707644563,9761.444649895977,330.5033820397251,845.4397805928896,133243.7809025999,214.2083820289379,3213.0355663219525,4188.617068833355,4861.768392503809,0,0,1,1,443,17842.29107030339,BENIGN
34238.61278951374,20,18,5677.462162138927,11056.720639521049,266.22103761014847,625.100038856671,488751.7757958101,1109.8580492618048,915.3435037853666,764.3046309136503,1269.5457573454833,0,0,0,0,443,12242.98229643929,BENIGN
12590.58869816482,11,11,3644.133955352517,7040.898809284481,335.89290279663527,686.9660090313632,848652.3561995499,1747.336882127416,502.36066169867814,522.7740828228431,528.1284876313972,1,0,0,0,443,22464.886342041395,BENIGN
28423.352208374232,9,16,2718.49502996612,13094.600850216453,310.2257509974339,843.5391889025627,556341.6927129249,879.5584636436505,1104.1056119852321,1427.6932040777842,1115.967477151822,0,0,0,1,443,23710.11103434809,BENIGN
16184.818343614323,16,14,9711.563053953898,8884.414806038138,574.9262666325244,696.4035155847238,1148976.619025757,1853.588922846108,520.0889397140459,626.7468000088671,541.4520403882905,0,0,0,1,443,20130.550904291413,BENIGN
209894.30539662254,19,17,7628.590687099736,11225.770850542584,379.896061338696,708.4882822818483,89827.88504916584,171.5148961853602,6399.429113264933,5423.564142541714,6772.57527566356,0,0,0,1,443,1351.5243201785133,BENIGN
57291.15556348139,10,14,2564.960172413166,7701.807909349661,282.1590255750001,536.9794344496624,179203.36884088066,418.91282806133717,1996.1128180762287,1638.5515785463,1695.067129114933,0,0,0,1,80,9915.992943558373,BENIGN
249.5561721706888,163,3,10099.372047691395,112.23507375772095,63.59381140214219,37.54642630592146,40919072.57843613,665180.9031854402,20.9800177339253,22.05655456547577,31.97526735125649,1,0,0,0,80,204.1819291431187,DDoS
59743.71355671611,7,4,1487.7466853616822,548.3642680874959,201.8113310287558,146.71116791791306,34080.756488567626,184.119790102392,13392.603297744863,17206.35897275207,11418.945823360222,0,0,1,1,1337,7621.597735981381,Botnet
5519.920020199429,20,19,9941.296288928032,15923.905542558197,460.6109708685766,796.6995420304717,4685792.862366825,7065.319761388675,135.8103555045462,145.3980430785072,173.3834290751019,0,0,0,1,53,6869.975643235337,BENIGN
21721.5445917296,12,15,4527.434958507545,8313.118784014217,368.43911750824117,577.2415001500132,591143.6771126653,1243.0055278057969,894.8276898964994,1099.6685831876223,966.6679563591724,0,0,0,0,443,18565.215788812602,BENIGN
37622.980776638266,5,12,2434.0181315850623,9264.682747508074,501.361598134661,715.3273578844304,310945.61455793434,451.85149206880584,1643.6386266204595,1556.993185756272,1519.6740016425656,0,0,0,1,443,20613.574098472443,BENIGN
45360.44961952187,16,15,5344.4768541835765,9094.63190062811,344.1930530075944,555.9200848784662,318319.3481529667,683.4147425791491,1316.524108752052,1181.801412903027,1575.6184745066573,0,0,0,1,80,11238.692200539748,BENIGN
3795.393788698159,9,19,4940.931522862895,5851.027052203432,538.6041297114942,313.3710218974359,2843435.8003120483,7377.363604108166,126.97717240206681,110.81612162504341,118.65192453762334,0,0,0,1,80,24544.72237313105,BENIGN
6880.563407873994,6,4,507.47089547799203,507.6073711389287,92.68999688069661,123.24928680612973,147528.3645312073,1453.3693546892073,338.4116069770087,398.7886473343632,376.80137331266536,1,1,0,1,3389,1185.075839575257,Brute Force
2521.3463704808864,153,0,10641.243298685225,0.0,64.6299335450894,50.0610582596977,4220460.712288278,60681.86497153857,4.228673602755883,4.282550245575646,4.314097595561122,1,0,0,0,443,257.39632581601575,DDoS
55556.86689382994,9,5,2466.3836323345818,835.4383207850901,261.6560855208765,160.54074428661175,59431.39233228372,251.99405190998664,15378.998833049942,17551.164285556137,16952.55284193596,0,0,0,1,6667,5083.545383406957,Botnet
26908.454799240626,12,25,5757.036457328745,26344.543787257928,480.6974298838003,1095.0326644506004,1192992.3321160974,1375.032504692323,843.5248220448207,834.6481336120687,824.2701267173111,1,0,0,1,80,13382.26776339085,BENIGN
12132.455107510159,19,17,7427.020300081893,14197.299865012488,366.2396059254784,818.4671806650538,1782353.1983818037,2967.247740130973,333.42325602496766,399.6095773043144,345.0568141446997,0,0,0,0,443,7927.6371760157535,BENIGN
2541.4164672846714,167,2,6774.329554824927,75.05503553620275,40.795978344190594,34.41511920603259,2695105.142558247,66498.34931642073,14.126089068590721,12.45577678058944,20.323286812148424,1,0,0,0,443,487.1270901866129,DDoS
7973.692640337537,11,8,3803.0744148929193,11655.145670133492,346.252054618624,1374.195324141171,1938652.6145773337,2382.8357646847676,471.96059825426033,618.7276602046987,451.97889805544094,1,0,0,1,443,8492.243174386938,BENIGN
34089.99525168017,13,18,4671.350192101126,12133.747392042385,391.6684835748071,732.0093003346177,492962.743469882,909.3577095312772,1304.8284507726653,1320.8968652868186,1190.3324379248286,0,0,1,0,80,8643.25597081254,BENIGN
13655.885450104,9,3,1030.430285408951,311.01193412658006,113.47030242701402,96.68293451285814,98231.80081854852,878.7419932486773,54.24761668436772,65.91367198683976,44.190197586782574,1,0,0,1,22,2746.448289479927,Brute Force
46018.968489028965,12,3,2427.032798833538,560.0352390282334,197.04688263972741,178.22026889086754,64909.49571314046,325.95254723225787,14719.53715198409,12248.539840575586,22392.64578905364,1,0,1,1,6667,5804.575080810125,Botnet
28670.89937621219,8,13,2079.6530314594543,7993.0626096527,268.06673583248335,626.4320932689272,351321.9278174906,732.4499913463957,1065.1599836780738,1433.3839455963728,1188.0039664279338,1,0,0,1,443,21321.32455064371,BENIGN
571.4893522574455,12,8,3073.3026392199486,5085.327416490475,238.46561291912963,613.3886399217527,14276084.101099947,34996.277570173115,32.89036644318266,42.47039142916664,44.14032472753704,0,0,0,1,8080,22858.363633434954,BENIGN
12670.081310764723,5,4,477.6709353621634,314.716572700681,99.12317333936512,80.79518001067532,62540.049162085335,710.334825740498,63.25584963514212,74.84128231045598,78.20493651547528,1,0,0,1,80,2579.640587638724,Brute Force
36622.615336711635,14,12,5770.471466600687,15355.950795462642,438.6572170147981,1190.9417517979098,576868.2020064677,709.9438355495273,1436.415693186832,1843.5334160696905,1819.0765490063402,0,0,0,1,443,1735.916778631139,BENIGN
67119.03077060648,14,4,2696.4037562392373,511.055193573043,188.62298077775202,135.0354560774989,47787.62316718267,268.1802730662011,16036.125010084967,17533.242751683316,18912.245166980534,0,0,1,1,4444,1772.7904966030094,Botnet
21925.72547828673,9,19,1831.8589676146146,20023.612074379475,215.36208813700534,1131.8544574703749,996795.7987815631,1277.0387017628532,790.0193932046997,1055.3627397221057,1037.8046030125684,0,0,1,1,53,23605.115725932552,BENIGN
1778.7833603890094,131,2,10360.96958841052,88.25433183149735,75.35444628651999,42.067684915016066,5874365.677648813,74770.20696377197,2.9069371044842116,2.533585418381436,4.433419487578516,1,0,0,0,443,181.8536245807715,DDoS
1414.8921718231513,7,2,1051.7753081173214,129.77344346691737,150.89270107962625,60.794755217592915,835080.4217552217,6360.908752787219,179.498515974047,235.0754907805424,220.65504666495482,1,0,1,1,22,2448.7092613321147,Brute Force
41955.33265853811,19,22,7985.409942697651,29958.590514848733,414.06270932920324,1275.3754581188828,904390.4088751065,977.2297679936596,1204.480789694572,1379.327654748015,1140.7869954130804,0,0,1,1,80,5423.054046815218,BENIGN
2562.246900004657,136,0,7864.659926494074,0.0,62.49694996277241,38.98472641346676,3069438.7517767237,53078.41332533286,26.51543378534432,32.06193122418408,34.35367908925157,1,0,0,0,443,180.8240839907986,DDoS
55244.1737681822,7,3,1677.5485992760855,369.50204916804404,240.41271051248765,130.42777482044414,37054.59795695461,181.0145634897609,13688.672336640815,13030.15999868181,15780.042230439989,0,0,1,1,4444,6207.294414598496,Botnet
26164.6010124478,13,27,5451.282949145443,27383.59794067839,414.38986948411497,956.6229603096755,1254935.2797010988,1528.7831058830216,476.6242588933192,603.3129591923631,751.8557252054688,0,0,0,1,443,21021.993403157332,BENIGN
414.25446078557906,1,0,56.5092663553055,0.0,60.0,0.0,136411.96825773007,2413.9752124904862,13.072687517909028,17.648128805035846,15.39418175030522,1,1,0,0,3129,5.642731433966591,Port Scan
31167.842769131104,12,20,3950.622998264221,11438.262375786071,364.1542907694109,545.7670053214542,493742.39622677944,1026.6992244870112,980.3375817630997,1249.2503857152972,834.015992773105,0,0,1,1,80,23310.065086866765,BENIGN
43609.936611050456,8,14,1776.5114952955994,1976.5907300914034,215.02917540266745,140.7309706602584,86060.71269628932,504.47218477326,14714.874266659735,20392.71982861145,15484.032014719047,0,0,0,1,6667,3975.4998286049295,Botnet
708.2053268670953,1,0,49.94749950563899,0.0,48.09029924688425,0.0,70526.86221182905,1412.0198790705567,28.533893992838202,30.338608478690354,43.45040334984557,1,1,0,1,31053,4.571395127480709,Port Scan
77059.71547728017,14,8,6976.791444791701,6103.785965642137,463.9956295784755,784.8110400488067,169745.98633562872,285.49287865572705,2675.6238906932003,3322.7393615995925,4018.739418222784,0,0,0,1,80,24511.10793346812,BENIGN
28950.019534971616,13,11,2997.45987948886,7154.418220034831,227.9133360760132,682.8103029214305,350669.1277793518,829.0149846361246,1092.5247834235338,1069.0845950790208,1267.400470977838,1,0,0,1,8080,13701.542699618618,BENIGN
119522.99411669376,16,20,5737.551910569215,12665.503780078085,347.8831448829709,688.3547947446039,153970.83905612223,301.1972739308401,2947.9830891676456,2405.8245587110264,4315.095776522153,0,0,0,1,443,15735.646733666079,BENIGN
46647.935930857246,11,20,3622.122078456017,16023.477349001589,310.1135548519116,766.2133302101615,421146.16725114716,664.5524476356036,2200.4465332791806,2526.0145284019445,3019.795857369556,0,0,1,1,80,16201.478659620067,BENIGN
9745.784187113988,5,23,2144.2954436273194,21558.50487032973,412.2727890756346,990.9378568078704,2432108.0642537954,2873.0371473874816,347.23658387877373,428.7116064721408,485.8504888978233,0,0,0,1,22,2179.094851104983,BENIGN
87443.30132136602,17,11,4882.448921385496,8867.274570095518,298.17221996458636,804.7422425851386,157241.58721945906,320.2074896177146,3812.730439813145,4404.073968076131,5911.905295269674,0,0,0,1,443,20971.811741013917,BENIGN
69750.50902074813,9,24,3753.505626748625,16109.01895529096,407.8749479739339,660.1093658956637,284765.2993633529,473.11482687794796,2719.7804460376606,3614.060869046368,3434.077029684042,0,0,0,1,8080,14017.44080048715,BENIGN
7492.787721402963,9,9,3409.444697482593,6457.754883976806,346.91238040181184,761.7418958963638,1316892.9840724017,2402.310150677757,317.281443263095,296.9670521434006,442.283638032321,0,0,0,1,443,8750.97978781505,BENIGN
39019.73757363502,6,20,820.6067209535257,10599.067278402292,130.84212695475892,545.864268655063,292664.03900860413,666.3294429116756,1077.8402087385837,1076.9248792151618,1695.5421089557408,0,0,0,1,8080,831.2985046486278,BENIGN
324383.4490080437,10,11,3842.1739903256716,8715.279447541137,361.39198900600013,878.4334906614072,38711.75757045306,64.73819815473774,13914.151214698759,13654.377347993115,15345.660448242652,0,0,1,1,22,2601.3554656586284,BENIGN
69904.6288542448,3,5,701.805321314682,834.1196146602724,226.06542929420814,152.17637200474698,21971.72005844487,114.44163471177944,14515.378440111388,15464.78925829574,17418.5328924374,1,0,1,1,9001,2729.2530800732343,Botnet
13993.452984309346,10,8,1737.864102305827,5082.442343477777,166.07641309304734,602.0113533019654,487392.6723755112,1286.3158235628573,841.9408880572092,935.7370637163033,987.2981340092927,0,0,0,1,443,2916.927369833257,BENIGN
26580.083766810276,10,22,4689.4312546896845,17020.014814692542,477.1542408612589,777.8442355032824,816756.119350163,1203.908922211803,995.4283538569856,1023.021543340503,1548.5287667539385,0,0,0,1,80,20548.420379596213,BENIGN
4852.424498393612,15,16,7990.668508713039,13566.206254345938,545.863011964104,875.3768206993223,4442495.65762339,6388.558958570608,130.592360612946,167.03069170367976,179.66939340321977,0,0,0,1,443,10683.928421043684,BENIGN
41702.444759777456,16,16,7193.731136230357,8545.064240321992,468.7152317431495,588.2984412785396,377407.0193537579,767.3411039648307,1285.8994814179723,1126.2111216699643,1273.809314846931,0,0,0,1,80,13896.61937425324,BENIGN
17436.344615795737,17,20,6018.155475858831,17856.537862663452,322.27698306731725,829.9881730651816,1369248.7654146266,2122.0044003076987,470.2654672471063,633.7461600876795,402.38670061429656,1,0,1,1,443,1638.0988837038276,BENIGN
31652.723569624723,7,23,3499.5778647719408,17075.27613216535,485.92046991636914,803.043082648511,650018.4400144884,947.7857390063348,1025.0880029032448,1145.2506824985883,1248.751375714858,0,0,1,0,80,622.4035297153895,BENIGN
45036.375801014845,11,17,4771.28404566642,16521.662180043342,425.47192392854595,930.5355754299851,472794.3989052056,621.7196544347391,2040.3532764546999,2625.6064308249292,2535.9255021717518,0,0,1,1,443,15119.715045916528,BENIGN
12485.05129690152,6,4,781.5966021870961,340.4025729826313,122.09190814122758,81.89553254580741,89867.40610734854,800.9578625024755,60.18176823541127,48.56206207872004,58.00515822253379,1,0,1,1,21,1855.7087154094738,Brute Force
35714.3703883255,10,19,2968.306122469059,15696.409124859902,301.96196213854995,845.3648343567388,522610.78788134485,811.9980748555957,1255.3263777339737,1223.6013560318027,1692.8455384060542,0,0,0,1,80,14023.615016775193,BENIGN
1536.9548736452539,10,17,2807.3788205126652,17308.004970033362,286.1809267433559,1006.7263587006623,13087816.783350062,17567.204127446552,44.45898209687262,58.508409006283934,44.48255960807525,0,0,1,1,443,19466.957922901693,BENIGN
40723.20077388819,10,13,3950.4575420452516,7699.468473189419,389.94963105676743,599.4062535134632,286075.8927059739,564.788610986287,1952.422992195757,1605.8655822895403,2432.5933469543206,0,0,0,1,53,21435.069544119233,BENIGN
3132.000148054535,6,3,704.7937449816515,182.2246664177566,109.50015791577994,61.96090570819331,283211.4845046818,2873.5630825529865,173.94042094980608,198.3122963324043,220.49904434226926,1,0,0,1,22,141.71333473353417,Brute Force
2463.923600224823,125,4,6504.02956968166,107.85597325149062,57.21205693179931,28.801180205561057,2683478.3117178804,52355.519460193194,16.019000043035035,14.57371965240463,16.355901029702274,1,0,0,0,443,108.73033807229862,DDoS
61699.04721917453,12,3,2827.7455802962018,482.19568692149704,222.81868595350028,173.91794503572874,53646.553980967336,243.11558567047652,14484.558162107729,12988.59239943725,18736.182808076996,1,0,1,1,4444,1549.7865641685949,Botnet
18322.892074618,13,22,4179.122127499495,14690.420109221377,333.8020816043867,702.4104371352498,1029834.2728798871,1910.178800238864,532.5209179549861,627.3771188911016,807.6870944543529,0,0,1,1,443,4873.328887432808,BENIGN
1899.3269617540745,186,2,8982.370237599782,63.251502884280235,51.0655738369488,28.79572245894176,4762540.585497829,98982.43103250503,5.876563184757551,5.972217612665309,7.579931753255492,1,0,0,0,443,60.32966909431952,DDoS
15487.834232278592,10,4,1321.8334603246453,306.41834373965156,144.23671918709277,72.78492816868015,105131.01958896329,903.9352946341743,361.9810976131696,368.61435123557374,324.25562046627664,1,0,1,1,22,358.55773346276266,Brute Force
2621.077268579042,166,2,9128.095867285114,83.16048840184024,51.5215368940038,40.143386048969326,3514301.7209411105,64095.783063685645,16.60426981983011,22.776611061329383,23.561816316441536,1,0,0,1,443,203.81399724127493,DDoS
55553.22030156033,7,8,1797.1735388332447,1274.42584288655,262.0521839184736,154.08231476610456,55291.1130092223,270.01134981150125,14093.053236314323,13157.454604493096,12781.653596459772,0,0,0,1,6667,2445.275534912101,Botnet
157365.72074884883,4,24,1445.7263631929377,15429.24617046357,347.80111640846457,641.6098015599354,107234.10697929874,177.9294745180699,5513.203048816044,5398.3838057439025,4602.000743736349,0,0,0,0,443,10282.448922774833,BENIGN
3082.9242805977506,127,5,6985.335115671585,287.19942602126713,53.99362431360572,52.74000706453865,2358972.806261325,42816.4910928031,5.840007419179363,5.555580175146732,6.974114254651915,1,0,0,0,80,119.11319291146744,DDoS
65201.4988756722,3,16,1302.362296678973,13201.097567398097,398.36285079685814,864.7921635245868,222440.58977436426,291.4043438821807,3113.4179924155746,3738.232297615112,4708.742692337404,0,0,0,1,80,4582.996091072371,BENIGN
3902.701360489891,169,3,11679.505388212052,113.98381301916199,66.22961383984762,40.541852115009696,3021878.466189076,44072.037317866794,7.445055461181453,8.841572832356446,6.402523322786416,1,0,0,1,80,446.81317624320616,DDoS
35213.90914504401,12,25,4172.5872926975635,13503.471071750904,375.7052765897236,577.0858568862654,501962.40047197905,1050.7211751924272,1073.5699795691005,1348.4111858799206,1546.050093826588,0,0,1,1,443,11720.518702030948,BENIGN
65730.2846828158,14,5,2892.3015163731575,917.6557114005221,204.9469687992227,171.18022310501578,57963.49804597356,289.06005947920784,16588.93306947101,19944.726817638177,17456.87129334631,0,0,1,1,6667,4265.783784587811,Botnet
86579.93252665672,15,10,8534.97931933158,3692.74066134265,529.1802213528908,354.86817205257336,141230.4170704856,288.7505137787311,3277.3141967512997,4403.793945285035,4489.093403246051,1,0,1,1,80,6128.80872515556,BENIGN
55735.78887440127,4,9,1840.1633918623581,5062.774011470204,470.7818751884238,622.5543987444703,123851.07563271599,233.24331210768477,3152.5723876605866,3566.3266285348454,3866.636979833469,0,0,0,1,443,12865.994271788615,BENIGN
17069.71196195977,11,10,2358.4771186677594,6975.5832061273495,233.20233693062715,722.1095150438908,546820.025176539,1230.2492301451227,780.5691989021574,982.419826059641,971.0014827510286,0,0,0,1,8080,3291.206606470346,BENIGN
65.78183308697598,1,1,47.37914828533546,0.0,48.523040462217324,0.0,720246.7012844002,30403.53097724752,33.922979767532425,28.026233502366946,49.99542009156676,1,1,0,0,63493,42.269841384684156,Port Scan
7189.868107046775,6,4,824.0646194270811,212.3366198944173,146.66329541182236,54.16089866504882,144147.46194102278,1390.8460977467753,305.1580031202068,303.6463844795076,389.24689192955265,1,1,0,1,22,1615.5624852744288,Brute Force
137438.552632447,8,14,2314.331394562909,10571.65201353053,318.93527305543086,736.7657904199697,93758.14253919368,160.07153435932037,6160.841104476946,8351.70391081621,7347.2085300011695,0,0,1,1,443,16394.07290269309,Port Scan
2015.490810458759,13,13,4692.019860754317,10544.03263300674,397.19892891015314,772.590393677053,7559475.049302299,12900.083624832787,62.01117197630073,69.068963971575,64.65763660996541,0,0,0,1,80,21471.413981800688,BENIGN
5372.440869569527,15,14,6077.121767588309,8385.140410170192,383.38759810280203,579.7329449574707,2691935.10526572,5397.918879714661,177.40425034446574,226.31233668464785,246.81944425210514,0,0,0,1,443,6613.96024701725,BENIGN
19980.182796656536,11,13,5161.697015966402,9254.361999552859,429.4441108992728,668.1579672516505,721517.8740973097,1201.1902115338073,869.077269340579,921.9791039163508,1065.0878416979833,0,0,1,1,443,24937.154220003136,BENIGN
7245.211016506789,5,4,628.5919582266386,350.93104346568924,132.56953959795325,83.6483849097317,135195.9245163015,1242.199844765773,50.79362500502913,66.20129152755246,73.84892470117477,1,0,0,1,21,1636.4577183201488,BENIGN
95979.0191231677,11,14,3983.3157416745908,16202.403099356832,347.8716834863723,1075.9539867685785,210313.8688584382,260.47359337896614,3431.496244651228,4482.359250991225,5334.463680660193,0,0,1,1,22,12191.022117807372,BENIGN
29116.78336685728,14,13,6026.429481042181,6979.416995836266,411.13143463986984,533.6982173609816,446678.68400884536,927.3002329897902,897.1527141832211,834.5900379055707,778.2718333200212,0,0,1,1,80,19117.936126139313,BENIGN
338.9069180738896,1,0,46.23814281025615,0.0,47.445086827078235,0.0,136433.16304382775,2950.662694297603,23.202626249696536,25.60482983001523,27.642684397264805,1,1,0,0,54217,43.87942845977752,Port Scan
134370.70977803427,11,17,4518.707702444996,12831.594330394866,446.070995311007,749.26501211695,129122.649284957,208.37874598007957,4231.75963833327,4804.685762472082,4322.828197847156,0,0,1,0,443,2988.675715823238,BENIGN
17338.131537363326,11,12,4885.486450969975,8401.778483387307,453.3911193815004,722.0528122414394,766360.8333875822,1326.5558604417934,1010.536520475905,1365.0127066338941,1269.3807021101288,0,0,0,1,443,1999.8281342908801,BENIGN
5076.962328394904,16,11,6970.68340947826,8305.45733311457,452.1493927851777,696.9267957434348,3008913.549969638,5318.140701771984,189.45311874454782,161.48728512933073,187.2447291573702,0,0,0,1,443,16561.670223108144,BENIGN
4559.115884036888,19,12,1379.5740140166295,11188.752813834895,77.72139544992291,895.7993024438073,2756746.51566936,6799.5639480326,109.52024459719674,152.80688098445603,110.04782008643687,0,0,1,1,443,18590.885440891336,BENIGN
53285.42016200938,10,6,1349.8150463821294,905.7900831401092,139.07278586929596,156.35294619539678,42330.62482503245,300.2697539280629,15916.35060509744,17428.00443489136,16326.924961653474,0,0,1,1,9001,1592.8641307164958,Botnet
10214.92960727747,10,4,1666.171275231963,248.30628305505286,154.82497979398022,63.89386089666364,187419.55469992425,1370.5429736907745,60.006527555801874,62.809479045519616,77.20083805476465,1,1,1,1,21,2594.4111841906088,Brute Force
55516.63191577532,10,5,2663.091615541606,1074.996499793918,248.53584535875228,235.38137092465803,67332.76112655041,270.1893015188063,14682.765663795386,17899.91835049457,22520.98358701407,0,0,1,1,8080,2519.157522756387,Botnet
810.2609692850687,12,18,2878.759944730637,14277.564118933484,253.51202564829754,773.2292142448824,21173825.118099853,37025.108128397704,18.607776282940623,16.944781532884473,23.071548228354853,0,0,0,1,443,21736.85373190801,BENIGN
17468.078284552776,13,17,5493.287443198486,14157.409642468769,393.30858901654284,787.1885277590386,1124948.9935618502,1717.4184538965198,551.5817906951381,512.8154337564094,765.9770145708966,0,0,1,1,443,5625.462258793311,BENIGN
1875.934795617067,123,0,10348.335875252224,0.0,78.92827548807438,51.62181826099909,5516362.242136597,65567.31091473815,3.9781099301256564,3.6498360763620545,6.0867053130329305,1,0,0,0,443,396.3497804048152,DDoS
20020.260182134083,14,17,7592.903642403834,16010.067854174576,502.45424463041866,873.7522610608528,1178954.283403445,1548.4314248655044,590.1109669733844,740.1483674171686,501.9397046777549,1,1,0,1,80,7561.06650106874,BENIGN
86788.62061474427,7,7,1968.1734881554257,1282.045274344254,274.2776229185651,169.30898458105506,37449.8262500039,161.31147033833122,15291.948491858308,13320.646060085595,19670.81820848441,0,0,1,1,1337,4762.970525533727,Botnet
27744.452193948648,15,12,7092.50336222232,8665.148276558046,450.1693476775203,769.957261617706,567956.8487647874,973.1675295390759,666.6275701842067,701.4086976946962,693.4394005423748,0,0,1,1,443,24854.664145058992,BENIGN
59756.33144778015,13,20,6174.791200938386,13538.172550513387,462.10821493512844,706.6708266971441,329889.12260583695,552.2427364678174,1445.926846363441,1979.272357560057,1470.573413692893,0,0,1,1,8080,11104.641737952823,BENIGN
2825.116469786715,12,8,3615.1918474131157,7231.679348391811,301.48849365163585,877.502594786735,3839442.12984034,7079.354148365403,141.72318224957067,119.81674237436549,142.26992458932773,0,0,0,1,80,14685.342940333652,BENIGN
93157.35442640871,11,17,2924.2491850084602,8685.678972839496,289.28247250486004,567.5576653295425,124627.07028696724,300.56671502107855,2652.6515177351016,2923.0343502265887,2309.2852991862565,0,0,0,1,443,9133.859443377409,BENIGN
92302.19788779889,6,17,2883.1760774310897,16388.349005070068,436.85231934970204,996.896620819459,208787.28268125665,249.18149866765296,3833.8912804292318,4701.9508668668595,4949.573409358492,0,0,0,1,443,5388.950296834168,BENIGN
11849.965043619812,7,3,1032.4040693629163,233.63186344123108,147.98888822193203,83.17309678383742,106838.79050645798,843.8843459191587,126.15263167793823,174.48829541263927,155.56984784756398,1,1,1,1,80,2604.3372927020837,Brute Force
7060.454665593537,6,3,808.4936041472872,155.98631885022112,126.66486421545945,49.58501977086489,136603.08984030978,1274.7054440924471,388.79589180303435,350.8436052808301,596.4889417829474,1,0,0,1,3389,2584.8234578146003,Brute Force
23808.908163260832,8,22,3965.7183248495635,11517.298805365132,521.3858160026745,568.5486192916642,650303.5344605305,1260.0325808426842,627.1684111084901,854.5510135730921,923.653626161744,0,0,0,1,443,12170.008623301832,BENIGN
